Electoral wards and divisions Code,Electoral wards and divisions,Ethnic group (20 categories) Code,Ethnic group (20 categories),National Statistics Socio-economic Classification (NS-SeC) (12 categories) Code,National Statistics Socio-economic Classification (NS-SeC) (12 categories),Observation
E05013519,Dormers Wells,-8,Does not apply,-8,Does not apply,0
E05013519,Dormers Wells,-8,Does not apply,1,L1 and L2: Large employers and higher managerial and administrative occupations,0
E05013519,Dormers Wells,-8,Does not apply,2,L3: Higher professional occupations,0
E05013519,Dormers Wells,-8,Does not apply,3,"L4, L5 and L6: Lower managerial, administrative and professional occupations",0
E05013519,Dormers Wells,-8,Does not apply,4,L7: Intermediate occupations,0
E05013519,Dormers Wells,-8,Does not apply,5,L8 and L9: Small employers and own account workers,0
E05013519,Dormers Wells,-8,Does not apply,6,L10 and L11: Lower supervisory and technical occupations,0
E05013519,Dormers Wells,-8,Does not apply,7,L12: Semi-routine occupations,0
E05013519,Dormers Wells,-8,Does not apply,8,L13: Routine occupations,0
E05013519,Dormers Wells,-8,Does not apply,9,L14.1: Never worked,0
E05013519,Dormers Wells,-8,Does not apply,10,L14.2: Long-term unemployed,0
E05013519,Dormers Wells,-8,Does not apply,11,L15: Full-time students,0
E05013519,Dormers Wells,1,"Asian, Asian British or Asian Welsh: Bangladeshi",-8,Does not apply,186
E05013519,Dormers Wells,1,"Asian, Asian British or Asian Welsh: Bangladeshi",1,L1 and L2: Large employers and higher managerial and administrative occupations,1
E05013519,Dormers Wells,1,"Asian, Asian British or Asian Welsh: Bangladeshi",2,L3: Higher professional occupations,7
E05013519,Dormers Wells,1,"Asian, Asian British or Asian Welsh: Bangladeshi",3,"L4, L5 and L6: Lower managerial, administrative and professional occupations",22
E05013519,Dormers Wells,1,"Asian, Asian British or Asian Welsh: Bangladeshi",4,L7: Intermediate occupations,28
E05013519,Dormers Wells,1,"Asian, Asian British or Asian Welsh: Bangladeshi",5,L8 and L9: Small employers and own account workers,21
E05013519,Dormers Wells,1,"Asian, Asian British or Asian Welsh: Bangladeshi",6,L10 and L11: Lower supervisory and technical occupations,11
E05013519,Dormers Wells,1,"Asian, Asian British or Asian Welsh: Bangladeshi",7,L12: Semi-routine occupations,22
E05013519,Dormers Wells,1,"Asian, Asian British or Asian Welsh: Bangladeshi",8,L13: Routine occupations,65
E05013519,Dormers Wells,1,"Asian, Asian British or Asian Welsh: Bangladeshi",9,L14.1: Never worked,90
E05013519,Dormers Wells,1,"Asian, Asian British or Asian Welsh: Bangladeshi",10,L14.2: Long-term unemployed,5
E05013519,Dormers Wells,1,"Asian, Asian British or Asian Welsh: Bangladeshi",11,L15: Full-time students,55
E05013519,Dormers Wells,2,"Asian, Asian British or Asian Welsh: Chinese",-8,Does not apply,13
E05013519,Dormers Wells,2,"Asian, Asian British or Asian Welsh: Chinese",1,L1 and L2: Large employers and higher managerial and administrative occupations,1
E05013519,Dormers Wells,2,"Asian, Asian British or Asian Welsh: Chinese",2,L3: Higher professional occupations,5
E05013519,Dormers Wells,2,"Asian, Asian British or Asian Welsh: Chinese",3,"L4, L5 and L6: Lower managerial, administrative and professional occupations",11
E05013519,Dormers Wells,2,"Asian, Asian British or Asian Welsh: Chinese",4,L7: Intermediate occupations,11
E05013519,Dormers Wells,2,"Asian, Asian British or Asian Welsh: Chinese",5,L8 and L9: Small employers and own account workers,5
E05013519,Dormers Wells,2,"Asian, Asian British or Asian Welsh: Chinese",6,L10 and L11: Lower supervisory and technical occupations,2
E05013519,Dormers Wells,2,"Asian, Asian British or Asian Welsh: Chinese",7,L12: Semi-routine occupations,3
E05013519,Dormers Wells,2,"Asian, Asian British or Asian Welsh: Chinese",8,L13: Routine occupations,1
E05013519,Dormers Wells,2,"Asian, Asian British or Asian Welsh: Chinese",9,L14.1: Never worked,5
E05013519,Dormers Wells,2,"Asian, Asian British or Asian Welsh: Chinese",10,L14.2: Long-term unemployed,0
E05013519,Dormers Wells,2,"Asian, Asian British or Asian Welsh: Chinese",11,L15: Full-time students,2
E05013519,Dormers Wells,3,"Asian, Asian British or Asian Welsh: Indian",-8,Does not apply,776
E05013519,Dormers Wells,3,"Asian, Asian British or Asian Welsh: Indian",1,L1 and L2: Large employers and higher managerial and administrative occupations,56
E05013519,Dormers Wells,3,"Asian, Asian British or Asian Welsh: Indian",2,L3: Higher professional occupations,244
E05013519,Dormers Wells,3,"Asian, Asian British or Asian Welsh: Indian",3,"L4, L5 and L6: Lower managerial, administrative and professional occupations",582
E05013519,Dormers Wells,3,"Asian, Asian British or Asian Welsh: Indian",4,L7: Intermediate occupations,493
E05013519,Dormers Wells,3,"Asian, Asian British or Asian Welsh: Indian",5,L8 and L9: Small employers and own account workers,323
E05013519,Dormers Wells,3,"Asian, Asian British or Asian Welsh: Indian",6,L10 and L11: Lower supervisory and technical occupations,261
E05013519,Dormers Wells,3,"Asian, Asian British or Asian Welsh: Indian",7,L12: Semi-routine occupations,469
E05013519,Dormers Wells,3,"Asian, Asian British or Asian Welsh: Indian",8,L13: Routine occupations,876
E05013519,Dormers Wells,3,"Asian, Asian British or Asian Welsh: Indian",9,L14.1: Never worked,616
E05013519,Dormers Wells,3,"Asian, Asian British or Asian Welsh: Indian",10,L14.2: Long-term unemployed,71
E05013519,Dormers Wells,3,"Asian, Asian British or Asian Welsh: Indian",11,L15: Full-time students,369
E05013519,Dormers Wells,4,"Asian, Asian British or Asian Welsh: Pakistani",-8,Does not apply,342
E05013519,Dormers Wells,4,"Asian, Asian British or Asian Welsh: Pakistani",1,L1 and L2: Large employers and higher managerial and administrative occupations,18
E05013519,Dormers Wells,4,"Asian, Asian British or Asian Welsh: Pakistani",2,L3: Higher professional occupations,40
E05013519,Dormers Wells,4,"Asian, Asian British or Asian Welsh: Pakistani",3,"L4, L5 and L6: Lower managerial, administrative and professional occupations",147
E05013519,Dormers Wells,4,"Asian, Asian British or Asian Welsh: Pakistani",4,L7: Intermediate occupations,90
E05013519,Dormers Wells,4,"Asian, Asian British or Asian Welsh: Pakistani",5,L8 and L9: Small employers and own account workers,106
E05013519,Dormers Wells,4,"Asian, Asian British or Asian Welsh: Pakistani",6,L10 and L11: Lower supervisory and technical occupations,52
E05013519,Dormers Wells,4,"Asian, Asian British or Asian Welsh: Pakistani",7,L12: Semi-routine occupations,119
E05013519,Dormers Wells,4,"Asian, Asian British or Asian Welsh: Pakistani",8,L13: Routine occupations,139
E05013519,Dormers Wells,4,"Asian, Asian British or Asian Welsh: Pakistani",9,L14.1: Never worked,230
E05013519,Dormers Wells,4,"Asian, Asian British or Asian Welsh: Pakistani",10,L14.2: Long-term unemployed,22
E05013519,Dormers Wells,4,"Asian, Asian British or Asian Welsh: Pakistani",11,L15: Full-time students,138
E05013519,Dormers Wells,5,"Asian, Asian British or Asian Welsh: Other Asian",-8,Does not apply,479
E05013519,Dormers Wells,5,"Asian, Asian British or Asian Welsh: Other Asian",1,L1 and L2: Large employers and higher managerial and administrative occupations,13
E05013519,Dormers Wells,5,"Asian, Asian British or Asian Welsh: Other Asian",2,L3: Higher professional occupations,55
E05013519,Dormers Wells,5,"Asian, Asian British or Asian Welsh: Other Asian",3,"L4, L5 and L6: Lower managerial, administrative and professional occupations",120
E05013519,Dormers Wells,5,"Asian, Asian British or Asian Welsh: Other Asian",4,L7: Intermediate occupations,98
E05013519,Dormers Wells,5,"Asian, Asian British or Asian Welsh: Other Asian",5,L8 and L9: Small employers and own account workers,131
E05013519,Dormers Wells,5,"Asian, Asian British or Asian Welsh: Other Asian",6,L10 and L11: Lower supervisory and technical occupations,64
E05013519,Dormers Wells,5,"Asian, Asian British or Asian Welsh: Other Asian",7,L12: Semi-routine occupations,163
E05013519,Dormers Wells,5,"Asian, Asian British or Asian Welsh: Other Asian",8,L13: Routine occupations,182
E05013519,Dormers Wells,5,"Asian, Asian British or Asian Welsh: Other Asian",9,L14.1: Never worked,304
E05013519,Dormers Wells,5,"Asian, Asian British or Asian Welsh: Other Asian",10,L14.2: Long-term unemployed,15
E05013519,Dormers Wells,5,"Asian, Asian British or Asian Welsh: Other Asian",11,L15: Full-time students,199
E05013519,Dormers Wells,6,"Black, Black British, Black Welsh, Caribbean or African: African",-8,Does not apply,412
E05013519,Dormers Wells,6,"Black, Black British, Black Welsh, Caribbean or African: African",1,L1 and L2: Large employers and higher managerial and administrative occupations,11
E05013519,Dormers Wells,6,"Black, Black British, Black Welsh, Caribbean or African: African",2,L3: Higher professional occupations,26
E05013519,Dormers Wells,6,"Black, Black British, Black Welsh, Caribbean or African: African",3,"L4, L5 and L6: Lower managerial, administrative and professional occupations",109
E05013519,Dormers Wells,6,"Black, Black British, Black Welsh, Caribbean or African: African",4,L7: Intermediate occupations,87
E05013519,Dormers Wells,6,"Black, Black British, Black Welsh, Caribbean or African: African",5,L8 and L9: Small employers and own account workers,78
E05013519,Dormers Wells,6,"Black, Black British, Black Welsh, Caribbean or African: African",6,L10 and L11: Lower supervisory and technical occupations,31
E05013519,Dormers Wells,6,"Black, Black British, Black Welsh, Caribbean or African: African",7,L12: Semi-routine occupations,168
E05013519,Dormers Wells,6,"Black, Black British, Black Welsh, Caribbean or African: African",8,L13: Routine occupations,114
E05013519,Dormers Wells,6,"Black, Black British, Black Welsh, Caribbean or African: African",9,L14.1: Never worked,221
E05013519,Dormers Wells,6,"Black, Black British, Black Welsh, Caribbean or African: African",10,L14.2: Long-term unemployed,33
E05013519,Dormers Wells,6,"Black, Black British, Black Welsh, Caribbean or African: African",11,L15: Full-time students,215
E05013519,Dormers Wells,7,"Black, Black British, Black Welsh, Caribbean or African: Caribbean",-8,Does not apply,83
E05013519,Dormers Wells,7,"Black, Black British, Black Welsh, Caribbean or African: Caribbean",1,L1 and L2: Large employers and higher managerial and administrative occupations,8
E05013519,Dormers Wells,7,"Black, Black British, Black Welsh, Caribbean or African: Caribbean",2,L3: Higher professional occupations,24
E05013519,Dormers Wells,7,"Black, Black British, Black Welsh, Caribbean or African: Caribbean",3,"L4, L5 and L6: Lower managerial, administrative and professional occupations",90
E05013519,Dormers Wells,7,"Black, Black British, Black Welsh, Caribbean or African: Caribbean",4,L7: Intermediate occupations,74
E05013519,Dormers Wells,7,"Black, Black British, Black Welsh, Caribbean or African: Caribbean",5,L8 and L9: Small employers and own account workers,35
E05013519,Dormers Wells,7,"Black, Black British, Black Welsh, Caribbean or African: Caribbean",6,L10 and L11: Lower supervisory and technical occupations,22
E05013519,Dormers Wells,7,"Black, Black British, Black Welsh, Caribbean or African: Caribbean",7,L12: Semi-routine occupations,71
E05013519,Dormers Wells,7,"Black, Black British, Black Welsh, Caribbean or African: Caribbean",8,L13: Routine occupations,83
E05013519,Dormers Wells,7,"Black, Black British, Black Welsh, Caribbean or African: Caribbean",9,L14.1: Never worked,40
E05013519,Dormers Wells,7,"Black, Black British, Black Welsh, Caribbean or African: Caribbean",10,L14.2: Long-term unemployed,8
E05013519,Dormers Wells,7,"Black, Black British, Black Welsh, Caribbean or African: Caribbean",11,L15: Full-time students,36
E05013519,Dormers Wells,8,"Black, Black British, Black Welsh, Caribbean or African: Other Black",-8,Does not apply,73
E05013519,Dormers Wells,8,"Black, Black British, Black Welsh, Caribbean or African: Other Black",1,L1 and L2: Large employers and higher managerial and administrative occupations,1
E05013519,Dormers Wells,8,"Black, Black British, Black Welsh, Caribbean or African: Other Black",2,L3: Higher professional occupations,6
E05013519,Dormers Wells,8,"Black, Black British, Black Welsh, Caribbean or African: Other Black",3,"L4, L5 and L6: Lower managerial, administrative and professional occupations",37
E05013519,Dormers Wells,8,"Black, Black British, Black Welsh, Caribbean or African: Other Black",4,L7: Intermediate occupations,23
E05013519,Dormers Wells,8,"Black, Black British, Black Welsh, Caribbean or African: Other Black",5,L8 and L9: Small employers and own account workers,14
E05013519,Dormers Wells,8,"Black, Black British, Black Welsh, Caribbean or African: Other Black",6,L10 and L11: Lower supervisory and technical occupations,6
E05013519,Dormers Wells,8,"Black, Black British, Black Welsh, Caribbean or African: Other Black",7,L12: Semi-routine occupations,33
E05013519,Dormers Wells,8,"Black, Black British, Black Welsh, Caribbean or African: Other Black",8,L13: Routine occupations,19
E05013519,Dormers Wells,8,"Black, Black British, Black Welsh, Caribbean or African: Other Black",9,L14.1: Never worked,25
E05013519,Dormers Wells,8,"Black, Black British, Black Welsh, Caribbean or African: Other Black",10,L14.2: Long-term unemployed,7
E05013519,Dormers Wells,8,"Black, Black British, Black Welsh, Caribbean or African: Other Black",11,L15: Full-time students,36
E05013519,Dormers Wells,9,Mixed or Multiple ethnic groups: White and Asian,-8,Does not apply,52
E05013519,Dormers Wells,9,Mixed or Multiple ethnic groups: White and Asian,1,L1 and L2: Large employers and higher managerial and administrative occupations,0
E05013519,Dormers Wells,9,Mixed or Multiple ethnic groups: White and Asian,2,L3: Higher professional occupations,1
E05013519,Dormers Wells,9,Mixed or Multiple ethnic groups: White and Asian,3,"L4, L5 and L6: Lower managerial, administrative and professional occupations",7
E05013519,Dormers Wells,9,Mixed or Multiple ethnic groups: White and Asian,4,L7: Intermediate occupations,9
E05013519,Dormers Wells,9,Mixed or Multiple ethnic groups: White and Asian,5,L8 and L9: Small employers and own account workers,2
E05013519,Dormers Wells,9,Mixed or Multiple ethnic groups: White and Asian,6,L10 and L11: Lower supervisory and technical occupations,1
E05013519,Dormers Wells,9,Mixed or Multiple ethnic groups: White and Asian,7,L12: Semi-routine occupations,6
E05013519,Dormers Wells,9,Mixed or Multiple ethnic groups: White and Asian,8,L13: Routine occupations,5
E05013519,Dormers Wells,9,Mixed or Multiple ethnic groups: White and Asian,9,L14.1: Never worked,1
E05013519,Dormers Wells,9,Mixed or Multiple ethnic groups: White and Asian,10,L14.2: Long-term unemployed,2
E05013519,Dormers Wells,9,Mixed or Multiple ethnic groups: White and Asian,11,L15: Full-time students,10
E05013519,Dormers Wells,10,Mixed or Multiple ethnic groups: White and Black African,-8,Does not apply,16
E05013519,Dormers Wells,10,Mixed or Multiple ethnic groups: White and Black African,1,L1 and L2: Large employers and higher managerial and administrative occupations,0
E05013519,Dormers Wells,10,Mixed or Multiple ethnic groups: White and Black African,2,L3: Higher professional occupations,2
E05013519,Dormers Wells,10,Mixed or Multiple ethnic groups: White and Black African,3,"L4, L5 and L6: Lower managerial, administrative and professional occupations",5
E05013519,Dormers Wells,10,Mixed or Multiple ethnic groups: White and Black African,4,L7: Intermediate occupations,1
E05013519,Dormers Wells,10,Mixed or Multiple ethnic groups: White and Black African,5,L8 and L9: Small employers and own account workers,1
E05013519,Dormers Wells,10,Mixed or Multiple ethnic groups: White and Black African,6,L10 and L11: Lower supervisory and technical occupations,1
E05013519,Dormers Wells,10,Mixed or Multiple ethnic groups: White and Black African,7,L12: Semi-routine occupations,8
E05013519,Dormers Wells,10,Mixed or Multiple ethnic groups: White and Black African,8,L13: Routine occupations,1
E05013519,Dormers Wells,10,Mixed or Multiple ethnic groups: White and Black African,9,L14.1: Never worked,5
E05013519,Dormers Wells,10,Mixed or Multiple ethnic groups: White and Black African,10,L14.2: Long-term unemployed,0
E05013519,Dormers Wells,10,Mixed or Multiple ethnic groups: White and Black African,11,L15: Full-time students,9
E05013519,Dormers Wells,11,Mixed or Multiple ethnic groups: White and Black Caribbean,-8,Does not apply,66
E05013519,Dormers Wells,11,Mixed or Multiple ethnic groups: White and Black Caribbean,1,L1 and L2: Large employers and higher managerial and administrative occupations,0
E05013519,Dormers Wells,11,Mixed or Multiple ethnic groups: White and Black Caribbean,2,L3: Higher professional occupations,0
E05013519,Dormers Wells,11,Mixed or Multiple ethnic groups: White and Black Caribbean,3,"L4, L5 and L6: Lower managerial, administrative and professional occupations",10
E05013519,Dormers Wells,11,Mixed or Multiple ethnic groups: White and Black Caribbean,4,L7: Intermediate occupations,9
E05013519,Dormers Wells,11,Mixed or Multiple ethnic groups: White and Black Caribbean,5,L8 and L9: Small employers and own account workers,7
E05013519,Dormers Wells,11,Mixed or Multiple ethnic groups: White and Black Caribbean,6,L10 and L11: Lower supervisory and technical occupations,4
E05013519,Dormers Wells,11,Mixed or Multiple ethnic groups: White and Black Caribbean,7,L12: Semi-routine occupations,10
E05013519,Dormers Wells,11,Mixed or Multiple ethnic groups: White and Black Caribbean,8,L13: Routine occupations,5
E05013519,Dormers Wells,11,Mixed or Multiple ethnic groups: White and Black Caribbean,9,L14.1: Never worked,8
E05013519,Dormers Wells,11,Mixed or Multiple ethnic groups: White and Black Caribbean,10,L14.2: Long-term unemployed,2
E05013519,Dormers Wells,11,Mixed or Multiple ethnic groups: White and Black Caribbean,11,L15: Full-time students,18
E05013519,Dormers Wells,12,Mixed or Multiple ethnic groups: Other Mixed or Multiple ethnic groups,-8,Does not apply,66
E05013519,Dormers Wells,12,Mixed or Multiple ethnic groups: Other Mixed or Multiple ethnic groups,1,L1 and L2: Large employers and higher managerial and administrative occupations,3
E05013519,Dormers Wells,12,Mixed or Multiple ethnic groups: Other Mixed or Multiple ethnic groups,2,L3: Higher professional occupations,6
E05013519,Dormers Wells,12,Mixed or Multiple ethnic groups: Other Mixed or Multiple ethnic groups,3,"L4, L5 and L6: Lower managerial, administrative and professional occupations",8
E05013519,Dormers Wells,12,Mixed or Multiple ethnic groups: Other Mixed or Multiple ethnic groups,4,L7: Intermediate occupations,7
E05013519,Dormers Wells,12,Mixed or Multiple ethnic groups: Other Mixed or Multiple ethnic groups,5,L8 and L9: Small employers and own account workers,3
E05013519,Dormers Wells,12,Mixed or Multiple ethnic groups: Other Mixed or Multiple ethnic groups,6,L10 and L11: Lower supervisory and technical occupations,2
E05013519,Dormers Wells,12,Mixed or Multiple ethnic groups: Other Mixed or Multiple ethnic groups,7,L12: Semi-routine occupations,8
E05013519,Dormers Wells,12,Mixed or Multiple ethnic groups: Other Mixed or Multiple ethnic groups,8,L13: Routine occupations,3
E05013519,Dormers Wells,12,Mixed or Multiple ethnic groups: Other Mixed or Multiple ethnic groups,9,L14.1: Never worked,6
E05013519,Dormers Wells,12,Mixed or Multiple ethnic groups: Other Mixed or Multiple ethnic groups,10,L14.2: Long-term unemployed,7
E05013519,Dormers Wells,12,Mixed or Multiple ethnic groups: Other Mixed or Multiple ethnic groups,11,L15: Full-time students,17
E05013519,Dormers Wells,13,"White: English, Welsh, Scottish, Northern Irish or British",-8,Does not apply,182
E05013519,Dormers Wells,13,"White: English, Welsh, Scottish, Northern Irish or British",1,L1 and L2: Large employers and higher managerial and administrative occupations,22
E05013519,Dormers Wells,13,"White: English, Welsh, Scottish, Northern Irish or British",2,L3: Higher professional occupations,35
E05013519,Dormers Wells,13,"White: English, Welsh, Scottish, Northern Irish or British",3,"L4, L5 and L6: Lower managerial, administrative and professional occupations",126
E05013519,Dormers Wells,13,"White: English, Welsh, Scottish, Northern Irish or British",4,L7: Intermediate occupations,122
E05013519,Dormers Wells,13,"White: English, Welsh, Scottish, Northern Irish or British",5,L8 and L9: Small employers and own account workers,84
E05013519,Dormers Wells,13,"White: English, Welsh, Scottish, Northern Irish or British",6,L10 and L11: Lower supervisory and technical occupations,52
E05013519,Dormers Wells,13,"White: English, Welsh, Scottish, Northern Irish or British",7,L12: Semi-routine occupations,113
E05013519,Dormers Wells,13,"White: English, Welsh, Scottish, Northern Irish or British",8,L13: Routine occupations,121
E05013519,Dormers Wells,13,"White: English, Welsh, Scottish, Northern Irish or British",9,L14.1: Never worked,109
E05013519,Dormers Wells,13,"White: English, Welsh, Scottish, Northern Irish or British",10,L14.2: Long-term unemployed,15
E05013519,Dormers Wells,13,"White: English, Welsh, Scottish, Northern Irish or British",11,L15: Full-time students,41
E05013519,Dormers Wells,14,White: Irish,-8,Does not apply,9
E05013519,Dormers Wells,14,White: Irish,1,L1 and L2: Large employers and higher managerial and administrative occupations,3
E05013519,Dormers Wells,14,White: Irish,2,L3: Higher professional occupations,4
E05013519,Dormers Wells,14,White: Irish,3,"L4, L5 and L6: Lower managerial, administrative and professional occupations",33
E05013519,Dormers Wells,14,White: Irish,4,L7: Intermediate occupations,13
E05013519,Dormers Wells,14,White: Irish,5,L8 and L9: Small employers and own account workers,12
E05013519,Dormers Wells,14,White: Irish,6,L10 and L11: Lower supervisory and technical occupations,5
E05013519,Dormers Wells,14,White: Irish,7,L12: Semi-routine occupations,14
E05013519,Dormers Wells,14,White: Irish,8,L13: Routine occupations,15
E05013519,Dormers Wells,14,White: Irish,9,L14.1: Never worked,14
E05013519,Dormers Wells,14,White: Irish,10,L14.2: Long-term unemployed,2
E05013519,Dormers Wells,14,White: Irish,11,L15: Full-time students,3
E05013519,Dormers Wells,15,White: Gypsy or Irish Traveller,-8,Does not apply,2
E05013519,Dormers Wells,15,White: Gypsy or Irish Traveller,1,L1 and L2: Large employers and higher managerial and administrative occupations,0
E05013519,Dormers Wells,15,White: Gypsy or Irish Traveller,2,L3: Higher professional occupations,0
E05013519,Dormers Wells,15,White: Gypsy or Irish Traveller,3,"L4, L5 and L6: Lower managerial, administrative and professional occupations",0
E05013519,Dormers Wells,15,White: Gypsy or Irish Traveller,4,L7: Intermediate occupations,0
E05013519,Dormers Wells,15,White: Gypsy or Irish Traveller,5,L8 and L9: Small employers and own account workers,1
E05013519,Dormers Wells,15,White: Gypsy or Irish Traveller,6,L10 and L11: Lower supervisory and technical occupations,1
E05013519,Dormers Wells,15,White: Gypsy or Irish Traveller,7,L12: Semi-routine occupations,0
E05013519,Dormers Wells,15,White: Gypsy or Irish Traveller,8,L13: Routine occupations,1
E05013519,Dormers Wells,15,White: Gypsy or Irish Traveller,9,L14.1: Never worked,9
E05013519,Dormers Wells,15,White: Gypsy or Irish Traveller,10,L14.2: Long-term unemployed,0
E05013519,Dormers Wells,15,White: Gypsy or Irish Traveller,11,L15: Full-time students,1
E05013519,Dormers Wells,16,White: Roma,-8,Does not apply,2
E05013519,Dormers Wells,16,White: Roma,1,L1 and L2: Large employers and higher managerial and administrative occupations,0
E05013519,Dormers Wells,16,White: Roma,2,L3: Higher professional occupations,0
E05013519,Dormers Wells,16,White: Roma,3,"L4, L5 and L6: Lower managerial, administrative and professional occupations",2
E05013519,Dormers Wells,16,White: Roma,4,L7: Intermediate occupations,0
E05013519,Dormers Wells,16,White: Roma,5,L8 and L9: Small employers and own account workers,3
E05013519,Dormers Wells,16,White: Roma,6,L10 and L11: Lower supervisory and technical occupations,0
E05013519,Dormers Wells,16,White: Roma,7,L12: Semi-routine occupations,2
E05013519,Dormers Wells,16,White: Roma,8,L13: Routine occupations,8
E05013519,Dormers Wells,16,White: Roma,9,L14.1: Never worked,0
E05013519,Dormers Wells,16,White: Roma,10,L14.2: Long-term unemployed,0
E05013519,Dormers Wells,16,White: Roma,11,L15: Full-time students,3
E05013519,Dormers Wells,17,White: Other White,-8,Does not apply,125
E05013519,Dormers Wells,17,White: Other White,1,L1 and L2: Large employers and higher managerial and administrative occupations,13
E05013519,Dormers Wells,17,White: Other White,2,L3: Higher professional occupations,35
E05013519,Dormers Wells,17,White: Other White,3,"L4, L5 and L6: Lower managerial, administrative and professional occupations",80
E05013519,Dormers Wells,17,White: Other White,4,L7: Intermediate occupations,32
E05013519,Dormers Wells,17,White: Other White,5,L8 and L9: Small employers and own account workers,241
E05013519,Dormers Wells,17,White: Other White,6,L10 and L11: Lower supervisory and technical occupations,32
E05013519,Dormers Wells,17,White: Other White,7,L12: Semi-routine occupations,58
E05013519,Dormers Wells,17,White: Other White,8,L13: Routine occupations,121
E05013519,Dormers Wells,17,White: Other White,9,L14.1: Never worked,37
E05013519,Dormers Wells,17,White: Other White,10,L14.2: Long-term unemployed,15
E05013519,Dormers Wells,17,White: Other White,11,L15: Full-time students,46
E05013519,Dormers Wells,18,Other ethnic group: Arab,-8,Does not apply,110
E05013519,Dormers Wells,18,Other ethnic group: Arab,1,L1 and L2: Large employers and higher managerial and administrative occupations,2
E05013519,Dormers Wells,18,Other ethnic group: Arab,2,L3: Higher professional occupations,13
E05013519,Dormers Wells,18,Other ethnic group: Arab,3,"L4, L5 and L6: Lower managerial, administrative and professional occupations",25
E05013519,Dormers Wells,18,Other ethnic group: Arab,4,L7: Intermediate occupations,17
E05013519,Dormers Wells,18,Other ethnic group: Arab,5,L8 and L9: Small employers and own account workers,20
E05013519,Dormers Wells,18,Other ethnic group: Arab,6,L10 and L11: Lower supervisory and technical occupations,6
E05013519,Dormers Wells,18,Other ethnic group: Arab,7,L12: Semi-routine occupations,29
E05013519,Dormers Wells,18,Other ethnic group: Arab,8,L13: Routine occupations,14
E05013519,Dormers Wells,18,Other ethnic group: Arab,9,L14.1: Never worked,84
E05013519,Dormers Wells,18,Other ethnic group: Arab,10,L14.2: Long-term unemployed,4
E05013519,Dormers Wells,18,Other ethnic group: Arab,11,L15: Full-time students,35
E05013519,Dormers Wells,19,Other ethnic group: Any other ethnic group,-8,Does not apply,262
E05013519,Dormers Wells,19,Other ethnic group: Any other ethnic group,1,L1 and L2: Large employers and higher managerial and administrative occupations,17
E05013519,Dormers Wells,19,Other ethnic group: Any other ethnic group,2,L3: Higher professional occupations,44
E05013519,Dormers Wells,19,Other ethnic group: Any other ethnic group,3,"L4, L5 and L6: Lower managerial, administrative and professional occupations",116
E05013519,Dormers Wells,19,Other ethnic group: Any other ethnic group,4,L7: Intermediate occupations,70
E05013519,Dormers Wells,19,Other ethnic group: Any other ethnic group,5,L8 and L9: Small employers and own account workers,99
E05013519,Dormers Wells,19,Other ethnic group: Any other ethnic group,6,L10 and L11: Lower supervisory and technical occupations,53
E05013519,Dormers Wells,19,Other ethnic group: Any other ethnic group,7,L12: Semi-routine occupations,143
E05013519,Dormers Wells,19,Other ethnic group: Any other ethnic group,8,L13: Routine occupations,149
E05013519,Dormers Wells,19,Other ethnic group: Any other ethnic group,9,L14.1: Never worked,255
E05013519,Dormers Wells,19,Other ethnic group: Any other ethnic group,10,L14.2: Long-term unemployed,14
E05013519,Dormers Wells,19,Other ethnic group: Any other ethnic group,11,L15: Full-time students,105
E05013520,Ealing Broadway,-8,Does not apply,-8,Does not apply,0
E05013520,Ealing Broadway,-8,Does not apply,1,L1 and L2: Large employers and higher managerial and administrative occupations,0
E05013520,Ealing Broadway,-8,Does not apply,2,L3: Higher professional occupations,0
E05013520,Ealing Broadway,-8,Does not apply,3,"L4, L5 and L6: Lower managerial, administrative and professional occupations",0
E05013520,Ealing Broadway,-8,Does not apply,4,L7: Intermediate occupations,0
E05013520,Ealing Broadway,-8,Does not apply,5,L8 and L9: Small employers and own account workers,0
E05013520,Ealing Broadway,-8,Does not apply,6,L10 and L11: Lower supervisory and technical occupations,0
E05013520,Ealing Broadway,-8,Does not apply,7,L12: Semi-routine occupations,0
E05013520,Ealing Broadway,-8,Does not apply,8,L13: Routine occupations,0
E05013520,Ealing Broadway,-8,Does not apply,9,L14.1: Never worked,0
E05013520,Ealing Broadway,-8,Does not apply,10,L14.2: Long-term unemployed,0
E05013520,Ealing Broadway,-8,Does not apply,11,L15: Full-time students,0
E05013520,Ealing Broadway,1,"Asian, Asian British or Asian Welsh: Bangladeshi",-8,Does not apply,11
E05013520,Ealing Broadway,1,"Asian, Asian British or Asian Welsh: Bangladeshi",1,L1 and L2: Large employers and higher managerial and administrative occupations,2
E05013520,Ealing Broadway,1,"Asian, Asian British or Asian Welsh: Bangladeshi",2,L3: Higher professional occupations,14
E05013520,Ealing Broadway,1,"Asian, Asian British or Asian Welsh: Bangladeshi",3,"L4, L5 and L6: Lower managerial, administrative and professional occupations",11
E05013520,Ealing Broadway,1,"Asian, Asian British or Asian Welsh: Bangladeshi",4,L7: Intermediate occupations,6
E05013520,Ealing Broadway,1,"Asian, Asian British or Asian Welsh: Bangladeshi",5,L8 and L9: Small employers and own account workers,0
E05013520,Ealing Broadway,1,"Asian, Asian British or Asian Welsh: Bangladeshi",6,L10 and L11: Lower supervisory and technical occupations,0
E05013520,Ealing Broadway,1,"Asian, Asian British or Asian Welsh: Bangladeshi",7,L12: Semi-routine occupations,2
E05013520,Ealing Broadway,1,"Asian, Asian British or Asian Welsh: Bangladeshi",8,L13: Routine occupations,1
E05013520,Ealing Broadway,1,"Asian, Asian British or Asian Welsh: Bangladeshi",9,L14.1: Never worked,3
E05013520,Ealing Broadway,1,"Asian, Asian British or Asian Welsh: Bangladeshi",10,L14.2: Long-term unemployed,0
E05013520,Ealing Broadway,1,"Asian, Asian British or Asian Welsh: Bangladeshi",11,L15: Full-time students,4
E05013520,Ealing Broadway,2,"Asian, Asian British or Asian Welsh: Chinese",-8,Does not apply,52
E05013520,Ealing Broadway,2,"Asian, Asian British or Asian Welsh: Chinese",1,L1 and L2: Large employers and higher managerial and administrative occupations,27
E05013520,Ealing Broadway,2,"Asian, Asian British or Asian Welsh: Chinese",2,L3: Higher professional occupations,92
E05013520,Ealing Broadway,2,"Asian, Asian British or Asian Welsh: Chinese",3,"L4, L5 and L6: Lower managerial, administrative and professional occupations",75
E05013520,Ealing Broadway,2,"Asian, Asian British or Asian Welsh: Chinese",4,L7: Intermediate occupations,32
E05013520,Ealing Broadway,2,"Asian, Asian British or Asian Welsh: Chinese",5,L8 and L9: Small employers and own account workers,25
E05013520,Ealing Broadway,2,"Asian, Asian British or Asian Welsh: Chinese",6,L10 and L11: Lower supervisory and technical occupations,4
E05013520,Ealing Broadway,2,"Asian, Asian British or Asian Welsh: Chinese",7,L12: Semi-routine occupations,15
E05013520,Ealing Broadway,2,"Asian, Asian British or Asian Welsh: Chinese",8,L13: Routine occupations,8
E05013520,Ealing Broadway,2,"Asian, Asian British or Asian Welsh: Chinese",9,L14.1: Never worked,22
E05013520,Ealing Broadway,2,"Asian, Asian British or Asian Welsh: Chinese",10,L14.2: Long-term unemployed,3
E05013520,Ealing Broadway,2,"Asian, Asian British or Asian Welsh: Chinese",11,L15: Full-time students,16
E05013520,Ealing Broadway,3,"Asian, Asian British or Asian Welsh: Indian",-8,Does not apply,142
E05013520,Ealing Broadway,3,"Asian, Asian British or Asian Welsh: Indian",1,L1 and L2: Large employers and higher managerial and administrative occupations,101
E05013520,Ealing Broadway,3,"Asian, Asian British or Asian Welsh: Indian",2,L3: Higher professional occupations,262
E05013520,Ealing Broadway,3,"Asian, Asian British or Asian Welsh: Indian",3,"L4, L5 and L6: Lower managerial, administrative and professional occupations",188
E05013520,Ealing Broadway,3,"Asian, Asian British or Asian Welsh: Indian",4,L7: Intermediate occupations,54
E05013520,Ealing Broadway,3,"Asian, Asian British or Asian Welsh: Indian",5,L8 and L9: Small employers and own account workers,71
E05013520,Ealing Broadway,3,"Asian, Asian British or Asian Welsh: Indian",6,L10 and L11: Lower supervisory and technical occupations,11
E05013520,Ealing Broadway,3,"Asian, Asian British or Asian Welsh: Indian",7,L12: Semi-routine occupations,36
E05013520,Ealing Broadway,3,"Asian, Asian British or Asian Welsh: Indian",8,L13: Routine occupations,27
E05013520,Ealing Broadway,3,"Asian, Asian British or Asian Welsh: Indian",9,L14.1: Never worked,42
E05013520,Ealing Broadway,3,"Asian, Asian British or Asian Welsh: Indian",10,L14.2: Long-term unemployed,5
E05013520,Ealing Broadway,3,"Asian, Asian British or Asian Welsh: Indian",11,L15: Full-time students,59
E05013520,Ealing Broadway,4,"Asian, Asian British or Asian Welsh: Pakistani",-8,Does not apply,23
E05013520,Ealing Broadway,4,"Asian, Asian British or Asian Welsh: Pakistani",1,L1 and L2: Large employers and higher managerial and administrative occupations,13
E05013520,Ealing Broadway,4,"Asian, Asian British or Asian Welsh: Pakistani",2,L3: Higher professional occupations,31
E05013520,Ealing Broadway,4,"Asian, Asian British or Asian Welsh: Pakistani",3,"L4, L5 and L6: Lower managerial, administrative and professional occupations",26
E05013520,Ealing Broadway,4,"Asian, Asian British or Asian Welsh: Pakistani",4,L7: Intermediate occupations,9
E05013520,Ealing Broadway,4,"Asian, Asian British or Asian Welsh: Pakistani",5,L8 and L9: Small employers and own account workers,14
E05013520,Ealing Broadway,4,"Asian, Asian British or Asian Welsh: Pakistani",6,L10 and L11: Lower supervisory and technical occupations,3
E05013520,Ealing Broadway,4,"Asian, Asian British or Asian Welsh: Pakistani",7,L12: Semi-routine occupations,10
E05013520,Ealing Broadway,4,"Asian, Asian British or Asian Welsh: Pakistani",8,L13: Routine occupations,1
E05013520,Ealing Broadway,4,"Asian, Asian British or Asian Welsh: Pakistani",9,L14.1: Never worked,14
E05013520,Ealing Broadway,4,"Asian, Asian British or Asian Welsh: Pakistani",10,L14.2: Long-term unemployed,3
E05013520,Ealing Broadway,4,"Asian, Asian British or Asian Welsh: Pakistani",11,L15: Full-time students,13
E05013520,Ealing Broadway,5,"Asian, Asian British or Asian Welsh: Other Asian",-8,Does not apply,271
E05013520,Ealing Broadway,5,"Asian, Asian British or Asian Welsh: Other Asian",1,L1 and L2: Large employers and higher managerial and administrative occupations,123
E05013520,Ealing Broadway,5,"Asian, Asian British or Asian Welsh: Other Asian",2,L3: Higher professional occupations,132
E05013520,Ealing Broadway,5,"Asian, Asian British or Asian Welsh: Other Asian",3,"L4, L5 and L6: Lower managerial, administrative and professional occupations",199
E05013520,Ealing Broadway,5,"Asian, Asian British or Asian Welsh: Other Asian",4,L7: Intermediate occupations,79
E05013520,Ealing Broadway,5,"Asian, Asian British or Asian Welsh: Other Asian",5,L8 and L9: Small employers and own account workers,73
E05013520,Ealing Broadway,5,"Asian, Asian British or Asian Welsh: Other Asian",6,L10 and L11: Lower supervisory and technical occupations,34
E05013520,Ealing Broadway,5,"Asian, Asian British or Asian Welsh: Other Asian",7,L12: Semi-routine occupations,46
E05013520,Ealing Broadway,5,"Asian, Asian British or Asian Welsh: Other Asian",8,L13: Routine occupations,48
E05013520,Ealing Broadway,5,"Asian, Asian British or Asian Welsh: Other Asian",9,L14.1: Never worked,118
E05013520,Ealing Broadway,5,"Asian, Asian British or Asian Welsh: Other Asian",10,L14.2: Long-term unemployed,2
E05013520,Ealing Broadway,5,"Asian, Asian British or Asian Welsh: Other Asian",11,L15: Full-time students,48
E05013520,Ealing Broadway,6,"Black, Black British, Black Welsh, Caribbean or African: African",-8,Does not apply,75
E05013520,Ealing Broadway,6,"Black, Black British, Black Welsh, Caribbean or African: African",1,L1 and L2: Large employers and higher managerial and administrative occupations,11
E05013520,Ealing Broadway,6,"Black, Black British, Black Welsh, Caribbean or African: African",2,L3: Higher professional occupations,25
E05013520,Ealing Broadway,6,"Black, Black British, Black Welsh, Caribbean or African: African",3,"L4, L5 and L6: Lower managerial, administrative and professional occupations",50
E05013520,Ealing Broadway,6,"Black, Black British, Black Welsh, Caribbean or African: African",4,L7: Intermediate occupations,28
E05013520,Ealing Broadway,6,"Black, Black British, Black Welsh, Caribbean or African: African",5,L8 and L9: Small employers and own account workers,23
E05013520,Ealing Broadway,6,"Black, Black British, Black Welsh, Caribbean or African: African",6,L10 and L11: Lower supervisory and technical occupations,4
E05013520,Ealing Broadway,6,"Black, Black British, Black Welsh, Caribbean or African: African",7,L12: Semi-routine occupations,25
E05013520,Ealing Broadway,6,"Black, Black British, Black Welsh, Caribbean or African: African",8,L13: Routine occupations,24
E05013520,Ealing Broadway,6,"Black, Black British, Black Welsh, Caribbean or African: African",9,L14.1: Never worked,29
E05013520,Ealing Broadway,6,"Black, Black British, Black Welsh, Caribbean or African: African",10,L14.2: Long-term unemployed,8
E05013520,Ealing Broadway,6,"Black, Black British, Black Welsh, Caribbean or African: African",11,L15: Full-time students,31
E05013520,Ealing Broadway,7,"Black, Black British, Black Welsh, Caribbean or African: Caribbean",-8,Does not apply,24
E05013520,Ealing Broadway,7,"Black, Black British, Black Welsh, Caribbean or African: Caribbean",1,L1 and L2: Large employers and higher managerial and administrative occupations,11
E05013520,Ealing Broadway,7,"Black, Black British, Black Welsh, Caribbean or African: Caribbean",2,L3: Higher professional occupations,23
E05013520,Ealing Broadway,7,"Black, Black British, Black Welsh, Caribbean or African: Caribbean",3,"L4, L5 and L6: Lower managerial, administrative and professional occupations",55
E05013520,Ealing Broadway,7,"Black, Black British, Black Welsh, Caribbean or African: Caribbean",4,L7: Intermediate occupations,27
E05013520,Ealing Broadway,7,"Black, Black British, Black Welsh, Caribbean or African: Caribbean",5,L8 and L9: Small employers and own account workers,11
E05013520,Ealing Broadway,7,"Black, Black British, Black Welsh, Caribbean or African: Caribbean",6,L10 and L11: Lower supervisory and technical occupations,8
E05013520,Ealing Broadway,7,"Black, Black British, Black Welsh, Caribbean or African: Caribbean",7,L12: Semi-routine occupations,12
E05013520,Ealing Broadway,7,"Black, Black British, Black Welsh, Caribbean or African: Caribbean",8,L13: Routine occupations,42
E05013520,Ealing Broadway,7,"Black, Black British, Black Welsh, Caribbean or African: Caribbean",9,L14.1: Never worked,14
E05013520,Ealing Broadway,7,"Black, Black British, Black Welsh, Caribbean or African: Caribbean",10,L14.2: Long-term unemployed,2
E05013520,Ealing Broadway,7,"Black, Black British, Black Welsh, Caribbean or African: Caribbean",11,L15: Full-time students,15
E05013520,Ealing Broadway,8,"Black, Black British, Black Welsh, Caribbean or African: Other Black",-8,Does not apply,11
E05013520,Ealing Broadway,8,"Black, Black British, Black Welsh, Caribbean or African: Other Black",1,L1 and L2: Large employers and higher managerial and administrative occupations,1
E05013520,Ealing Broadway,8,"Black, Black British, Black Welsh, Caribbean or African: Other Black",2,L3: Higher professional occupations,4
E05013520,Ealing Broadway,8,"Black, Black British, Black Welsh, Caribbean or African: Other Black",3,"L4, L5 and L6: Lower managerial, administrative and professional occupations",11
E05013520,Ealing Broadway,8,"Black, Black British, Black Welsh, Caribbean or African: Other Black",4,L7: Intermediate occupations,9
E05013520,Ealing Broadway,8,"Black, Black British, Black Welsh, Caribbean or African: Other Black",5,L8 and L9: Small employers and own account workers,3
E05013520,Ealing Broadway,8,"Black, Black British, Black Welsh, Caribbean or African: Other Black",6,L10 and L11: Lower supervisory and technical occupations,3
E05013520,Ealing Broadway,8,"Black, Black British, Black Welsh, Caribbean or African: Other Black",7,L12: Semi-routine occupations,3
E05013520,Ealing Broadway,8,"Black, Black British, Black Welsh, Caribbean or African: Other Black",8,L13: Routine occupations,4
E05013520,Ealing Broadway,8,"Black, Black British, Black Welsh, Caribbean or African: Other Black",9,L14.1: Never worked,5
E05013520,Ealing Broadway,8,"Black, Black British, Black Welsh, Caribbean or African: Other Black",10,L14.2: Long-term unemployed,1
E05013520,Ealing Broadway,8,"Black, Black British, Black Welsh, Caribbean or African: Other Black",11,L15: Full-time students,6
E05013520,Ealing Broadway,9,Mixed or Multiple ethnic groups: White and Asian,-8,Does not apply,119
E05013520,Ealing Broadway,9,Mixed or Multiple ethnic groups: White and Asian,1,L1 and L2: Large employers and higher managerial and administrative occupations,6
E05013520,Ealing Broadway,9,Mixed or Multiple ethnic groups: White and Asian,2,L3: Higher professional occupations,35
E05013520,Ealing Broadway,9,Mixed or Multiple ethnic groups: White and Asian,3,"L4, L5 and L6: Lower managerial, administrative and professional occupations",43
E05013520,Ealing Broadway,9,Mixed or Multiple ethnic groups: White and Asian,4,L7: Intermediate occupations,14
E05013520,Ealing Broadway,9,Mixed or Multiple ethnic groups: White and Asian,5,L8 and L9: Small employers and own account workers,7
E05013520,Ealing Broadway,9,Mixed or Multiple ethnic groups: White and Asian,6,L10 and L11: Lower supervisory and technical occupations,5
E05013520,Ealing Broadway,9,Mixed or Multiple ethnic groups: White and Asian,7,L12: Semi-routine occupations,6
E05013520,Ealing Broadway,9,Mixed or Multiple ethnic groups: White and Asian,8,L13: Routine occupations,1
E05013520,Ealing Broadway,9,Mixed or Multiple ethnic groups: White and Asian,9,L14.1: Never worked,6
E05013520,Ealing Broadway,9,Mixed or Multiple ethnic groups: White and Asian,10,L14.2: Long-term unemployed,3
E05013520,Ealing Broadway,9,Mixed or Multiple ethnic groups: White and Asian,11,L15: Full-time students,26
E05013520,Ealing Broadway,10,Mixed or Multiple ethnic groups: White and Black African,-8,Does not apply,27
E05013520,Ealing Broadway,10,Mixed or Multiple ethnic groups: White and Black African,1,L1 and L2: Large employers and higher managerial and administrative occupations,3
E05013520,Ealing Broadway,10,Mixed or Multiple ethnic groups: White and Black African,2,L3: Higher professional occupations,11
E05013520,Ealing Broadway,10,Mixed or Multiple ethnic groups: White and Black African,3,"L4, L5 and L6: Lower managerial, administrative and professional occupations",17
E05013520,Ealing Broadway,10,Mixed or Multiple ethnic groups: White and Black African,4,L7: Intermediate occupations,6
E05013520,Ealing Broadway,10,Mixed or Multiple ethnic groups: White and Black African,5,L8 and L9: Small employers and own account workers,5
E05013520,Ealing Broadway,10,Mixed or Multiple ethnic groups: White and Black African,6,L10 and L11: Lower supervisory and technical occupations,1
E05013520,Ealing Broadway,10,Mixed or Multiple ethnic groups: White and Black African,7,L12: Semi-routine occupations,5
E05013520,Ealing Broadway,10,Mixed or Multiple ethnic groups: White and Black African,8,L13: Routine occupations,7
E05013520,Ealing Broadway,10,Mixed or Multiple ethnic groups: White and Black African,9,L14.1: Never worked,3
E05013520,Ealing Broadway,10,Mixed or Multiple ethnic groups: White and Black African,10,L14.2: Long-term unemployed,1
E05013520,Ealing Broadway,10,Mixed or Multiple ethnic groups: White and Black African,11,L15: Full-time students,4
E05013520,Ealing Broadway,11,Mixed or Multiple ethnic groups: White and Black Caribbean,-8,Does not apply,38
E05013520,Ealing Broadway,11,Mixed or Multiple ethnic groups: White and Black Caribbean,1,L1 and L2: Large employers and higher managerial and administrative occupations,3
E05013520,Ealing Broadway,11,Mixed or Multiple ethnic groups: White and Black Caribbean,2,L3: Higher professional occupations,8
E05013520,Ealing Broadway,11,Mixed or Multiple ethnic groups: White and Black Caribbean,3,"L4, L5 and L6: Lower managerial, administrative and professional occupations",17
E05013520,Ealing Broadway,11,Mixed or Multiple ethnic groups: White and Black Caribbean,4,L7: Intermediate occupations,12
E05013520,Ealing Broadway,11,Mixed or Multiple ethnic groups: White and Black Caribbean,5,L8 and L9: Small employers and own account workers,8
E05013520,Ealing Broadway,11,Mixed or Multiple ethnic groups: White and Black Caribbean,6,L10 and L11: Lower supervisory and technical occupations,1
E05013520,Ealing Broadway,11,Mixed or Multiple ethnic groups: White and Black Caribbean,7,L12: Semi-routine occupations,12
E05013520,Ealing Broadway,11,Mixed or Multiple ethnic groups: White and Black Caribbean,8,L13: Routine occupations,6
E05013520,Ealing Broadway,11,Mixed or Multiple ethnic groups: White and Black Caribbean,9,L14.1: Never worked,3
E05013520,Ealing Broadway,11,Mixed or Multiple ethnic groups: White and Black Caribbean,10,L14.2: Long-term unemployed,6
E05013520,Ealing Broadway,11,Mixed or Multiple ethnic groups: White and Black Caribbean,11,L15: Full-time students,10
E05013520,Ealing Broadway,12,Mixed or Multiple ethnic groups: Other Mixed or Multiple ethnic groups,-8,Does not apply,104
E05013520,Ealing Broadway,12,Mixed or Multiple ethnic groups: Other Mixed or Multiple ethnic groups,1,L1 and L2: Large employers and higher managerial and administrative occupations,11
E05013520,Ealing Broadway,12,Mixed or Multiple ethnic groups: Other Mixed or Multiple ethnic groups,2,L3: Higher professional occupations,52
E05013520,Ealing Broadway,12,Mixed or Multiple ethnic groups: Other Mixed or Multiple ethnic groups,3,"L4, L5 and L6: Lower managerial, administrative and professional occupations",43
E05013520,Ealing Broadway,12,Mixed or Multiple ethnic groups: Other Mixed or Multiple ethnic groups,4,L7: Intermediate occupations,16
E05013520,Ealing Broadway,12,Mixed or Multiple ethnic groups: Other Mixed or Multiple ethnic groups,5,L8 and L9: Small employers and own account workers,15
E05013520,Ealing Broadway,12,Mixed or Multiple ethnic groups: Other Mixed or Multiple ethnic groups,6,L10 and L11: Lower supervisory and technical occupations,15
E05013520,Ealing Broadway,12,Mixed or Multiple ethnic groups: Other Mixed or Multiple ethnic groups,7,L12: Semi-routine occupations,20
E05013520,Ealing Broadway,12,Mixed or Multiple ethnic groups: Other Mixed or Multiple ethnic groups,8,L13: Routine occupations,18
E05013520,Ealing Broadway,12,Mixed or Multiple ethnic groups: Other Mixed or Multiple ethnic groups,9,L14.1: Never worked,10
E05013520,Ealing Broadway,12,Mixed or Multiple ethnic groups: Other Mixed or Multiple ethnic groups,10,L14.2: Long-term unemployed,26
E05013520,Ealing Broadway,12,Mixed or Multiple ethnic groups: Other Mixed or Multiple ethnic groups,11,L15: Full-time students,31
E05013520,Ealing Broadway,13,"White: English, Welsh, Scottish, Northern Irish or British",-8,Does not apply,574
E05013520,Ealing Broadway,13,"White: English, Welsh, Scottish, Northern Irish or British",1,L1 and L2: Large employers and higher managerial and administrative occupations,383
E05013520,Ealing Broadway,13,"White: English, Welsh, Scottish, Northern Irish or British",2,L3: Higher professional occupations,832
E05013520,Ealing Broadway,13,"White: English, Welsh, Scottish, Northern Irish or British",3,"L4, L5 and L6: Lower managerial, administrative and professional occupations",1244
E05013520,Ealing Broadway,13,"White: English, Welsh, Scottish, Northern Irish or British",4,L7: Intermediate occupations,390
E05013520,Ealing Broadway,13,"White: English, Welsh, Scottish, Northern Irish or British",5,L8 and L9: Small employers and own account workers,350
E05013520,Ealing Broadway,13,"White: English, Welsh, Scottish, Northern Irish or British",6,L10 and L11: Lower supervisory and technical occupations,86
E05013520,Ealing Broadway,13,"White: English, Welsh, Scottish, Northern Irish or British",7,L12: Semi-routine occupations,168
E05013520,Ealing Broadway,13,"White: English, Welsh, Scottish, Northern Irish or British",8,L13: Routine occupations,140
E05013520,Ealing Broadway,13,"White: English, Welsh, Scottish, Northern Irish or British",9,L14.1: Never worked,126
E05013520,Ealing Broadway,13,"White: English, Welsh, Scottish, Northern Irish or British",10,L14.2: Long-term unemployed,55
E05013520,Ealing Broadway,13,"White: English, Welsh, Scottish, Northern Irish or British",11,L15: Full-time students,239
E05013520,Ealing Broadway,14,White: Irish,-8,Does not apply,16
E05013520,Ealing Broadway,14,White: Irish,1,L1 and L2: Large employers and higher managerial and administrative occupations,37
E05013520,Ealing Broadway,14,White: Irish,2,L3: Higher professional occupations,79
E05013520,Ealing Broadway,14,White: Irish,3,"L4, L5 and L6: Lower managerial, administrative and professional occupations",130
E05013520,Ealing Broadway,14,White: Irish,4,L7: Intermediate occupations,39
E05013520,Ealing Broadway,14,White: Irish,5,L8 and L9: Small employers and own account workers,55
E05013520,Ealing Broadway,14,White: Irish,6,L10 and L11: Lower supervisory and technical occupations,7
E05013520,Ealing Broadway,14,White: Irish,7,L12: Semi-routine occupations,17
E05013520,Ealing Broadway,14,White: Irish,8,L13: Routine occupations,17
E05013520,Ealing Broadway,14,White: Irish,9,L14.1: Never worked,16
E05013520,Ealing Broadway,14,White: Irish,10,L14.2: Long-term unemployed,2
E05013520,Ealing Broadway,14,White: Irish,11,L15: Full-time students,12
E05013520,Ealing Broadway,15,White: Gypsy or Irish Traveller,-8,Does not apply,0
E05013520,Ealing Broadway,15,White: Gypsy or Irish Traveller,1,L1 and L2: Large employers and higher managerial and administrative occupations,0
E05013520,Ealing Broadway,15,White: Gypsy or Irish Traveller,2,L3: Higher professional occupations,0
E05013520,Ealing Broadway,15,White: Gypsy or Irish Traveller,3,"L4, L5 and L6: Lower managerial, administrative and professional occupations",0
E05013520,Ealing Broadway,15,White: Gypsy or Irish Traveller,4,L7: Intermediate occupations,0
E05013520,Ealing Broadway,15,White: Gypsy or Irish Traveller,5,L8 and L9: Small employers and own account workers,0
E05013520,Ealing Broadway,15,White: Gypsy or Irish Traveller,6,L10 and L11: Lower supervisory and technical occupations,1
E05013520,Ealing Broadway,15,White: Gypsy or Irish Traveller,7,L12: Semi-routine occupations,0
E05013520,Ealing Broadway,15,White: Gypsy or Irish Traveller,8,L13: Routine occupations,0
E05013520,Ealing Broadway,15,White: Gypsy or Irish Traveller,9,L14.1: Never worked,2
E05013520,Ealing Broadway,15,White: Gypsy or Irish Traveller,10,L14.2: Long-term unemployed,0
E05013520,Ealing Broadway,15,White: Gypsy or Irish Traveller,11,L15: Full-time students,0
E05013520,Ealing Broadway,16,White: Roma,-8,Does not apply,6
E05013520,Ealing Broadway,16,White: Roma,1,L1 and L2: Large employers and higher managerial and administrative occupations,3
E05013520,Ealing Broadway,16,White: Roma,2,L3: Higher professional occupations,4
E05013520,Ealing Broadway,16,White: Roma,3,"L4, L5 and L6: Lower managerial, administrative and professional occupations",12
E05013520,Ealing Broadway,16,White: Roma,4,L7: Intermediate occupations,4
E05013520,Ealing Broadway,16,White: Roma,5,L8 and L9: Small employers and own account workers,14
E05013520,Ealing Broadway,16,White: Roma,6,L10 and L11: Lower supervisory and technical occupations,10
E05013520,Ealing Broadway,16,White: Roma,7,L12: Semi-routine occupations,4
E05013520,Ealing Broadway,16,White: Roma,8,L13: Routine occupations,7
E05013520,Ealing Broadway,16,White: Roma,9,L14.1: Never worked,1
E05013520,Ealing Broadway,16,White: Roma,10,L14.2: Long-term unemployed,2
E05013520,Ealing Broadway,16,White: Roma,11,L15: Full-time students,4
E05013520,Ealing Broadway,17,White: Other White,-8,Does not apply,430
E05013520,Ealing Broadway,17,White: Other White,1,L1 and L2: Large employers and higher managerial and administrative occupations,219
E05013520,Ealing Broadway,17,White: Other White,2,L3: Higher professional occupations,516
E05013520,Ealing Broadway,17,White: Other White,3,"L4, L5 and L6: Lower managerial, administrative and professional occupations",709
E05013520,Ealing Broadway,17,White: Other White,4,L7: Intermediate occupations,218
E05013520,Ealing Broadway,17,White: Other White,5,L8 and L9: Small employers and own account workers,430
E05013520,Ealing Broadway,17,White: Other White,6,L10 and L11: Lower supervisory and technical occupations,92
E05013520,Ealing Broadway,17,White: Other White,7,L12: Semi-routine occupations,136
E05013520,Ealing Broadway,17,White: Other White,8,L13: Routine occupations,211
E05013520,Ealing Broadway,17,White: Other White,9,L14.1: Never worked,69
E05013520,Ealing Broadway,17,White: Other White,10,L14.2: Long-term unemployed,42
E05013520,Ealing Broadway,17,White: Other White,11,L15: Full-time students,177
E05013520,Ealing Broadway,18,Other ethnic group: Arab,-8,Does not apply,105
E05013520,Ealing Broadway,18,Other ethnic group: Arab,1,L1 and L2: Large employers and higher managerial and administrative occupations,13
E05013520,Ealing Broadway,18,Other ethnic group: Arab,2,L3: Higher professional occupations,35
E05013520,Ealing Broadway,18,Other ethnic group: Arab,3,"L4, L5 and L6: Lower managerial, administrative and professional occupations",43
E05013520,Ealing Broadway,18,Other ethnic group: Arab,4,L7: Intermediate occupations,24
E05013520,Ealing Broadway,18,Other ethnic group: Arab,5,L8 and L9: Small employers and own account workers,29
E05013520,Ealing Broadway,18,Other ethnic group: Arab,6,L10 and L11: Lower supervisory and technical occupations,10
E05013520,Ealing Broadway,18,Other ethnic group: Arab,7,L12: Semi-routine occupations,22
E05013520,Ealing Broadway,18,Other ethnic group: Arab,8,L13: Routine occupations,17
E05013520,Ealing Broadway,18,Other ethnic group: Arab,9,L14.1: Never worked,75
E05013520,Ealing Broadway,18,Other ethnic group: Arab,10,L14.2: Long-term unemployed,8
E05013520,Ealing Broadway,18,Other ethnic group: Arab,11,L15: Full-time students,40
E05013520,Ealing Broadway,19,Other ethnic group: Any other ethnic group,-8,Does not apply,129
E05013520,Ealing Broadway,19,Other ethnic group: Any other ethnic group,1,L1 and L2: Large employers and higher managerial and administrative occupations,30
E05013520,Ealing Broadway,19,Other ethnic group: Any other ethnic group,2,L3: Higher professional occupations,96
E05013520,Ealing Broadway,19,Other ethnic group: Any other ethnic group,3,"L4, L5 and L6: Lower managerial, administrative and professional occupations",106
E05013520,Ealing Broadway,19,Other ethnic group: Any other ethnic group,4,L7: Intermediate occupations,52
E05013520,Ealing Broadway,19,Other ethnic group: Any other ethnic group,5,L8 and L9: Small employers and own account workers,68
E05013520,Ealing Broadway,19,Other ethnic group: Any other ethnic group,6,L10 and L11: Lower supervisory and technical occupations,23
E05013520,Ealing Broadway,19,Other ethnic group: Any other ethnic group,7,L12: Semi-routine occupations,42
E05013520,Ealing Broadway,19,Other ethnic group: Any other ethnic group,8,L13: Routine occupations,30
E05013520,Ealing Broadway,19,Other ethnic group: Any other ethnic group,9,L14.1: Never worked,103
E05013520,Ealing Broadway,19,Other ethnic group: Any other ethnic group,10,L14.2: Long-term unemployed,12
E05013520,Ealing Broadway,19,Other ethnic group: Any other ethnic group,11,L15: Full-time students,83
E05013521,Ealing Common,-8,Does not apply,-8,Does not apply,0
E05013521,Ealing Common,-8,Does not apply,1,L1 and L2: Large employers and higher managerial and administrative occupations,0
E05013521,Ealing Common,-8,Does not apply,2,L3: Higher professional occupations,0
E05013521,Ealing Common,-8,Does not apply,3,"L4, L5 and L6: Lower managerial, administrative and professional occupations",0
E05013521,Ealing Common,-8,Does not apply,4,L7: Intermediate occupations,0
E05013521,Ealing Common,-8,Does not apply,5,L8 and L9: Small employers and own account workers,0
E05013521,Ealing Common,-8,Does not apply,6,L10 and L11: Lower supervisory and technical occupations,0
E05013521,Ealing Common,-8,Does not apply,7,L12: Semi-routine occupations,0
E05013521,Ealing Common,-8,Does not apply,8,L13: Routine occupations,0
E05013521,Ealing Common,-8,Does not apply,9,L14.1: Never worked,0
E05013521,Ealing Common,-8,Does not apply,10,L14.2: Long-term unemployed,0
E05013521,Ealing Common,-8,Does not apply,11,L15: Full-time students,0
E05013521,Ealing Common,1,"Asian, Asian British or Asian Welsh: Bangladeshi",-8,Does not apply,8
E05013521,Ealing Common,1,"Asian, Asian British or Asian Welsh: Bangladeshi",1,L1 and L2: Large employers and higher managerial and administrative occupations,6
E05013521,Ealing Common,1,"Asian, Asian British or Asian Welsh: Bangladeshi",2,L3: Higher professional occupations,8
E05013521,Ealing Common,1,"Asian, Asian British or Asian Welsh: Bangladeshi",3,"L4, L5 and L6: Lower managerial, administrative and professional occupations",10
E05013521,Ealing Common,1,"Asian, Asian British or Asian Welsh: Bangladeshi",4,L7: Intermediate occupations,4
E05013521,Ealing Common,1,"Asian, Asian British or Asian Welsh: Bangladeshi",5,L8 and L9: Small employers and own account workers,4
E05013521,Ealing Common,1,"Asian, Asian British or Asian Welsh: Bangladeshi",6,L10 and L11: Lower supervisory and technical occupations,1
E05013521,Ealing Common,1,"Asian, Asian British or Asian Welsh: Bangladeshi",7,L12: Semi-routine occupations,8
E05013521,Ealing Common,1,"Asian, Asian British or Asian Welsh: Bangladeshi",8,L13: Routine occupations,1
E05013521,Ealing Common,1,"Asian, Asian British or Asian Welsh: Bangladeshi",9,L14.1: Never worked,6
E05013521,Ealing Common,1,"Asian, Asian British or Asian Welsh: Bangladeshi",10,L14.2: Long-term unemployed,0
E05013521,Ealing Common,1,"Asian, Asian British or Asian Welsh: Bangladeshi",11,L15: Full-time students,2
E05013521,Ealing Common,2,"Asian, Asian British or Asian Welsh: Chinese",-8,Does not apply,31
E05013521,Ealing Common,2,"Asian, Asian British or Asian Welsh: Chinese",1,L1 and L2: Large employers and higher managerial and administrative occupations,16
E05013521,Ealing Common,2,"Asian, Asian British or Asian Welsh: Chinese",2,L3: Higher professional occupations,85
E05013521,Ealing Common,2,"Asian, Asian British or Asian Welsh: Chinese",3,"L4, L5 and L6: Lower managerial, administrative and professional occupations",71
E05013521,Ealing Common,2,"Asian, Asian British or Asian Welsh: Chinese",4,L7: Intermediate occupations,19
E05013521,Ealing Common,2,"Asian, Asian British or Asian Welsh: Chinese",5,L8 and L9: Small employers and own account workers,33
E05013521,Ealing Common,2,"Asian, Asian British or Asian Welsh: Chinese",6,L10 and L11: Lower supervisory and technical occupations,5
E05013521,Ealing Common,2,"Asian, Asian British or Asian Welsh: Chinese",7,L12: Semi-routine occupations,8
E05013521,Ealing Common,2,"Asian, Asian British or Asian Welsh: Chinese",8,L13: Routine occupations,7
E05013521,Ealing Common,2,"Asian, Asian British or Asian Welsh: Chinese",9,L14.1: Never worked,15
E05013521,Ealing Common,2,"Asian, Asian British or Asian Welsh: Chinese",10,L14.2: Long-term unemployed,2
E05013521,Ealing Common,2,"Asian, Asian British or Asian Welsh: Chinese",11,L15: Full-time students,11
E05013521,Ealing Common,3,"Asian, Asian British or Asian Welsh: Indian",-8,Does not apply,130
E05013521,Ealing Common,3,"Asian, Asian British or Asian Welsh: Indian",1,L1 and L2: Large employers and higher managerial and administrative occupations,78
E05013521,Ealing Common,3,"Asian, Asian British or Asian Welsh: Indian",2,L3: Higher professional occupations,215
E05013521,Ealing Common,3,"Asian, Asian British or Asian Welsh: Indian",3,"L4, L5 and L6: Lower managerial, administrative and professional occupations",165
E05013521,Ealing Common,3,"Asian, Asian British or Asian Welsh: Indian",4,L7: Intermediate occupations,51
E05013521,Ealing Common,3,"Asian, Asian British or Asian Welsh: Indian",5,L8 and L9: Small employers and own account workers,77
E05013521,Ealing Common,3,"Asian, Asian British or Asian Welsh: Indian",6,L10 and L11: Lower supervisory and technical occupations,9
E05013521,Ealing Common,3,"Asian, Asian British or Asian Welsh: Indian",7,L12: Semi-routine occupations,47
E05013521,Ealing Common,3,"Asian, Asian British or Asian Welsh: Indian",8,L13: Routine occupations,33
E05013521,Ealing Common,3,"Asian, Asian British or Asian Welsh: Indian",9,L14.1: Never worked,53
E05013521,Ealing Common,3,"Asian, Asian British or Asian Welsh: Indian",10,L14.2: Long-term unemployed,13
E05013521,Ealing Common,3,"Asian, Asian British or Asian Welsh: Indian",11,L15: Full-time students,53
E05013521,Ealing Common,4,"Asian, Asian British or Asian Welsh: Pakistani",-8,Does not apply,59
E05013521,Ealing Common,4,"Asian, Asian British or Asian Welsh: Pakistani",1,L1 and L2: Large employers and higher managerial and administrative occupations,10
E05013521,Ealing Common,4,"Asian, Asian British or Asian Welsh: Pakistani",2,L3: Higher professional occupations,38
E05013521,Ealing Common,4,"Asian, Asian British or Asian Welsh: Pakistani",3,"L4, L5 and L6: Lower managerial, administrative and professional occupations",44
E05013521,Ealing Common,4,"Asian, Asian British or Asian Welsh: Pakistani",4,L7: Intermediate occupations,23
E05013521,Ealing Common,4,"Asian, Asian British or Asian Welsh: Pakistani",5,L8 and L9: Small employers and own account workers,33
E05013521,Ealing Common,4,"Asian, Asian British or Asian Welsh: Pakistani",6,L10 and L11: Lower supervisory and technical occupations,5
E05013521,Ealing Common,4,"Asian, Asian British or Asian Welsh: Pakistani",7,L12: Semi-routine occupations,20
E05013521,Ealing Common,4,"Asian, Asian British or Asian Welsh: Pakistani",8,L13: Routine occupations,10
E05013521,Ealing Common,4,"Asian, Asian British or Asian Welsh: Pakistani",9,L14.1: Never worked,32
E05013521,Ealing Common,4,"Asian, Asian British or Asian Welsh: Pakistani",10,L14.2: Long-term unemployed,4
E05013521,Ealing Common,4,"Asian, Asian British or Asian Welsh: Pakistani",11,L15: Full-time students,62
E05013521,Ealing Common,5,"Asian, Asian British or Asian Welsh: Other Asian",-8,Does not apply,201
E05013521,Ealing Common,5,"Asian, Asian British or Asian Welsh: Other Asian",1,L1 and L2: Large employers and higher managerial and administrative occupations,71
E05013521,Ealing Common,5,"Asian, Asian British or Asian Welsh: Other Asian",2,L3: Higher professional occupations,94
E05013521,Ealing Common,5,"Asian, Asian British or Asian Welsh: Other Asian",3,"L4, L5 and L6: Lower managerial, administrative and professional occupations",132
E05013521,Ealing Common,5,"Asian, Asian British or Asian Welsh: Other Asian",4,L7: Intermediate occupations,55
E05013521,Ealing Common,5,"Asian, Asian British or Asian Welsh: Other Asian",5,L8 and L9: Small employers and own account workers,56
E05013521,Ealing Common,5,"Asian, Asian British or Asian Welsh: Other Asian",6,L10 and L11: Lower supervisory and technical occupations,29
E05013521,Ealing Common,5,"Asian, Asian British or Asian Welsh: Other Asian",7,L12: Semi-routine occupations,47
E05013521,Ealing Common,5,"Asian, Asian British or Asian Welsh: Other Asian",8,L13: Routine occupations,33
E05013521,Ealing Common,5,"Asian, Asian British or Asian Welsh: Other Asian",9,L14.1: Never worked,104
E05013521,Ealing Common,5,"Asian, Asian British or Asian Welsh: Other Asian",10,L14.2: Long-term unemployed,7
E05013521,Ealing Common,5,"Asian, Asian British or Asian Welsh: Other Asian",11,L15: Full-time students,93
E05013521,Ealing Common,6,"Black, Black British, Black Welsh, Caribbean or African: African",-8,Does not apply,146
E05013521,Ealing Common,6,"Black, Black British, Black Welsh, Caribbean or African: African",1,L1 and L2: Large employers and higher managerial and administrative occupations,10
E05013521,Ealing Common,6,"Black, Black British, Black Welsh, Caribbean or African: African",2,L3: Higher professional occupations,32
E05013521,Ealing Common,6,"Black, Black British, Black Welsh, Caribbean or African: African",3,"L4, L5 and L6: Lower managerial, administrative and professional occupations",77
E05013521,Ealing Common,6,"Black, Black British, Black Welsh, Caribbean or African: African",4,L7: Intermediate occupations,43
E05013521,Ealing Common,6,"Black, Black British, Black Welsh, Caribbean or African: African",5,L8 and L9: Small employers and own account workers,34
E05013521,Ealing Common,6,"Black, Black British, Black Welsh, Caribbean or African: African",6,L10 and L11: Lower supervisory and technical occupations,9
E05013521,Ealing Common,6,"Black, Black British, Black Welsh, Caribbean or African: African",7,L12: Semi-routine occupations,54
E05013521,Ealing Common,6,"Black, Black British, Black Welsh, Caribbean or African: African",8,L13: Routine occupations,39
E05013521,Ealing Common,6,"Black, Black British, Black Welsh, Caribbean or African: African",9,L14.1: Never worked,68
E05013521,Ealing Common,6,"Black, Black British, Black Welsh, Caribbean or African: African",10,L14.2: Long-term unemployed,12
E05013521,Ealing Common,6,"Black, Black British, Black Welsh, Caribbean or African: African",11,L15: Full-time students,102
E05013521,Ealing Common,7,"Black, Black British, Black Welsh, Caribbean or African: Caribbean",-8,Does not apply,40
E05013521,Ealing Common,7,"Black, Black British, Black Welsh, Caribbean or African: Caribbean",1,L1 and L2: Large employers and higher managerial and administrative occupations,5
E05013521,Ealing Common,7,"Black, Black British, Black Welsh, Caribbean or African: Caribbean",2,L3: Higher professional occupations,25
E05013521,Ealing Common,7,"Black, Black British, Black Welsh, Caribbean or African: Caribbean",3,"L4, L5 and L6: Lower managerial, administrative and professional occupations",66
E05013521,Ealing Common,7,"Black, Black British, Black Welsh, Caribbean or African: Caribbean",4,L7: Intermediate occupations,52
E05013521,Ealing Common,7,"Black, Black British, Black Welsh, Caribbean or African: Caribbean",5,L8 and L9: Small employers and own account workers,15
E05013521,Ealing Common,7,"Black, Black British, Black Welsh, Caribbean or African: Caribbean",6,L10 and L11: Lower supervisory and technical occupations,26
E05013521,Ealing Common,7,"Black, Black British, Black Welsh, Caribbean or African: Caribbean",7,L12: Semi-routine occupations,34
E05013521,Ealing Common,7,"Black, Black British, Black Welsh, Caribbean or African: Caribbean",8,L13: Routine occupations,27
E05013521,Ealing Common,7,"Black, Black British, Black Welsh, Caribbean or African: Caribbean",9,L14.1: Never worked,16
E05013521,Ealing Common,7,"Black, Black British, Black Welsh, Caribbean or African: Caribbean",10,L14.2: Long-term unemployed,9
E05013521,Ealing Common,7,"Black, Black British, Black Welsh, Caribbean or African: Caribbean",11,L15: Full-time students,25
E05013521,Ealing Common,8,"Black, Black British, Black Welsh, Caribbean or African: Other Black",-8,Does not apply,10
E05013521,Ealing Common,8,"Black, Black British, Black Welsh, Caribbean or African: Other Black",1,L1 and L2: Large employers and higher managerial and administrative occupations,0
E05013521,Ealing Common,8,"Black, Black British, Black Welsh, Caribbean or African: Other Black",2,L3: Higher professional occupations,5
E05013521,Ealing Common,8,"Black, Black British, Black Welsh, Caribbean or African: Other Black",3,"L4, L5 and L6: Lower managerial, administrative and professional occupations",22
E05013521,Ealing Common,8,"Black, Black British, Black Welsh, Caribbean or African: Other Black",4,L7: Intermediate occupations,12
E05013521,Ealing Common,8,"Black, Black British, Black Welsh, Caribbean or African: Other Black",5,L8 and L9: Small employers and own account workers,2
E05013521,Ealing Common,8,"Black, Black British, Black Welsh, Caribbean or African: Other Black",6,L10 and L11: Lower supervisory and technical occupations,4
E05013521,Ealing Common,8,"Black, Black British, Black Welsh, Caribbean or African: Other Black",7,L12: Semi-routine occupations,12
E05013521,Ealing Common,8,"Black, Black British, Black Welsh, Caribbean or African: Other Black",8,L13: Routine occupations,11
E05013521,Ealing Common,8,"Black, Black British, Black Welsh, Caribbean or African: Other Black",9,L14.1: Never worked,4
E05013521,Ealing Common,8,"Black, Black British, Black Welsh, Caribbean or African: Other Black",10,L14.2: Long-term unemployed,0
E05013521,Ealing Common,8,"Black, Black British, Black Welsh, Caribbean or African: Other Black",11,L15: Full-time students,14
E05013521,Ealing Common,9,Mixed or Multiple ethnic groups: White and Asian,-8,Does not apply,135
E05013521,Ealing Common,9,Mixed or Multiple ethnic groups: White and Asian,1,L1 and L2: Large employers and higher managerial and administrative occupations,8
E05013521,Ealing Common,9,Mixed or Multiple ethnic groups: White and Asian,2,L3: Higher professional occupations,35
E05013521,Ealing Common,9,Mixed or Multiple ethnic groups: White and Asian,3,"L4, L5 and L6: Lower managerial, administrative and professional occupations",36
E05013521,Ealing Common,9,Mixed or Multiple ethnic groups: White and Asian,4,L7: Intermediate occupations,8
E05013521,Ealing Common,9,Mixed or Multiple ethnic groups: White and Asian,5,L8 and L9: Small employers and own account workers,10
E05013521,Ealing Common,9,Mixed or Multiple ethnic groups: White and Asian,6,L10 and L11: Lower supervisory and technical occupations,7
E05013521,Ealing Common,9,Mixed or Multiple ethnic groups: White and Asian,7,L12: Semi-routine occupations,14
E05013521,Ealing Common,9,Mixed or Multiple ethnic groups: White and Asian,8,L13: Routine occupations,7
E05013521,Ealing Common,9,Mixed or Multiple ethnic groups: White and Asian,9,L14.1: Never worked,13
E05013521,Ealing Common,9,Mixed or Multiple ethnic groups: White and Asian,10,L14.2: Long-term unemployed,7
E05013521,Ealing Common,9,Mixed or Multiple ethnic groups: White and Asian,11,L15: Full-time students,27
E05013521,Ealing Common,10,Mixed or Multiple ethnic groups: White and Black African,-8,Does not apply,41
E05013521,Ealing Common,10,Mixed or Multiple ethnic groups: White and Black African,1,L1 and L2: Large employers and higher managerial and administrative occupations,2
E05013521,Ealing Common,10,Mixed or Multiple ethnic groups: White and Black African,2,L3: Higher professional occupations,9
E05013521,Ealing Common,10,Mixed or Multiple ethnic groups: White and Black African,3,"L4, L5 and L6: Lower managerial, administrative and professional occupations",17
E05013521,Ealing Common,10,Mixed or Multiple ethnic groups: White and Black African,4,L7: Intermediate occupations,6
E05013521,Ealing Common,10,Mixed or Multiple ethnic groups: White and Black African,5,L8 and L9: Small employers and own account workers,7
E05013521,Ealing Common,10,Mixed or Multiple ethnic groups: White and Black African,6,L10 and L11: Lower supervisory and technical occupations,3
E05013521,Ealing Common,10,Mixed or Multiple ethnic groups: White and Black African,7,L12: Semi-routine occupations,3
E05013521,Ealing Common,10,Mixed or Multiple ethnic groups: White and Black African,8,L13: Routine occupations,3
E05013521,Ealing Common,10,Mixed or Multiple ethnic groups: White and Black African,9,L14.1: Never worked,3
E05013521,Ealing Common,10,Mixed or Multiple ethnic groups: White and Black African,10,L14.2: Long-term unemployed,0
E05013521,Ealing Common,10,Mixed or Multiple ethnic groups: White and Black African,11,L15: Full-time students,10
E05013521,Ealing Common,11,Mixed or Multiple ethnic groups: White and Black Caribbean,-8,Does not apply,59
E05013521,Ealing Common,11,Mixed or Multiple ethnic groups: White and Black Caribbean,1,L1 and L2: Large employers and higher managerial and administrative occupations,3
E05013521,Ealing Common,11,Mixed or Multiple ethnic groups: White and Black Caribbean,2,L3: Higher professional occupations,13
E05013521,Ealing Common,11,Mixed or Multiple ethnic groups: White and Black Caribbean,3,"L4, L5 and L6: Lower managerial, administrative and professional occupations",29
E05013521,Ealing Common,11,Mixed or Multiple ethnic groups: White and Black Caribbean,4,L7: Intermediate occupations,20
E05013521,Ealing Common,11,Mixed or Multiple ethnic groups: White and Black Caribbean,5,L8 and L9: Small employers and own account workers,9
E05013521,Ealing Common,11,Mixed or Multiple ethnic groups: White and Black Caribbean,6,L10 and L11: Lower supervisory and technical occupations,8
E05013521,Ealing Common,11,Mixed or Multiple ethnic groups: White and Black Caribbean,7,L12: Semi-routine occupations,8
E05013521,Ealing Common,11,Mixed or Multiple ethnic groups: White and Black Caribbean,8,L13: Routine occupations,7
E05013521,Ealing Common,11,Mixed or Multiple ethnic groups: White and Black Caribbean,9,L14.1: Never worked,11
E05013521,Ealing Common,11,Mixed or Multiple ethnic groups: White and Black Caribbean,10,L14.2: Long-term unemployed,5
E05013521,Ealing Common,11,Mixed or Multiple ethnic groups: White and Black Caribbean,11,L15: Full-time students,17
E05013521,Ealing Common,12,Mixed or Multiple ethnic groups: Other Mixed or Multiple ethnic groups,-8,Does not apply,114
E05013521,Ealing Common,12,Mixed or Multiple ethnic groups: Other Mixed or Multiple ethnic groups,1,L1 and L2: Large employers and higher managerial and administrative occupations,13
E05013521,Ealing Common,12,Mixed or Multiple ethnic groups: Other Mixed or Multiple ethnic groups,2,L3: Higher professional occupations,35
E05013521,Ealing Common,12,Mixed or Multiple ethnic groups: Other Mixed or Multiple ethnic groups,3,"L4, L5 and L6: Lower managerial, administrative and professional occupations",61
E05013521,Ealing Common,12,Mixed or Multiple ethnic groups: Other Mixed or Multiple ethnic groups,4,L7: Intermediate occupations,31
E05013521,Ealing Common,12,Mixed or Multiple ethnic groups: Other Mixed or Multiple ethnic groups,5,L8 and L9: Small employers and own account workers,21
E05013521,Ealing Common,12,Mixed or Multiple ethnic groups: Other Mixed or Multiple ethnic groups,6,L10 and L11: Lower supervisory and technical occupations,7
E05013521,Ealing Common,12,Mixed or Multiple ethnic groups: Other Mixed or Multiple ethnic groups,7,L12: Semi-routine occupations,22
E05013521,Ealing Common,12,Mixed or Multiple ethnic groups: Other Mixed or Multiple ethnic groups,8,L13: Routine occupations,16
E05013521,Ealing Common,12,Mixed or Multiple ethnic groups: Other Mixed or Multiple ethnic groups,9,L14.1: Never worked,8
E05013521,Ealing Common,12,Mixed or Multiple ethnic groups: Other Mixed or Multiple ethnic groups,10,L14.2: Long-term unemployed,9
E05013521,Ealing Common,12,Mixed or Multiple ethnic groups: Other Mixed or Multiple ethnic groups,11,L15: Full-time students,35
E05013521,Ealing Common,13,"White: English, Welsh, Scottish, Northern Irish or British",-8,Does not apply,742
E05013521,Ealing Common,13,"White: English, Welsh, Scottish, Northern Irish or British",1,L1 and L2: Large employers and higher managerial and administrative occupations,446
E05013521,Ealing Common,13,"White: English, Welsh, Scottish, Northern Irish or British",2,L3: Higher professional occupations,1000
E05013521,Ealing Common,13,"White: English, Welsh, Scottish, Northern Irish or British",3,"L4, L5 and L6: Lower managerial, administrative and professional occupations",1463
E05013521,Ealing Common,13,"White: English, Welsh, Scottish, Northern Irish or British",4,L7: Intermediate occupations,479
E05013521,Ealing Common,13,"White: English, Welsh, Scottish, Northern Irish or British",5,L8 and L9: Small employers and own account workers,541
E05013521,Ealing Common,13,"White: English, Welsh, Scottish, Northern Irish or British",6,L10 and L11: Lower supervisory and technical occupations,133
E05013521,Ealing Common,13,"White: English, Welsh, Scottish, Northern Irish or British",7,L12: Semi-routine occupations,282
E05013521,Ealing Common,13,"White: English, Welsh, Scottish, Northern Irish or British",8,L13: Routine occupations,246
E05013521,Ealing Common,13,"White: English, Welsh, Scottish, Northern Irish or British",9,L14.1: Never worked,205
E05013521,Ealing Common,13,"White: English, Welsh, Scottish, Northern Irish or British",10,L14.2: Long-term unemployed,86
E05013521,Ealing Common,13,"White: English, Welsh, Scottish, Northern Irish or British",11,L15: Full-time students,349
E05013521,Ealing Common,14,White: Irish,-8,Does not apply,24
E05013521,Ealing Common,14,White: Irish,1,L1 and L2: Large employers and higher managerial and administrative occupations,40
E05013521,Ealing Common,14,White: Irish,2,L3: Higher professional occupations,73
E05013521,Ealing Common,14,White: Irish,3,"L4, L5 and L6: Lower managerial, administrative and professional occupations",142
E05013521,Ealing Common,14,White: Irish,4,L7: Intermediate occupations,41
E05013521,Ealing Common,14,White: Irish,5,L8 and L9: Small employers and own account workers,55
E05013521,Ealing Common,14,White: Irish,6,L10 and L11: Lower supervisory and technical occupations,9
E05013521,Ealing Common,14,White: Irish,7,L12: Semi-routine occupations,21
E05013521,Ealing Common,14,White: Irish,8,L13: Routine occupations,33
E05013521,Ealing Common,14,White: Irish,9,L14.1: Never worked,18
E05013521,Ealing Common,14,White: Irish,10,L14.2: Long-term unemployed,3
E05013521,Ealing Common,14,White: Irish,11,L15: Full-time students,6
E05013521,Ealing Common,15,White: Gypsy or Irish Traveller,-8,Does not apply,0
E05013521,Ealing Common,15,White: Gypsy or Irish Traveller,1,L1 and L2: Large employers and higher managerial and administrative occupations,0
E05013521,Ealing Common,15,White: Gypsy or Irish Traveller,2,L3: Higher professional occupations,0
E05013521,Ealing Common,15,White: Gypsy or Irish Traveller,3,"L4, L5 and L6: Lower managerial, administrative and professional occupations",0
E05013521,Ealing Common,15,White: Gypsy or Irish Traveller,4,L7: Intermediate occupations,1
E05013521,Ealing Common,15,White: Gypsy or Irish Traveller,5,L8 and L9: Small employers and own account workers,0
E05013521,Ealing Common,15,White: Gypsy or Irish Traveller,6,L10 and L11: Lower supervisory and technical occupations,0
E05013521,Ealing Common,15,White: Gypsy or Irish Traveller,7,L12: Semi-routine occupations,1
E05013521,Ealing Common,15,White: Gypsy or Irish Traveller,8,L13: Routine occupations,0
E05013521,Ealing Common,15,White: Gypsy or Irish Traveller,9,L14.1: Never worked,2
E05013521,Ealing Common,15,White: Gypsy or Irish Traveller,10,L14.2: Long-term unemployed,0
E05013521,Ealing Common,15,White: Gypsy or Irish Traveller,11,L15: Full-time students,0
E05013521,Ealing Common,16,White: Roma,-8,Does not apply,6
E05013521,Ealing Common,16,White: Roma,1,L1 and L2: Large employers and higher managerial and administrative occupations,3
E05013521,Ealing Common,16,White: Roma,2,L3: Higher professional occupations,8
E05013521,Ealing Common,16,White: Roma,3,"L4, L5 and L6: Lower managerial, administrative and professional occupations",26
E05013521,Ealing Common,16,White: Roma,4,L7: Intermediate occupations,3
E05013521,Ealing Common,16,White: Roma,5,L8 and L9: Small employers and own account workers,8
E05013521,Ealing Common,16,White: Roma,6,L10 and L11: Lower supervisory and technical occupations,13
E05013521,Ealing Common,16,White: Roma,7,L12: Semi-routine occupations,8
E05013521,Ealing Common,16,White: Roma,8,L13: Routine occupations,10
E05013521,Ealing Common,16,White: Roma,9,L14.1: Never worked,0
E05013521,Ealing Common,16,White: Roma,10,L14.2: Long-term unemployed,2
E05013521,Ealing Common,16,White: Roma,11,L15: Full-time students,7
E05013521,Ealing Common,17,White: Other White,-8,Does not apply,345
E05013521,Ealing Common,17,White: Other White,1,L1 and L2: Large employers and higher managerial and administrative occupations,205
E05013521,Ealing Common,17,White: Other White,2,L3: Higher professional occupations,496
E05013521,Ealing Common,17,White: Other White,3,"L4, L5 and L6: Lower managerial, administrative and professional occupations",673
E05013521,Ealing Common,17,White: Other White,4,L7: Intermediate occupations,268
E05013521,Ealing Common,17,White: Other White,5,L8 and L9: Small employers and own account workers,504
E05013521,Ealing Common,17,White: Other White,6,L10 and L11: Lower supervisory and technical occupations,115
E05013521,Ealing Common,17,White: Other White,7,L12: Semi-routine occupations,164
E05013521,Ealing Common,17,White: Other White,8,L13: Routine occupations,196
E05013521,Ealing Common,17,White: Other White,9,L14.1: Never worked,87
E05013521,Ealing Common,17,White: Other White,10,L14.2: Long-term unemployed,36
E05013521,Ealing Common,17,White: Other White,11,L15: Full-time students,217
E05013521,Ealing Common,18,Other ethnic group: Arab,-8,Does not apply,147
E05013521,Ealing Common,18,Other ethnic group: Arab,1,L1 and L2: Large employers and higher managerial and administrative occupations,16
E05013521,Ealing Common,18,Other ethnic group: Arab,2,L3: Higher professional occupations,59
E05013521,Ealing Common,18,Other ethnic group: Arab,3,"L4, L5 and L6: Lower managerial, administrative and professional occupations",72
E05013521,Ealing Common,18,Other ethnic group: Arab,4,L7: Intermediate occupations,20
E05013521,Ealing Common,18,Other ethnic group: Arab,5,L8 and L9: Small employers and own account workers,37
E05013521,Ealing Common,18,Other ethnic group: Arab,6,L10 and L11: Lower supervisory and technical occupations,18
E05013521,Ealing Common,18,Other ethnic group: Arab,7,L12: Semi-routine occupations,26
E05013521,Ealing Common,18,Other ethnic group: Arab,8,L13: Routine occupations,23
E05013521,Ealing Common,18,Other ethnic group: Arab,9,L14.1: Never worked,95
E05013521,Ealing Common,18,Other ethnic group: Arab,10,L14.2: Long-term unemployed,5
E05013521,Ealing Common,18,Other ethnic group: Arab,11,L15: Full-time students,67
E05013521,Ealing Common,19,Other ethnic group: Any other ethnic group,-8,Does not apply,102
E05013521,Ealing Common,19,Other ethnic group: Any other ethnic group,1,L1 and L2: Large employers and higher managerial and administrative occupations,25
E05013521,Ealing Common,19,Other ethnic group: Any other ethnic group,2,L3: Higher professional occupations,76
E05013521,Ealing Common,19,Other ethnic group: Any other ethnic group,3,"L4, L5 and L6: Lower managerial, administrative and professional occupations",119
E05013521,Ealing Common,19,Other ethnic group: Any other ethnic group,4,L7: Intermediate occupations,58
E05013521,Ealing Common,19,Other ethnic group: Any other ethnic group,5,L8 and L9: Small employers and own account workers,73
E05013521,Ealing Common,19,Other ethnic group: Any other ethnic group,6,L10 and L11: Lower supervisory and technical occupations,19
E05013521,Ealing Common,19,Other ethnic group: Any other ethnic group,7,L12: Semi-routine occupations,43
E05013521,Ealing Common,19,Other ethnic group: Any other ethnic group,8,L13: Routine occupations,38
E05013521,Ealing Common,19,Other ethnic group: Any other ethnic group,9,L14.1: Never worked,91
E05013521,Ealing Common,19,Other ethnic group: Any other ethnic group,10,L14.2: Long-term unemployed,13
E05013521,Ealing Common,19,Other ethnic group: Any other ethnic group,11,L15: Full-time students,61
E05013522,East Acton,-8,Does not apply,-8,Does not apply,0
E05013522,East Acton,-8,Does not apply,1,L1 and L2: Large employers and higher managerial and administrative occupations,0
E05013522,East Acton,-8,Does not apply,2,L3: Higher professional occupations,0
E05013522,East Acton,-8,Does not apply,3,"L4, L5 and L6: Lower managerial, administrative and professional occupations",0
E05013522,East Acton,-8,Does not apply,4,L7: Intermediate occupations,0
E05013522,East Acton,-8,Does not apply,5,L8 and L9: Small employers and own account workers,0
E05013522,East Acton,-8,Does not apply,6,L10 and L11: Lower supervisory and technical occupations,0
E05013522,East Acton,-8,Does not apply,7,L12: Semi-routine occupations,0
E05013522,East Acton,-8,Does not apply,8,L13: Routine occupations,0
E05013522,East Acton,-8,Does not apply,9,L14.1: Never worked,0
E05013522,East Acton,-8,Does not apply,10,L14.2: Long-term unemployed,0
E05013522,East Acton,-8,Does not apply,11,L15: Full-time students,0
E05013522,East Acton,1,"Asian, Asian British or Asian Welsh: Bangladeshi",-8,Does not apply,15
E05013522,East Acton,1,"Asian, Asian British or Asian Welsh: Bangladeshi",1,L1 and L2: Large employers and higher managerial and administrative occupations,2
E05013522,East Acton,1,"Asian, Asian British or Asian Welsh: Bangladeshi",2,L3: Higher professional occupations,5
E05013522,East Acton,1,"Asian, Asian British or Asian Welsh: Bangladeshi",3,"L4, L5 and L6: Lower managerial, administrative and professional occupations",20
E05013522,East Acton,1,"Asian, Asian British or Asian Welsh: Bangladeshi",4,L7: Intermediate occupations,8
E05013522,East Acton,1,"Asian, Asian British or Asian Welsh: Bangladeshi",5,L8 and L9: Small employers and own account workers,9
E05013522,East Acton,1,"Asian, Asian British or Asian Welsh: Bangladeshi",6,L10 and L11: Lower supervisory and technical occupations,0
E05013522,East Acton,1,"Asian, Asian British or Asian Welsh: Bangladeshi",7,L12: Semi-routine occupations,3
E05013522,East Acton,1,"Asian, Asian British or Asian Welsh: Bangladeshi",8,L13: Routine occupations,3
E05013522,East Acton,1,"Asian, Asian British or Asian Welsh: Bangladeshi",9,L14.1: Never worked,9
E05013522,East Acton,1,"Asian, Asian British or Asian Welsh: Bangladeshi",10,L14.2: Long-term unemployed,0
E05013522,East Acton,1,"Asian, Asian British or Asian Welsh: Bangladeshi",11,L15: Full-time students,9
E05013522,East Acton,2,"Asian, Asian British or Asian Welsh: Chinese",-8,Does not apply,18
E05013522,East Acton,2,"Asian, Asian British or Asian Welsh: Chinese",1,L1 and L2: Large employers and higher managerial and administrative occupations,10
E05013522,East Acton,2,"Asian, Asian British or Asian Welsh: Chinese",2,L3: Higher professional occupations,44
E05013522,East Acton,2,"Asian, Asian British or Asian Welsh: Chinese",3,"L4, L5 and L6: Lower managerial, administrative and professional occupations",36
E05013522,East Acton,2,"Asian, Asian British or Asian Welsh: Chinese",4,L7: Intermediate occupations,15
E05013522,East Acton,2,"Asian, Asian British or Asian Welsh: Chinese",5,L8 and L9: Small employers and own account workers,15
E05013522,East Acton,2,"Asian, Asian British or Asian Welsh: Chinese",6,L10 and L11: Lower supervisory and technical occupations,8
E05013522,East Acton,2,"Asian, Asian British or Asian Welsh: Chinese",7,L12: Semi-routine occupations,6
E05013522,East Acton,2,"Asian, Asian British or Asian Welsh: Chinese",8,L13: Routine occupations,12
E05013522,East Acton,2,"Asian, Asian British or Asian Welsh: Chinese",9,L14.1: Never worked,6
E05013522,East Acton,2,"Asian, Asian British or Asian Welsh: Chinese",10,L14.2: Long-term unemployed,1
E05013522,East Acton,2,"Asian, Asian British or Asian Welsh: Chinese",11,L15: Full-time students,21
E05013522,East Acton,3,"Asian, Asian British or Asian Welsh: Indian",-8,Does not apply,43
E05013522,East Acton,3,"Asian, Asian British or Asian Welsh: Indian",1,L1 and L2: Large employers and higher managerial and administrative occupations,26
E05013522,East Acton,3,"Asian, Asian British or Asian Welsh: Indian",2,L3: Higher professional occupations,100
E05013522,East Acton,3,"Asian, Asian British or Asian Welsh: Indian",3,"L4, L5 and L6: Lower managerial, administrative and professional occupations",106
E05013522,East Acton,3,"Asian, Asian British or Asian Welsh: Indian",4,L7: Intermediate occupations,40
E05013522,East Acton,3,"Asian, Asian British or Asian Welsh: Indian",5,L8 and L9: Small employers and own account workers,51
E05013522,East Acton,3,"Asian, Asian British or Asian Welsh: Indian",6,L10 and L11: Lower supervisory and technical occupations,8
E05013522,East Acton,3,"Asian, Asian British or Asian Welsh: Indian",7,L12: Semi-routine occupations,36
E05013522,East Acton,3,"Asian, Asian British or Asian Welsh: Indian",8,L13: Routine occupations,24
E05013522,East Acton,3,"Asian, Asian British or Asian Welsh: Indian",9,L14.1: Never worked,35
E05013522,East Acton,3,"Asian, Asian British or Asian Welsh: Indian",10,L14.2: Long-term unemployed,10
E05013522,East Acton,3,"Asian, Asian British or Asian Welsh: Indian",11,L15: Full-time students,29
E05013522,East Acton,4,"Asian, Asian British or Asian Welsh: Pakistani",-8,Does not apply,87
E05013522,East Acton,4,"Asian, Asian British or Asian Welsh: Pakistani",1,L1 and L2: Large employers and higher managerial and administrative occupations,14
E05013522,East Acton,4,"Asian, Asian British or Asian Welsh: Pakistani",2,L3: Higher professional occupations,38
E05013522,East Acton,4,"Asian, Asian British or Asian Welsh: Pakistani",3,"L4, L5 and L6: Lower managerial, administrative and professional occupations",51
E05013522,East Acton,4,"Asian, Asian British or Asian Welsh: Pakistani",4,L7: Intermediate occupations,43
E05013522,East Acton,4,"Asian, Asian British or Asian Welsh: Pakistani",5,L8 and L9: Small employers and own account workers,34
E05013522,East Acton,4,"Asian, Asian British or Asian Welsh: Pakistani",6,L10 and L11: Lower supervisory and technical occupations,7
E05013522,East Acton,4,"Asian, Asian British or Asian Welsh: Pakistani",7,L12: Semi-routine occupations,33
E05013522,East Acton,4,"Asian, Asian British or Asian Welsh: Pakistani",8,L13: Routine occupations,28
E05013522,East Acton,4,"Asian, Asian British or Asian Welsh: Pakistani",9,L14.1: Never worked,56
E05013522,East Acton,4,"Asian, Asian British or Asian Welsh: Pakistani",10,L14.2: Long-term unemployed,5
E05013522,East Acton,4,"Asian, Asian British or Asian Welsh: Pakistani",11,L15: Full-time students,44
E05013522,East Acton,5,"Asian, Asian British or Asian Welsh: Other Asian",-8,Does not apply,161
E05013522,East Acton,5,"Asian, Asian British or Asian Welsh: Other Asian",1,L1 and L2: Large employers and higher managerial and administrative occupations,10
E05013522,East Acton,5,"Asian, Asian British or Asian Welsh: Other Asian",2,L3: Higher professional occupations,35
E05013522,East Acton,5,"Asian, Asian British or Asian Welsh: Other Asian",3,"L4, L5 and L6: Lower managerial, administrative and professional occupations",127
E05013522,East Acton,5,"Asian, Asian British or Asian Welsh: Other Asian",4,L7: Intermediate occupations,48
E05013522,East Acton,5,"Asian, Asian British or Asian Welsh: Other Asian",5,L8 and L9: Small employers and own account workers,76
E05013522,East Acton,5,"Asian, Asian British or Asian Welsh: Other Asian",6,L10 and L11: Lower supervisory and technical occupations,31
E05013522,East Acton,5,"Asian, Asian British or Asian Welsh: Other Asian",7,L12: Semi-routine occupations,79
E05013522,East Acton,5,"Asian, Asian British or Asian Welsh: Other Asian",8,L13: Routine occupations,69
E05013522,East Acton,5,"Asian, Asian British or Asian Welsh: Other Asian",9,L14.1: Never worked,103
E05013522,East Acton,5,"Asian, Asian British or Asian Welsh: Other Asian",10,L14.2: Long-term unemployed,8
E05013522,East Acton,5,"Asian, Asian British or Asian Welsh: Other Asian",11,L15: Full-time students,90
E05013522,East Acton,6,"Black, Black British, Black Welsh, Caribbean or African: African",-8,Does not apply,320
E05013522,East Acton,6,"Black, Black British, Black Welsh, Caribbean or African: African",1,L1 and L2: Large employers and higher managerial and administrative occupations,22
E05013522,East Acton,6,"Black, Black British, Black Welsh, Caribbean or African: African",2,L3: Higher professional occupations,69
E05013522,East Acton,6,"Black, Black British, Black Welsh, Caribbean or African: African",3,"L4, L5 and L6: Lower managerial, administrative and professional occupations",152
E05013522,East Acton,6,"Black, Black British, Black Welsh, Caribbean or African: African",4,L7: Intermediate occupations,85
E05013522,East Acton,6,"Black, Black British, Black Welsh, Caribbean or African: African",5,L8 and L9: Small employers and own account workers,90
E05013522,East Acton,6,"Black, Black British, Black Welsh, Caribbean or African: African",6,L10 and L11: Lower supervisory and technical occupations,19
E05013522,East Acton,6,"Black, Black British, Black Welsh, Caribbean or African: African",7,L12: Semi-routine occupations,125
E05013522,East Acton,6,"Black, Black British, Black Welsh, Caribbean or African: African",8,L13: Routine occupations,98
E05013522,East Acton,6,"Black, Black British, Black Welsh, Caribbean or African: African",9,L14.1: Never worked,131
E05013522,East Acton,6,"Black, Black British, Black Welsh, Caribbean or African: African",10,L14.2: Long-term unemployed,31
E05013522,East Acton,6,"Black, Black British, Black Welsh, Caribbean or African: African",11,L15: Full-time students,177
E05013522,East Acton,7,"Black, Black British, Black Welsh, Caribbean or African: Caribbean",-8,Does not apply,100
E05013522,East Acton,7,"Black, Black British, Black Welsh, Caribbean or African: Caribbean",1,L1 and L2: Large employers and higher managerial and administrative occupations,13
E05013522,East Acton,7,"Black, Black British, Black Welsh, Caribbean or African: Caribbean",2,L3: Higher professional occupations,29
E05013522,East Acton,7,"Black, Black British, Black Welsh, Caribbean or African: Caribbean",3,"L4, L5 and L6: Lower managerial, administrative and professional occupations",108
E05013522,East Acton,7,"Black, Black British, Black Welsh, Caribbean or African: Caribbean",4,L7: Intermediate occupations,78
E05013522,East Acton,7,"Black, Black British, Black Welsh, Caribbean or African: Caribbean",5,L8 and L9: Small employers and own account workers,34
E05013522,East Acton,7,"Black, Black British, Black Welsh, Caribbean or African: Caribbean",6,L10 and L11: Lower supervisory and technical occupations,34
E05013522,East Acton,7,"Black, Black British, Black Welsh, Caribbean or African: Caribbean",7,L12: Semi-routine occupations,78
E05013522,East Acton,7,"Black, Black British, Black Welsh, Caribbean or African: Caribbean",8,L13: Routine occupations,52
E05013522,East Acton,7,"Black, Black British, Black Welsh, Caribbean or African: Caribbean",9,L14.1: Never worked,51
E05013522,East Acton,7,"Black, Black British, Black Welsh, Caribbean or African: Caribbean",10,L14.2: Long-term unemployed,15
E05013522,East Acton,7,"Black, Black British, Black Welsh, Caribbean or African: Caribbean",11,L15: Full-time students,40
E05013522,East Acton,8,"Black, Black British, Black Welsh, Caribbean or African: Other Black",-8,Does not apply,72
E05013522,East Acton,8,"Black, Black British, Black Welsh, Caribbean or African: Other Black",1,L1 and L2: Large employers and higher managerial and administrative occupations,2
E05013522,East Acton,8,"Black, Black British, Black Welsh, Caribbean or African: Other Black",2,L3: Higher professional occupations,2
E05013522,East Acton,8,"Black, Black British, Black Welsh, Caribbean or African: Other Black",3,"L4, L5 and L6: Lower managerial, administrative and professional occupations",24
E05013522,East Acton,8,"Black, Black British, Black Welsh, Caribbean or African: Other Black",4,L7: Intermediate occupations,20
E05013522,East Acton,8,"Black, Black British, Black Welsh, Caribbean or African: Other Black",5,L8 and L9: Small employers and own account workers,8
E05013522,East Acton,8,"Black, Black British, Black Welsh, Caribbean or African: Other Black",6,L10 and L11: Lower supervisory and technical occupations,5
E05013522,East Acton,8,"Black, Black British, Black Welsh, Caribbean or African: Other Black",7,L12: Semi-routine occupations,17
E05013522,East Acton,8,"Black, Black British, Black Welsh, Caribbean or African: Other Black",8,L13: Routine occupations,21
E05013522,East Acton,8,"Black, Black British, Black Welsh, Caribbean or African: Other Black",9,L14.1: Never worked,11
E05013522,East Acton,8,"Black, Black British, Black Welsh, Caribbean or African: Other Black",10,L14.2: Long-term unemployed,6
E05013522,East Acton,8,"Black, Black British, Black Welsh, Caribbean or African: Other Black",11,L15: Full-time students,45
E05013522,East Acton,9,Mixed or Multiple ethnic groups: White and Asian,-8,Does not apply,100
E05013522,East Acton,9,Mixed or Multiple ethnic groups: White and Asian,1,L1 and L2: Large employers and higher managerial and administrative occupations,4
E05013522,East Acton,9,Mixed or Multiple ethnic groups: White and Asian,2,L3: Higher professional occupations,17
E05013522,East Acton,9,Mixed or Multiple ethnic groups: White and Asian,3,"L4, L5 and L6: Lower managerial, administrative and professional occupations",23
E05013522,East Acton,9,Mixed or Multiple ethnic groups: White and Asian,4,L7: Intermediate occupations,7
E05013522,East Acton,9,Mixed or Multiple ethnic groups: White and Asian,5,L8 and L9: Small employers and own account workers,10
E05013522,East Acton,9,Mixed or Multiple ethnic groups: White and Asian,6,L10 and L11: Lower supervisory and technical occupations,2
E05013522,East Acton,9,Mixed or Multiple ethnic groups: White and Asian,7,L12: Semi-routine occupations,18
E05013522,East Acton,9,Mixed or Multiple ethnic groups: White and Asian,8,L13: Routine occupations,10
E05013522,East Acton,9,Mixed or Multiple ethnic groups: White and Asian,9,L14.1: Never worked,8
E05013522,East Acton,9,Mixed or Multiple ethnic groups: White and Asian,10,L14.2: Long-term unemployed,4
E05013522,East Acton,9,Mixed or Multiple ethnic groups: White and Asian,11,L15: Full-time students,33
E05013522,East Acton,10,Mixed or Multiple ethnic groups: White and Black African,-8,Does not apply,58
E05013522,East Acton,10,Mixed or Multiple ethnic groups: White and Black African,1,L1 and L2: Large employers and higher managerial and administrative occupations,3
E05013522,East Acton,10,Mixed or Multiple ethnic groups: White and Black African,2,L3: Higher professional occupations,10
E05013522,East Acton,10,Mixed or Multiple ethnic groups: White and Black African,3,"L4, L5 and L6: Lower managerial, administrative and professional occupations",28
E05013522,East Acton,10,Mixed or Multiple ethnic groups: White and Black African,4,L7: Intermediate occupations,10
E05013522,East Acton,10,Mixed or Multiple ethnic groups: White and Black African,5,L8 and L9: Small employers and own account workers,10
E05013522,East Acton,10,Mixed or Multiple ethnic groups: White and Black African,6,L10 and L11: Lower supervisory and technical occupations,3
E05013522,East Acton,10,Mixed or Multiple ethnic groups: White and Black African,7,L12: Semi-routine occupations,8
E05013522,East Acton,10,Mixed or Multiple ethnic groups: White and Black African,8,L13: Routine occupations,10
E05013522,East Acton,10,Mixed or Multiple ethnic groups: White and Black African,9,L14.1: Never worked,10
E05013522,East Acton,10,Mixed or Multiple ethnic groups: White and Black African,10,L14.2: Long-term unemployed,1
E05013522,East Acton,10,Mixed or Multiple ethnic groups: White and Black African,11,L15: Full-time students,19
E05013522,East Acton,11,Mixed or Multiple ethnic groups: White and Black Caribbean,-8,Does not apply,71
E05013522,East Acton,11,Mixed or Multiple ethnic groups: White and Black Caribbean,1,L1 and L2: Large employers and higher managerial and administrative occupations,4
E05013522,East Acton,11,Mixed or Multiple ethnic groups: White and Black Caribbean,2,L3: Higher professional occupations,14
E05013522,East Acton,11,Mixed or Multiple ethnic groups: White and Black Caribbean,3,"L4, L5 and L6: Lower managerial, administrative and professional occupations",24
E05013522,East Acton,11,Mixed or Multiple ethnic groups: White and Black Caribbean,4,L7: Intermediate occupations,13
E05013522,East Acton,11,Mixed or Multiple ethnic groups: White and Black Caribbean,5,L8 and L9: Small employers and own account workers,14
E05013522,East Acton,11,Mixed or Multiple ethnic groups: White and Black Caribbean,6,L10 and L11: Lower supervisory and technical occupations,11
E05013522,East Acton,11,Mixed or Multiple ethnic groups: White and Black Caribbean,7,L12: Semi-routine occupations,15
E05013522,East Acton,11,Mixed or Multiple ethnic groups: White and Black Caribbean,8,L13: Routine occupations,20
E05013522,East Acton,11,Mixed or Multiple ethnic groups: White and Black Caribbean,9,L14.1: Never worked,17
E05013522,East Acton,11,Mixed or Multiple ethnic groups: White and Black Caribbean,10,L14.2: Long-term unemployed,5
E05013522,East Acton,11,Mixed or Multiple ethnic groups: White and Black Caribbean,11,L15: Full-time students,24
E05013522,East Acton,12,Mixed or Multiple ethnic groups: Other Mixed or Multiple ethnic groups,-8,Does not apply,147
E05013522,East Acton,12,Mixed or Multiple ethnic groups: Other Mixed or Multiple ethnic groups,1,L1 and L2: Large employers and higher managerial and administrative occupations,6
E05013522,East Acton,12,Mixed or Multiple ethnic groups: Other Mixed or Multiple ethnic groups,2,L3: Higher professional occupations,24
E05013522,East Acton,12,Mixed or Multiple ethnic groups: Other Mixed or Multiple ethnic groups,3,"L4, L5 and L6: Lower managerial, administrative and professional occupations",56
E05013522,East Acton,12,Mixed or Multiple ethnic groups: Other Mixed or Multiple ethnic groups,4,L7: Intermediate occupations,42
E05013522,East Acton,12,Mixed or Multiple ethnic groups: Other Mixed or Multiple ethnic groups,5,L8 and L9: Small employers and own account workers,28
E05013522,East Acton,12,Mixed or Multiple ethnic groups: Other Mixed or Multiple ethnic groups,6,L10 and L11: Lower supervisory and technical occupations,15
E05013522,East Acton,12,Mixed or Multiple ethnic groups: Other Mixed or Multiple ethnic groups,7,L12: Semi-routine occupations,22
E05013522,East Acton,12,Mixed or Multiple ethnic groups: Other Mixed or Multiple ethnic groups,8,L13: Routine occupations,19
E05013522,East Acton,12,Mixed or Multiple ethnic groups: Other Mixed or Multiple ethnic groups,9,L14.1: Never worked,27
E05013522,East Acton,12,Mixed or Multiple ethnic groups: Other Mixed or Multiple ethnic groups,10,L14.2: Long-term unemployed,8
E05013522,East Acton,12,Mixed or Multiple ethnic groups: Other Mixed or Multiple ethnic groups,11,L15: Full-time students,32
E05013522,East Acton,13,"White: English, Welsh, Scottish, Northern Irish or British",-8,Does not apply,639
E05013522,East Acton,13,"White: English, Welsh, Scottish, Northern Irish or British",1,L1 and L2: Large employers and higher managerial and administrative occupations,200
E05013522,East Acton,13,"White: English, Welsh, Scottish, Northern Irish or British",2,L3: Higher professional occupations,385
E05013522,East Acton,13,"White: English, Welsh, Scottish, Northern Irish or British",3,"L4, L5 and L6: Lower managerial, administrative and professional occupations",759
E05013522,East Acton,13,"White: English, Welsh, Scottish, Northern Irish or British",4,L7: Intermediate occupations,312
E05013522,East Acton,13,"White: English, Welsh, Scottish, Northern Irish or British",5,L8 and L9: Small employers and own account workers,374
E05013522,East Acton,13,"White: English, Welsh, Scottish, Northern Irish or British",6,L10 and L11: Lower supervisory and technical occupations,126
E05013522,East Acton,13,"White: English, Welsh, Scottish, Northern Irish or British",7,L12: Semi-routine occupations,208
E05013522,East Acton,13,"White: English, Welsh, Scottish, Northern Irish or British",8,L13: Routine occupations,224
E05013522,East Acton,13,"White: English, Welsh, Scottish, Northern Irish or British",9,L14.1: Never worked,167
E05013522,East Acton,13,"White: English, Welsh, Scottish, Northern Irish or British",10,L14.2: Long-term unemployed,47
E05013522,East Acton,13,"White: English, Welsh, Scottish, Northern Irish or British",11,L15: Full-time students,211
E05013522,East Acton,14,White: Irish,-8,Does not apply,22
E05013522,East Acton,14,White: Irish,1,L1 and L2: Large employers and higher managerial and administrative occupations,19
E05013522,East Acton,14,White: Irish,2,L3: Higher professional occupations,35
E05013522,East Acton,14,White: Irish,3,"L4, L5 and L6: Lower managerial, administrative and professional occupations",61
E05013522,East Acton,14,White: Irish,4,L7: Intermediate occupations,17
E05013522,East Acton,14,White: Irish,5,L8 and L9: Small employers and own account workers,33
E05013522,East Acton,14,White: Irish,6,L10 and L11: Lower supervisory and technical occupations,18
E05013522,East Acton,14,White: Irish,7,L12: Semi-routine occupations,20
E05013522,East Acton,14,White: Irish,8,L13: Routine occupations,41
E05013522,East Acton,14,White: Irish,9,L14.1: Never worked,21
E05013522,East Acton,14,White: Irish,10,L14.2: Long-term unemployed,1
E05013522,East Acton,14,White: Irish,11,L15: Full-time students,6
E05013522,East Acton,15,White: Gypsy or Irish Traveller,-8,Does not apply,5
E05013522,East Acton,15,White: Gypsy or Irish Traveller,1,L1 and L2: Large employers and higher managerial and administrative occupations,0
E05013522,East Acton,15,White: Gypsy or Irish Traveller,2,L3: Higher professional occupations,0
E05013522,East Acton,15,White: Gypsy or Irish Traveller,3,"L4, L5 and L6: Lower managerial, administrative and professional occupations",0
E05013522,East Acton,15,White: Gypsy or Irish Traveller,4,L7: Intermediate occupations,0
E05013522,East Acton,15,White: Gypsy or Irish Traveller,5,L8 and L9: Small employers and own account workers,1
E05013522,East Acton,15,White: Gypsy or Irish Traveller,6,L10 and L11: Lower supervisory and technical occupations,1
E05013522,East Acton,15,White: Gypsy or Irish Traveller,7,L12: Semi-routine occupations,0
E05013522,East Acton,15,White: Gypsy or Irish Traveller,8,L13: Routine occupations,0
E05013522,East Acton,15,White: Gypsy or Irish Traveller,9,L14.1: Never worked,5
E05013522,East Acton,15,White: Gypsy or Irish Traveller,10,L14.2: Long-term unemployed,0
E05013522,East Acton,15,White: Gypsy or Irish Traveller,11,L15: Full-time students,0
E05013522,East Acton,16,White: Roma,-8,Does not apply,1
E05013522,East Acton,16,White: Roma,1,L1 and L2: Large employers and higher managerial and administrative occupations,3
E05013522,East Acton,16,White: Roma,2,L3: Higher professional occupations,27
E05013522,East Acton,16,White: Roma,3,"L4, L5 and L6: Lower managerial, administrative and professional occupations",35
E05013522,East Acton,16,White: Roma,4,L7: Intermediate occupations,8
E05013522,East Acton,16,White: Roma,5,L8 and L9: Small employers and own account workers,16
E05013522,East Acton,16,White: Roma,6,L10 and L11: Lower supervisory and technical occupations,29
E05013522,East Acton,16,White: Roma,7,L12: Semi-routine occupations,30
E05013522,East Acton,16,White: Roma,8,L13: Routine occupations,29
E05013522,East Acton,16,White: Roma,9,L14.1: Never worked,2
E05013522,East Acton,16,White: Roma,10,L14.2: Long-term unemployed,3
E05013522,East Acton,16,White: Roma,11,L15: Full-time students,11
E05013522,East Acton,17,White: Other White,-8,Does not apply,318
E05013522,East Acton,17,White: Other White,1,L1 and L2: Large employers and higher managerial and administrative occupations,104
E05013522,East Acton,17,White: Other White,2,L3: Higher professional occupations,343
E05013522,East Acton,17,White: Other White,3,"L4, L5 and L6: Lower managerial, administrative and professional occupations",549
E05013522,East Acton,17,White: Other White,4,L7: Intermediate occupations,261
E05013522,East Acton,17,White: Other White,5,L8 and L9: Small employers and own account workers,487
E05013522,East Acton,17,White: Other White,6,L10 and L11: Lower supervisory and technical occupations,220
E05013522,East Acton,17,White: Other White,7,L12: Semi-routine occupations,261
E05013522,East Acton,17,White: Other White,8,L13: Routine occupations,358
E05013522,East Acton,17,White: Other White,9,L14.1: Never worked,101
E05013522,East Acton,17,White: Other White,10,L14.2: Long-term unemployed,52
E05013522,East Acton,17,White: Other White,11,L15: Full-time students,182
E05013522,East Acton,18,Other ethnic group: Arab,-8,Does not apply,498
E05013522,East Acton,18,Other ethnic group: Arab,1,L1 and L2: Large employers and higher managerial and administrative occupations,35
E05013522,East Acton,18,Other ethnic group: Arab,2,L3: Higher professional occupations,102
E05013522,East Acton,18,Other ethnic group: Arab,3,"L4, L5 and L6: Lower managerial, administrative and professional occupations",172
E05013522,East Acton,18,Other ethnic group: Arab,4,L7: Intermediate occupations,79
E05013522,East Acton,18,Other ethnic group: Arab,5,L8 and L9: Small employers and own account workers,113
E05013522,East Acton,18,Other ethnic group: Arab,6,L10 and L11: Lower supervisory and technical occupations,47
E05013522,East Acton,18,Other ethnic group: Arab,7,L12: Semi-routine occupations,62
E05013522,East Acton,18,Other ethnic group: Arab,8,L13: Routine occupations,67
E05013522,East Acton,18,Other ethnic group: Arab,9,L14.1: Never worked,298
E05013522,East Acton,18,Other ethnic group: Arab,10,L14.2: Long-term unemployed,28
E05013522,East Acton,18,Other ethnic group: Arab,11,L15: Full-time students,272
E05013522,East Acton,19,Other ethnic group: Any other ethnic group,-8,Does not apply,112
E05013522,East Acton,19,Other ethnic group: Any other ethnic group,1,L1 and L2: Large employers and higher managerial and administrative occupations,21
E05013522,East Acton,19,Other ethnic group: Any other ethnic group,2,L3: Higher professional occupations,44
E05013522,East Acton,19,Other ethnic group: Any other ethnic group,3,"L4, L5 and L6: Lower managerial, administrative and professional occupations",104
E05013522,East Acton,19,Other ethnic group: Any other ethnic group,4,L7: Intermediate occupations,52
E05013522,East Acton,19,Other ethnic group: Any other ethnic group,5,L8 and L9: Small employers and own account workers,80
E05013522,East Acton,19,Other ethnic group: Any other ethnic group,6,L10 and L11: Lower supervisory and technical occupations,22
E05013522,East Acton,19,Other ethnic group: Any other ethnic group,7,L12: Semi-routine occupations,60
E05013522,East Acton,19,Other ethnic group: Any other ethnic group,8,L13: Routine occupations,74
E05013522,East Acton,19,Other ethnic group: Any other ethnic group,9,L14.1: Never worked,88
E05013522,East Acton,19,Other ethnic group: Any other ethnic group,10,L14.2: Long-term unemployed,13
E05013522,East Acton,19,Other ethnic group: Any other ethnic group,11,L15: Full-time students,53
E05013523,Greenford Broadway,-8,Does not apply,-8,Does not apply,0
E05013523,Greenford Broadway,-8,Does not apply,1,L1 and L2: Large employers and higher managerial and administrative occupations,0
E05013523,Greenford Broadway,-8,Does not apply,2,L3: Higher professional occupations,0
E05013523,Greenford Broadway,-8,Does not apply,3,"L4, L5 and L6: Lower managerial, administrative and professional occupations",0
E05013523,Greenford Broadway,-8,Does not apply,4,L7: Intermediate occupations,0
E05013523,Greenford Broadway,-8,Does not apply,5,L8 and L9: Small employers and own account workers,0
E05013523,Greenford Broadway,-8,Does not apply,6,L10 and L11: Lower supervisory and technical occupations,0
E05013523,Greenford Broadway,-8,Does not apply,7,L12: Semi-routine occupations,0
E05013523,Greenford Broadway,-8,Does not apply,8,L13: Routine occupations,0
E05013523,Greenford Broadway,-8,Does not apply,9,L14.1: Never worked,0
E05013523,Greenford Broadway,-8,Does not apply,10,L14.2: Long-term unemployed,0
E05013523,Greenford Broadway,-8,Does not apply,11,L15: Full-time students,0
E05013523,Greenford Broadway,1,"Asian, Asian British or Asian Welsh: Bangladeshi",-8,Does not apply,32
E05013523,Greenford Broadway,1,"Asian, Asian British or Asian Welsh: Bangladeshi",1,L1 and L2: Large employers and higher managerial and administrative occupations,0
E05013523,Greenford Broadway,1,"Asian, Asian British or Asian Welsh: Bangladeshi",2,L3: Higher professional occupations,6
E05013523,Greenford Broadway,1,"Asian, Asian British or Asian Welsh: Bangladeshi",3,"L4, L5 and L6: Lower managerial, administrative and professional occupations",8
E05013523,Greenford Broadway,1,"Asian, Asian British or Asian Welsh: Bangladeshi",4,L7: Intermediate occupations,6
E05013523,Greenford Broadway,1,"Asian, Asian British or Asian Welsh: Bangladeshi",5,L8 and L9: Small employers and own account workers,12
E05013523,Greenford Broadway,1,"Asian, Asian British or Asian Welsh: Bangladeshi",6,L10 and L11: Lower supervisory and technical occupations,9
E05013523,Greenford Broadway,1,"Asian, Asian British or Asian Welsh: Bangladeshi",7,L12: Semi-routine occupations,13
E05013523,Greenford Broadway,1,"Asian, Asian British or Asian Welsh: Bangladeshi",8,L13: Routine occupations,7
E05013523,Greenford Broadway,1,"Asian, Asian British or Asian Welsh: Bangladeshi",9,L14.1: Never worked,11
E05013523,Greenford Broadway,1,"Asian, Asian British or Asian Welsh: Bangladeshi",10,L14.2: Long-term unemployed,2
E05013523,Greenford Broadway,1,"Asian, Asian British or Asian Welsh: Bangladeshi",11,L15: Full-time students,14
E05013523,Greenford Broadway,2,"Asian, Asian British or Asian Welsh: Chinese",-8,Does not apply,8
E05013523,Greenford Broadway,2,"Asian, Asian British or Asian Welsh: Chinese",1,L1 and L2: Large employers and higher managerial and administrative occupations,0
E05013523,Greenford Broadway,2,"Asian, Asian British or Asian Welsh: Chinese",2,L3: Higher professional occupations,13
E05013523,Greenford Broadway,2,"Asian, Asian British or Asian Welsh: Chinese",3,"L4, L5 and L6: Lower managerial, administrative and professional occupations",18
E05013523,Greenford Broadway,2,"Asian, Asian British or Asian Welsh: Chinese",4,L7: Intermediate occupations,13
E05013523,Greenford Broadway,2,"Asian, Asian British or Asian Welsh: Chinese",5,L8 and L9: Small employers and own account workers,9
E05013523,Greenford Broadway,2,"Asian, Asian British or Asian Welsh: Chinese",6,L10 and L11: Lower supervisory and technical occupations,3
E05013523,Greenford Broadway,2,"Asian, Asian British or Asian Welsh: Chinese",7,L12: Semi-routine occupations,6
E05013523,Greenford Broadway,2,"Asian, Asian British or Asian Welsh: Chinese",8,L13: Routine occupations,7
E05013523,Greenford Broadway,2,"Asian, Asian British or Asian Welsh: Chinese",9,L14.1: Never worked,14
E05013523,Greenford Broadway,2,"Asian, Asian British or Asian Welsh: Chinese",10,L14.2: Long-term unemployed,0
E05013523,Greenford Broadway,2,"Asian, Asian British or Asian Welsh: Chinese",11,L15: Full-time students,3
E05013523,Greenford Broadway,3,"Asian, Asian British or Asian Welsh: Indian",-8,Does not apply,331
E05013523,Greenford Broadway,3,"Asian, Asian British or Asian Welsh: Indian",1,L1 and L2: Large employers and higher managerial and administrative occupations,39
E05013523,Greenford Broadway,3,"Asian, Asian British or Asian Welsh: Indian",2,L3: Higher professional occupations,153
E05013523,Greenford Broadway,3,"Asian, Asian British or Asian Welsh: Indian",3,"L4, L5 and L6: Lower managerial, administrative and professional occupations",268
E05013523,Greenford Broadway,3,"Asian, Asian British or Asian Welsh: Indian",4,L7: Intermediate occupations,184
E05013523,Greenford Broadway,3,"Asian, Asian British or Asian Welsh: Indian",5,L8 and L9: Small employers and own account workers,125
E05013523,Greenford Broadway,3,"Asian, Asian British or Asian Welsh: Indian",6,L10 and L11: Lower supervisory and technical occupations,58
E05013523,Greenford Broadway,3,"Asian, Asian British or Asian Welsh: Indian",7,L12: Semi-routine occupations,160
E05013523,Greenford Broadway,3,"Asian, Asian British or Asian Welsh: Indian",8,L13: Routine occupations,161
E05013523,Greenford Broadway,3,"Asian, Asian British or Asian Welsh: Indian",9,L14.1: Never worked,146
E05013523,Greenford Broadway,3,"Asian, Asian British or Asian Welsh: Indian",10,L14.2: Long-term unemployed,23
E05013523,Greenford Broadway,3,"Asian, Asian British or Asian Welsh: Indian",11,L15: Full-time students,105
E05013523,Greenford Broadway,4,"Asian, Asian British or Asian Welsh: Pakistani",-8,Does not apply,249
E05013523,Greenford Broadway,4,"Asian, Asian British or Asian Welsh: Pakistani",1,L1 and L2: Large employers and higher managerial and administrative occupations,23
E05013523,Greenford Broadway,4,"Asian, Asian British or Asian Welsh: Pakistani",2,L3: Higher professional occupations,42
E05013523,Greenford Broadway,4,"Asian, Asian British or Asian Welsh: Pakistani",3,"L4, L5 and L6: Lower managerial, administrative and professional occupations",97
E05013523,Greenford Broadway,4,"Asian, Asian British or Asian Welsh: Pakistani",4,L7: Intermediate occupations,63
E05013523,Greenford Broadway,4,"Asian, Asian British or Asian Welsh: Pakistani",5,L8 and L9: Small employers and own account workers,65
E05013523,Greenford Broadway,4,"Asian, Asian British or Asian Welsh: Pakistani",6,L10 and L11: Lower supervisory and technical occupations,23
E05013523,Greenford Broadway,4,"Asian, Asian British or Asian Welsh: Pakistani",7,L12: Semi-routine occupations,60
E05013523,Greenford Broadway,4,"Asian, Asian British or Asian Welsh: Pakistani",8,L13: Routine occupations,63
E05013523,Greenford Broadway,4,"Asian, Asian British or Asian Welsh: Pakistani",9,L14.1: Never worked,123
E05013523,Greenford Broadway,4,"Asian, Asian British or Asian Welsh: Pakistani",10,L14.2: Long-term unemployed,8
E05013523,Greenford Broadway,4,"Asian, Asian British or Asian Welsh: Pakistani",11,L15: Full-time students,97
E05013523,Greenford Broadway,5,"Asian, Asian British or Asian Welsh: Other Asian",-8,Does not apply,467
E05013523,Greenford Broadway,5,"Asian, Asian British or Asian Welsh: Other Asian",1,L1 and L2: Large employers and higher managerial and administrative occupations,28
E05013523,Greenford Broadway,5,"Asian, Asian British or Asian Welsh: Other Asian",2,L3: Higher professional occupations,59
E05013523,Greenford Broadway,5,"Asian, Asian British or Asian Welsh: Other Asian",3,"L4, L5 and L6: Lower managerial, administrative and professional occupations",227
E05013523,Greenford Broadway,5,"Asian, Asian British or Asian Welsh: Other Asian",4,L7: Intermediate occupations,96
E05013523,Greenford Broadway,5,"Asian, Asian British or Asian Welsh: Other Asian",5,L8 and L9: Small employers and own account workers,148
E05013523,Greenford Broadway,5,"Asian, Asian British or Asian Welsh: Other Asian",6,L10 and L11: Lower supervisory and technical occupations,74
E05013523,Greenford Broadway,5,"Asian, Asian British or Asian Welsh: Other Asian",7,L12: Semi-routine occupations,208
E05013523,Greenford Broadway,5,"Asian, Asian British or Asian Welsh: Other Asian",8,L13: Routine occupations,154
E05013523,Greenford Broadway,5,"Asian, Asian British or Asian Welsh: Other Asian",9,L14.1: Never worked,275
E05013523,Greenford Broadway,5,"Asian, Asian British or Asian Welsh: Other Asian",10,L14.2: Long-term unemployed,17
E05013523,Greenford Broadway,5,"Asian, Asian British or Asian Welsh: Other Asian",11,L15: Full-time students,184
E05013523,Greenford Broadway,6,"Black, Black British, Black Welsh, Caribbean or African: African",-8,Does not apply,326
E05013523,Greenford Broadway,6,"Black, Black British, Black Welsh, Caribbean or African: African",1,L1 and L2: Large employers and higher managerial and administrative occupations,19
E05013523,Greenford Broadway,6,"Black, Black British, Black Welsh, Caribbean or African: African",2,L3: Higher professional occupations,63
E05013523,Greenford Broadway,6,"Black, Black British, Black Welsh, Caribbean or African: African",3,"L4, L5 and L6: Lower managerial, administrative and professional occupations",162
E05013523,Greenford Broadway,6,"Black, Black British, Black Welsh, Caribbean or African: African",4,L7: Intermediate occupations,88
E05013523,Greenford Broadway,6,"Black, Black British, Black Welsh, Caribbean or African: African",5,L8 and L9: Small employers and own account workers,80
E05013523,Greenford Broadway,6,"Black, Black British, Black Welsh, Caribbean or African: African",6,L10 and L11: Lower supervisory and technical occupations,28
E05013523,Greenford Broadway,6,"Black, Black British, Black Welsh, Caribbean or African: African",7,L12: Semi-routine occupations,133
E05013523,Greenford Broadway,6,"Black, Black British, Black Welsh, Caribbean or African: African",8,L13: Routine occupations,72
E05013523,Greenford Broadway,6,"Black, Black British, Black Welsh, Caribbean or African: African",9,L14.1: Never worked,129
E05013523,Greenford Broadway,6,"Black, Black British, Black Welsh, Caribbean or African: African",10,L14.2: Long-term unemployed,21
E05013523,Greenford Broadway,6,"Black, Black British, Black Welsh, Caribbean or African: African",11,L15: Full-time students,185
E05013523,Greenford Broadway,7,"Black, Black British, Black Welsh, Caribbean or African: Caribbean",-8,Does not apply,178
E05013523,Greenford Broadway,7,"Black, Black British, Black Welsh, Caribbean or African: Caribbean",1,L1 and L2: Large employers and higher managerial and administrative occupations,20
E05013523,Greenford Broadway,7,"Black, Black British, Black Welsh, Caribbean or African: Caribbean",2,L3: Higher professional occupations,45
E05013523,Greenford Broadway,7,"Black, Black British, Black Welsh, Caribbean or African: Caribbean",3,"L4, L5 and L6: Lower managerial, administrative and professional occupations",178
E05013523,Greenford Broadway,7,"Black, Black British, Black Welsh, Caribbean or African: Caribbean",4,L7: Intermediate occupations,130
E05013523,Greenford Broadway,7,"Black, Black British, Black Welsh, Caribbean or African: Caribbean",5,L8 and L9: Small employers and own account workers,51
E05013523,Greenford Broadway,7,"Black, Black British, Black Welsh, Caribbean or African: Caribbean",6,L10 and L11: Lower supervisory and technical occupations,56
E05013523,Greenford Broadway,7,"Black, Black British, Black Welsh, Caribbean or African: Caribbean",7,L12: Semi-routine occupations,109
E05013523,Greenford Broadway,7,"Black, Black British, Black Welsh, Caribbean or African: Caribbean",8,L13: Routine occupations,98
E05013523,Greenford Broadway,7,"Black, Black British, Black Welsh, Caribbean or African: Caribbean",9,L14.1: Never worked,39
E05013523,Greenford Broadway,7,"Black, Black British, Black Welsh, Caribbean or African: Caribbean",10,L14.2: Long-term unemployed,32
E05013523,Greenford Broadway,7,"Black, Black British, Black Welsh, Caribbean or African: Caribbean",11,L15: Full-time students,60
E05013523,Greenford Broadway,8,"Black, Black British, Black Welsh, Caribbean or African: Other Black",-8,Does not apply,117
E05013523,Greenford Broadway,8,"Black, Black British, Black Welsh, Caribbean or African: Other Black",1,L1 and L2: Large employers and higher managerial and administrative occupations,5
E05013523,Greenford Broadway,8,"Black, Black British, Black Welsh, Caribbean or African: Other Black",2,L3: Higher professional occupations,7
E05013523,Greenford Broadway,8,"Black, Black British, Black Welsh, Caribbean or African: Other Black",3,"L4, L5 and L6: Lower managerial, administrative and professional occupations",38
E05013523,Greenford Broadway,8,"Black, Black British, Black Welsh, Caribbean or African: Other Black",4,L7: Intermediate occupations,19
E05013523,Greenford Broadway,8,"Black, Black British, Black Welsh, Caribbean or African: Other Black",5,L8 and L9: Small employers and own account workers,11
E05013523,Greenford Broadway,8,"Black, Black British, Black Welsh, Caribbean or African: Other Black",6,L10 and L11: Lower supervisory and technical occupations,17
E05013523,Greenford Broadway,8,"Black, Black British, Black Welsh, Caribbean or African: Other Black",7,L12: Semi-routine occupations,20
E05013523,Greenford Broadway,8,"Black, Black British, Black Welsh, Caribbean or African: Other Black",8,L13: Routine occupations,27
E05013523,Greenford Broadway,8,"Black, Black British, Black Welsh, Caribbean or African: Other Black",9,L14.1: Never worked,18
E05013523,Greenford Broadway,8,"Black, Black British, Black Welsh, Caribbean or African: Other Black",10,L14.2: Long-term unemployed,8
E05013523,Greenford Broadway,8,"Black, Black British, Black Welsh, Caribbean or African: Other Black",11,L15: Full-time students,20
E05013523,Greenford Broadway,9,Mixed or Multiple ethnic groups: White and Asian,-8,Does not apply,117
E05013523,Greenford Broadway,9,Mixed or Multiple ethnic groups: White and Asian,1,L1 and L2: Large employers and higher managerial and administrative occupations,5
E05013523,Greenford Broadway,9,Mixed or Multiple ethnic groups: White and Asian,2,L3: Higher professional occupations,9
E05013523,Greenford Broadway,9,Mixed or Multiple ethnic groups: White and Asian,3,"L4, L5 and L6: Lower managerial, administrative and professional occupations",17
E05013523,Greenford Broadway,9,Mixed or Multiple ethnic groups: White and Asian,4,L7: Intermediate occupations,17
E05013523,Greenford Broadway,9,Mixed or Multiple ethnic groups: White and Asian,5,L8 and L9: Small employers and own account workers,9
E05013523,Greenford Broadway,9,Mixed or Multiple ethnic groups: White and Asian,6,L10 and L11: Lower supervisory and technical occupations,4
E05013523,Greenford Broadway,9,Mixed or Multiple ethnic groups: White and Asian,7,L12: Semi-routine occupations,9
E05013523,Greenford Broadway,9,Mixed or Multiple ethnic groups: White and Asian,8,L13: Routine occupations,9
E05013523,Greenford Broadway,9,Mixed or Multiple ethnic groups: White and Asian,9,L14.1: Never worked,11
E05013523,Greenford Broadway,9,Mixed or Multiple ethnic groups: White and Asian,10,L14.2: Long-term unemployed,2
E05013523,Greenford Broadway,9,Mixed or Multiple ethnic groups: White and Asian,11,L15: Full-time students,26
E05013523,Greenford Broadway,10,Mixed or Multiple ethnic groups: White and Black African,-8,Does not apply,60
E05013523,Greenford Broadway,10,Mixed or Multiple ethnic groups: White and Black African,1,L1 and L2: Large employers and higher managerial and administrative occupations,2
E05013523,Greenford Broadway,10,Mixed or Multiple ethnic groups: White and Black African,2,L3: Higher professional occupations,7
E05013523,Greenford Broadway,10,Mixed or Multiple ethnic groups: White and Black African,3,"L4, L5 and L6: Lower managerial, administrative and professional occupations",9
E05013523,Greenford Broadway,10,Mixed or Multiple ethnic groups: White and Black African,4,L7: Intermediate occupations,8
E05013523,Greenford Broadway,10,Mixed or Multiple ethnic groups: White and Black African,5,L8 and L9: Small employers and own account workers,6
E05013523,Greenford Broadway,10,Mixed or Multiple ethnic groups: White and Black African,6,L10 and L11: Lower supervisory and technical occupations,2
E05013523,Greenford Broadway,10,Mixed or Multiple ethnic groups: White and Black African,7,L12: Semi-routine occupations,7
E05013523,Greenford Broadway,10,Mixed or Multiple ethnic groups: White and Black African,8,L13: Routine occupations,15
E05013523,Greenford Broadway,10,Mixed or Multiple ethnic groups: White and Black African,9,L14.1: Never worked,8
E05013523,Greenford Broadway,10,Mixed or Multiple ethnic groups: White and Black African,10,L14.2: Long-term unemployed,2
E05013523,Greenford Broadway,10,Mixed or Multiple ethnic groups: White and Black African,11,L15: Full-time students,18
E05013523,Greenford Broadway,11,Mixed or Multiple ethnic groups: White and Black Caribbean,-8,Does not apply,128
E05013523,Greenford Broadway,11,Mixed or Multiple ethnic groups: White and Black Caribbean,1,L1 and L2: Large employers and higher managerial and administrative occupations,1
E05013523,Greenford Broadway,11,Mixed or Multiple ethnic groups: White and Black Caribbean,2,L3: Higher professional occupations,14
E05013523,Greenford Broadway,11,Mixed or Multiple ethnic groups: White and Black Caribbean,3,"L4, L5 and L6: Lower managerial, administrative and professional occupations",36
E05013523,Greenford Broadway,11,Mixed or Multiple ethnic groups: White and Black Caribbean,4,L7: Intermediate occupations,20
E05013523,Greenford Broadway,11,Mixed or Multiple ethnic groups: White and Black Caribbean,5,L8 and L9: Small employers and own account workers,15
E05013523,Greenford Broadway,11,Mixed or Multiple ethnic groups: White and Black Caribbean,6,L10 and L11: Lower supervisory and technical occupations,9
E05013523,Greenford Broadway,11,Mixed or Multiple ethnic groups: White and Black Caribbean,7,L12: Semi-routine occupations,29
E05013523,Greenford Broadway,11,Mixed or Multiple ethnic groups: White and Black Caribbean,8,L13: Routine occupations,21
E05013523,Greenford Broadway,11,Mixed or Multiple ethnic groups: White and Black Caribbean,9,L14.1: Never worked,20
E05013523,Greenford Broadway,11,Mixed or Multiple ethnic groups: White and Black Caribbean,10,L14.2: Long-term unemployed,6
E05013523,Greenford Broadway,11,Mixed or Multiple ethnic groups: White and Black Caribbean,11,L15: Full-time students,32
E05013523,Greenford Broadway,12,Mixed or Multiple ethnic groups: Other Mixed or Multiple ethnic groups,-8,Does not apply,163
E05013523,Greenford Broadway,12,Mixed or Multiple ethnic groups: Other Mixed or Multiple ethnic groups,1,L1 and L2: Large employers and higher managerial and administrative occupations,0
E05013523,Greenford Broadway,12,Mixed or Multiple ethnic groups: Other Mixed or Multiple ethnic groups,2,L3: Higher professional occupations,14
E05013523,Greenford Broadway,12,Mixed or Multiple ethnic groups: Other Mixed or Multiple ethnic groups,3,"L4, L5 and L6: Lower managerial, administrative and professional occupations",25
E05013523,Greenford Broadway,12,Mixed or Multiple ethnic groups: Other Mixed or Multiple ethnic groups,4,L7: Intermediate occupations,14
E05013523,Greenford Broadway,12,Mixed or Multiple ethnic groups: Other Mixed or Multiple ethnic groups,5,L8 and L9: Small employers and own account workers,10
E05013523,Greenford Broadway,12,Mixed or Multiple ethnic groups: Other Mixed or Multiple ethnic groups,6,L10 and L11: Lower supervisory and technical occupations,3
E05013523,Greenford Broadway,12,Mixed or Multiple ethnic groups: Other Mixed or Multiple ethnic groups,7,L12: Semi-routine occupations,12
E05013523,Greenford Broadway,12,Mixed or Multiple ethnic groups: Other Mixed or Multiple ethnic groups,8,L13: Routine occupations,16
E05013523,Greenford Broadway,12,Mixed or Multiple ethnic groups: Other Mixed or Multiple ethnic groups,9,L14.1: Never worked,15
E05013523,Greenford Broadway,12,Mixed or Multiple ethnic groups: Other Mixed or Multiple ethnic groups,10,L14.2: Long-term unemployed,10
E05013523,Greenford Broadway,12,Mixed or Multiple ethnic groups: Other Mixed or Multiple ethnic groups,11,L15: Full-time students,35
E05013523,Greenford Broadway,13,"White: English, Welsh, Scottish, Northern Irish or British",-8,Does not apply,687
E05013523,Greenford Broadway,13,"White: English, Welsh, Scottish, Northern Irish or British",1,L1 and L2: Large employers and higher managerial and administrative occupations,95
E05013523,Greenford Broadway,13,"White: English, Welsh, Scottish, Northern Irish or British",2,L3: Higher professional occupations,168
E05013523,Greenford Broadway,13,"White: English, Welsh, Scottish, Northern Irish or British",3,"L4, L5 and L6: Lower managerial, administrative and professional occupations",532
E05013523,Greenford Broadway,13,"White: English, Welsh, Scottish, Northern Irish or British",4,L7: Intermediate occupations,393
E05013523,Greenford Broadway,13,"White: English, Welsh, Scottish, Northern Irish or British",5,L8 and L9: Small employers and own account workers,353
E05013523,Greenford Broadway,13,"White: English, Welsh, Scottish, Northern Irish or British",6,L10 and L11: Lower supervisory and technical occupations,173
E05013523,Greenford Broadway,13,"White: English, Welsh, Scottish, Northern Irish or British",7,L12: Semi-routine occupations,313
E05013523,Greenford Broadway,13,"White: English, Welsh, Scottish, Northern Irish or British",8,L13: Routine occupations,447
E05013523,Greenford Broadway,13,"White: English, Welsh, Scottish, Northern Irish or British",9,L14.1: Never worked,287
E05013523,Greenford Broadway,13,"White: English, Welsh, Scottish, Northern Irish or British",10,L14.2: Long-term unemployed,71
E05013523,Greenford Broadway,13,"White: English, Welsh, Scottish, Northern Irish or British",11,L15: Full-time students,137
E05013523,Greenford Broadway,14,White: Irish,-8,Does not apply,24
E05013523,Greenford Broadway,14,White: Irish,1,L1 and L2: Large employers and higher managerial and administrative occupations,11
E05013523,Greenford Broadway,14,White: Irish,2,L3: Higher professional occupations,25
E05013523,Greenford Broadway,14,White: Irish,3,"L4, L5 and L6: Lower managerial, administrative and professional occupations",95
E05013523,Greenford Broadway,14,White: Irish,4,L7: Intermediate occupations,54
E05013523,Greenford Broadway,14,White: Irish,5,L8 and L9: Small employers and own account workers,59
E05013523,Greenford Broadway,14,White: Irish,6,L10 and L11: Lower supervisory and technical occupations,25
E05013523,Greenford Broadway,14,White: Irish,7,L12: Semi-routine occupations,36
E05013523,Greenford Broadway,14,White: Irish,8,L13: Routine occupations,45
E05013523,Greenford Broadway,14,White: Irish,9,L14.1: Never worked,36
E05013523,Greenford Broadway,14,White: Irish,10,L14.2: Long-term unemployed,1
E05013523,Greenford Broadway,14,White: Irish,11,L15: Full-time students,7
E05013523,Greenford Broadway,15,White: Gypsy or Irish Traveller,-8,Does not apply,7
E05013523,Greenford Broadway,15,White: Gypsy or Irish Traveller,1,L1 and L2: Large employers and higher managerial and administrative occupations,0
E05013523,Greenford Broadway,15,White: Gypsy or Irish Traveller,2,L3: Higher professional occupations,0
E05013523,Greenford Broadway,15,White: Gypsy or Irish Traveller,3,"L4, L5 and L6: Lower managerial, administrative and professional occupations",1
E05013523,Greenford Broadway,15,White: Gypsy or Irish Traveller,4,L7: Intermediate occupations,2
E05013523,Greenford Broadway,15,White: Gypsy or Irish Traveller,5,L8 and L9: Small employers and own account workers,1
E05013523,Greenford Broadway,15,White: Gypsy or Irish Traveller,6,L10 and L11: Lower supervisory and technical occupations,0
E05013523,Greenford Broadway,15,White: Gypsy or Irish Traveller,7,L12: Semi-routine occupations,0
E05013523,Greenford Broadway,15,White: Gypsy or Irish Traveller,8,L13: Routine occupations,0
E05013523,Greenford Broadway,15,White: Gypsy or Irish Traveller,9,L14.1: Never worked,7
E05013523,Greenford Broadway,15,White: Gypsy or Irish Traveller,10,L14.2: Long-term unemployed,0
E05013523,Greenford Broadway,15,White: Gypsy or Irish Traveller,11,L15: Full-time students,0
E05013523,Greenford Broadway,16,White: Roma,-8,Does not apply,3
E05013523,Greenford Broadway,16,White: Roma,1,L1 and L2: Large employers and higher managerial and administrative occupations,0
E05013523,Greenford Broadway,16,White: Roma,2,L3: Higher professional occupations,0
E05013523,Greenford Broadway,16,White: Roma,3,"L4, L5 and L6: Lower managerial, administrative and professional occupations",0
E05013523,Greenford Broadway,16,White: Roma,4,L7: Intermediate occupations,2
E05013523,Greenford Broadway,16,White: Roma,5,L8 and L9: Small employers and own account workers,12
E05013523,Greenford Broadway,16,White: Roma,6,L10 and L11: Lower supervisory and technical occupations,4
E05013523,Greenford Broadway,16,White: Roma,7,L12: Semi-routine occupations,3
E05013523,Greenford Broadway,16,White: Roma,8,L13: Routine occupations,6
E05013523,Greenford Broadway,16,White: Roma,9,L14.1: Never worked,2
E05013523,Greenford Broadway,16,White: Roma,10,L14.2: Long-term unemployed,0
E05013523,Greenford Broadway,16,White: Roma,11,L15: Full-time students,2
E05013523,Greenford Broadway,17,White: Other White,-8,Does not apply,494
E05013523,Greenford Broadway,17,White: Other White,1,L1 and L2: Large employers and higher managerial and administrative occupations,44
E05013523,Greenford Broadway,17,White: Other White,2,L3: Higher professional occupations,89
E05013523,Greenford Broadway,17,White: Other White,3,"L4, L5 and L6: Lower managerial, administrative and professional occupations",292
E05013523,Greenford Broadway,17,White: Other White,4,L7: Intermediate occupations,188
E05013523,Greenford Broadway,17,White: Other White,5,L8 and L9: Small employers and own account workers,686
E05013523,Greenford Broadway,17,White: Other White,6,L10 and L11: Lower supervisory and technical occupations,121
E05013523,Greenford Broadway,17,White: Other White,7,L12: Semi-routine occupations,213
E05013523,Greenford Broadway,17,White: Other White,8,L13: Routine occupations,338
E05013523,Greenford Broadway,17,White: Other White,9,L14.1: Never worked,81
E05013523,Greenford Broadway,17,White: Other White,10,L14.2: Long-term unemployed,23
E05013523,Greenford Broadway,17,White: Other White,11,L15: Full-time students,165
E05013523,Greenford Broadway,18,Other ethnic group: Arab,-8,Does not apply,257
E05013523,Greenford Broadway,18,Other ethnic group: Arab,1,L1 and L2: Large employers and higher managerial and administrative occupations,12
E05013523,Greenford Broadway,18,Other ethnic group: Arab,2,L3: Higher professional occupations,35
E05013523,Greenford Broadway,18,Other ethnic group: Arab,3,"L4, L5 and L6: Lower managerial, administrative and professional occupations",79
E05013523,Greenford Broadway,18,Other ethnic group: Arab,4,L7: Intermediate occupations,42
E05013523,Greenford Broadway,18,Other ethnic group: Arab,5,L8 and L9: Small employers and own account workers,58
E05013523,Greenford Broadway,18,Other ethnic group: Arab,6,L10 and L11: Lower supervisory and technical occupations,23
E05013523,Greenford Broadway,18,Other ethnic group: Arab,7,L12: Semi-routine occupations,56
E05013523,Greenford Broadway,18,Other ethnic group: Arab,8,L13: Routine occupations,50
E05013523,Greenford Broadway,18,Other ethnic group: Arab,9,L14.1: Never worked,130
E05013523,Greenford Broadway,18,Other ethnic group: Arab,10,L14.2: Long-term unemployed,9
E05013523,Greenford Broadway,18,Other ethnic group: Arab,11,L15: Full-time students,108
E05013523,Greenford Broadway,19,Other ethnic group: Any other ethnic group,-8,Does not apply,229
E05013523,Greenford Broadway,19,Other ethnic group: Any other ethnic group,1,L1 and L2: Large employers and higher managerial and administrative occupations,14
E05013523,Greenford Broadway,19,Other ethnic group: Any other ethnic group,2,L3: Higher professional occupations,59
E05013523,Greenford Broadway,19,Other ethnic group: Any other ethnic group,3,"L4, L5 and L6: Lower managerial, administrative and professional occupations",137
E05013523,Greenford Broadway,19,Other ethnic group: Any other ethnic group,4,L7: Intermediate occupations,89
E05013523,Greenford Broadway,19,Other ethnic group: Any other ethnic group,5,L8 and L9: Small employers and own account workers,109
E05013523,Greenford Broadway,19,Other ethnic group: Any other ethnic group,6,L10 and L11: Lower supervisory and technical occupations,39
E05013523,Greenford Broadway,19,Other ethnic group: Any other ethnic group,7,L12: Semi-routine occupations,88
E05013523,Greenford Broadway,19,Other ethnic group: Any other ethnic group,8,L13: Routine occupations,87
E05013523,Greenford Broadway,19,Other ethnic group: Any other ethnic group,9,L14.1: Never worked,164
E05013523,Greenford Broadway,19,Other ethnic group: Any other ethnic group,10,L14.2: Long-term unemployed,11
E05013523,Greenford Broadway,19,Other ethnic group: Any other ethnic group,11,L15: Full-time students,84
E05013527,North Acton,-8,Does not apply,-8,Does not apply,0
E05013527,North Acton,-8,Does not apply,1,L1 and L2: Large employers and higher managerial and administrative occupations,0
E05013527,North Acton,-8,Does not apply,2,L3: Higher professional occupations,0
E05013527,North Acton,-8,Does not apply,3,"L4, L5 and L6: Lower managerial, administrative and professional occupations",0
E05013527,North Acton,-8,Does not apply,4,L7: Intermediate occupations,0
E05013527,North Acton,-8,Does not apply,5,L8 and L9: Small employers and own account workers,0
E05013527,North Acton,-8,Does not apply,6,L10 and L11: Lower supervisory and technical occupations,0
E05013527,North Acton,-8,Does not apply,7,L12: Semi-routine occupations,0
E05013527,North Acton,-8,Does not apply,8,L13: Routine occupations,0
E05013527,North Acton,-8,Does not apply,9,L14.1: Never worked,0
E05013527,North Acton,-8,Does not apply,10,L14.2: Long-term unemployed,0
E05013527,North Acton,-8,Does not apply,11,L15: Full-time students,0
E05013527,North Acton,1,"Asian, Asian British or Asian Welsh: Bangladeshi",-8,Does not apply,8
E05013527,North Acton,1,"Asian, Asian British or Asian Welsh: Bangladeshi",1,L1 and L2: Large employers and higher managerial and administrative occupations,3
E05013527,North Acton,1,"Asian, Asian British or Asian Welsh: Bangladeshi",2,L3: Higher professional occupations,9
E05013527,North Acton,1,"Asian, Asian British or Asian Welsh: Bangladeshi",3,"L4, L5 and L6: Lower managerial, administrative and professional occupations",10
E05013527,North Acton,1,"Asian, Asian British or Asian Welsh: Bangladeshi",4,L7: Intermediate occupations,7
E05013527,North Acton,1,"Asian, Asian British or Asian Welsh: Bangladeshi",5,L8 and L9: Small employers and own account workers,5
E05013527,North Acton,1,"Asian, Asian British or Asian Welsh: Bangladeshi",6,L10 and L11: Lower supervisory and technical occupations,2
E05013527,North Acton,1,"Asian, Asian British or Asian Welsh: Bangladeshi",7,L12: Semi-routine occupations,9
E05013527,North Acton,1,"Asian, Asian British or Asian Welsh: Bangladeshi",8,L13: Routine occupations,3
E05013527,North Acton,1,"Asian, Asian British or Asian Welsh: Bangladeshi",9,L14.1: Never worked,7
E05013527,North Acton,1,"Asian, Asian British or Asian Welsh: Bangladeshi",10,L14.2: Long-term unemployed,1
E05013527,North Acton,1,"Asian, Asian British or Asian Welsh: Bangladeshi",11,L15: Full-time students,9
E05013527,North Acton,2,"Asian, Asian British or Asian Welsh: Chinese",-8,Does not apply,21
E05013527,North Acton,2,"Asian, Asian British or Asian Welsh: Chinese",1,L1 and L2: Large employers and higher managerial and administrative occupations,15
E05013527,North Acton,2,"Asian, Asian British or Asian Welsh: Chinese",2,L3: Higher professional occupations,66
E05013527,North Acton,2,"Asian, Asian British or Asian Welsh: Chinese",3,"L4, L5 and L6: Lower managerial, administrative and professional occupations",69
E05013527,North Acton,2,"Asian, Asian British or Asian Welsh: Chinese",4,L7: Intermediate occupations,29
E05013527,North Acton,2,"Asian, Asian British or Asian Welsh: Chinese",5,L8 and L9: Small employers and own account workers,19
E05013527,North Acton,2,"Asian, Asian British or Asian Welsh: Chinese",6,L10 and L11: Lower supervisory and technical occupations,3
E05013527,North Acton,2,"Asian, Asian British or Asian Welsh: Chinese",7,L12: Semi-routine occupations,20
E05013527,North Acton,2,"Asian, Asian British or Asian Welsh: Chinese",8,L13: Routine occupations,10
E05013527,North Acton,2,"Asian, Asian British or Asian Welsh: Chinese",9,L14.1: Never worked,24
E05013527,North Acton,2,"Asian, Asian British or Asian Welsh: Chinese",10,L14.2: Long-term unemployed,1
E05013527,North Acton,2,"Asian, Asian British or Asian Welsh: Chinese",11,L15: Full-time students,42
E05013527,North Acton,3,"Asian, Asian British or Asian Welsh: Indian",-8,Does not apply,62
E05013527,North Acton,3,"Asian, Asian British or Asian Welsh: Indian",1,L1 and L2: Large employers and higher managerial and administrative occupations,37
E05013527,North Acton,3,"Asian, Asian British or Asian Welsh: Indian",2,L3: Higher professional occupations,82
E05013527,North Acton,3,"Asian, Asian British or Asian Welsh: Indian",3,"L4, L5 and L6: Lower managerial, administrative and professional occupations",95
E05013527,North Acton,3,"Asian, Asian British or Asian Welsh: Indian",4,L7: Intermediate occupations,65
E05013527,North Acton,3,"Asian, Asian British or Asian Welsh: Indian",5,L8 and L9: Small employers and own account workers,36
E05013527,North Acton,3,"Asian, Asian British or Asian Welsh: Indian",6,L10 and L11: Lower supervisory and technical occupations,21
E05013527,North Acton,3,"Asian, Asian British or Asian Welsh: Indian",7,L12: Semi-routine occupations,45
E05013527,North Acton,3,"Asian, Asian British or Asian Welsh: Indian",8,L13: Routine occupations,36
E05013527,North Acton,3,"Asian, Asian British or Asian Welsh: Indian",9,L14.1: Never worked,39
E05013527,North Acton,3,"Asian, Asian British or Asian Welsh: Indian",10,L14.2: Long-term unemployed,6
E05013527,North Acton,3,"Asian, Asian British or Asian Welsh: Indian",11,L15: Full-time students,31
E05013527,North Acton,4,"Asian, Asian British or Asian Welsh: Pakistani",-8,Does not apply,102
E05013527,North Acton,4,"Asian, Asian British or Asian Welsh: Pakistani",1,L1 and L2: Large employers and higher managerial and administrative occupations,13
E05013527,North Acton,4,"Asian, Asian British or Asian Welsh: Pakistani",2,L3: Higher professional occupations,43
E05013527,North Acton,4,"Asian, Asian British or Asian Welsh: Pakistani",3,"L4, L5 and L6: Lower managerial, administrative and professional occupations",64
E05013527,North Acton,4,"Asian, Asian British or Asian Welsh: Pakistani",4,L7: Intermediate occupations,25
E05013527,North Acton,4,"Asian, Asian British or Asian Welsh: Pakistani",5,L8 and L9: Small employers and own account workers,32
E05013527,North Acton,4,"Asian, Asian British or Asian Welsh: Pakistani",6,L10 and L11: Lower supervisory and technical occupations,7
E05013527,North Acton,4,"Asian, Asian British or Asian Welsh: Pakistani",7,L12: Semi-routine occupations,46
E05013527,North Acton,4,"Asian, Asian British or Asian Welsh: Pakistani",8,L13: Routine occupations,15
E05013527,North Acton,4,"Asian, Asian British or Asian Welsh: Pakistani",9,L14.1: Never worked,47
E05013527,North Acton,4,"Asian, Asian British or Asian Welsh: Pakistani",10,L14.2: Long-term unemployed,11
E05013527,North Acton,4,"Asian, Asian British or Asian Welsh: Pakistani",11,L15: Full-time students,56
E05013527,North Acton,5,"Asian, Asian British or Asian Welsh: Other Asian",-8,Does not apply,390
E05013527,North Acton,5,"Asian, Asian British or Asian Welsh: Other Asian",1,L1 and L2: Large employers and higher managerial and administrative occupations,108
E05013527,North Acton,5,"Asian, Asian British or Asian Welsh: Other Asian",2,L3: Higher professional occupations,81
E05013527,North Acton,5,"Asian, Asian British or Asian Welsh: Other Asian",3,"L4, L5 and L6: Lower managerial, administrative and professional occupations",200
E05013527,North Acton,5,"Asian, Asian British or Asian Welsh: Other Asian",4,L7: Intermediate occupations,115
E05013527,North Acton,5,"Asian, Asian British or Asian Welsh: Other Asian",5,L8 and L9: Small employers and own account workers,72
E05013527,North Acton,5,"Asian, Asian British or Asian Welsh: Other Asian",6,L10 and L11: Lower supervisory and technical occupations,31
E05013527,North Acton,5,"Asian, Asian British or Asian Welsh: Other Asian",7,L12: Semi-routine occupations,58
E05013527,North Acton,5,"Asian, Asian British or Asian Welsh: Other Asian",8,L13: Routine occupations,84
E05013527,North Acton,5,"Asian, Asian British or Asian Welsh: Other Asian",9,L14.1: Never worked,149
E05013527,North Acton,5,"Asian, Asian British or Asian Welsh: Other Asian",10,L14.2: Long-term unemployed,8
E05013527,North Acton,5,"Asian, Asian British or Asian Welsh: Other Asian",11,L15: Full-time students,75
E05013527,North Acton,6,"Black, Black British, Black Welsh, Caribbean or African: African",-8,Does not apply,246
E05013527,North Acton,6,"Black, Black British, Black Welsh, Caribbean or African: African",1,L1 and L2: Large employers and higher managerial and administrative occupations,14
E05013527,North Acton,6,"Black, Black British, Black Welsh, Caribbean or African: African",2,L3: Higher professional occupations,64
E05013527,North Acton,6,"Black, Black British, Black Welsh, Caribbean or African: African",3,"L4, L5 and L6: Lower managerial, administrative and professional occupations",124
E05013527,North Acton,6,"Black, Black British, Black Welsh, Caribbean or African: African",4,L7: Intermediate occupations,70
E05013527,North Acton,6,"Black, Black British, Black Welsh, Caribbean or African: African",5,L8 and L9: Small employers and own account workers,93
E05013527,North Acton,6,"Black, Black British, Black Welsh, Caribbean or African: African",6,L10 and L11: Lower supervisory and technical occupations,23
E05013527,North Acton,6,"Black, Black British, Black Welsh, Caribbean or African: African",7,L12: Semi-routine occupations,124
E05013527,North Acton,6,"Black, Black British, Black Welsh, Caribbean or African: African",8,L13: Routine occupations,88
E05013527,North Acton,6,"Black, Black British, Black Welsh, Caribbean or African: African",9,L14.1: Never worked,139
E05013527,North Acton,6,"Black, Black British, Black Welsh, Caribbean or African: African",10,L14.2: Long-term unemployed,20
E05013527,North Acton,6,"Black, Black British, Black Welsh, Caribbean or African: African",11,L15: Full-time students,145
E05013527,North Acton,7,"Black, Black British, Black Welsh, Caribbean or African: Caribbean",-8,Does not apply,74
E05013527,North Acton,7,"Black, Black British, Black Welsh, Caribbean or African: Caribbean",1,L1 and L2: Large employers and higher managerial and administrative occupations,25
E05013527,North Acton,7,"Black, Black British, Black Welsh, Caribbean or African: Caribbean",2,L3: Higher professional occupations,35
E05013527,North Acton,7,"Black, Black British, Black Welsh, Caribbean or African: Caribbean",3,"L4, L5 and L6: Lower managerial, administrative and professional occupations",113
E05013527,North Acton,7,"Black, Black British, Black Welsh, Caribbean or African: Caribbean",4,L7: Intermediate occupations,72
E05013527,North Acton,7,"Black, Black British, Black Welsh, Caribbean or African: Caribbean",5,L8 and L9: Small employers and own account workers,29
E05013527,North Acton,7,"Black, Black British, Black Welsh, Caribbean or African: Caribbean",6,L10 and L11: Lower supervisory and technical occupations,30
E05013527,North Acton,7,"Black, Black British, Black Welsh, Caribbean or African: Caribbean",7,L12: Semi-routine occupations,82
E05013527,North Acton,7,"Black, Black British, Black Welsh, Caribbean or African: Caribbean",8,L13: Routine occupations,81
E05013527,North Acton,7,"Black, Black British, Black Welsh, Caribbean or African: Caribbean",9,L14.1: Never worked,52
E05013527,North Acton,7,"Black, Black British, Black Welsh, Caribbean or African: Caribbean",10,L14.2: Long-term unemployed,14
E05013527,North Acton,7,"Black, Black British, Black Welsh, Caribbean or African: Caribbean",11,L15: Full-time students,50
E05013527,North Acton,8,"Black, Black British, Black Welsh, Caribbean or African: Other Black",-8,Does not apply,53
E05013527,North Acton,8,"Black, Black British, Black Welsh, Caribbean or African: Other Black",1,L1 and L2: Large employers and higher managerial and administrative occupations,1
E05013527,North Acton,8,"Black, Black British, Black Welsh, Caribbean or African: Other Black",2,L3: Higher professional occupations,17
E05013527,North Acton,8,"Black, Black British, Black Welsh, Caribbean or African: Other Black",3,"L4, L5 and L6: Lower managerial, administrative and professional occupations",25
E05013527,North Acton,8,"Black, Black British, Black Welsh, Caribbean or African: Other Black",4,L7: Intermediate occupations,22
E05013527,North Acton,8,"Black, Black British, Black Welsh, Caribbean or African: Other Black",5,L8 and L9: Small employers and own account workers,13
E05013527,North Acton,8,"Black, Black British, Black Welsh, Caribbean or African: Other Black",6,L10 and L11: Lower supervisory and technical occupations,12
E05013527,North Acton,8,"Black, Black British, Black Welsh, Caribbean or African: Other Black",7,L12: Semi-routine occupations,19
E05013527,North Acton,8,"Black, Black British, Black Welsh, Caribbean or African: Other Black",8,L13: Routine occupations,15
E05013527,North Acton,8,"Black, Black British, Black Welsh, Caribbean or African: Other Black",9,L14.1: Never worked,18
E05013527,North Acton,8,"Black, Black British, Black Welsh, Caribbean or African: Other Black",10,L14.2: Long-term unemployed,6
E05013527,North Acton,8,"Black, Black British, Black Welsh, Caribbean or African: Other Black",11,L15: Full-time students,20
E05013527,North Acton,9,Mixed or Multiple ethnic groups: White and Asian,-8,Does not apply,101
E05013527,North Acton,9,Mixed or Multiple ethnic groups: White and Asian,1,L1 and L2: Large employers and higher managerial and administrative occupations,2
E05013527,North Acton,9,Mixed or Multiple ethnic groups: White and Asian,2,L3: Higher professional occupations,21
E05013527,North Acton,9,Mixed or Multiple ethnic groups: White and Asian,3,"L4, L5 and L6: Lower managerial, administrative and professional occupations",36
E05013527,North Acton,9,Mixed or Multiple ethnic groups: White and Asian,4,L7: Intermediate occupations,13
E05013527,North Acton,9,Mixed or Multiple ethnic groups: White and Asian,5,L8 and L9: Small employers and own account workers,9
E05013527,North Acton,9,Mixed or Multiple ethnic groups: White and Asian,6,L10 and L11: Lower supervisory and technical occupations,10
E05013527,North Acton,9,Mixed or Multiple ethnic groups: White and Asian,7,L12: Semi-routine occupations,10
E05013527,North Acton,9,Mixed or Multiple ethnic groups: White and Asian,8,L13: Routine occupations,4
E05013527,North Acton,9,Mixed or Multiple ethnic groups: White and Asian,9,L14.1: Never worked,10
E05013527,North Acton,9,Mixed or Multiple ethnic groups: White and Asian,10,L14.2: Long-term unemployed,2
E05013527,North Acton,9,Mixed or Multiple ethnic groups: White and Asian,11,L15: Full-time students,18
E05013527,North Acton,10,Mixed or Multiple ethnic groups: White and Black African,-8,Does not apply,49
E05013527,North Acton,10,Mixed or Multiple ethnic groups: White and Black African,1,L1 and L2: Large employers and higher managerial and administrative occupations,9
E05013527,North Acton,10,Mixed or Multiple ethnic groups: White and Black African,2,L3: Higher professional occupations,7
E05013527,North Acton,10,Mixed or Multiple ethnic groups: White and Black African,3,"L4, L5 and L6: Lower managerial, administrative and professional occupations",29
E05013527,North Acton,10,Mixed or Multiple ethnic groups: White and Black African,4,L7: Intermediate occupations,13
E05013527,North Acton,10,Mixed or Multiple ethnic groups: White and Black African,5,L8 and L9: Small employers and own account workers,11
E05013527,North Acton,10,Mixed or Multiple ethnic groups: White and Black African,6,L10 and L11: Lower supervisory and technical occupations,2
E05013527,North Acton,10,Mixed or Multiple ethnic groups: White and Black African,7,L12: Semi-routine occupations,6
E05013527,North Acton,10,Mixed or Multiple ethnic groups: White and Black African,8,L13: Routine occupations,19
E05013527,North Acton,10,Mixed or Multiple ethnic groups: White and Black African,9,L14.1: Never worked,9
E05013527,North Acton,10,Mixed or Multiple ethnic groups: White and Black African,10,L14.2: Long-term unemployed,5
E05013527,North Acton,10,Mixed or Multiple ethnic groups: White and Black African,11,L15: Full-time students,14
E05013527,North Acton,11,Mixed or Multiple ethnic groups: White and Black Caribbean,-8,Does not apply,104
E05013527,North Acton,11,Mixed or Multiple ethnic groups: White and Black Caribbean,1,L1 and L2: Large employers and higher managerial and administrative occupations,1
E05013527,North Acton,11,Mixed or Multiple ethnic groups: White and Black Caribbean,2,L3: Higher professional occupations,9
E05013527,North Acton,11,Mixed or Multiple ethnic groups: White and Black Caribbean,3,"L4, L5 and L6: Lower managerial, administrative and professional occupations",31
E05013527,North Acton,11,Mixed or Multiple ethnic groups: White and Black Caribbean,4,L7: Intermediate occupations,13
E05013527,North Acton,11,Mixed or Multiple ethnic groups: White and Black Caribbean,5,L8 and L9: Small employers and own account workers,5
E05013527,North Acton,11,Mixed or Multiple ethnic groups: White and Black Caribbean,6,L10 and L11: Lower supervisory and technical occupations,10
E05013527,North Acton,11,Mixed or Multiple ethnic groups: White and Black Caribbean,7,L12: Semi-routine occupations,8
E05013527,North Acton,11,Mixed or Multiple ethnic groups: White and Black Caribbean,8,L13: Routine occupations,25
E05013527,North Acton,11,Mixed or Multiple ethnic groups: White and Black Caribbean,9,L14.1: Never worked,12
E05013527,North Acton,11,Mixed or Multiple ethnic groups: White and Black Caribbean,10,L14.2: Long-term unemployed,6
E05013527,North Acton,11,Mixed or Multiple ethnic groups: White and Black Caribbean,11,L15: Full-time students,27
E05013527,North Acton,12,Mixed or Multiple ethnic groups: Other Mixed or Multiple ethnic groups,-8,Does not apply,137
E05013527,North Acton,12,Mixed or Multiple ethnic groups: Other Mixed or Multiple ethnic groups,1,L1 and L2: Large employers and higher managerial and administrative occupations,11
E05013527,North Acton,12,Mixed or Multiple ethnic groups: Other Mixed or Multiple ethnic groups,2,L3: Higher professional occupations,38
E05013527,North Acton,12,Mixed or Multiple ethnic groups: Other Mixed or Multiple ethnic groups,3,"L4, L5 and L6: Lower managerial, administrative and professional occupations",45
E05013527,North Acton,12,Mixed or Multiple ethnic groups: Other Mixed or Multiple ethnic groups,4,L7: Intermediate occupations,24
E05013527,North Acton,12,Mixed or Multiple ethnic groups: Other Mixed or Multiple ethnic groups,5,L8 and L9: Small employers and own account workers,32
E05013527,North Acton,12,Mixed or Multiple ethnic groups: Other Mixed or Multiple ethnic groups,6,L10 and L11: Lower supervisory and technical occupations,10
E05013527,North Acton,12,Mixed or Multiple ethnic groups: Other Mixed or Multiple ethnic groups,7,L12: Semi-routine occupations,23
E05013527,North Acton,12,Mixed or Multiple ethnic groups: Other Mixed or Multiple ethnic groups,8,L13: Routine occupations,19
E05013527,North Acton,12,Mixed or Multiple ethnic groups: Other Mixed or Multiple ethnic groups,9,L14.1: Never worked,11
E05013527,North Acton,12,Mixed or Multiple ethnic groups: Other Mixed or Multiple ethnic groups,10,L14.2: Long-term unemployed,5
E05013527,North Acton,12,Mixed or Multiple ethnic groups: Other Mixed or Multiple ethnic groups,11,L15: Full-time students,36
E05013527,North Acton,13,"White: English, Welsh, Scottish, Northern Irish or British",-8,Does not apply,730
E05013527,North Acton,13,"White: English, Welsh, Scottish, Northern Irish or British",1,L1 and L2: Large employers and higher managerial and administrative occupations,232
E05013527,North Acton,13,"White: English, Welsh, Scottish, Northern Irish or British",2,L3: Higher professional occupations,543
E05013527,North Acton,13,"White: English, Welsh, Scottish, Northern Irish or British",3,"L4, L5 and L6: Lower managerial, administrative and professional occupations",989
E05013527,North Acton,13,"White: English, Welsh, Scottish, Northern Irish or British",4,L7: Intermediate occupations,392
E05013527,North Acton,13,"White: English, Welsh, Scottish, Northern Irish or British",5,L8 and L9: Small employers and own account workers,459
E05013527,North Acton,13,"White: English, Welsh, Scottish, Northern Irish or British",6,L10 and L11: Lower supervisory and technical occupations,175
E05013527,North Acton,13,"White: English, Welsh, Scottish, Northern Irish or British",7,L12: Semi-routine occupations,224
E05013527,North Acton,13,"White: English, Welsh, Scottish, Northern Irish or British",8,L13: Routine occupations,226
E05013527,North Acton,13,"White: English, Welsh, Scottish, Northern Irish or British",9,L14.1: Never worked,193
E05013527,North Acton,13,"White: English, Welsh, Scottish, Northern Irish or British",10,L14.2: Long-term unemployed,62
E05013527,North Acton,13,"White: English, Welsh, Scottish, Northern Irish or British",11,L15: Full-time students,281
E05013527,North Acton,14,White: Irish,-8,Does not apply,13
E05013527,North Acton,14,White: Irish,1,L1 and L2: Large employers and higher managerial and administrative occupations,17
E05013527,North Acton,14,White: Irish,2,L3: Higher professional occupations,45
E05013527,North Acton,14,White: Irish,3,"L4, L5 and L6: Lower managerial, administrative and professional occupations",124
E05013527,North Acton,14,White: Irish,4,L7: Intermediate occupations,41
E05013527,North Acton,14,White: Irish,5,L8 and L9: Small employers and own account workers,46
E05013527,North Acton,14,White: Irish,6,L10 and L11: Lower supervisory and technical occupations,24
E05013527,North Acton,14,White: Irish,7,L12: Semi-routine occupations,45
E05013527,North Acton,14,White: Irish,8,L13: Routine occupations,46
E05013527,North Acton,14,White: Irish,9,L14.1: Never worked,26
E05013527,North Acton,14,White: Irish,10,L14.2: Long-term unemployed,7
E05013527,North Acton,14,White: Irish,11,L15: Full-time students,13
E05013527,North Acton,15,White: Gypsy or Irish Traveller,-8,Does not apply,32
E05013527,North Acton,15,White: Gypsy or Irish Traveller,1,L1 and L2: Large employers and higher managerial and administrative occupations,0
E05013527,North Acton,15,White: Gypsy or Irish Traveller,2,L3: Higher professional occupations,0
E05013527,North Acton,15,White: Gypsy or Irish Traveller,3,"L4, L5 and L6: Lower managerial, administrative and professional occupations",2
E05013527,North Acton,15,White: Gypsy or Irish Traveller,4,L7: Intermediate occupations,0
E05013527,North Acton,15,White: Gypsy or Irish Traveller,5,L8 and L9: Small employers and own account workers,1
E05013527,North Acton,15,White: Gypsy or Irish Traveller,6,L10 and L11: Lower supervisory and technical occupations,1
E05013527,North Acton,15,White: Gypsy or Irish Traveller,7,L12: Semi-routine occupations,0
E05013527,North Acton,15,White: Gypsy or Irish Traveller,8,L13: Routine occupations,6
E05013527,North Acton,15,White: Gypsy or Irish Traveller,9,L14.1: Never worked,32
E05013527,North Acton,15,White: Gypsy or Irish Traveller,10,L14.2: Long-term unemployed,0
E05013527,North Acton,15,White: Gypsy or Irish Traveller,11,L15: Full-time students,1
E05013527,North Acton,16,White: Roma,-8,Does not apply,6
E05013527,North Acton,16,White: Roma,1,L1 and L2: Large employers and higher managerial and administrative occupations,2
E05013527,North Acton,16,White: Roma,2,L3: Higher professional occupations,11
E05013527,North Acton,16,White: Roma,3,"L4, L5 and L6: Lower managerial, administrative and professional occupations",23
E05013527,North Acton,16,White: Roma,4,L7: Intermediate occupations,8
E05013527,North Acton,16,White: Roma,5,L8 and L9: Small employers and own account workers,19
E05013527,North Acton,16,White: Roma,6,L10 and L11: Lower supervisory and technical occupations,19
E05013527,North Acton,16,White: Roma,7,L12: Semi-routine occupations,13
E05013527,North Acton,16,White: Roma,8,L13: Routine occupations,18
E05013527,North Acton,16,White: Roma,9,L14.1: Never worked,6
E05013527,North Acton,16,White: Roma,10,L14.2: Long-term unemployed,0
E05013527,North Acton,16,White: Roma,11,L15: Full-time students,12
E05013527,North Acton,17,White: Other White,-8,Does not apply,352
E05013527,North Acton,17,White: Other White,1,L1 and L2: Large employers and higher managerial and administrative occupations,143
E05013527,North Acton,17,White: Other White,2,L3: Higher professional occupations,380
E05013527,North Acton,17,White: Other White,3,"L4, L5 and L6: Lower managerial, administrative and professional occupations",697
E05013527,North Acton,17,White: Other White,4,L7: Intermediate occupations,253
E05013527,North Acton,17,White: Other White,5,L8 and L9: Small employers and own account workers,606
E05013527,North Acton,17,White: Other White,6,L10 and L11: Lower supervisory and technical occupations,207
E05013527,North Acton,17,White: Other White,7,L12: Semi-routine occupations,215
E05013527,North Acton,17,White: Other White,8,L13: Routine occupations,374
E05013527,North Acton,17,White: Other White,9,L14.1: Never worked,135
E05013527,North Acton,17,White: Other White,10,L14.2: Long-term unemployed,39
E05013527,North Acton,17,White: Other White,11,L15: Full-time students,207
E05013527,North Acton,18,Other ethnic group: Arab,-8,Does not apply,400
E05013527,North Acton,18,Other ethnic group: Arab,1,L1 and L2: Large employers and higher managerial and administrative occupations,28
E05013527,North Acton,18,Other ethnic group: Arab,2,L3: Higher professional occupations,92
E05013527,North Acton,18,Other ethnic group: Arab,3,"L4, L5 and L6: Lower managerial, administrative and professional occupations",139
E05013527,North Acton,18,Other ethnic group: Arab,4,L7: Intermediate occupations,60
E05013527,North Acton,18,Other ethnic group: Arab,5,L8 and L9: Small employers and own account workers,99
E05013527,North Acton,18,Other ethnic group: Arab,6,L10 and L11: Lower supervisory and technical occupations,44
E05013527,North Acton,18,Other ethnic group: Arab,7,L12: Semi-routine occupations,56
E05013527,North Acton,18,Other ethnic group: Arab,8,L13: Routine occupations,77
E05013527,North Acton,18,Other ethnic group: Arab,9,L14.1: Never worked,226
E05013527,North Acton,18,Other ethnic group: Arab,10,L14.2: Long-term unemployed,13
E05013527,North Acton,18,Other ethnic group: Arab,11,L15: Full-time students,187
E05013527,North Acton,19,Other ethnic group: Any other ethnic group,-8,Does not apply,148
E05013527,North Acton,19,Other ethnic group: Any other ethnic group,1,L1 and L2: Large employers and higher managerial and administrative occupations,16
E05013527,North Acton,19,Other ethnic group: Any other ethnic group,2,L3: Higher professional occupations,85
E05013527,North Acton,19,Other ethnic group: Any other ethnic group,3,"L4, L5 and L6: Lower managerial, administrative and professional occupations",111
E05013527,North Acton,19,Other ethnic group: Any other ethnic group,4,L7: Intermediate occupations,60
E05013527,North Acton,19,Other ethnic group: Any other ethnic group,5,L8 and L9: Small employers and own account workers,105
E05013527,North Acton,19,Other ethnic group: Any other ethnic group,6,L10 and L11: Lower supervisory and technical occupations,35
E05013527,North Acton,19,Other ethnic group: Any other ethnic group,7,L12: Semi-routine occupations,62
E05013527,North Acton,19,Other ethnic group: Any other ethnic group,8,L13: Routine occupations,88
E05013527,North Acton,19,Other ethnic group: Any other ethnic group,9,L14.1: Never worked,121
E05013527,North Acton,19,Other ethnic group: Any other ethnic group,10,L14.2: Long-term unemployed,18
E05013527,North Acton,19,Other ethnic group: Any other ethnic group,11,L15: Full-time students,95
E05013528,North Greenford,-8,Does not apply,-8,Does not apply,0
E05013528,North Greenford,-8,Does not apply,1,L1 and L2: Large employers and higher managerial and administrative occupations,0
E05013528,North Greenford,-8,Does not apply,2,L3: Higher professional occupations,0
E05013528,North Greenford,-8,Does not apply,3,"L4, L5 and L6: Lower managerial, administrative and professional occupations",0
E05013528,North Greenford,-8,Does not apply,4,L7: Intermediate occupations,0
E05013528,North Greenford,-8,Does not apply,5,L8 and L9: Small employers and own account workers,0
E05013528,North Greenford,-8,Does not apply,6,L10 and L11: Lower supervisory and technical occupations,0
E05013528,North Greenford,-8,Does not apply,7,L12: Semi-routine occupations,0
E05013528,North Greenford,-8,Does not apply,8,L13: Routine occupations,0
E05013528,North Greenford,-8,Does not apply,9,L14.1: Never worked,0
E05013528,North Greenford,-8,Does not apply,10,L14.2: Long-term unemployed,0
E05013528,North Greenford,-8,Does not apply,11,L15: Full-time students,0
E05013528,North Greenford,1,"Asian, Asian British or Asian Welsh: Bangladeshi",-8,Does not apply,14
E05013528,North Greenford,1,"Asian, Asian British or Asian Welsh: Bangladeshi",1,L1 and L2: Large employers and higher managerial and administrative occupations,8
E05013528,North Greenford,1,"Asian, Asian British or Asian Welsh: Bangladeshi",2,L3: Higher professional occupations,18
E05013528,North Greenford,1,"Asian, Asian British or Asian Welsh: Bangladeshi",3,"L4, L5 and L6: Lower managerial, administrative and professional occupations",24
E05013528,North Greenford,1,"Asian, Asian British or Asian Welsh: Bangladeshi",4,L7: Intermediate occupations,7
E05013528,North Greenford,1,"Asian, Asian British or Asian Welsh: Bangladeshi",5,L8 and L9: Small employers and own account workers,10
E05013528,North Greenford,1,"Asian, Asian British or Asian Welsh: Bangladeshi",6,L10 and L11: Lower supervisory and technical occupations,5
E05013528,North Greenford,1,"Asian, Asian British or Asian Welsh: Bangladeshi",7,L12: Semi-routine occupations,10
E05013528,North Greenford,1,"Asian, Asian British or Asian Welsh: Bangladeshi",8,L13: Routine occupations,7
E05013528,North Greenford,1,"Asian, Asian British or Asian Welsh: Bangladeshi",9,L14.1: Never worked,19
E05013528,North Greenford,1,"Asian, Asian British or Asian Welsh: Bangladeshi",10,L14.2: Long-term unemployed,1
E05013528,North Greenford,1,"Asian, Asian British or Asian Welsh: Bangladeshi",11,L15: Full-time students,11
E05013528,North Greenford,2,"Asian, Asian British or Asian Welsh: Chinese",-8,Does not apply,22
E05013528,North Greenford,2,"Asian, Asian British or Asian Welsh: Chinese",1,L1 and L2: Large employers and higher managerial and administrative occupations,5
E05013528,North Greenford,2,"Asian, Asian British or Asian Welsh: Chinese",2,L3: Higher professional occupations,30
E05013528,North Greenford,2,"Asian, Asian British or Asian Welsh: Chinese",3,"L4, L5 and L6: Lower managerial, administrative and professional occupations",39
E05013528,North Greenford,2,"Asian, Asian British or Asian Welsh: Chinese",4,L7: Intermediate occupations,21
E05013528,North Greenford,2,"Asian, Asian British or Asian Welsh: Chinese",5,L8 and L9: Small employers and own account workers,16
E05013528,North Greenford,2,"Asian, Asian British or Asian Welsh: Chinese",6,L10 and L11: Lower supervisory and technical occupations,11
E05013528,North Greenford,2,"Asian, Asian British or Asian Welsh: Chinese",7,L12: Semi-routine occupations,10
E05013528,North Greenford,2,"Asian, Asian British or Asian Welsh: Chinese",8,L13: Routine occupations,19
E05013528,North Greenford,2,"Asian, Asian British or Asian Welsh: Chinese",9,L14.1: Never worked,21
E05013528,North Greenford,2,"Asian, Asian British or Asian Welsh: Chinese",10,L14.2: Long-term unemployed,3
E05013528,North Greenford,2,"Asian, Asian British or Asian Welsh: Chinese",11,L15: Full-time students,7
E05013528,North Greenford,3,"Asian, Asian British or Asian Welsh: Indian",-8,Does not apply,407
E05013528,North Greenford,3,"Asian, Asian British or Asian Welsh: Indian",1,L1 and L2: Large employers and higher managerial and administrative occupations,88
E05013528,North Greenford,3,"Asian, Asian British or Asian Welsh: Indian",2,L3: Higher professional occupations,296
E05013528,North Greenford,3,"Asian, Asian British or Asian Welsh: Indian",3,"L4, L5 and L6: Lower managerial, administrative and professional occupations",436
E05013528,North Greenford,3,"Asian, Asian British or Asian Welsh: Indian",4,L7: Intermediate occupations,300
E05013528,North Greenford,3,"Asian, Asian British or Asian Welsh: Indian",5,L8 and L9: Small employers and own account workers,172
E05013528,North Greenford,3,"Asian, Asian British or Asian Welsh: Indian",6,L10 and L11: Lower supervisory and technical occupations,88
E05013528,North Greenford,3,"Asian, Asian British or Asian Welsh: Indian",7,L12: Semi-routine occupations,263
E05013528,North Greenford,3,"Asian, Asian British or Asian Welsh: Indian",8,L13: Routine occupations,223
E05013528,North Greenford,3,"Asian, Asian British or Asian Welsh: Indian",9,L14.1: Never worked,207
E05013528,North Greenford,3,"Asian, Asian British or Asian Welsh: Indian",10,L14.2: Long-term unemployed,26
E05013528,North Greenford,3,"Asian, Asian British or Asian Welsh: Indian",11,L15: Full-time students,146
E05013528,North Greenford,4,"Asian, Asian British or Asian Welsh: Pakistani",-8,Does not apply,203
E05013528,North Greenford,4,"Asian, Asian British or Asian Welsh: Pakistani",1,L1 and L2: Large employers and higher managerial and administrative occupations,38
E05013528,North Greenford,4,"Asian, Asian British or Asian Welsh: Pakistani",2,L3: Higher professional occupations,97
E05013528,North Greenford,4,"Asian, Asian British or Asian Welsh: Pakistani",3,"L4, L5 and L6: Lower managerial, administrative and professional occupations",162
E05013528,North Greenford,4,"Asian, Asian British or Asian Welsh: Pakistani",4,L7: Intermediate occupations,114
E05013528,North Greenford,4,"Asian, Asian British or Asian Welsh: Pakistani",5,L8 and L9: Small employers and own account workers,87
E05013528,North Greenford,4,"Asian, Asian British or Asian Welsh: Pakistani",6,L10 and L11: Lower supervisory and technical occupations,21
E05013528,North Greenford,4,"Asian, Asian British or Asian Welsh: Pakistani",7,L12: Semi-routine occupations,65
E05013528,North Greenford,4,"Asian, Asian British or Asian Welsh: Pakistani",8,L13: Routine occupations,47
E05013528,North Greenford,4,"Asian, Asian British or Asian Welsh: Pakistani",9,L14.1: Never worked,130
E05013528,North Greenford,4,"Asian, Asian British or Asian Welsh: Pakistani",10,L14.2: Long-term unemployed,12
E05013528,North Greenford,4,"Asian, Asian British or Asian Welsh: Pakistani",11,L15: Full-time students,91
E05013528,North Greenford,5,"Asian, Asian British or Asian Welsh: Other Asian",-8,Does not apply,388
E05013528,North Greenford,5,"Asian, Asian British or Asian Welsh: Other Asian",1,L1 and L2: Large employers and higher managerial and administrative occupations,38
E05013528,North Greenford,5,"Asian, Asian British or Asian Welsh: Other Asian",2,L3: Higher professional occupations,80
E05013528,North Greenford,5,"Asian, Asian British or Asian Welsh: Other Asian",3,"L4, L5 and L6: Lower managerial, administrative and professional occupations",186
E05013528,North Greenford,5,"Asian, Asian British or Asian Welsh: Other Asian",4,L7: Intermediate occupations,127
E05013528,North Greenford,5,"Asian, Asian British or Asian Welsh: Other Asian",5,L8 and L9: Small employers and own account workers,122
E05013528,North Greenford,5,"Asian, Asian British or Asian Welsh: Other Asian",6,L10 and L11: Lower supervisory and technical occupations,63
E05013528,North Greenford,5,"Asian, Asian British or Asian Welsh: Other Asian",7,L12: Semi-routine occupations,192
E05013528,North Greenford,5,"Asian, Asian British or Asian Welsh: Other Asian",8,L13: Routine occupations,145
E05013528,North Greenford,5,"Asian, Asian British or Asian Welsh: Other Asian",9,L14.1: Never worked,161
E05013528,North Greenford,5,"Asian, Asian British or Asian Welsh: Other Asian",10,L14.2: Long-term unemployed,18
E05013528,North Greenford,5,"Asian, Asian British or Asian Welsh: Other Asian",11,L15: Full-time students,185
E05013528,North Greenford,6,"Black, Black British, Black Welsh, Caribbean or African: African",-8,Does not apply,166
E05013528,North Greenford,6,"Black, Black British, Black Welsh, Caribbean or African: African",1,L1 and L2: Large employers and higher managerial and administrative occupations,12
E05013528,North Greenford,6,"Black, Black British, Black Welsh, Caribbean or African: African",2,L3: Higher professional occupations,40
E05013528,North Greenford,6,"Black, Black British, Black Welsh, Caribbean or African: African",3,"L4, L5 and L6: Lower managerial, administrative and professional occupations",110
E05013528,North Greenford,6,"Black, Black British, Black Welsh, Caribbean or African: African",4,L7: Intermediate occupations,70
E05013528,North Greenford,6,"Black, Black British, Black Welsh, Caribbean or African: African",5,L8 and L9: Small employers and own account workers,32
E05013528,North Greenford,6,"Black, Black British, Black Welsh, Caribbean or African: African",6,L10 and L11: Lower supervisory and technical occupations,20
E05013528,North Greenford,6,"Black, Black British, Black Welsh, Caribbean or African: African",7,L12: Semi-routine occupations,55
E05013528,North Greenford,6,"Black, Black British, Black Welsh, Caribbean or African: African",8,L13: Routine occupations,44
E05013528,North Greenford,6,"Black, Black British, Black Welsh, Caribbean or African: African",9,L14.1: Never worked,50
E05013528,North Greenford,6,"Black, Black British, Black Welsh, Caribbean or African: African",10,L14.2: Long-term unemployed,6
E05013528,North Greenford,6,"Black, Black British, Black Welsh, Caribbean or African: African",11,L15: Full-time students,107
E05013528,North Greenford,7,"Black, Black British, Black Welsh, Caribbean or African: Caribbean",-8,Does not apply,82
E05013528,North Greenford,7,"Black, Black British, Black Welsh, Caribbean or African: Caribbean",1,L1 and L2: Large employers and higher managerial and administrative occupations,35
E05013528,North Greenford,7,"Black, Black British, Black Welsh, Caribbean or African: Caribbean",2,L3: Higher professional occupations,48
E05013528,North Greenford,7,"Black, Black British, Black Welsh, Caribbean or African: Caribbean",3,"L4, L5 and L6: Lower managerial, administrative and professional occupations",167
E05013528,North Greenford,7,"Black, Black British, Black Welsh, Caribbean or African: Caribbean",4,L7: Intermediate occupations,123
E05013528,North Greenford,7,"Black, Black British, Black Welsh, Caribbean or African: Caribbean",5,L8 and L9: Small employers and own account workers,47
E05013528,North Greenford,7,"Black, Black British, Black Welsh, Caribbean or African: Caribbean",6,L10 and L11: Lower supervisory and technical occupations,47
E05013528,North Greenford,7,"Black, Black British, Black Welsh, Caribbean or African: Caribbean",7,L12: Semi-routine occupations,74
E05013528,North Greenford,7,"Black, Black British, Black Welsh, Caribbean or African: Caribbean",8,L13: Routine occupations,88
E05013528,North Greenford,7,"Black, Black British, Black Welsh, Caribbean or African: Caribbean",9,L14.1: Never worked,47
E05013528,North Greenford,7,"Black, Black British, Black Welsh, Caribbean or African: Caribbean",10,L14.2: Long-term unemployed,18
E05013528,North Greenford,7,"Black, Black British, Black Welsh, Caribbean or African: Caribbean",11,L15: Full-time students,49
E05013528,North Greenford,8,"Black, Black British, Black Welsh, Caribbean or African: Other Black",-8,Does not apply,78
E05013528,North Greenford,8,"Black, Black British, Black Welsh, Caribbean or African: Other Black",1,L1 and L2: Large employers and higher managerial and administrative occupations,5
E05013528,North Greenford,8,"Black, Black British, Black Welsh, Caribbean or African: Other Black",2,L3: Higher professional occupations,8
E05013528,North Greenford,8,"Black, Black British, Black Welsh, Caribbean or African: Other Black",3,"L4, L5 and L6: Lower managerial, administrative and professional occupations",21
E05013528,North Greenford,8,"Black, Black British, Black Welsh, Caribbean or African: Other Black",4,L7: Intermediate occupations,21
E05013528,North Greenford,8,"Black, Black British, Black Welsh, Caribbean or African: Other Black",5,L8 and L9: Small employers and own account workers,10
E05013528,North Greenford,8,"Black, Black British, Black Welsh, Caribbean or African: Other Black",6,L10 and L11: Lower supervisory and technical occupations,3
E05013528,North Greenford,8,"Black, Black British, Black Welsh, Caribbean or African: Other Black",7,L12: Semi-routine occupations,8
E05013528,North Greenford,8,"Black, Black British, Black Welsh, Caribbean or African: Other Black",8,L13: Routine occupations,9
E05013528,North Greenford,8,"Black, Black British, Black Welsh, Caribbean or African: Other Black",9,L14.1: Never worked,9
E05013528,North Greenford,8,"Black, Black British, Black Welsh, Caribbean or African: Other Black",10,L14.2: Long-term unemployed,6
E05013528,North Greenford,8,"Black, Black British, Black Welsh, Caribbean or African: Other Black",11,L15: Full-time students,13
E05013528,North Greenford,9,Mixed or Multiple ethnic groups: White and Asian,-8,Does not apply,78
E05013528,North Greenford,9,Mixed or Multiple ethnic groups: White and Asian,1,L1 and L2: Large employers and higher managerial and administrative occupations,4
E05013528,North Greenford,9,Mixed or Multiple ethnic groups: White and Asian,2,L3: Higher professional occupations,15
E05013528,North Greenford,9,Mixed or Multiple ethnic groups: White and Asian,3,"L4, L5 and L6: Lower managerial, administrative and professional occupations",18
E05013528,North Greenford,9,Mixed or Multiple ethnic groups: White and Asian,4,L7: Intermediate occupations,13
E05013528,North Greenford,9,Mixed or Multiple ethnic groups: White and Asian,5,L8 and L9: Small employers and own account workers,2
E05013528,North Greenford,9,Mixed or Multiple ethnic groups: White and Asian,6,L10 and L11: Lower supervisory and technical occupations,4
E05013528,North Greenford,9,Mixed or Multiple ethnic groups: White and Asian,7,L12: Semi-routine occupations,17
E05013528,North Greenford,9,Mixed or Multiple ethnic groups: White and Asian,8,L13: Routine occupations,4
E05013528,North Greenford,9,Mixed or Multiple ethnic groups: White and Asian,9,L14.1: Never worked,5
E05013528,North Greenford,9,Mixed or Multiple ethnic groups: White and Asian,10,L14.2: Long-term unemployed,1
E05013528,North Greenford,9,Mixed or Multiple ethnic groups: White and Asian,11,L15: Full-time students,21
E05013528,North Greenford,10,Mixed or Multiple ethnic groups: White and Black African,-8,Does not apply,29
E05013528,North Greenford,10,Mixed or Multiple ethnic groups: White and Black African,1,L1 and L2: Large employers and higher managerial and administrative occupations,0
E05013528,North Greenford,10,Mixed or Multiple ethnic groups: White and Black African,2,L3: Higher professional occupations,3
E05013528,North Greenford,10,Mixed or Multiple ethnic groups: White and Black African,3,"L4, L5 and L6: Lower managerial, administrative and professional occupations",14
E05013528,North Greenford,10,Mixed or Multiple ethnic groups: White and Black African,4,L7: Intermediate occupations,3
E05013528,North Greenford,10,Mixed or Multiple ethnic groups: White and Black African,5,L8 and L9: Small employers and own account workers,2
E05013528,North Greenford,10,Mixed or Multiple ethnic groups: White and Black African,6,L10 and L11: Lower supervisory and technical occupations,3
E05013528,North Greenford,10,Mixed or Multiple ethnic groups: White and Black African,7,L12: Semi-routine occupations,3
E05013528,North Greenford,10,Mixed or Multiple ethnic groups: White and Black African,8,L13: Routine occupations,2
E05013528,North Greenford,10,Mixed or Multiple ethnic groups: White and Black African,9,L14.1: Never worked,3
E05013528,North Greenford,10,Mixed or Multiple ethnic groups: White and Black African,10,L14.2: Long-term unemployed,0
E05013528,North Greenford,10,Mixed or Multiple ethnic groups: White and Black African,11,L15: Full-time students,4
E05013528,North Greenford,11,Mixed or Multiple ethnic groups: White and Black Caribbean,-8,Does not apply,67
E05013528,North Greenford,11,Mixed or Multiple ethnic groups: White and Black Caribbean,1,L1 and L2: Large employers and higher managerial and administrative occupations,4
E05013528,North Greenford,11,Mixed or Multiple ethnic groups: White and Black Caribbean,2,L3: Higher professional occupations,9
E05013528,North Greenford,11,Mixed or Multiple ethnic groups: White and Black Caribbean,3,"L4, L5 and L6: Lower managerial, administrative and professional occupations",24
E05013528,North Greenford,11,Mixed or Multiple ethnic groups: White and Black Caribbean,4,L7: Intermediate occupations,14
E05013528,North Greenford,11,Mixed or Multiple ethnic groups: White and Black Caribbean,5,L8 and L9: Small employers and own account workers,5
E05013528,North Greenford,11,Mixed or Multiple ethnic groups: White and Black Caribbean,6,L10 and L11: Lower supervisory and technical occupations,9
E05013528,North Greenford,11,Mixed or Multiple ethnic groups: White and Black Caribbean,7,L12: Semi-routine occupations,7
E05013528,North Greenford,11,Mixed or Multiple ethnic groups: White and Black Caribbean,8,L13: Routine occupations,8
E05013528,North Greenford,11,Mixed or Multiple ethnic groups: White and Black Caribbean,9,L14.1: Never worked,10
E05013528,North Greenford,11,Mixed or Multiple ethnic groups: White and Black Caribbean,10,L14.2: Long-term unemployed,4
E05013528,North Greenford,11,Mixed or Multiple ethnic groups: White and Black Caribbean,11,L15: Full-time students,19
E05013528,North Greenford,12,Mixed or Multiple ethnic groups: Other Mixed or Multiple ethnic groups,-8,Does not apply,99
E05013528,North Greenford,12,Mixed or Multiple ethnic groups: Other Mixed or Multiple ethnic groups,1,L1 and L2: Large employers and higher managerial and administrative occupations,3
E05013528,North Greenford,12,Mixed or Multiple ethnic groups: Other Mixed or Multiple ethnic groups,2,L3: Higher professional occupations,16
E05013528,North Greenford,12,Mixed or Multiple ethnic groups: Other Mixed or Multiple ethnic groups,3,"L4, L5 and L6: Lower managerial, administrative and professional occupations",29
E05013528,North Greenford,12,Mixed or Multiple ethnic groups: Other Mixed or Multiple ethnic groups,4,L7: Intermediate occupations,12
E05013528,North Greenford,12,Mixed or Multiple ethnic groups: Other Mixed or Multiple ethnic groups,5,L8 and L9: Small employers and own account workers,9
E05013528,North Greenford,12,Mixed or Multiple ethnic groups: Other Mixed or Multiple ethnic groups,6,L10 and L11: Lower supervisory and technical occupations,10
E05013528,North Greenford,12,Mixed or Multiple ethnic groups: Other Mixed or Multiple ethnic groups,7,L12: Semi-routine occupations,8
E05013528,North Greenford,12,Mixed or Multiple ethnic groups: Other Mixed or Multiple ethnic groups,8,L13: Routine occupations,10
E05013528,North Greenford,12,Mixed or Multiple ethnic groups: Other Mixed or Multiple ethnic groups,9,L14.1: Never worked,10
E05013528,North Greenford,12,Mixed or Multiple ethnic groups: Other Mixed or Multiple ethnic groups,10,L14.2: Long-term unemployed,2
E05013528,North Greenford,12,Mixed or Multiple ethnic groups: Other Mixed or Multiple ethnic groups,11,L15: Full-time students,22
E05013528,North Greenford,13,"White: English, Welsh, Scottish, Northern Irish or British",-8,Does not apply,374
E05013528,North Greenford,13,"White: English, Welsh, Scottish, Northern Irish or British",1,L1 and L2: Large employers and higher managerial and administrative occupations,80
E05013528,North Greenford,13,"White: English, Welsh, Scottish, Northern Irish or British",2,L3: Higher professional occupations,147
E05013528,North Greenford,13,"White: English, Welsh, Scottish, Northern Irish or British",3,"L4, L5 and L6: Lower managerial, administrative and professional occupations",468
E05013528,North Greenford,13,"White: English, Welsh, Scottish, Northern Irish or British",4,L7: Intermediate occupations,332
E05013528,North Greenford,13,"White: English, Welsh, Scottish, Northern Irish or British",5,L8 and L9: Small employers and own account workers,284
E05013528,North Greenford,13,"White: English, Welsh, Scottish, Northern Irish or British",6,L10 and L11: Lower supervisory and technical occupations,124
E05013528,North Greenford,13,"White: English, Welsh, Scottish, Northern Irish or British",7,L12: Semi-routine occupations,201
E05013528,North Greenford,13,"White: English, Welsh, Scottish, Northern Irish or British",8,L13: Routine occupations,281
E05013528,North Greenford,13,"White: English, Welsh, Scottish, Northern Irish or British",9,L14.1: Never worked,149
E05013528,North Greenford,13,"White: English, Welsh, Scottish, Northern Irish or British",10,L14.2: Long-term unemployed,27
E05013528,North Greenford,13,"White: English, Welsh, Scottish, Northern Irish or British",11,L15: Full-time students,107
E05013528,North Greenford,14,White: Irish,-8,Does not apply,21
E05013528,North Greenford,14,White: Irish,1,L1 and L2: Large employers and higher managerial and administrative occupations,13
E05013528,North Greenford,14,White: Irish,2,L3: Higher professional occupations,22
E05013528,North Greenford,14,White: Irish,3,"L4, L5 and L6: Lower managerial, administrative and professional occupations",76
E05013528,North Greenford,14,White: Irish,4,L7: Intermediate occupations,44
E05013528,North Greenford,14,White: Irish,5,L8 and L9: Small employers and own account workers,47
E05013528,North Greenford,14,White: Irish,6,L10 and L11: Lower supervisory and technical occupations,21
E05013528,North Greenford,14,White: Irish,7,L12: Semi-routine occupations,29
E05013528,North Greenford,14,White: Irish,8,L13: Routine occupations,40
E05013528,North Greenford,14,White: Irish,9,L14.1: Never worked,22
E05013528,North Greenford,14,White: Irish,10,L14.2: Long-term unemployed,8
E05013528,North Greenford,14,White: Irish,11,L15: Full-time students,10
E05013528,North Greenford,15,White: Gypsy or Irish Traveller,-8,Does not apply,0
E05013528,North Greenford,15,White: Gypsy or Irish Traveller,1,L1 and L2: Large employers and higher managerial and administrative occupations,0
E05013528,North Greenford,15,White: Gypsy or Irish Traveller,2,L3: Higher professional occupations,0
E05013528,North Greenford,15,White: Gypsy or Irish Traveller,3,"L4, L5 and L6: Lower managerial, administrative and professional occupations",0
E05013528,North Greenford,15,White: Gypsy or Irish Traveller,4,L7: Intermediate occupations,0
E05013528,North Greenford,15,White: Gypsy or Irish Traveller,5,L8 and L9: Small employers and own account workers,0
E05013528,North Greenford,15,White: Gypsy or Irish Traveller,6,L10 and L11: Lower supervisory and technical occupations,0
E05013528,North Greenford,15,White: Gypsy or Irish Traveller,7,L12: Semi-routine occupations,0
E05013528,North Greenford,15,White: Gypsy or Irish Traveller,8,L13: Routine occupations,0
E05013528,North Greenford,15,White: Gypsy or Irish Traveller,9,L14.1: Never worked,0
E05013528,North Greenford,15,White: Gypsy or Irish Traveller,10,L14.2: Long-term unemployed,0
E05013528,North Greenford,15,White: Gypsy or Irish Traveller,11,L15: Full-time students,0
E05013528,North Greenford,16,White: Roma,-8,Does not apply,1
E05013528,North Greenford,16,White: Roma,1,L1 and L2: Large employers and higher managerial and administrative occupations,0
E05013528,North Greenford,16,White: Roma,2,L3: Higher professional occupations,3
E05013528,North Greenford,16,White: Roma,3,"L4, L5 and L6: Lower managerial, administrative and professional occupations",3
E05013528,North Greenford,16,White: Roma,4,L7: Intermediate occupations,4
E05013528,North Greenford,16,White: Roma,5,L8 and L9: Small employers and own account workers,10
E05013528,North Greenford,16,White: Roma,6,L10 and L11: Lower supervisory and technical occupations,3
E05013528,North Greenford,16,White: Roma,7,L12: Semi-routine occupations,4
E05013528,North Greenford,16,White: Roma,8,L13: Routine occupations,7
E05013528,North Greenford,16,White: Roma,9,L14.1: Never worked,3
E05013528,North Greenford,16,White: Roma,10,L14.2: Long-term unemployed,0
E05013528,North Greenford,16,White: Roma,11,L15: Full-time students,4
E05013528,North Greenford,17,White: Other White,-8,Does not apply,403
E05013528,North Greenford,17,White: Other White,1,L1 and L2: Large employers and higher managerial and administrative occupations,36
E05013528,North Greenford,17,White: Other White,2,L3: Higher professional occupations,114
E05013528,North Greenford,17,White: Other White,3,"L4, L5 and L6: Lower managerial, administrative and professional occupations",358
E05013528,North Greenford,17,White: Other White,4,L7: Intermediate occupations,154
E05013528,North Greenford,17,White: Other White,5,L8 and L9: Small employers and own account workers,825
E05013528,North Greenford,17,White: Other White,6,L10 and L11: Lower supervisory and technical occupations,142
E05013528,North Greenford,17,White: Other White,7,L12: Semi-routine occupations,213
E05013528,North Greenford,17,White: Other White,8,L13: Routine occupations,380
E05013528,North Greenford,17,White: Other White,9,L14.1: Never worked,83
E05013528,North Greenford,17,White: Other White,10,L14.2: Long-term unemployed,32
E05013528,North Greenford,17,White: Other White,11,L15: Full-time students,214
E05013528,North Greenford,18,Other ethnic group: Arab,-8,Does not apply,206
E05013528,North Greenford,18,Other ethnic group: Arab,1,L1 and L2: Large employers and higher managerial and administrative occupations,7
E05013528,North Greenford,18,Other ethnic group: Arab,2,L3: Higher professional occupations,50
E05013528,North Greenford,18,Other ethnic group: Arab,3,"L4, L5 and L6: Lower managerial, administrative and professional occupations",75
E05013528,North Greenford,18,Other ethnic group: Arab,4,L7: Intermediate occupations,35
E05013528,North Greenford,18,Other ethnic group: Arab,5,L8 and L9: Small employers and own account workers,35
E05013528,North Greenford,18,Other ethnic group: Arab,6,L10 and L11: Lower supervisory and technical occupations,11
E05013528,North Greenford,18,Other ethnic group: Arab,7,L12: Semi-routine occupations,34
E05013528,North Greenford,18,Other ethnic group: Arab,8,L13: Routine occupations,26
E05013528,North Greenford,18,Other ethnic group: Arab,9,L14.1: Never worked,94
E05013528,North Greenford,18,Other ethnic group: Arab,10,L14.2: Long-term unemployed,7
E05013528,North Greenford,18,Other ethnic group: Arab,11,L15: Full-time students,72
E05013528,North Greenford,19,Other ethnic group: Any other ethnic group,-8,Does not apply,164
E05013528,North Greenford,19,Other ethnic group: Any other ethnic group,1,L1 and L2: Large employers and higher managerial and administrative occupations,11
E05013528,North Greenford,19,Other ethnic group: Any other ethnic group,2,L3: Higher professional occupations,54
E05013528,North Greenford,19,Other ethnic group: Any other ethnic group,3,"L4, L5 and L6: Lower managerial, administrative and professional occupations",75
E05013528,North Greenford,19,Other ethnic group: Any other ethnic group,4,L7: Intermediate occupations,42
E05013528,North Greenford,19,Other ethnic group: Any other ethnic group,5,L8 and L9: Small employers and own account workers,102
E05013528,North Greenford,19,Other ethnic group: Any other ethnic group,6,L10 and L11: Lower supervisory and technical occupations,27
E05013528,North Greenford,19,Other ethnic group: Any other ethnic group,7,L12: Semi-routine occupations,95
E05013528,North Greenford,19,Other ethnic group: Any other ethnic group,8,L13: Routine occupations,87
E05013528,North Greenford,19,Other ethnic group: Any other ethnic group,9,L14.1: Never worked,77
E05013528,North Greenford,19,Other ethnic group: Any other ethnic group,10,L14.2: Long-term unemployed,9
E05013528,North Greenford,19,Other ethnic group: Any other ethnic group,11,L15: Full-time students,80
E05013529,North Hanwell,-8,Does not apply,-8,Does not apply,0
E05013529,North Hanwell,-8,Does not apply,1,L1 and L2: Large employers and higher managerial and administrative occupations,0
E05013529,North Hanwell,-8,Does not apply,2,L3: Higher professional occupations,0
E05013529,North Hanwell,-8,Does not apply,3,"L4, L5 and L6: Lower managerial, administrative and professional occupations",0
E05013529,North Hanwell,-8,Does not apply,4,L7: Intermediate occupations,0
E05013529,North Hanwell,-8,Does not apply,5,L8 and L9: Small employers and own account workers,0
E05013529,North Hanwell,-8,Does not apply,6,L10 and L11: Lower supervisory and technical occupations,0
E05013529,North Hanwell,-8,Does not apply,7,L12: Semi-routine occupations,0
E05013529,North Hanwell,-8,Does not apply,8,L13: Routine occupations,0
E05013529,North Hanwell,-8,Does not apply,9,L14.1: Never worked,0
E05013529,North Hanwell,-8,Does not apply,10,L14.2: Long-term unemployed,0
E05013529,North Hanwell,-8,Does not apply,11,L15: Full-time students,0
E05013529,North Hanwell,1,"Asian, Asian British or Asian Welsh: Bangladeshi",-8,Does not apply,11
E05013529,North Hanwell,1,"Asian, Asian British or Asian Welsh: Bangladeshi",1,L1 and L2: Large employers and higher managerial and administrative occupations,0
E05013529,North Hanwell,1,"Asian, Asian British or Asian Welsh: Bangladeshi",2,L3: Higher professional occupations,0
E05013529,North Hanwell,1,"Asian, Asian British or Asian Welsh: Bangladeshi",3,"L4, L5 and L6: Lower managerial, administrative and professional occupations",3
E05013529,North Hanwell,1,"Asian, Asian British or Asian Welsh: Bangladeshi",4,L7: Intermediate occupations,2
E05013529,North Hanwell,1,"Asian, Asian British or Asian Welsh: Bangladeshi",5,L8 and L9: Small employers and own account workers,6
E05013529,North Hanwell,1,"Asian, Asian British or Asian Welsh: Bangladeshi",6,L10 and L11: Lower supervisory and technical occupations,0
E05013529,North Hanwell,1,"Asian, Asian British or Asian Welsh: Bangladeshi",7,L12: Semi-routine occupations,0
E05013529,North Hanwell,1,"Asian, Asian British or Asian Welsh: Bangladeshi",8,L13: Routine occupations,4
E05013529,North Hanwell,1,"Asian, Asian British or Asian Welsh: Bangladeshi",9,L14.1: Never worked,4
E05013529,North Hanwell,1,"Asian, Asian British or Asian Welsh: Bangladeshi",10,L14.2: Long-term unemployed,1
E05013529,North Hanwell,1,"Asian, Asian British or Asian Welsh: Bangladeshi",11,L15: Full-time students,4
E05013529,North Hanwell,2,"Asian, Asian British or Asian Welsh: Chinese",-8,Does not apply,26
E05013529,North Hanwell,2,"Asian, Asian British or Asian Welsh: Chinese",1,L1 and L2: Large employers and higher managerial and administrative occupations,9
E05013529,North Hanwell,2,"Asian, Asian British or Asian Welsh: Chinese",2,L3: Higher professional occupations,26
E05013529,North Hanwell,2,"Asian, Asian British or Asian Welsh: Chinese",3,"L4, L5 and L6: Lower managerial, administrative and professional occupations",25
E05013529,North Hanwell,2,"Asian, Asian British or Asian Welsh: Chinese",4,L7: Intermediate occupations,13
E05013529,North Hanwell,2,"Asian, Asian British or Asian Welsh: Chinese",5,L8 and L9: Small employers and own account workers,13
E05013529,North Hanwell,2,"Asian, Asian British or Asian Welsh: Chinese",6,L10 and L11: Lower supervisory and technical occupations,10
E05013529,North Hanwell,2,"Asian, Asian British or Asian Welsh: Chinese",7,L12: Semi-routine occupations,8
E05013529,North Hanwell,2,"Asian, Asian British or Asian Welsh: Chinese",8,L13: Routine occupations,10
E05013529,North Hanwell,2,"Asian, Asian British or Asian Welsh: Chinese",9,L14.1: Never worked,11
E05013529,North Hanwell,2,"Asian, Asian British or Asian Welsh: Chinese",10,L14.2: Long-term unemployed,3
E05013529,North Hanwell,2,"Asian, Asian British or Asian Welsh: Chinese",11,L15: Full-time students,3
E05013529,North Hanwell,3,"Asian, Asian British or Asian Welsh: Indian",-8,Does not apply,123
E05013529,North Hanwell,3,"Asian, Asian British or Asian Welsh: Indian",1,L1 and L2: Large employers and higher managerial and administrative occupations,25
E05013529,North Hanwell,3,"Asian, Asian British or Asian Welsh: Indian",2,L3: Higher professional occupations,95
E05013529,North Hanwell,3,"Asian, Asian British or Asian Welsh: Indian",3,"L4, L5 and L6: Lower managerial, administrative and professional occupations",134
E05013529,North Hanwell,3,"Asian, Asian British or Asian Welsh: Indian",4,L7: Intermediate occupations,95
E05013529,North Hanwell,3,"Asian, Asian British or Asian Welsh: Indian",5,L8 and L9: Small employers and own account workers,46
E05013529,North Hanwell,3,"Asian, Asian British or Asian Welsh: Indian",6,L10 and L11: Lower supervisory and technical occupations,17
E05013529,North Hanwell,3,"Asian, Asian British or Asian Welsh: Indian",7,L12: Semi-routine occupations,81
E05013529,North Hanwell,3,"Asian, Asian British or Asian Welsh: Indian",8,L13: Routine occupations,61
E05013529,North Hanwell,3,"Asian, Asian British or Asian Welsh: Indian",9,L14.1: Never worked,80
E05013529,North Hanwell,3,"Asian, Asian British or Asian Welsh: Indian",10,L14.2: Long-term unemployed,25
E05013529,North Hanwell,3,"Asian, Asian British or Asian Welsh: Indian",11,L15: Full-time students,63
E05013529,North Hanwell,4,"Asian, Asian British or Asian Welsh: Pakistani",-8,Does not apply,91
E05013529,North Hanwell,4,"Asian, Asian British or Asian Welsh: Pakistani",1,L1 and L2: Large employers and higher managerial and administrative occupations,5
E05013529,North Hanwell,4,"Asian, Asian British or Asian Welsh: Pakistani",2,L3: Higher professional occupations,30
E05013529,North Hanwell,4,"Asian, Asian British or Asian Welsh: Pakistani",3,"L4, L5 and L6: Lower managerial, administrative and professional occupations",35
E05013529,North Hanwell,4,"Asian, Asian British or Asian Welsh: Pakistani",4,L7: Intermediate occupations,24
E05013529,North Hanwell,4,"Asian, Asian British or Asian Welsh: Pakistani",5,L8 and L9: Small employers and own account workers,38
E05013529,North Hanwell,4,"Asian, Asian British or Asian Welsh: Pakistani",6,L10 and L11: Lower supervisory and technical occupations,5
E05013529,North Hanwell,4,"Asian, Asian British or Asian Welsh: Pakistani",7,L12: Semi-routine occupations,34
E05013529,North Hanwell,4,"Asian, Asian British or Asian Welsh: Pakistani",8,L13: Routine occupations,19
E05013529,North Hanwell,4,"Asian, Asian British or Asian Welsh: Pakistani",9,L14.1: Never worked,63
E05013529,North Hanwell,4,"Asian, Asian British or Asian Welsh: Pakistani",10,L14.2: Long-term unemployed,11
E05013529,North Hanwell,4,"Asian, Asian British or Asian Welsh: Pakistani",11,L15: Full-time students,47
E05013529,North Hanwell,5,"Asian, Asian British or Asian Welsh: Other Asian",-8,Does not apply,274
E05013529,North Hanwell,5,"Asian, Asian British or Asian Welsh: Other Asian",1,L1 and L2: Large employers and higher managerial and administrative occupations,14
E05013529,North Hanwell,5,"Asian, Asian British or Asian Welsh: Other Asian",2,L3: Higher professional occupations,66
E05013529,North Hanwell,5,"Asian, Asian British or Asian Welsh: Other Asian",3,"L4, L5 and L6: Lower managerial, administrative and professional occupations",117
E05013529,North Hanwell,5,"Asian, Asian British or Asian Welsh: Other Asian",4,L7: Intermediate occupations,63
E05013529,North Hanwell,5,"Asian, Asian British or Asian Welsh: Other Asian",5,L8 and L9: Small employers and own account workers,89
E05013529,North Hanwell,5,"Asian, Asian British or Asian Welsh: Other Asian",6,L10 and L11: Lower supervisory and technical occupations,21
E05013529,North Hanwell,5,"Asian, Asian British or Asian Welsh: Other Asian",7,L12: Semi-routine occupations,87
E05013529,North Hanwell,5,"Asian, Asian British or Asian Welsh: Other Asian",8,L13: Routine occupations,73
E05013529,North Hanwell,5,"Asian, Asian British or Asian Welsh: Other Asian",9,L14.1: Never worked,142
E05013529,North Hanwell,5,"Asian, Asian British or Asian Welsh: Other Asian",10,L14.2: Long-term unemployed,12
E05013529,North Hanwell,5,"Asian, Asian British or Asian Welsh: Other Asian",11,L15: Full-time students,145
E05013529,North Hanwell,6,"Black, Black British, Black Welsh, Caribbean or African: African",-8,Does not apply,298
E05013529,North Hanwell,6,"Black, Black British, Black Welsh, Caribbean or African: African",1,L1 and L2: Large employers and higher managerial and administrative occupations,12
E05013529,North Hanwell,6,"Black, Black British, Black Welsh, Caribbean or African: African",2,L3: Higher professional occupations,37
E05013529,North Hanwell,6,"Black, Black British, Black Welsh, Caribbean or African: African",3,"L4, L5 and L6: Lower managerial, administrative and professional occupations",120
E05013529,North Hanwell,6,"Black, Black British, Black Welsh, Caribbean or African: African",4,L7: Intermediate occupations,48
E05013529,North Hanwell,6,"Black, Black British, Black Welsh, Caribbean or African: African",5,L8 and L9: Small employers and own account workers,66
E05013529,North Hanwell,6,"Black, Black British, Black Welsh, Caribbean or African: African",6,L10 and L11: Lower supervisory and technical occupations,17
E05013529,North Hanwell,6,"Black, Black British, Black Welsh, Caribbean or African: African",7,L12: Semi-routine occupations,90
E05013529,North Hanwell,6,"Black, Black British, Black Welsh, Caribbean or African: African",8,L13: Routine occupations,64
E05013529,North Hanwell,6,"Black, Black British, Black Welsh, Caribbean or African: African",9,L14.1: Never worked,113
E05013529,North Hanwell,6,"Black, Black British, Black Welsh, Caribbean or African: African",10,L14.2: Long-term unemployed,16
E05013529,North Hanwell,6,"Black, Black British, Black Welsh, Caribbean or African: African",11,L15: Full-time students,137
E05013529,North Hanwell,7,"Black, Black British, Black Welsh, Caribbean or African: Caribbean",-8,Does not apply,70
E05013529,North Hanwell,7,"Black, Black British, Black Welsh, Caribbean or African: Caribbean",1,L1 and L2: Large employers and higher managerial and administrative occupations,18
E05013529,North Hanwell,7,"Black, Black British, Black Welsh, Caribbean or African: Caribbean",2,L3: Higher professional occupations,38
E05013529,North Hanwell,7,"Black, Black British, Black Welsh, Caribbean or African: Caribbean",3,"L4, L5 and L6: Lower managerial, administrative and professional occupations",134
E05013529,North Hanwell,7,"Black, Black British, Black Welsh, Caribbean or African: Caribbean",4,L7: Intermediate occupations,76
E05013529,North Hanwell,7,"Black, Black British, Black Welsh, Caribbean or African: Caribbean",5,L8 and L9: Small employers and own account workers,46
E05013529,North Hanwell,7,"Black, Black British, Black Welsh, Caribbean or African: Caribbean",6,L10 and L11: Lower supervisory and technical occupations,35
E05013529,North Hanwell,7,"Black, Black British, Black Welsh, Caribbean or African: Caribbean",7,L12: Semi-routine occupations,94
E05013529,North Hanwell,7,"Black, Black British, Black Welsh, Caribbean or African: Caribbean",8,L13: Routine occupations,74
E05013529,North Hanwell,7,"Black, Black British, Black Welsh, Caribbean or African: Caribbean",9,L14.1: Never worked,56
E05013529,North Hanwell,7,"Black, Black British, Black Welsh, Caribbean or African: Caribbean",10,L14.2: Long-term unemployed,11
E05013529,North Hanwell,7,"Black, Black British, Black Welsh, Caribbean or African: Caribbean",11,L15: Full-time students,38
E05013529,North Hanwell,8,"Black, Black British, Black Welsh, Caribbean or African: Other Black",-8,Does not apply,59
E05013529,North Hanwell,8,"Black, Black British, Black Welsh, Caribbean or African: Other Black",1,L1 and L2: Large employers and higher managerial and administrative occupations,3
E05013529,North Hanwell,8,"Black, Black British, Black Welsh, Caribbean or African: Other Black",2,L3: Higher professional occupations,3
E05013529,North Hanwell,8,"Black, Black British, Black Welsh, Caribbean or African: Other Black",3,"L4, L5 and L6: Lower managerial, administrative and professional occupations",20
E05013529,North Hanwell,8,"Black, Black British, Black Welsh, Caribbean or African: Other Black",4,L7: Intermediate occupations,11
E05013529,North Hanwell,8,"Black, Black British, Black Welsh, Caribbean or African: Other Black",5,L8 and L9: Small employers and own account workers,6
E05013529,North Hanwell,8,"Black, Black British, Black Welsh, Caribbean or African: Other Black",6,L10 and L11: Lower supervisory and technical occupations,4
E05013529,North Hanwell,8,"Black, Black British, Black Welsh, Caribbean or African: Other Black",7,L12: Semi-routine occupations,17
E05013529,North Hanwell,8,"Black, Black British, Black Welsh, Caribbean or African: Other Black",8,L13: Routine occupations,11
E05013529,North Hanwell,8,"Black, Black British, Black Welsh, Caribbean or African: Other Black",9,L14.1: Never worked,9
E05013529,North Hanwell,8,"Black, Black British, Black Welsh, Caribbean or African: Other Black",10,L14.2: Long-term unemployed,5
E05013529,North Hanwell,8,"Black, Black British, Black Welsh, Caribbean or African: Other Black",11,L15: Full-time students,16
E05013529,North Hanwell,9,Mixed or Multiple ethnic groups: White and Asian,-8,Does not apply,177
E05013529,North Hanwell,9,Mixed or Multiple ethnic groups: White and Asian,1,L1 and L2: Large employers and higher managerial and administrative occupations,4
E05013529,North Hanwell,9,Mixed or Multiple ethnic groups: White and Asian,2,L3: Higher professional occupations,15
E05013529,North Hanwell,9,Mixed or Multiple ethnic groups: White and Asian,3,"L4, L5 and L6: Lower managerial, administrative and professional occupations",42
E05013529,North Hanwell,9,Mixed or Multiple ethnic groups: White and Asian,4,L7: Intermediate occupations,13
E05013529,North Hanwell,9,Mixed or Multiple ethnic groups: White and Asian,5,L8 and L9: Small employers and own account workers,8
E05013529,North Hanwell,9,Mixed or Multiple ethnic groups: White and Asian,6,L10 and L11: Lower supervisory and technical occupations,5
E05013529,North Hanwell,9,Mixed or Multiple ethnic groups: White and Asian,7,L12: Semi-routine occupations,11
E05013529,North Hanwell,9,Mixed or Multiple ethnic groups: White and Asian,8,L13: Routine occupations,9
E05013529,North Hanwell,9,Mixed or Multiple ethnic groups: White and Asian,9,L14.1: Never worked,8
E05013529,North Hanwell,9,Mixed or Multiple ethnic groups: White and Asian,10,L14.2: Long-term unemployed,3
E05013529,North Hanwell,9,Mixed or Multiple ethnic groups: White and Asian,11,L15: Full-time students,36
E05013529,North Hanwell,10,Mixed or Multiple ethnic groups: White and Black African,-8,Does not apply,85
E05013529,North Hanwell,10,Mixed or Multiple ethnic groups: White and Black African,1,L1 and L2: Large employers and higher managerial and administrative occupations,5
E05013529,North Hanwell,10,Mixed or Multiple ethnic groups: White and Black African,2,L3: Higher professional occupations,3
E05013529,North Hanwell,10,Mixed or Multiple ethnic groups: White and Black African,3,"L4, L5 and L6: Lower managerial, administrative and professional occupations",17
E05013529,North Hanwell,10,Mixed or Multiple ethnic groups: White and Black African,4,L7: Intermediate occupations,8
E05013529,North Hanwell,10,Mixed or Multiple ethnic groups: White and Black African,5,L8 and L9: Small employers and own account workers,7
E05013529,North Hanwell,10,Mixed or Multiple ethnic groups: White and Black African,6,L10 and L11: Lower supervisory and technical occupations,3
E05013529,North Hanwell,10,Mixed or Multiple ethnic groups: White and Black African,7,L12: Semi-routine occupations,5
E05013529,North Hanwell,10,Mixed or Multiple ethnic groups: White and Black African,8,L13: Routine occupations,9
E05013529,North Hanwell,10,Mixed or Multiple ethnic groups: White and Black African,9,L14.1: Never worked,3
E05013529,North Hanwell,10,Mixed or Multiple ethnic groups: White and Black African,10,L14.2: Long-term unemployed,3
E05013529,North Hanwell,10,Mixed or Multiple ethnic groups: White and Black African,11,L15: Full-time students,8
E05013529,North Hanwell,11,Mixed or Multiple ethnic groups: White and Black Caribbean,-8,Does not apply,139
E05013529,North Hanwell,11,Mixed or Multiple ethnic groups: White and Black Caribbean,1,L1 and L2: Large employers and higher managerial and administrative occupations,4
E05013529,North Hanwell,11,Mixed or Multiple ethnic groups: White and Black Caribbean,2,L3: Higher professional occupations,6
E05013529,North Hanwell,11,Mixed or Multiple ethnic groups: White and Black Caribbean,3,"L4, L5 and L6: Lower managerial, administrative and professional occupations",29
E05013529,North Hanwell,11,Mixed or Multiple ethnic groups: White and Black Caribbean,4,L7: Intermediate occupations,24
E05013529,North Hanwell,11,Mixed or Multiple ethnic groups: White and Black Caribbean,5,L8 and L9: Small employers and own account workers,10
E05013529,North Hanwell,11,Mixed or Multiple ethnic groups: White and Black Caribbean,6,L10 and L11: Lower supervisory and technical occupations,9
E05013529,North Hanwell,11,Mixed or Multiple ethnic groups: White and Black Caribbean,7,L12: Semi-routine occupations,18
E05013529,North Hanwell,11,Mixed or Multiple ethnic groups: White and Black Caribbean,8,L13: Routine occupations,15
E05013529,North Hanwell,11,Mixed or Multiple ethnic groups: White and Black Caribbean,9,L14.1: Never worked,19
E05013529,North Hanwell,11,Mixed or Multiple ethnic groups: White and Black Caribbean,10,L14.2: Long-term unemployed,7
E05013529,North Hanwell,11,Mixed or Multiple ethnic groups: White and Black Caribbean,11,L15: Full-time students,26
E05013529,North Hanwell,12,Mixed or Multiple ethnic groups: Other Mixed or Multiple ethnic groups,-8,Does not apply,169
E05013529,North Hanwell,12,Mixed or Multiple ethnic groups: Other Mixed or Multiple ethnic groups,1,L1 and L2: Large employers and higher managerial and administrative occupations,9
E05013529,North Hanwell,12,Mixed or Multiple ethnic groups: Other Mixed or Multiple ethnic groups,2,L3: Higher professional occupations,16
E05013529,North Hanwell,12,Mixed or Multiple ethnic groups: Other Mixed or Multiple ethnic groups,3,"L4, L5 and L6: Lower managerial, administrative and professional occupations",49
E05013529,North Hanwell,12,Mixed or Multiple ethnic groups: Other Mixed or Multiple ethnic groups,4,L7: Intermediate occupations,22
E05013529,North Hanwell,12,Mixed or Multiple ethnic groups: Other Mixed or Multiple ethnic groups,5,L8 and L9: Small employers and own account workers,21
E05013529,North Hanwell,12,Mixed or Multiple ethnic groups: Other Mixed or Multiple ethnic groups,6,L10 and L11: Lower supervisory and technical occupations,8
E05013529,North Hanwell,12,Mixed or Multiple ethnic groups: Other Mixed or Multiple ethnic groups,7,L12: Semi-routine occupations,15
E05013529,North Hanwell,12,Mixed or Multiple ethnic groups: Other Mixed or Multiple ethnic groups,8,L13: Routine occupations,11
E05013529,North Hanwell,12,Mixed or Multiple ethnic groups: Other Mixed or Multiple ethnic groups,9,L14.1: Never worked,14
E05013529,North Hanwell,12,Mixed or Multiple ethnic groups: Other Mixed or Multiple ethnic groups,10,L14.2: Long-term unemployed,4
E05013529,North Hanwell,12,Mixed or Multiple ethnic groups: Other Mixed or Multiple ethnic groups,11,L15: Full-time students,38
E05013529,North Hanwell,13,"White: English, Welsh, Scottish, Northern Irish or British",-8,Does not apply,899
E05013529,North Hanwell,13,"White: English, Welsh, Scottish, Northern Irish or British",1,L1 and L2: Large employers and higher managerial and administrative occupations,235
E05013529,North Hanwell,13,"White: English, Welsh, Scottish, Northern Irish or British",2,L3: Higher professional occupations,491
E05013529,North Hanwell,13,"White: English, Welsh, Scottish, Northern Irish or British",3,"L4, L5 and L6: Lower managerial, administrative and professional occupations",1003
E05013529,North Hanwell,13,"White: English, Welsh, Scottish, Northern Irish or British",4,L7: Intermediate occupations,447
E05013529,North Hanwell,13,"White: English, Welsh, Scottish, Northern Irish or British",5,L8 and L9: Small employers and own account workers,371
E05013529,North Hanwell,13,"White: English, Welsh, Scottish, Northern Irish or British",6,L10 and L11: Lower supervisory and technical occupations,158
E05013529,North Hanwell,13,"White: English, Welsh, Scottish, Northern Irish or British",7,L12: Semi-routine occupations,319
E05013529,North Hanwell,13,"White: English, Welsh, Scottish, Northern Irish or British",8,L13: Routine occupations,313
E05013529,North Hanwell,13,"White: English, Welsh, Scottish, Northern Irish or British",9,L14.1: Never worked,243
E05013529,North Hanwell,13,"White: English, Welsh, Scottish, Northern Irish or British",10,L14.2: Long-term unemployed,58
E05013529,North Hanwell,13,"White: English, Welsh, Scottish, Northern Irish or British",11,L15: Full-time students,200
E05013529,North Hanwell,14,White: Irish,-8,Does not apply,39
E05013529,North Hanwell,14,White: Irish,1,L1 and L2: Large employers and higher managerial and administrative occupations,26
E05013529,North Hanwell,14,White: Irish,2,L3: Higher professional occupations,52
E05013529,North Hanwell,14,White: Irish,3,"L4, L5 and L6: Lower managerial, administrative and professional occupations",109
E05013529,North Hanwell,14,White: Irish,4,L7: Intermediate occupations,71
E05013529,North Hanwell,14,White: Irish,5,L8 and L9: Small employers and own account workers,69
E05013529,North Hanwell,14,White: Irish,6,L10 and L11: Lower supervisory and technical occupations,25
E05013529,North Hanwell,14,White: Irish,7,L12: Semi-routine occupations,45
E05013529,North Hanwell,14,White: Irish,8,L13: Routine occupations,72
E05013529,North Hanwell,14,White: Irish,9,L14.1: Never worked,40
E05013529,North Hanwell,14,White: Irish,10,L14.2: Long-term unemployed,5
E05013529,North Hanwell,14,White: Irish,11,L15: Full-time students,14
E05013529,North Hanwell,15,White: Gypsy or Irish Traveller,-8,Does not apply,6
E05013529,North Hanwell,15,White: Gypsy or Irish Traveller,1,L1 and L2: Large employers and higher managerial and administrative occupations,0
E05013529,North Hanwell,15,White: Gypsy or Irish Traveller,2,L3: Higher professional occupations,0
E05013529,North Hanwell,15,White: Gypsy or Irish Traveller,3,"L4, L5 and L6: Lower managerial, administrative and professional occupations",0
E05013529,North Hanwell,15,White: Gypsy or Irish Traveller,4,L7: Intermediate occupations,0
E05013529,North Hanwell,15,White: Gypsy or Irish Traveller,5,L8 and L9: Small employers and own account workers,1
E05013529,North Hanwell,15,White: Gypsy or Irish Traveller,6,L10 and L11: Lower supervisory and technical occupations,0
E05013529,North Hanwell,15,White: Gypsy or Irish Traveller,7,L12: Semi-routine occupations,0
E05013529,North Hanwell,15,White: Gypsy or Irish Traveller,8,L13: Routine occupations,0
E05013529,North Hanwell,15,White: Gypsy or Irish Traveller,9,L14.1: Never worked,5
E05013529,North Hanwell,15,White: Gypsy or Irish Traveller,10,L14.2: Long-term unemployed,0
E05013529,North Hanwell,15,White: Gypsy or Irish Traveller,11,L15: Full-time students,0
E05013529,North Hanwell,16,White: Roma,-8,Does not apply,5
E05013529,North Hanwell,16,White: Roma,1,L1 and L2: Large employers and higher managerial and administrative occupations,0
E05013529,North Hanwell,16,White: Roma,2,L3: Higher professional occupations,3
E05013529,North Hanwell,16,White: Roma,3,"L4, L5 and L6: Lower managerial, administrative and professional occupations",5
E05013529,North Hanwell,16,White: Roma,4,L7: Intermediate occupations,0
E05013529,North Hanwell,16,White: Roma,5,L8 and L9: Small employers and own account workers,4
E05013529,North Hanwell,16,White: Roma,6,L10 and L11: Lower supervisory and technical occupations,4
E05013529,North Hanwell,16,White: Roma,7,L12: Semi-routine occupations,3
E05013529,North Hanwell,16,White: Roma,8,L13: Routine occupations,1
E05013529,North Hanwell,16,White: Roma,9,L14.1: Never worked,2
E05013529,North Hanwell,16,White: Roma,10,L14.2: Long-term unemployed,1
E05013529,North Hanwell,16,White: Roma,11,L15: Full-time students,2
E05013529,North Hanwell,17,White: Other White,-8,Does not apply,494
E05013529,North Hanwell,17,White: Other White,1,L1 and L2: Large employers and higher managerial and administrative occupations,71
E05013529,North Hanwell,17,White: Other White,2,L3: Higher professional occupations,197
E05013529,North Hanwell,17,White: Other White,3,"L4, L5 and L6: Lower managerial, administrative and professional occupations",364
E05013529,North Hanwell,17,White: Other White,4,L7: Intermediate occupations,212
E05013529,North Hanwell,17,White: Other White,5,L8 and L9: Small employers and own account workers,698
E05013529,North Hanwell,17,White: Other White,6,L10 and L11: Lower supervisory and technical occupations,108
E05013529,North Hanwell,17,White: Other White,7,L12: Semi-routine occupations,155
E05013529,North Hanwell,17,White: Other White,8,L13: Routine occupations,226
E05013529,North Hanwell,17,White: Other White,9,L14.1: Never worked,65
E05013529,North Hanwell,17,White: Other White,10,L14.2: Long-term unemployed,23
E05013529,North Hanwell,17,White: Other White,11,L15: Full-time students,144
E05013529,North Hanwell,18,Other ethnic group: Arab,-8,Does not apply,166
E05013529,North Hanwell,18,Other ethnic group: Arab,1,L1 and L2: Large employers and higher managerial and administrative occupations,10
E05013529,North Hanwell,18,Other ethnic group: Arab,2,L3: Higher professional occupations,23
E05013529,North Hanwell,18,Other ethnic group: Arab,3,"L4, L5 and L6: Lower managerial, administrative and professional occupations",40
E05013529,North Hanwell,18,Other ethnic group: Arab,4,L7: Intermediate occupations,29
E05013529,North Hanwell,18,Other ethnic group: Arab,5,L8 and L9: Small employers and own account workers,35
E05013529,North Hanwell,18,Other ethnic group: Arab,6,L10 and L11: Lower supervisory and technical occupations,12
E05013529,North Hanwell,18,Other ethnic group: Arab,7,L12: Semi-routine occupations,30
E05013529,North Hanwell,18,Other ethnic group: Arab,8,L13: Routine occupations,31
E05013529,North Hanwell,18,Other ethnic group: Arab,9,L14.1: Never worked,90
E05013529,North Hanwell,18,Other ethnic group: Arab,10,L14.2: Long-term unemployed,3
E05013529,North Hanwell,18,Other ethnic group: Arab,11,L15: Full-time students,60
E05013529,North Hanwell,19,Other ethnic group: Any other ethnic group,-8,Does not apply,129
E05013529,North Hanwell,19,Other ethnic group: Any other ethnic group,1,L1 and L2: Large employers and higher managerial and administrative occupations,14
E05013529,North Hanwell,19,Other ethnic group: Any other ethnic group,2,L3: Higher professional occupations,44
E05013529,North Hanwell,19,Other ethnic group: Any other ethnic group,3,"L4, L5 and L6: Lower managerial, administrative and professional occupations",86
E05013529,North Hanwell,19,Other ethnic group: Any other ethnic group,4,L7: Intermediate occupations,47
E05013529,North Hanwell,19,Other ethnic group: Any other ethnic group,5,L8 and L9: Small employers and own account workers,80
E05013529,North Hanwell,19,Other ethnic group: Any other ethnic group,6,L10 and L11: Lower supervisory and technical occupations,32
E05013529,North Hanwell,19,Other ethnic group: Any other ethnic group,7,L12: Semi-routine occupations,52
E05013529,North Hanwell,19,Other ethnic group: Any other ethnic group,8,L13: Routine occupations,54
E05013529,North Hanwell,19,Other ethnic group: Any other ethnic group,9,L14.1: Never worked,114
E05013529,North Hanwell,19,Other ethnic group: Any other ethnic group,10,L14.2: Long-term unemployed,14
E05013529,North Hanwell,19,Other ethnic group: Any other ethnic group,11,L15: Full-time students,80
E05013531,Northolt Mandeville,-8,Does not apply,-8,Does not apply,0
E05013531,Northolt Mandeville,-8,Does not apply,1,L1 and L2: Large employers and higher managerial and administrative occupations,0
E05013531,Northolt Mandeville,-8,Does not apply,2,L3: Higher professional occupations,0
E05013531,Northolt Mandeville,-8,Does not apply,3,"L4, L5 and L6: Lower managerial, administrative and professional occupations",0
E05013531,Northolt Mandeville,-8,Does not apply,4,L7: Intermediate occupations,0
E05013531,Northolt Mandeville,-8,Does not apply,5,L8 and L9: Small employers and own account workers,0
E05013531,Northolt Mandeville,-8,Does not apply,6,L10 and L11: Lower supervisory and technical occupations,0
E05013531,Northolt Mandeville,-8,Does not apply,7,L12: Semi-routine occupations,0
E05013531,Northolt Mandeville,-8,Does not apply,8,L13: Routine occupations,0
E05013531,Northolt Mandeville,-8,Does not apply,9,L14.1: Never worked,0
E05013531,Northolt Mandeville,-8,Does not apply,10,L14.2: Long-term unemployed,0
E05013531,Northolt Mandeville,-8,Does not apply,11,L15: Full-time students,0
E05013531,Northolt Mandeville,1,"Asian, Asian British or Asian Welsh: Bangladeshi",-8,Does not apply,27
E05013531,Northolt Mandeville,1,"Asian, Asian British or Asian Welsh: Bangladeshi",1,L1 and L2: Large employers and higher managerial and administrative occupations,2
E05013531,Northolt Mandeville,1,"Asian, Asian British or Asian Welsh: Bangladeshi",2,L3: Higher professional occupations,6
E05013531,Northolt Mandeville,1,"Asian, Asian British or Asian Welsh: Bangladeshi",3,"L4, L5 and L6: Lower managerial, administrative and professional occupations",13
E05013531,Northolt Mandeville,1,"Asian, Asian British or Asian Welsh: Bangladeshi",4,L7: Intermediate occupations,8
E05013531,Northolt Mandeville,1,"Asian, Asian British or Asian Welsh: Bangladeshi",5,L8 and L9: Small employers and own account workers,10
E05013531,Northolt Mandeville,1,"Asian, Asian British or Asian Welsh: Bangladeshi",6,L10 and L11: Lower supervisory and technical occupations,3
E05013531,Northolt Mandeville,1,"Asian, Asian British or Asian Welsh: Bangladeshi",7,L12: Semi-routine occupations,5
E05013531,Northolt Mandeville,1,"Asian, Asian British or Asian Welsh: Bangladeshi",8,L13: Routine occupations,10
E05013531,Northolt Mandeville,1,"Asian, Asian British or Asian Welsh: Bangladeshi",9,L14.1: Never worked,8
E05013531,Northolt Mandeville,1,"Asian, Asian British or Asian Welsh: Bangladeshi",10,L14.2: Long-term unemployed,4
E05013531,Northolt Mandeville,1,"Asian, Asian British or Asian Welsh: Bangladeshi",11,L15: Full-time students,7
E05013531,Northolt Mandeville,2,"Asian, Asian British or Asian Welsh: Chinese",-8,Does not apply,13
E05013531,Northolt Mandeville,2,"Asian, Asian British or Asian Welsh: Chinese",1,L1 and L2: Large employers and higher managerial and administrative occupations,6
E05013531,Northolt Mandeville,2,"Asian, Asian British or Asian Welsh: Chinese",2,L3: Higher professional occupations,36
E05013531,Northolt Mandeville,2,"Asian, Asian British or Asian Welsh: Chinese",3,"L4, L5 and L6: Lower managerial, administrative and professional occupations",44
E05013531,Northolt Mandeville,2,"Asian, Asian British or Asian Welsh: Chinese",4,L7: Intermediate occupations,17
E05013531,Northolt Mandeville,2,"Asian, Asian British or Asian Welsh: Chinese",5,L8 and L9: Small employers and own account workers,7
E05013531,Northolt Mandeville,2,"Asian, Asian British or Asian Welsh: Chinese",6,L10 and L11: Lower supervisory and technical occupations,9
E05013531,Northolt Mandeville,2,"Asian, Asian British or Asian Welsh: Chinese",7,L12: Semi-routine occupations,10
E05013531,Northolt Mandeville,2,"Asian, Asian British or Asian Welsh: Chinese",8,L13: Routine occupations,19
E05013531,Northolt Mandeville,2,"Asian, Asian British or Asian Welsh: Chinese",9,L14.1: Never worked,16
E05013531,Northolt Mandeville,2,"Asian, Asian British or Asian Welsh: Chinese",10,L14.2: Long-term unemployed,2
E05013531,Northolt Mandeville,2,"Asian, Asian British or Asian Welsh: Chinese",11,L15: Full-time students,3
E05013531,Northolt Mandeville,3,"Asian, Asian British or Asian Welsh: Indian",-8,Does not apply,286
E05013531,Northolt Mandeville,3,"Asian, Asian British or Asian Welsh: Indian",1,L1 and L2: Large employers and higher managerial and administrative occupations,56
E05013531,Northolt Mandeville,3,"Asian, Asian British or Asian Welsh: Indian",2,L3: Higher professional occupations,139
E05013531,Northolt Mandeville,3,"Asian, Asian British or Asian Welsh: Indian",3,"L4, L5 and L6: Lower managerial, administrative and professional occupations",286
E05013531,Northolt Mandeville,3,"Asian, Asian British or Asian Welsh: Indian",4,L7: Intermediate occupations,161
E05013531,Northolt Mandeville,3,"Asian, Asian British or Asian Welsh: Indian",5,L8 and L9: Small employers and own account workers,90
E05013531,Northolt Mandeville,3,"Asian, Asian British or Asian Welsh: Indian",6,L10 and L11: Lower supervisory and technical occupations,56
E05013531,Northolt Mandeville,3,"Asian, Asian British or Asian Welsh: Indian",7,L12: Semi-routine occupations,122
E05013531,Northolt Mandeville,3,"Asian, Asian British or Asian Welsh: Indian",8,L13: Routine occupations,133
E05013531,Northolt Mandeville,3,"Asian, Asian British or Asian Welsh: Indian",9,L14.1: Never worked,128
E05013531,Northolt Mandeville,3,"Asian, Asian British or Asian Welsh: Indian",10,L14.2: Long-term unemployed,21
E05013531,Northolt Mandeville,3,"Asian, Asian British or Asian Welsh: Indian",11,L15: Full-time students,132
E05013531,Northolt Mandeville,4,"Asian, Asian British or Asian Welsh: Pakistani",-8,Does not apply,178
E05013531,Northolt Mandeville,4,"Asian, Asian British or Asian Welsh: Pakistani",1,L1 and L2: Large employers and higher managerial and administrative occupations,15
E05013531,Northolt Mandeville,4,"Asian, Asian British or Asian Welsh: Pakistani",2,L3: Higher professional occupations,34
E05013531,Northolt Mandeville,4,"Asian, Asian British or Asian Welsh: Pakistani",3,"L4, L5 and L6: Lower managerial, administrative and professional occupations",73
E05013531,Northolt Mandeville,4,"Asian, Asian British or Asian Welsh: Pakistani",4,L7: Intermediate occupations,48
E05013531,Northolt Mandeville,4,"Asian, Asian British or Asian Welsh: Pakistani",5,L8 and L9: Small employers and own account workers,56
E05013531,Northolt Mandeville,4,"Asian, Asian British or Asian Welsh: Pakistani",6,L10 and L11: Lower supervisory and technical occupations,13
E05013531,Northolt Mandeville,4,"Asian, Asian British or Asian Welsh: Pakistani",7,L12: Semi-routine occupations,42
E05013531,Northolt Mandeville,4,"Asian, Asian British or Asian Welsh: Pakistani",8,L13: Routine occupations,36
E05013531,Northolt Mandeville,4,"Asian, Asian British or Asian Welsh: Pakistani",9,L14.1: Never worked,76
E05013531,Northolt Mandeville,4,"Asian, Asian British or Asian Welsh: Pakistani",10,L14.2: Long-term unemployed,9
E05013531,Northolt Mandeville,4,"Asian, Asian British or Asian Welsh: Pakistani",11,L15: Full-time students,76
E05013531,Northolt Mandeville,5,"Asian, Asian British or Asian Welsh: Other Asian",-8,Does not apply,534
E05013531,Northolt Mandeville,5,"Asian, Asian British or Asian Welsh: Other Asian",1,L1 and L2: Large employers and higher managerial and administrative occupations,21
E05013531,Northolt Mandeville,5,"Asian, Asian British or Asian Welsh: Other Asian",2,L3: Higher professional occupations,132
E05013531,Northolt Mandeville,5,"Asian, Asian British or Asian Welsh: Other Asian",3,"L4, L5 and L6: Lower managerial, administrative and professional occupations",276
E05013531,Northolt Mandeville,5,"Asian, Asian British or Asian Welsh: Other Asian",4,L7: Intermediate occupations,150
E05013531,Northolt Mandeville,5,"Asian, Asian British or Asian Welsh: Other Asian",5,L8 and L9: Small employers and own account workers,152
E05013531,Northolt Mandeville,5,"Asian, Asian British or Asian Welsh: Other Asian",6,L10 and L11: Lower supervisory and technical occupations,111
E05013531,Northolt Mandeville,5,"Asian, Asian British or Asian Welsh: Other Asian",7,L12: Semi-routine occupations,333
E05013531,Northolt Mandeville,5,"Asian, Asian British or Asian Welsh: Other Asian",8,L13: Routine occupations,242
E05013531,Northolt Mandeville,5,"Asian, Asian British or Asian Welsh: Other Asian",9,L14.1: Never worked,257
E05013531,Northolt Mandeville,5,"Asian, Asian British or Asian Welsh: Other Asian",10,L14.2: Long-term unemployed,21
E05013531,Northolt Mandeville,5,"Asian, Asian British or Asian Welsh: Other Asian",11,L15: Full-time students,238
E05013531,Northolt Mandeville,6,"Black, Black British, Black Welsh, Caribbean or African: African",-8,Does not apply,399
E05013531,Northolt Mandeville,6,"Black, Black British, Black Welsh, Caribbean or African: African",1,L1 and L2: Large employers and higher managerial and administrative occupations,21
E05013531,Northolt Mandeville,6,"Black, Black British, Black Welsh, Caribbean or African: African",2,L3: Higher professional occupations,72
E05013531,Northolt Mandeville,6,"Black, Black British, Black Welsh, Caribbean or African: African",3,"L4, L5 and L6: Lower managerial, administrative and professional occupations",156
E05013531,Northolt Mandeville,6,"Black, Black British, Black Welsh, Caribbean or African: African",4,L7: Intermediate occupations,90
E05013531,Northolt Mandeville,6,"Black, Black British, Black Welsh, Caribbean or African: African",5,L8 and L9: Small employers and own account workers,82
E05013531,Northolt Mandeville,6,"Black, Black British, Black Welsh, Caribbean or African: African",6,L10 and L11: Lower supervisory and technical occupations,36
E05013531,Northolt Mandeville,6,"Black, Black British, Black Welsh, Caribbean or African: African",7,L12: Semi-routine occupations,109
E05013531,Northolt Mandeville,6,"Black, Black British, Black Welsh, Caribbean or African: African",8,L13: Routine occupations,87
E05013531,Northolt Mandeville,6,"Black, Black British, Black Welsh, Caribbean or African: African",9,L14.1: Never worked,125
E05013531,Northolt Mandeville,6,"Black, Black British, Black Welsh, Caribbean or African: African",10,L14.2: Long-term unemployed,27
E05013531,Northolt Mandeville,6,"Black, Black British, Black Welsh, Caribbean or African: African",11,L15: Full-time students,138
E05013531,Northolt Mandeville,7,"Black, Black British, Black Welsh, Caribbean or African: Caribbean",-8,Does not apply,189
E05013531,Northolt Mandeville,7,"Black, Black British, Black Welsh, Caribbean or African: Caribbean",1,L1 and L2: Large employers and higher managerial and administrative occupations,18
E05013531,Northolt Mandeville,7,"Black, Black British, Black Welsh, Caribbean or African: Caribbean",2,L3: Higher professional occupations,54
E05013531,Northolt Mandeville,7,"Black, Black British, Black Welsh, Caribbean or African: Caribbean",3,"L4, L5 and L6: Lower managerial, administrative and professional occupations",183
E05013531,Northolt Mandeville,7,"Black, Black British, Black Welsh, Caribbean or African: Caribbean",4,L7: Intermediate occupations,142
E05013531,Northolt Mandeville,7,"Black, Black British, Black Welsh, Caribbean or African: Caribbean",5,L8 and L9: Small employers and own account workers,51
E05013531,Northolt Mandeville,7,"Black, Black British, Black Welsh, Caribbean or African: Caribbean",6,L10 and L11: Lower supervisory and technical occupations,43
E05013531,Northolt Mandeville,7,"Black, Black British, Black Welsh, Caribbean or African: Caribbean",7,L12: Semi-routine occupations,117
E05013531,Northolt Mandeville,7,"Black, Black British, Black Welsh, Caribbean or African: Caribbean",8,L13: Routine occupations,97
E05013531,Northolt Mandeville,7,"Black, Black British, Black Welsh, Caribbean or African: Caribbean",9,L14.1: Never worked,67
E05013531,Northolt Mandeville,7,"Black, Black British, Black Welsh, Caribbean or African: Caribbean",10,L14.2: Long-term unemployed,21
E05013531,Northolt Mandeville,7,"Black, Black British, Black Welsh, Caribbean or African: Caribbean",11,L15: Full-time students,63
E05013531,Northolt Mandeville,8,"Black, Black British, Black Welsh, Caribbean or African: Other Black",-8,Does not apply,101
E05013531,Northolt Mandeville,8,"Black, Black British, Black Welsh, Caribbean or African: Other Black",1,L1 and L2: Large employers and higher managerial and administrative occupations,5
E05013531,Northolt Mandeville,8,"Black, Black British, Black Welsh, Caribbean or African: Other Black",2,L3: Higher professional occupations,11
E05013531,Northolt Mandeville,8,"Black, Black British, Black Welsh, Caribbean or African: Other Black",3,"L4, L5 and L6: Lower managerial, administrative and professional occupations",30
E05013531,Northolt Mandeville,8,"Black, Black British, Black Welsh, Caribbean or African: Other Black",4,L7: Intermediate occupations,17
E05013531,Northolt Mandeville,8,"Black, Black British, Black Welsh, Caribbean or African: Other Black",5,L8 and L9: Small employers and own account workers,10
E05013531,Northolt Mandeville,8,"Black, Black British, Black Welsh, Caribbean or African: Other Black",6,L10 and L11: Lower supervisory and technical occupations,4
E05013531,Northolt Mandeville,8,"Black, Black British, Black Welsh, Caribbean or African: Other Black",7,L12: Semi-routine occupations,16
E05013531,Northolt Mandeville,8,"Black, Black British, Black Welsh, Caribbean or African: Other Black",8,L13: Routine occupations,18
E05013531,Northolt Mandeville,8,"Black, Black British, Black Welsh, Caribbean or African: Other Black",9,L14.1: Never worked,17
E05013531,Northolt Mandeville,8,"Black, Black British, Black Welsh, Caribbean or African: Other Black",10,L14.2: Long-term unemployed,4
E05013531,Northolt Mandeville,8,"Black, Black British, Black Welsh, Caribbean or African: Other Black",11,L15: Full-time students,33
E05013531,Northolt Mandeville,9,Mixed or Multiple ethnic groups: White and Asian,-8,Does not apply,98
E05013531,Northolt Mandeville,9,Mixed or Multiple ethnic groups: White and Asian,1,L1 and L2: Large employers and higher managerial and administrative occupations,2
E05013531,Northolt Mandeville,9,Mixed or Multiple ethnic groups: White and Asian,2,L3: Higher professional occupations,6
E05013531,Northolt Mandeville,9,Mixed or Multiple ethnic groups: White and Asian,3,"L4, L5 and L6: Lower managerial, administrative and professional occupations",23
E05013531,Northolt Mandeville,9,Mixed or Multiple ethnic groups: White and Asian,4,L7: Intermediate occupations,7
E05013531,Northolt Mandeville,9,Mixed or Multiple ethnic groups: White and Asian,5,L8 and L9: Small employers and own account workers,7
E05013531,Northolt Mandeville,9,Mixed or Multiple ethnic groups: White and Asian,6,L10 and L11: Lower supervisory and technical occupations,3
E05013531,Northolt Mandeville,9,Mixed or Multiple ethnic groups: White and Asian,7,L12: Semi-routine occupations,10
E05013531,Northolt Mandeville,9,Mixed or Multiple ethnic groups: White and Asian,8,L13: Routine occupations,5
E05013531,Northolt Mandeville,9,Mixed or Multiple ethnic groups: White and Asian,9,L14.1: Never worked,12
E05013531,Northolt Mandeville,9,Mixed or Multiple ethnic groups: White and Asian,10,L14.2: Long-term unemployed,3
E05013531,Northolt Mandeville,9,Mixed or Multiple ethnic groups: White and Asian,11,L15: Full-time students,12
E05013531,Northolt Mandeville,10,Mixed or Multiple ethnic groups: White and Black African,-8,Does not apply,49
E05013531,Northolt Mandeville,10,Mixed or Multiple ethnic groups: White and Black African,1,L1 and L2: Large employers and higher managerial and administrative occupations,0
E05013531,Northolt Mandeville,10,Mixed or Multiple ethnic groups: White and Black African,2,L3: Higher professional occupations,2
E05013531,Northolt Mandeville,10,Mixed or Multiple ethnic groups: White and Black African,3,"L4, L5 and L6: Lower managerial, administrative and professional occupations",9
E05013531,Northolt Mandeville,10,Mixed or Multiple ethnic groups: White and Black African,4,L7: Intermediate occupations,9
E05013531,Northolt Mandeville,10,Mixed or Multiple ethnic groups: White and Black African,5,L8 and L9: Small employers and own account workers,2
E05013531,Northolt Mandeville,10,Mixed or Multiple ethnic groups: White and Black African,6,L10 and L11: Lower supervisory and technical occupations,2
E05013531,Northolt Mandeville,10,Mixed or Multiple ethnic groups: White and Black African,7,L12: Semi-routine occupations,5
E05013531,Northolt Mandeville,10,Mixed or Multiple ethnic groups: White and Black African,8,L13: Routine occupations,12
E05013531,Northolt Mandeville,10,Mixed or Multiple ethnic groups: White and Black African,9,L14.1: Never worked,8
E05013531,Northolt Mandeville,10,Mixed or Multiple ethnic groups: White and Black African,10,L14.2: Long-term unemployed,2
E05013531,Northolt Mandeville,10,Mixed or Multiple ethnic groups: White and Black African,11,L15: Full-time students,17
E05013531,Northolt Mandeville,11,Mixed or Multiple ethnic groups: White and Black Caribbean,-8,Does not apply,147
E05013531,Northolt Mandeville,11,Mixed or Multiple ethnic groups: White and Black Caribbean,1,L1 and L2: Large employers and higher managerial and administrative occupations,7
E05013531,Northolt Mandeville,11,Mixed or Multiple ethnic groups: White and Black Caribbean,2,L3: Higher professional occupations,9
E05013531,Northolt Mandeville,11,Mixed or Multiple ethnic groups: White and Black Caribbean,3,"L4, L5 and L6: Lower managerial, administrative and professional occupations",20
E05013531,Northolt Mandeville,11,Mixed or Multiple ethnic groups: White and Black Caribbean,4,L7: Intermediate occupations,25
E05013531,Northolt Mandeville,11,Mixed or Multiple ethnic groups: White and Black Caribbean,5,L8 and L9: Small employers and own account workers,9
E05013531,Northolt Mandeville,11,Mixed or Multiple ethnic groups: White and Black Caribbean,6,L10 and L11: Lower supervisory and technical occupations,7
E05013531,Northolt Mandeville,11,Mixed or Multiple ethnic groups: White and Black Caribbean,7,L12: Semi-routine occupations,23
E05013531,Northolt Mandeville,11,Mixed or Multiple ethnic groups: White and Black Caribbean,8,L13: Routine occupations,21
E05013531,Northolt Mandeville,11,Mixed or Multiple ethnic groups: White and Black Caribbean,9,L14.1: Never worked,24
E05013531,Northolt Mandeville,11,Mixed or Multiple ethnic groups: White and Black Caribbean,10,L14.2: Long-term unemployed,4
E05013531,Northolt Mandeville,11,Mixed or Multiple ethnic groups: White and Black Caribbean,11,L15: Full-time students,24
E05013531,Northolt Mandeville,12,Mixed or Multiple ethnic groups: Other Mixed or Multiple ethnic groups,-8,Does not apply,111
E05013531,Northolt Mandeville,12,Mixed or Multiple ethnic groups: Other Mixed or Multiple ethnic groups,1,L1 and L2: Large employers and higher managerial and administrative occupations,4
E05013531,Northolt Mandeville,12,Mixed or Multiple ethnic groups: Other Mixed or Multiple ethnic groups,2,L3: Higher professional occupations,13
E05013531,Northolt Mandeville,12,Mixed or Multiple ethnic groups: Other Mixed or Multiple ethnic groups,3,"L4, L5 and L6: Lower managerial, administrative and professional occupations",26
E05013531,Northolt Mandeville,12,Mixed or Multiple ethnic groups: Other Mixed or Multiple ethnic groups,4,L7: Intermediate occupations,12
E05013531,Northolt Mandeville,12,Mixed or Multiple ethnic groups: Other Mixed or Multiple ethnic groups,5,L8 and L9: Small employers and own account workers,12
E05013531,Northolt Mandeville,12,Mixed or Multiple ethnic groups: Other Mixed or Multiple ethnic groups,6,L10 and L11: Lower supervisory and technical occupations,7
E05013531,Northolt Mandeville,12,Mixed or Multiple ethnic groups: Other Mixed or Multiple ethnic groups,7,L12: Semi-routine occupations,10
E05013531,Northolt Mandeville,12,Mixed or Multiple ethnic groups: Other Mixed or Multiple ethnic groups,8,L13: Routine occupations,13
E05013531,Northolt Mandeville,12,Mixed or Multiple ethnic groups: Other Mixed or Multiple ethnic groups,9,L14.1: Never worked,11
E05013531,Northolt Mandeville,12,Mixed or Multiple ethnic groups: Other Mixed or Multiple ethnic groups,10,L14.2: Long-term unemployed,3
E05013531,Northolt Mandeville,12,Mixed or Multiple ethnic groups: Other Mixed or Multiple ethnic groups,11,L15: Full-time students,22
E05013531,Northolt Mandeville,13,"White: English, Welsh, Scottish, Northern Irish or British",-8,Does not apply,672
E05013531,Northolt Mandeville,13,"White: English, Welsh, Scottish, Northern Irish or British",1,L1 and L2: Large employers and higher managerial and administrative occupations,90
E05013531,Northolt Mandeville,13,"White: English, Welsh, Scottish, Northern Irish or British",2,L3: Higher professional occupations,211
E05013531,Northolt Mandeville,13,"White: English, Welsh, Scottish, Northern Irish or British",3,"L4, L5 and L6: Lower managerial, administrative and professional occupations",550
E05013531,Northolt Mandeville,13,"White: English, Welsh, Scottish, Northern Irish or British",4,L7: Intermediate occupations,407
E05013531,Northolt Mandeville,13,"White: English, Welsh, Scottish, Northern Irish or British",5,L8 and L9: Small employers and own account workers,373
E05013531,Northolt Mandeville,13,"White: English, Welsh, Scottish, Northern Irish or British",6,L10 and L11: Lower supervisory and technical occupations,193
E05013531,Northolt Mandeville,13,"White: English, Welsh, Scottish, Northern Irish or British",7,L12: Semi-routine occupations,383
E05013531,Northolt Mandeville,13,"White: English, Welsh, Scottish, Northern Irish or British",8,L13: Routine occupations,473
E05013531,Northolt Mandeville,13,"White: English, Welsh, Scottish, Northern Irish or British",9,L14.1: Never worked,365
E05013531,Northolt Mandeville,13,"White: English, Welsh, Scottish, Northern Irish or British",10,L14.2: Long-term unemployed,57
E05013531,Northolt Mandeville,13,"White: English, Welsh, Scottish, Northern Irish or British",11,L15: Full-time students,169
E05013531,Northolt Mandeville,14,White: Irish,-8,Does not apply,14
E05013531,Northolt Mandeville,14,White: Irish,1,L1 and L2: Large employers and higher managerial and administrative occupations,13
E05013531,Northolt Mandeville,14,White: Irish,2,L3: Higher professional occupations,18
E05013531,Northolt Mandeville,14,White: Irish,3,"L4, L5 and L6: Lower managerial, administrative and professional occupations",47
E05013531,Northolt Mandeville,14,White: Irish,4,L7: Intermediate occupations,30
E05013531,Northolt Mandeville,14,White: Irish,5,L8 and L9: Small employers and own account workers,51
E05013531,Northolt Mandeville,14,White: Irish,6,L10 and L11: Lower supervisory and technical occupations,15
E05013531,Northolt Mandeville,14,White: Irish,7,L12: Semi-routine occupations,39
E05013531,Northolt Mandeville,14,White: Irish,8,L13: Routine occupations,41
E05013531,Northolt Mandeville,14,White: Irish,9,L14.1: Never worked,23
E05013531,Northolt Mandeville,14,White: Irish,10,L14.2: Long-term unemployed,4
E05013531,Northolt Mandeville,14,White: Irish,11,L15: Full-time students,5
E05013531,Northolt Mandeville,15,White: Gypsy or Irish Traveller,-8,Does not apply,8
E05013531,Northolt Mandeville,15,White: Gypsy or Irish Traveller,1,L1 and L2: Large employers and higher managerial and administrative occupations,0
E05013531,Northolt Mandeville,15,White: Gypsy or Irish Traveller,2,L3: Higher professional occupations,0
E05013531,Northolt Mandeville,15,White: Gypsy or Irish Traveller,3,"L4, L5 and L6: Lower managerial, administrative and professional occupations",0
E05013531,Northolt Mandeville,15,White: Gypsy or Irish Traveller,4,L7: Intermediate occupations,0
E05013531,Northolt Mandeville,15,White: Gypsy or Irish Traveller,5,L8 and L9: Small employers and own account workers,0
E05013531,Northolt Mandeville,15,White: Gypsy or Irish Traveller,6,L10 and L11: Lower supervisory and technical occupations,0
E05013531,Northolt Mandeville,15,White: Gypsy or Irish Traveller,7,L12: Semi-routine occupations,0
E05013531,Northolt Mandeville,15,White: Gypsy or Irish Traveller,8,L13: Routine occupations,0
E05013531,Northolt Mandeville,15,White: Gypsy or Irish Traveller,9,L14.1: Never worked,10
E05013531,Northolt Mandeville,15,White: Gypsy or Irish Traveller,10,L14.2: Long-term unemployed,0
E05013531,Northolt Mandeville,15,White: Gypsy or Irish Traveller,11,L15: Full-time students,0
E05013531,Northolt Mandeville,16,White: Roma,-8,Does not apply,10
E05013531,Northolt Mandeville,16,White: Roma,1,L1 and L2: Large employers and higher managerial and administrative occupations,2
E05013531,Northolt Mandeville,16,White: Roma,2,L3: Higher professional occupations,0
E05013531,Northolt Mandeville,16,White: Roma,3,"L4, L5 and L6: Lower managerial, administrative and professional occupations",0
E05013531,Northolt Mandeville,16,White: Roma,4,L7: Intermediate occupations,3
E05013531,Northolt Mandeville,16,White: Roma,5,L8 and L9: Small employers and own account workers,17
E05013531,Northolt Mandeville,16,White: Roma,6,L10 and L11: Lower supervisory and technical occupations,3
E05013531,Northolt Mandeville,16,White: Roma,7,L12: Semi-routine occupations,4
E05013531,Northolt Mandeville,16,White: Roma,8,L13: Routine occupations,5
E05013531,Northolt Mandeville,16,White: Roma,9,L14.1: Never worked,5
E05013531,Northolt Mandeville,16,White: Roma,10,L14.2: Long-term unemployed,1
E05013531,Northolt Mandeville,16,White: Roma,11,L15: Full-time students,3
E05013531,Northolt Mandeville,17,White: Other White,-8,Does not apply,499
E05013531,Northolt Mandeville,17,White: Other White,1,L1 and L2: Large employers and higher managerial and administrative occupations,52
E05013531,Northolt Mandeville,17,White: Other White,2,L3: Higher professional occupations,102
E05013531,Northolt Mandeville,17,White: Other White,3,"L4, L5 and L6: Lower managerial, administrative and professional occupations",305
E05013531,Northolt Mandeville,17,White: Other White,4,L7: Intermediate occupations,153
E05013531,Northolt Mandeville,17,White: Other White,5,L8 and L9: Small employers and own account workers,724
E05013531,Northolt Mandeville,17,White: Other White,6,L10 and L11: Lower supervisory and technical occupations,113
E05013531,Northolt Mandeville,17,White: Other White,7,L12: Semi-routine occupations,160
E05013531,Northolt Mandeville,17,White: Other White,8,L13: Routine occupations,319
E05013531,Northolt Mandeville,17,White: Other White,9,L14.1: Never worked,115
E05013531,Northolt Mandeville,17,White: Other White,10,L14.2: Long-term unemployed,26
E05013531,Northolt Mandeville,17,White: Other White,11,L15: Full-time students,241
E05013531,Northolt Mandeville,18,Other ethnic group: Arab,-8,Does not apply,183
E05013531,Northolt Mandeville,18,Other ethnic group: Arab,1,L1 and L2: Large employers and higher managerial and administrative occupations,5
E05013531,Northolt Mandeville,18,Other ethnic group: Arab,2,L3: Higher professional occupations,51
E05013531,Northolt Mandeville,18,Other ethnic group: Arab,3,"L4, L5 and L6: Lower managerial, administrative and professional occupations",80
E05013531,Northolt Mandeville,18,Other ethnic group: Arab,4,L7: Intermediate occupations,33
E05013531,Northolt Mandeville,18,Other ethnic group: Arab,5,L8 and L9: Small employers and own account workers,51
E05013531,Northolt Mandeville,18,Other ethnic group: Arab,6,L10 and L11: Lower supervisory and technical occupations,9
E05013531,Northolt Mandeville,18,Other ethnic group: Arab,7,L12: Semi-routine occupations,28
E05013531,Northolt Mandeville,18,Other ethnic group: Arab,8,L13: Routine occupations,35
E05013531,Northolt Mandeville,18,Other ethnic group: Arab,9,L14.1: Never worked,121
E05013531,Northolt Mandeville,18,Other ethnic group: Arab,10,L14.2: Long-term unemployed,5
E05013531,Northolt Mandeville,18,Other ethnic group: Arab,11,L15: Full-time students,121
E05013531,Northolt Mandeville,19,Other ethnic group: Any other ethnic group,-8,Does not apply,234
E05013531,Northolt Mandeville,19,Other ethnic group: Any other ethnic group,1,L1 and L2: Large employers and higher managerial and administrative occupations,24
E05013531,Northolt Mandeville,19,Other ethnic group: Any other ethnic group,2,L3: Higher professional occupations,56
E05013531,Northolt Mandeville,19,Other ethnic group: Any other ethnic group,3,"L4, L5 and L6: Lower managerial, administrative and professional occupations",124
E05013531,Northolt Mandeville,19,Other ethnic group: Any other ethnic group,4,L7: Intermediate occupations,77
E05013531,Northolt Mandeville,19,Other ethnic group: Any other ethnic group,5,L8 and L9: Small employers and own account workers,86
E05013531,Northolt Mandeville,19,Other ethnic group: Any other ethnic group,6,L10 and L11: Lower supervisory and technical occupations,40
E05013531,Northolt Mandeville,19,Other ethnic group: Any other ethnic group,7,L12: Semi-routine occupations,128
E05013531,Northolt Mandeville,19,Other ethnic group: Any other ethnic group,8,L13: Routine occupations,89
E05013531,Northolt Mandeville,19,Other ethnic group: Any other ethnic group,9,L14.1: Never worked,149
E05013531,Northolt Mandeville,19,Other ethnic group: Any other ethnic group,10,L14.2: Long-term unemployed,18
E05013531,Northolt Mandeville,19,Other ethnic group: Any other ethnic group,11,L15: Full-time students,84
E05013532,Northolt West End,-8,Does not apply,-8,Does not apply,0
E05013532,Northolt West End,-8,Does not apply,1,L1 and L2: Large employers and higher managerial and administrative occupations,0
E05013532,Northolt West End,-8,Does not apply,2,L3: Higher professional occupations,0
E05013532,Northolt West End,-8,Does not apply,3,"L4, L5 and L6: Lower managerial, administrative and professional occupations",0
E05013532,Northolt West End,-8,Does not apply,4,L7: Intermediate occupations,0
E05013532,Northolt West End,-8,Does not apply,5,L8 and L9: Small employers and own account workers,0
E05013532,Northolt West End,-8,Does not apply,6,L10 and L11: Lower supervisory and technical occupations,0
E05013532,Northolt West End,-8,Does not apply,7,L12: Semi-routine occupations,0
E05013532,Northolt West End,-8,Does not apply,8,L13: Routine occupations,0
E05013532,Northolt West End,-8,Does not apply,9,L14.1: Never worked,0
E05013532,Northolt West End,-8,Does not apply,10,L14.2: Long-term unemployed,0
E05013532,Northolt West End,-8,Does not apply,11,L15: Full-time students,0
E05013532,Northolt West End,1,"Asian, Asian British or Asian Welsh: Bangladeshi",-8,Does not apply,35
E05013532,Northolt West End,1,"Asian, Asian British or Asian Welsh: Bangladeshi",1,L1 and L2: Large employers and higher managerial and administrative occupations,1
E05013532,Northolt West End,1,"Asian, Asian British or Asian Welsh: Bangladeshi",2,L3: Higher professional occupations,3
E05013532,Northolt West End,1,"Asian, Asian British or Asian Welsh: Bangladeshi",3,"L4, L5 and L6: Lower managerial, administrative and professional occupations",15
E05013532,Northolt West End,1,"Asian, Asian British or Asian Welsh: Bangladeshi",4,L7: Intermediate occupations,6
E05013532,Northolt West End,1,"Asian, Asian British or Asian Welsh: Bangladeshi",5,L8 and L9: Small employers and own account workers,14
E05013532,Northolt West End,1,"Asian, Asian British or Asian Welsh: Bangladeshi",6,L10 and L11: Lower supervisory and technical occupations,4
E05013532,Northolt West End,1,"Asian, Asian British or Asian Welsh: Bangladeshi",7,L12: Semi-routine occupations,3
E05013532,Northolt West End,1,"Asian, Asian British or Asian Welsh: Bangladeshi",8,L13: Routine occupations,14
E05013532,Northolt West End,1,"Asian, Asian British or Asian Welsh: Bangladeshi",9,L14.1: Never worked,17
E05013532,Northolt West End,1,"Asian, Asian British or Asian Welsh: Bangladeshi",10,L14.2: Long-term unemployed,1
E05013532,Northolt West End,1,"Asian, Asian British or Asian Welsh: Bangladeshi",11,L15: Full-time students,14
E05013532,Northolt West End,2,"Asian, Asian British or Asian Welsh: Chinese",-8,Does not apply,11
E05013532,Northolt West End,2,"Asian, Asian British or Asian Welsh: Chinese",1,L1 and L2: Large employers and higher managerial and administrative occupations,1
E05013532,Northolt West End,2,"Asian, Asian British or Asian Welsh: Chinese",2,L3: Higher professional occupations,15
E05013532,Northolt West End,2,"Asian, Asian British or Asian Welsh: Chinese",3,"L4, L5 and L6: Lower managerial, administrative and professional occupations",17
E05013532,Northolt West End,2,"Asian, Asian British or Asian Welsh: Chinese",4,L7: Intermediate occupations,13
E05013532,Northolt West End,2,"Asian, Asian British or Asian Welsh: Chinese",5,L8 and L9: Small employers and own account workers,10
E05013532,Northolt West End,2,"Asian, Asian British or Asian Welsh: Chinese",6,L10 and L11: Lower supervisory and technical occupations,6
E05013532,Northolt West End,2,"Asian, Asian British or Asian Welsh: Chinese",7,L12: Semi-routine occupations,8
E05013532,Northolt West End,2,"Asian, Asian British or Asian Welsh: Chinese",8,L13: Routine occupations,5
E05013532,Northolt West End,2,"Asian, Asian British or Asian Welsh: Chinese",9,L14.1: Never worked,7
E05013532,Northolt West End,2,"Asian, Asian British or Asian Welsh: Chinese",10,L14.2: Long-term unemployed,0
E05013532,Northolt West End,2,"Asian, Asian British or Asian Welsh: Chinese",11,L15: Full-time students,1
E05013532,Northolt West End,3,"Asian, Asian British or Asian Welsh: Indian",-8,Does not apply,281
E05013532,Northolt West End,3,"Asian, Asian British or Asian Welsh: Indian",1,L1 and L2: Large employers and higher managerial and administrative occupations,35
E05013532,Northolt West End,3,"Asian, Asian British or Asian Welsh: Indian",2,L3: Higher professional occupations,117
E05013532,Northolt West End,3,"Asian, Asian British or Asian Welsh: Indian",3,"L4, L5 and L6: Lower managerial, administrative and professional occupations",213
E05013532,Northolt West End,3,"Asian, Asian British or Asian Welsh: Indian",4,L7: Intermediate occupations,145
E05013532,Northolt West End,3,"Asian, Asian British or Asian Welsh: Indian",5,L8 and L9: Small employers and own account workers,100
E05013532,Northolt West End,3,"Asian, Asian British or Asian Welsh: Indian",6,L10 and L11: Lower supervisory and technical occupations,58
E05013532,Northolt West End,3,"Asian, Asian British or Asian Welsh: Indian",7,L12: Semi-routine occupations,133
E05013532,Northolt West End,3,"Asian, Asian British or Asian Welsh: Indian",8,L13: Routine occupations,142
E05013532,Northolt West End,3,"Asian, Asian British or Asian Welsh: Indian",9,L14.1: Never worked,151
E05013532,Northolt West End,3,"Asian, Asian British or Asian Welsh: Indian",10,L14.2: Long-term unemployed,13
E05013532,Northolt West End,3,"Asian, Asian British or Asian Welsh: Indian",11,L15: Full-time students,96
E05013532,Northolt West End,4,"Asian, Asian British or Asian Welsh: Pakistani",-8,Does not apply,230
E05013532,Northolt West End,4,"Asian, Asian British or Asian Welsh: Pakistani",1,L1 and L2: Large employers and higher managerial and administrative occupations,9
E05013532,Northolt West End,4,"Asian, Asian British or Asian Welsh: Pakistani",2,L3: Higher professional occupations,32
E05013532,Northolt West End,4,"Asian, Asian British or Asian Welsh: Pakistani",3,"L4, L5 and L6: Lower managerial, administrative and professional occupations",75
E05013532,Northolt West End,4,"Asian, Asian British or Asian Welsh: Pakistani",4,L7: Intermediate occupations,54
E05013532,Northolt West End,4,"Asian, Asian British or Asian Welsh: Pakistani",5,L8 and L9: Small employers and own account workers,63
E05013532,Northolt West End,4,"Asian, Asian British or Asian Welsh: Pakistani",6,L10 and L11: Lower supervisory and technical occupations,15
E05013532,Northolt West End,4,"Asian, Asian British or Asian Welsh: Pakistani",7,L12: Semi-routine occupations,65
E05013532,Northolt West End,4,"Asian, Asian British or Asian Welsh: Pakistani",8,L13: Routine occupations,55
E05013532,Northolt West End,4,"Asian, Asian British or Asian Welsh: Pakistani",9,L14.1: Never worked,112
E05013532,Northolt West End,4,"Asian, Asian British or Asian Welsh: Pakistani",10,L14.2: Long-term unemployed,16
E05013532,Northolt West End,4,"Asian, Asian British or Asian Welsh: Pakistani",11,L15: Full-time students,84
E05013532,Northolt West End,5,"Asian, Asian British or Asian Welsh: Other Asian",-8,Does not apply,550
E05013532,Northolt West End,5,"Asian, Asian British or Asian Welsh: Other Asian",1,L1 and L2: Large employers and higher managerial and administrative occupations,23
E05013532,Northolt West End,5,"Asian, Asian British or Asian Welsh: Other Asian",2,L3: Higher professional occupations,68
E05013532,Northolt West End,5,"Asian, Asian British or Asian Welsh: Other Asian",3,"L4, L5 and L6: Lower managerial, administrative and professional occupations",175
E05013532,Northolt West End,5,"Asian, Asian British or Asian Welsh: Other Asian",4,L7: Intermediate occupations,109
E05013532,Northolt West End,5,"Asian, Asian British or Asian Welsh: Other Asian",5,L8 and L9: Small employers and own account workers,165
E05013532,Northolt West End,5,"Asian, Asian British or Asian Welsh: Other Asian",6,L10 and L11: Lower supervisory and technical occupations,52
E05013532,Northolt West End,5,"Asian, Asian British or Asian Welsh: Other Asian",7,L12: Semi-routine occupations,225
E05013532,Northolt West End,5,"Asian, Asian British or Asian Welsh: Other Asian",8,L13: Routine occupations,183
E05013532,Northolt West End,5,"Asian, Asian British or Asian Welsh: Other Asian",9,L14.1: Never worked,270
E05013532,Northolt West End,5,"Asian, Asian British or Asian Welsh: Other Asian",10,L14.2: Long-term unemployed,24
E05013532,Northolt West End,5,"Asian, Asian British or Asian Welsh: Other Asian",11,L15: Full-time students,151
E05013532,Northolt West End,6,"Black, Black British, Black Welsh, Caribbean or African: African",-8,Does not apply,552
E05013532,Northolt West End,6,"Black, Black British, Black Welsh, Caribbean or African: African",1,L1 and L2: Large employers and higher managerial and administrative occupations,28
E05013532,Northolt West End,6,"Black, Black British, Black Welsh, Caribbean or African: African",2,L3: Higher professional occupations,56
E05013532,Northolt West End,6,"Black, Black British, Black Welsh, Caribbean or African: African",3,"L4, L5 and L6: Lower managerial, administrative and professional occupations",198
E05013532,Northolt West End,6,"Black, Black British, Black Welsh, Caribbean or African: African",4,L7: Intermediate occupations,119
E05013532,Northolt West End,6,"Black, Black British, Black Welsh, Caribbean or African: African",5,L8 and L9: Small employers and own account workers,117
E05013532,Northolt West End,6,"Black, Black British, Black Welsh, Caribbean or African: African",6,L10 and L11: Lower supervisory and technical occupations,32
E05013532,Northolt West End,6,"Black, Black British, Black Welsh, Caribbean or African: African",7,L12: Semi-routine occupations,182
E05013532,Northolt West End,6,"Black, Black British, Black Welsh, Caribbean or African: African",8,L13: Routine occupations,143
E05013532,Northolt West End,6,"Black, Black British, Black Welsh, Caribbean or African: African",9,L14.1: Never worked,216
E05013532,Northolt West End,6,"Black, Black British, Black Welsh, Caribbean or African: African",10,L14.2: Long-term unemployed,30
E05013532,Northolt West End,6,"Black, Black British, Black Welsh, Caribbean or African: African",11,L15: Full-time students,244
E05013532,Northolt West End,7,"Black, Black British, Black Welsh, Caribbean or African: Caribbean",-8,Does not apply,171
E05013532,Northolt West End,7,"Black, Black British, Black Welsh, Caribbean or African: Caribbean",1,L1 and L2: Large employers and higher managerial and administrative occupations,11
E05013532,Northolt West End,7,"Black, Black British, Black Welsh, Caribbean or African: Caribbean",2,L3: Higher professional occupations,35
E05013532,Northolt West End,7,"Black, Black British, Black Welsh, Caribbean or African: Caribbean",3,"L4, L5 and L6: Lower managerial, administrative and professional occupations",159
E05013532,Northolt West End,7,"Black, Black British, Black Welsh, Caribbean or African: Caribbean",4,L7: Intermediate occupations,143
E05013532,Northolt West End,7,"Black, Black British, Black Welsh, Caribbean or African: Caribbean",5,L8 and L9: Small employers and own account workers,51
E05013532,Northolt West End,7,"Black, Black British, Black Welsh, Caribbean or African: Caribbean",6,L10 and L11: Lower supervisory and technical occupations,44
E05013532,Northolt West End,7,"Black, Black British, Black Welsh, Caribbean or African: Caribbean",7,L12: Semi-routine occupations,100
E05013532,Northolt West End,7,"Black, Black British, Black Welsh, Caribbean or African: Caribbean",8,L13: Routine occupations,99
E05013532,Northolt West End,7,"Black, Black British, Black Welsh, Caribbean or African: Caribbean",9,L14.1: Never worked,63
E05013532,Northolt West End,7,"Black, Black British, Black Welsh, Caribbean or African: Caribbean",10,L14.2: Long-term unemployed,15
E05013532,Northolt West End,7,"Black, Black British, Black Welsh, Caribbean or African: Caribbean",11,L15: Full-time students,61
E05013532,Northolt West End,8,"Black, Black British, Black Welsh, Caribbean or African: Other Black",-8,Does not apply,158
E05013532,Northolt West End,8,"Black, Black British, Black Welsh, Caribbean or African: Other Black",1,L1 and L2: Large employers and higher managerial and administrative occupations,3
E05013532,Northolt West End,8,"Black, Black British, Black Welsh, Caribbean or African: Other Black",2,L3: Higher professional occupations,10
E05013532,Northolt West End,8,"Black, Black British, Black Welsh, Caribbean or African: Other Black",3,"L4, L5 and L6: Lower managerial, administrative and professional occupations",22
E05013532,Northolt West End,8,"Black, Black British, Black Welsh, Caribbean or African: Other Black",4,L7: Intermediate occupations,26
E05013532,Northolt West End,8,"Black, Black British, Black Welsh, Caribbean or African: Other Black",5,L8 and L9: Small employers and own account workers,9
E05013532,Northolt West End,8,"Black, Black British, Black Welsh, Caribbean or African: Other Black",6,L10 and L11: Lower supervisory and technical occupations,12
E05013532,Northolt West End,8,"Black, Black British, Black Welsh, Caribbean or African: Other Black",7,L12: Semi-routine occupations,18
E05013532,Northolt West End,8,"Black, Black British, Black Welsh, Caribbean or African: Other Black",8,L13: Routine occupations,17
E05013532,Northolt West End,8,"Black, Black British, Black Welsh, Caribbean or African: Other Black",9,L14.1: Never worked,13
E05013532,Northolt West End,8,"Black, Black British, Black Welsh, Caribbean or African: Other Black",10,L14.2: Long-term unemployed,4
E05013532,Northolt West End,8,"Black, Black British, Black Welsh, Caribbean or African: Other Black",11,L15: Full-time students,36
E05013532,Northolt West End,9,Mixed or Multiple ethnic groups: White and Asian,-8,Does not apply,72
E05013532,Northolt West End,9,Mixed or Multiple ethnic groups: White and Asian,1,L1 and L2: Large employers and higher managerial and administrative occupations,1
E05013532,Northolt West End,9,Mixed or Multiple ethnic groups: White and Asian,2,L3: Higher professional occupations,10
E05013532,Northolt West End,9,Mixed or Multiple ethnic groups: White and Asian,3,"L4, L5 and L6: Lower managerial, administrative and professional occupations",15
E05013532,Northolt West End,9,Mixed or Multiple ethnic groups: White and Asian,4,L7: Intermediate occupations,4
E05013532,Northolt West End,9,Mixed or Multiple ethnic groups: White and Asian,5,L8 and L9: Small employers and own account workers,5
E05013532,Northolt West End,9,Mixed or Multiple ethnic groups: White and Asian,6,L10 and L11: Lower supervisory and technical occupations,6
E05013532,Northolt West End,9,Mixed or Multiple ethnic groups: White and Asian,7,L12: Semi-routine occupations,6
E05013532,Northolt West End,9,Mixed or Multiple ethnic groups: White and Asian,8,L13: Routine occupations,8
E05013532,Northolt West End,9,Mixed or Multiple ethnic groups: White and Asian,9,L14.1: Never worked,13
E05013532,Northolt West End,9,Mixed or Multiple ethnic groups: White and Asian,10,L14.2: Long-term unemployed,2
E05013532,Northolt West End,9,Mixed or Multiple ethnic groups: White and Asian,11,L15: Full-time students,15
E05013532,Northolt West End,10,Mixed or Multiple ethnic groups: White and Black African,-8,Does not apply,53
E05013532,Northolt West End,10,Mixed or Multiple ethnic groups: White and Black African,1,L1 and L2: Large employers and higher managerial and administrative occupations,0
E05013532,Northolt West End,10,Mixed or Multiple ethnic groups: White and Black African,2,L3: Higher professional occupations,1
E05013532,Northolt West End,10,Mixed or Multiple ethnic groups: White and Black African,3,"L4, L5 and L6: Lower managerial, administrative and professional occupations",7
E05013532,Northolt West End,10,Mixed or Multiple ethnic groups: White and Black African,4,L7: Intermediate occupations,13
E05013532,Northolt West End,10,Mixed or Multiple ethnic groups: White and Black African,5,L8 and L9: Small employers and own account workers,9
E05013532,Northolt West End,10,Mixed or Multiple ethnic groups: White and Black African,6,L10 and L11: Lower supervisory and technical occupations,4
E05013532,Northolt West End,10,Mixed or Multiple ethnic groups: White and Black African,7,L12: Semi-routine occupations,7
E05013532,Northolt West End,10,Mixed or Multiple ethnic groups: White and Black African,8,L13: Routine occupations,2
E05013532,Northolt West End,10,Mixed or Multiple ethnic groups: White and Black African,9,L14.1: Never worked,9
E05013532,Northolt West End,10,Mixed or Multiple ethnic groups: White and Black African,10,L14.2: Long-term unemployed,1
E05013532,Northolt West End,10,Mixed or Multiple ethnic groups: White and Black African,11,L15: Full-time students,13
E05013532,Northolt West End,11,Mixed or Multiple ethnic groups: White and Black Caribbean,-8,Does not apply,221
E05013532,Northolt West End,11,Mixed or Multiple ethnic groups: White and Black Caribbean,1,L1 and L2: Large employers and higher managerial and administrative occupations,7
E05013532,Northolt West End,11,Mixed or Multiple ethnic groups: White and Black Caribbean,2,L3: Higher professional occupations,6
E05013532,Northolt West End,11,Mixed or Multiple ethnic groups: White and Black Caribbean,3,"L4, L5 and L6: Lower managerial, administrative and professional occupations",43
E05013532,Northolt West End,11,Mixed or Multiple ethnic groups: White and Black Caribbean,4,L7: Intermediate occupations,17
E05013532,Northolt West End,11,Mixed or Multiple ethnic groups: White and Black Caribbean,5,L8 and L9: Small employers and own account workers,7
E05013532,Northolt West End,11,Mixed or Multiple ethnic groups: White and Black Caribbean,6,L10 and L11: Lower supervisory and technical occupations,5
E05013532,Northolt West End,11,Mixed or Multiple ethnic groups: White and Black Caribbean,7,L12: Semi-routine occupations,37
E05013532,Northolt West End,11,Mixed or Multiple ethnic groups: White and Black Caribbean,8,L13: Routine occupations,20
E05013532,Northolt West End,11,Mixed or Multiple ethnic groups: White and Black Caribbean,9,L14.1: Never worked,13
E05013532,Northolt West End,11,Mixed or Multiple ethnic groups: White and Black Caribbean,10,L14.2: Long-term unemployed,4
E05013532,Northolt West End,11,Mixed or Multiple ethnic groups: White and Black Caribbean,11,L15: Full-time students,24
E05013532,Northolt West End,12,Mixed or Multiple ethnic groups: Other Mixed or Multiple ethnic groups,-8,Does not apply,150
E05013532,Northolt West End,12,Mixed or Multiple ethnic groups: Other Mixed or Multiple ethnic groups,1,L1 and L2: Large employers and higher managerial and administrative occupations,1
E05013532,Northolt West End,12,Mixed or Multiple ethnic groups: Other Mixed or Multiple ethnic groups,2,L3: Higher professional occupations,11
E05013532,Northolt West End,12,Mixed or Multiple ethnic groups: Other Mixed or Multiple ethnic groups,3,"L4, L5 and L6: Lower managerial, administrative and professional occupations",26
E05013532,Northolt West End,12,Mixed or Multiple ethnic groups: Other Mixed or Multiple ethnic groups,4,L7: Intermediate occupations,15
E05013532,Northolt West End,12,Mixed or Multiple ethnic groups: Other Mixed or Multiple ethnic groups,5,L8 and L9: Small employers and own account workers,9
E05013532,Northolt West End,12,Mixed or Multiple ethnic groups: Other Mixed or Multiple ethnic groups,6,L10 and L11: Lower supervisory and technical occupations,7
E05013532,Northolt West End,12,Mixed or Multiple ethnic groups: Other Mixed or Multiple ethnic groups,7,L12: Semi-routine occupations,13
E05013532,Northolt West End,12,Mixed or Multiple ethnic groups: Other Mixed or Multiple ethnic groups,8,L13: Routine occupations,9
E05013532,Northolt West End,12,Mixed or Multiple ethnic groups: Other Mixed or Multiple ethnic groups,9,L14.1: Never worked,15
E05013532,Northolt West End,12,Mixed or Multiple ethnic groups: Other Mixed or Multiple ethnic groups,10,L14.2: Long-term unemployed,4
E05013532,Northolt West End,12,Mixed or Multiple ethnic groups: Other Mixed or Multiple ethnic groups,11,L15: Full-time students,26
E05013532,Northolt West End,13,"White: English, Welsh, Scottish, Northern Irish or British",-8,Does not apply,728
E05013532,Northolt West End,13,"White: English, Welsh, Scottish, Northern Irish or British",1,L1 and L2: Large employers and higher managerial and administrative occupations,63
E05013532,Northolt West End,13,"White: English, Welsh, Scottish, Northern Irish or British",2,L3: Higher professional occupations,120
E05013532,Northolt West End,13,"White: English, Welsh, Scottish, Northern Irish or British",3,"L4, L5 and L6: Lower managerial, administrative and professional occupations",480
E05013532,Northolt West End,13,"White: English, Welsh, Scottish, Northern Irish or British",4,L7: Intermediate occupations,403
E05013532,Northolt West End,13,"White: English, Welsh, Scottish, Northern Irish or British",5,L8 and L9: Small employers and own account workers,326
E05013532,Northolt West End,13,"White: English, Welsh, Scottish, Northern Irish or British",6,L10 and L11: Lower supervisory and technical occupations,233
E05013532,Northolt West End,13,"White: English, Welsh, Scottish, Northern Irish or British",7,L12: Semi-routine occupations,371
E05013532,Northolt West End,13,"White: English, Welsh, Scottish, Northern Irish or British",8,L13: Routine occupations,472
E05013532,Northolt West End,13,"White: English, Welsh, Scottish, Northern Irish or British",9,L14.1: Never worked,323
E05013532,Northolt West End,13,"White: English, Welsh, Scottish, Northern Irish or British",10,L14.2: Long-term unemployed,77
E05013532,Northolt West End,13,"White: English, Welsh, Scottish, Northern Irish or British",11,L15: Full-time students,147
E05013532,Northolt West End,14,White: Irish,-8,Does not apply,7
E05013532,Northolt West End,14,White: Irish,1,L1 and L2: Large employers and higher managerial and administrative occupations,2
E05013532,Northolt West End,14,White: Irish,2,L3: Higher professional occupations,15
E05013532,Northolt West End,14,White: Irish,3,"L4, L5 and L6: Lower managerial, administrative and professional occupations",41
E05013532,Northolt West End,14,White: Irish,4,L7: Intermediate occupations,26
E05013532,Northolt West End,14,White: Irish,5,L8 and L9: Small employers and own account workers,26
E05013532,Northolt West End,14,White: Irish,6,L10 and L11: Lower supervisory and technical occupations,15
E05013532,Northolt West End,14,White: Irish,7,L12: Semi-routine occupations,22
E05013532,Northolt West End,14,White: Irish,8,L13: Routine occupations,44
E05013532,Northolt West End,14,White: Irish,9,L14.1: Never worked,35
E05013532,Northolt West End,14,White: Irish,10,L14.2: Long-term unemployed,1
E05013532,Northolt West End,14,White: Irish,11,L15: Full-time students,10
E05013532,Northolt West End,15,White: Gypsy or Irish Traveller,-8,Does not apply,7
E05013532,Northolt West End,15,White: Gypsy or Irish Traveller,1,L1 and L2: Large employers and higher managerial and administrative occupations,1
E05013532,Northolt West End,15,White: Gypsy or Irish Traveller,2,L3: Higher professional occupations,0
E05013532,Northolt West End,15,White: Gypsy or Irish Traveller,3,"L4, L5 and L6: Lower managerial, administrative and professional occupations",0
E05013532,Northolt West End,15,White: Gypsy or Irish Traveller,4,L7: Intermediate occupations,0
E05013532,Northolt West End,15,White: Gypsy or Irish Traveller,5,L8 and L9: Small employers and own account workers,1
E05013532,Northolt West End,15,White: Gypsy or Irish Traveller,6,L10 and L11: Lower supervisory and technical occupations,1
E05013532,Northolt West End,15,White: Gypsy or Irish Traveller,7,L12: Semi-routine occupations,1
E05013532,Northolt West End,15,White: Gypsy or Irish Traveller,8,L13: Routine occupations,1
E05013532,Northolt West End,15,White: Gypsy or Irish Traveller,9,L14.1: Never worked,3
E05013532,Northolt West End,15,White: Gypsy or Irish Traveller,10,L14.2: Long-term unemployed,0
E05013532,Northolt West End,15,White: Gypsy or Irish Traveller,11,L15: Full-time students,2
E05013532,Northolt West End,16,White: Roma,-8,Does not apply,13
E05013532,Northolt West End,16,White: Roma,1,L1 and L2: Large employers and higher managerial and administrative occupations,0
E05013532,Northolt West End,16,White: Roma,2,L3: Higher professional occupations,1
E05013532,Northolt West End,16,White: Roma,3,"L4, L5 and L6: Lower managerial, administrative and professional occupations",1
E05013532,Northolt West End,16,White: Roma,4,L7: Intermediate occupations,0
E05013532,Northolt West End,16,White: Roma,5,L8 and L9: Small employers and own account workers,7
E05013532,Northolt West End,16,White: Roma,6,L10 and L11: Lower supervisory and technical occupations,0
E05013532,Northolt West End,16,White: Roma,7,L12: Semi-routine occupations,1
E05013532,Northolt West End,16,White: Roma,8,L13: Routine occupations,6
E05013532,Northolt West End,16,White: Roma,9,L14.1: Never worked,4
E05013532,Northolt West End,16,White: Roma,10,L14.2: Long-term unemployed,0
E05013532,Northolt West End,16,White: Roma,11,L15: Full-time students,17
E05013532,Northolt West End,17,White: Other White,-8,Does not apply,302
E05013532,Northolt West End,17,White: Other White,1,L1 and L2: Large employers and higher managerial and administrative occupations,27
E05013532,Northolt West End,17,White: Other White,2,L3: Higher professional occupations,58
E05013532,Northolt West End,17,White: Other White,3,"L4, L5 and L6: Lower managerial, administrative and professional occupations",184
E05013532,Northolt West End,17,White: Other White,4,L7: Intermediate occupations,110
E05013532,Northolt West End,17,White: Other White,5,L8 and L9: Small employers and own account workers,417
E05013532,Northolt West End,17,White: Other White,6,L10 and L11: Lower supervisory and technical occupations,90
E05013532,Northolt West End,17,White: Other White,7,L12: Semi-routine occupations,150
E05013532,Northolt West End,17,White: Other White,8,L13: Routine occupations,260
E05013532,Northolt West End,17,White: Other White,9,L14.1: Never worked,103
E05013532,Northolt West End,17,White: Other White,10,L14.2: Long-term unemployed,24
E05013532,Northolt West End,17,White: Other White,11,L15: Full-time students,114
E05013532,Northolt West End,18,Other ethnic group: Arab,-8,Does not apply,227
E05013532,Northolt West End,18,Other ethnic group: Arab,1,L1 and L2: Large employers and higher managerial and administrative occupations,12
E05013532,Northolt West End,18,Other ethnic group: Arab,2,L3: Higher professional occupations,29
E05013532,Northolt West End,18,Other ethnic group: Arab,3,"L4, L5 and L6: Lower managerial, administrative and professional occupations",75
E05013532,Northolt West End,18,Other ethnic group: Arab,4,L7: Intermediate occupations,41
E05013532,Northolt West End,18,Other ethnic group: Arab,5,L8 and L9: Small employers and own account workers,58
E05013532,Northolt West End,18,Other ethnic group: Arab,6,L10 and L11: Lower supervisory and technical occupations,30
E05013532,Northolt West End,18,Other ethnic group: Arab,7,L12: Semi-routine occupations,44
E05013532,Northolt West End,18,Other ethnic group: Arab,8,L13: Routine occupations,48
E05013532,Northolt West End,18,Other ethnic group: Arab,9,L14.1: Never worked,114
E05013532,Northolt West End,18,Other ethnic group: Arab,10,L14.2: Long-term unemployed,11
E05013532,Northolt West End,18,Other ethnic group: Arab,11,L15: Full-time students,108
E05013532,Northolt West End,19,Other ethnic group: Any other ethnic group,-8,Does not apply,295
E05013532,Northolt West End,19,Other ethnic group: Any other ethnic group,1,L1 and L2: Large employers and higher managerial and administrative occupations,7
E05013532,Northolt West End,19,Other ethnic group: Any other ethnic group,2,L3: Higher professional occupations,39
E05013532,Northolt West End,19,Other ethnic group: Any other ethnic group,3,"L4, L5 and L6: Lower managerial, administrative and professional occupations",101
E05013532,Northolt West End,19,Other ethnic group: Any other ethnic group,4,L7: Intermediate occupations,77
E05013532,Northolt West End,19,Other ethnic group: Any other ethnic group,5,L8 and L9: Small employers and own account workers,103
E05013532,Northolt West End,19,Other ethnic group: Any other ethnic group,6,L10 and L11: Lower supervisory and technical occupations,41
E05013532,Northolt West End,19,Other ethnic group: Any other ethnic group,7,L12: Semi-routine occupations,94
E05013532,Northolt West End,19,Other ethnic group: Any other ethnic group,8,L13: Routine occupations,88
E05013532,Northolt West End,19,Other ethnic group: Any other ethnic group,9,L14.1: Never worked,178
E05013532,Northolt West End,19,Other ethnic group: Any other ethnic group,10,L14.2: Long-term unemployed,20
E05013532,Northolt West End,19,Other ethnic group: Any other ethnic group,11,L15: Full-time students,103
E05013533,Norwood Green,-8,Does not apply,-8,Does not apply,0
E05013533,Norwood Green,-8,Does not apply,1,L1 and L2: Large employers and higher managerial and administrative occupations,0
E05013533,Norwood Green,-8,Does not apply,2,L3: Higher professional occupations,0
E05013533,Norwood Green,-8,Does not apply,3,"L4, L5 and L6: Lower managerial, administrative and professional occupations",0
E05013533,Norwood Green,-8,Does not apply,4,L7: Intermediate occupations,0
E05013533,Norwood Green,-8,Does not apply,5,L8 and L9: Small employers and own account workers,0
E05013533,Norwood Green,-8,Does not apply,6,L10 and L11: Lower supervisory and technical occupations,0
E05013533,Norwood Green,-8,Does not apply,7,L12: Semi-routine occupations,0
E05013533,Norwood Green,-8,Does not apply,8,L13: Routine occupations,0
E05013533,Norwood Green,-8,Does not apply,9,L14.1: Never worked,0
E05013533,Norwood Green,-8,Does not apply,10,L14.2: Long-term unemployed,0
E05013533,Norwood Green,-8,Does not apply,11,L15: Full-time students,0
E05013533,Norwood Green,1,"Asian, Asian British or Asian Welsh: Bangladeshi",-8,Does not apply,64
E05013533,Norwood Green,1,"Asian, Asian British or Asian Welsh: Bangladeshi",1,L1 and L2: Large employers and higher managerial and administrative occupations,1
E05013533,Norwood Green,1,"Asian, Asian British or Asian Welsh: Bangladeshi",2,L3: Higher professional occupations,8
E05013533,Norwood Green,1,"Asian, Asian British or Asian Welsh: Bangladeshi",3,"L4, L5 and L6: Lower managerial, administrative and professional occupations",10
E05013533,Norwood Green,1,"Asian, Asian British or Asian Welsh: Bangladeshi",4,L7: Intermediate occupations,16
E05013533,Norwood Green,1,"Asian, Asian British or Asian Welsh: Bangladeshi",5,L8 and L9: Small employers and own account workers,7
E05013533,Norwood Green,1,"Asian, Asian British or Asian Welsh: Bangladeshi",6,L10 and L11: Lower supervisory and technical occupations,11
E05013533,Norwood Green,1,"Asian, Asian British or Asian Welsh: Bangladeshi",7,L12: Semi-routine occupations,25
E05013533,Norwood Green,1,"Asian, Asian British or Asian Welsh: Bangladeshi",8,L13: Routine occupations,19
E05013533,Norwood Green,1,"Asian, Asian British or Asian Welsh: Bangladeshi",9,L14.1: Never worked,58
E05013533,Norwood Green,1,"Asian, Asian British or Asian Welsh: Bangladeshi",10,L14.2: Long-term unemployed,3
E05013533,Norwood Green,1,"Asian, Asian British or Asian Welsh: Bangladeshi",11,L15: Full-time students,26
E05013533,Norwood Green,2,"Asian, Asian British or Asian Welsh: Chinese",-8,Does not apply,2
E05013533,Norwood Green,2,"Asian, Asian British or Asian Welsh: Chinese",1,L1 and L2: Large employers and higher managerial and administrative occupations,2
E05013533,Norwood Green,2,"Asian, Asian British or Asian Welsh: Chinese",2,L3: Higher professional occupations,9
E05013533,Norwood Green,2,"Asian, Asian British or Asian Welsh: Chinese",3,"L4, L5 and L6: Lower managerial, administrative and professional occupations",19
E05013533,Norwood Green,2,"Asian, Asian British or Asian Welsh: Chinese",4,L7: Intermediate occupations,2
E05013533,Norwood Green,2,"Asian, Asian British or Asian Welsh: Chinese",5,L8 and L9: Small employers and own account workers,1
E05013533,Norwood Green,2,"Asian, Asian British or Asian Welsh: Chinese",6,L10 and L11: Lower supervisory and technical occupations,1
E05013533,Norwood Green,2,"Asian, Asian British or Asian Welsh: Chinese",7,L12: Semi-routine occupations,6
E05013533,Norwood Green,2,"Asian, Asian British or Asian Welsh: Chinese",8,L13: Routine occupations,4
E05013533,Norwood Green,2,"Asian, Asian British or Asian Welsh: Chinese",9,L14.1: Never worked,2
E05013533,Norwood Green,2,"Asian, Asian British or Asian Welsh: Chinese",10,L14.2: Long-term unemployed,0
E05013533,Norwood Green,2,"Asian, Asian British or Asian Welsh: Chinese",11,L15: Full-time students,3
E05013533,Norwood Green,3,"Asian, Asian British or Asian Welsh: Indian",-8,Does not apply,926
E05013533,Norwood Green,3,"Asian, Asian British or Asian Welsh: Indian",1,L1 and L2: Large employers and higher managerial and administrative occupations,91
E05013533,Norwood Green,3,"Asian, Asian British or Asian Welsh: Indian",2,L3: Higher professional occupations,321
E05013533,Norwood Green,3,"Asian, Asian British or Asian Welsh: Indian",3,"L4, L5 and L6: Lower managerial, administrative and professional occupations",628
E05013533,Norwood Green,3,"Asian, Asian British or Asian Welsh: Indian",4,L7: Intermediate occupations,382
E05013533,Norwood Green,3,"Asian, Asian British or Asian Welsh: Indian",5,L8 and L9: Small employers and own account workers,394
E05013533,Norwood Green,3,"Asian, Asian British or Asian Welsh: Indian",6,L10 and L11: Lower supervisory and technical occupations,219
E05013533,Norwood Green,3,"Asian, Asian British or Asian Welsh: Indian",7,L12: Semi-routine occupations,475
E05013533,Norwood Green,3,"Asian, Asian British or Asian Welsh: Indian",8,L13: Routine occupations,810
E05013533,Norwood Green,3,"Asian, Asian British or Asian Welsh: Indian",9,L14.1: Never worked,599
E05013533,Norwood Green,3,"Asian, Asian British or Asian Welsh: Indian",10,L14.2: Long-term unemployed,56
E05013533,Norwood Green,3,"Asian, Asian British or Asian Welsh: Indian",11,L15: Full-time students,422
E05013533,Norwood Green,4,"Asian, Asian British or Asian Welsh: Pakistani",-8,Does not apply,283
E05013533,Norwood Green,4,"Asian, Asian British or Asian Welsh: Pakistani",1,L1 and L2: Large employers and higher managerial and administrative occupations,18
E05013533,Norwood Green,4,"Asian, Asian British or Asian Welsh: Pakistani",2,L3: Higher professional occupations,65
E05013533,Norwood Green,4,"Asian, Asian British or Asian Welsh: Pakistani",3,"L4, L5 and L6: Lower managerial, administrative and professional occupations",123
E05013533,Norwood Green,4,"Asian, Asian British or Asian Welsh: Pakistani",4,L7: Intermediate occupations,90
E05013533,Norwood Green,4,"Asian, Asian British or Asian Welsh: Pakistani",5,L8 and L9: Small employers and own account workers,75
E05013533,Norwood Green,4,"Asian, Asian British or Asian Welsh: Pakistani",6,L10 and L11: Lower supervisory and technical occupations,40
E05013533,Norwood Green,4,"Asian, Asian British or Asian Welsh: Pakistani",7,L12: Semi-routine occupations,113
E05013533,Norwood Green,4,"Asian, Asian British or Asian Welsh: Pakistani",8,L13: Routine occupations,95
E05013533,Norwood Green,4,"Asian, Asian British or Asian Welsh: Pakistani",9,L14.1: Never worked,199
E05013533,Norwood Green,4,"Asian, Asian British or Asian Welsh: Pakistani",10,L14.2: Long-term unemployed,15
E05013533,Norwood Green,4,"Asian, Asian British or Asian Welsh: Pakistani",11,L15: Full-time students,94
E05013533,Norwood Green,5,"Asian, Asian British or Asian Welsh: Other Asian",-8,Does not apply,364
E05013533,Norwood Green,5,"Asian, Asian British or Asian Welsh: Other Asian",1,L1 and L2: Large employers and higher managerial and administrative occupations,20
E05013533,Norwood Green,5,"Asian, Asian British or Asian Welsh: Other Asian",2,L3: Higher professional occupations,58
E05013533,Norwood Green,5,"Asian, Asian British or Asian Welsh: Other Asian",3,"L4, L5 and L6: Lower managerial, administrative and professional occupations",143
E05013533,Norwood Green,5,"Asian, Asian British or Asian Welsh: Other Asian",4,L7: Intermediate occupations,68
E05013533,Norwood Green,5,"Asian, Asian British or Asian Welsh: Other Asian",5,L8 and L9: Small employers and own account workers,144
E05013533,Norwood Green,5,"Asian, Asian British or Asian Welsh: Other Asian",6,L10 and L11: Lower supervisory and technical occupations,37
E05013533,Norwood Green,5,"Asian, Asian British or Asian Welsh: Other Asian",7,L12: Semi-routine occupations,153
E05013533,Norwood Green,5,"Asian, Asian British or Asian Welsh: Other Asian",8,L13: Routine occupations,111
E05013533,Norwood Green,5,"Asian, Asian British or Asian Welsh: Other Asian",9,L14.1: Never worked,290
E05013533,Norwood Green,5,"Asian, Asian British or Asian Welsh: Other Asian",10,L14.2: Long-term unemployed,15
E05013533,Norwood Green,5,"Asian, Asian British or Asian Welsh: Other Asian",11,L15: Full-time students,154
E05013533,Norwood Green,6,"Black, Black British, Black Welsh, Caribbean or African: African",-8,Does not apply,465
E05013533,Norwood Green,6,"Black, Black British, Black Welsh, Caribbean or African: African",1,L1 and L2: Large employers and higher managerial and administrative occupations,19
E05013533,Norwood Green,6,"Black, Black British, Black Welsh, Caribbean or African: African",2,L3: Higher professional occupations,52
E05013533,Norwood Green,6,"Black, Black British, Black Welsh, Caribbean or African: African",3,"L4, L5 and L6: Lower managerial, administrative and professional occupations",136
E05013533,Norwood Green,6,"Black, Black British, Black Welsh, Caribbean or African: African",4,L7: Intermediate occupations,89
E05013533,Norwood Green,6,"Black, Black British, Black Welsh, Caribbean or African: African",5,L8 and L9: Small employers and own account workers,111
E05013533,Norwood Green,6,"Black, Black British, Black Welsh, Caribbean or African: African",6,L10 and L11: Lower supervisory and technical occupations,35
E05013533,Norwood Green,6,"Black, Black British, Black Welsh, Caribbean or African: African",7,L12: Semi-routine occupations,153
E05013533,Norwood Green,6,"Black, Black British, Black Welsh, Caribbean or African: African",8,L13: Routine occupations,123
E05013533,Norwood Green,6,"Black, Black British, Black Welsh, Caribbean or African: African",9,L14.1: Never worked,199
E05013533,Norwood Green,6,"Black, Black British, Black Welsh, Caribbean or African: African",10,L14.2: Long-term unemployed,41
E05013533,Norwood Green,6,"Black, Black British, Black Welsh, Caribbean or African: African",11,L15: Full-time students,218
E05013533,Norwood Green,7,"Black, Black British, Black Welsh, Caribbean or African: Caribbean",-8,Does not apply,72
E05013533,Norwood Green,7,"Black, Black British, Black Welsh, Caribbean or African: Caribbean",1,L1 and L2: Large employers and higher managerial and administrative occupations,5
E05013533,Norwood Green,7,"Black, Black British, Black Welsh, Caribbean or African: Caribbean",2,L3: Higher professional occupations,23
E05013533,Norwood Green,7,"Black, Black British, Black Welsh, Caribbean or African: Caribbean",3,"L4, L5 and L6: Lower managerial, administrative and professional occupations",72
E05013533,Norwood Green,7,"Black, Black British, Black Welsh, Caribbean or African: Caribbean",4,L7: Intermediate occupations,68
E05013533,Norwood Green,7,"Black, Black British, Black Welsh, Caribbean or African: Caribbean",5,L8 and L9: Small employers and own account workers,16
E05013533,Norwood Green,7,"Black, Black British, Black Welsh, Caribbean or African: Caribbean",6,L10 and L11: Lower supervisory and technical occupations,15
E05013533,Norwood Green,7,"Black, Black British, Black Welsh, Caribbean or African: Caribbean",7,L12: Semi-routine occupations,49
E05013533,Norwood Green,7,"Black, Black British, Black Welsh, Caribbean or African: Caribbean",8,L13: Routine occupations,44
E05013533,Norwood Green,7,"Black, Black British, Black Welsh, Caribbean or African: Caribbean",9,L14.1: Never worked,36
E05013533,Norwood Green,7,"Black, Black British, Black Welsh, Caribbean or African: Caribbean",10,L14.2: Long-term unemployed,15
E05013533,Norwood Green,7,"Black, Black British, Black Welsh, Caribbean or African: Caribbean",11,L15: Full-time students,24
E05013533,Norwood Green,8,"Black, Black British, Black Welsh, Caribbean or African: Other Black",-8,Does not apply,75
E05013533,Norwood Green,8,"Black, Black British, Black Welsh, Caribbean or African: Other Black",1,L1 and L2: Large employers and higher managerial and administrative occupations,0
E05013533,Norwood Green,8,"Black, Black British, Black Welsh, Caribbean or African: Other Black",2,L3: Higher professional occupations,4
E05013533,Norwood Green,8,"Black, Black British, Black Welsh, Caribbean or African: Other Black",3,"L4, L5 and L6: Lower managerial, administrative and professional occupations",9
E05013533,Norwood Green,8,"Black, Black British, Black Welsh, Caribbean or African: Other Black",4,L7: Intermediate occupations,22
E05013533,Norwood Green,8,"Black, Black British, Black Welsh, Caribbean or African: Other Black",5,L8 and L9: Small employers and own account workers,5
E05013533,Norwood Green,8,"Black, Black British, Black Welsh, Caribbean or African: Other Black",6,L10 and L11: Lower supervisory and technical occupations,7
E05013533,Norwood Green,8,"Black, Black British, Black Welsh, Caribbean or African: Other Black",7,L12: Semi-routine occupations,16
E05013533,Norwood Green,8,"Black, Black British, Black Welsh, Caribbean or African: Other Black",8,L13: Routine occupations,11
E05013533,Norwood Green,8,"Black, Black British, Black Welsh, Caribbean or African: Other Black",9,L14.1: Never worked,11
E05013533,Norwood Green,8,"Black, Black British, Black Welsh, Caribbean or African: Other Black",10,L14.2: Long-term unemployed,8
E05013533,Norwood Green,8,"Black, Black British, Black Welsh, Caribbean or African: Other Black",11,L15: Full-time students,17
E05013533,Norwood Green,9,Mixed or Multiple ethnic groups: White and Asian,-8,Does not apply,69
E05013533,Norwood Green,9,Mixed or Multiple ethnic groups: White and Asian,1,L1 and L2: Large employers and higher managerial and administrative occupations,2
E05013533,Norwood Green,9,Mixed or Multiple ethnic groups: White and Asian,2,L3: Higher professional occupations,5
E05013533,Norwood Green,9,Mixed or Multiple ethnic groups: White and Asian,3,"L4, L5 and L6: Lower managerial, administrative and professional occupations",21
E05013533,Norwood Green,9,Mixed or Multiple ethnic groups: White and Asian,4,L7: Intermediate occupations,7
E05013533,Norwood Green,9,Mixed or Multiple ethnic groups: White and Asian,5,L8 and L9: Small employers and own account workers,4
E05013533,Norwood Green,9,Mixed or Multiple ethnic groups: White and Asian,6,L10 and L11: Lower supervisory and technical occupations,1
E05013533,Norwood Green,9,Mixed or Multiple ethnic groups: White and Asian,7,L12: Semi-routine occupations,9
E05013533,Norwood Green,9,Mixed or Multiple ethnic groups: White and Asian,8,L13: Routine occupations,10
E05013533,Norwood Green,9,Mixed or Multiple ethnic groups: White and Asian,9,L14.1: Never worked,8
E05013533,Norwood Green,9,Mixed or Multiple ethnic groups: White and Asian,10,L14.2: Long-term unemployed,3
E05013533,Norwood Green,9,Mixed or Multiple ethnic groups: White and Asian,11,L15: Full-time students,16
E05013533,Norwood Green,10,Mixed or Multiple ethnic groups: White and Black African,-8,Does not apply,24
E05013533,Norwood Green,10,Mixed or Multiple ethnic groups: White and Black African,1,L1 and L2: Large employers and higher managerial and administrative occupations,0
E05013533,Norwood Green,10,Mixed or Multiple ethnic groups: White and Black African,2,L3: Higher professional occupations,1
E05013533,Norwood Green,10,Mixed or Multiple ethnic groups: White and Black African,3,"L4, L5 and L6: Lower managerial, administrative and professional occupations",6
E05013533,Norwood Green,10,Mixed or Multiple ethnic groups: White and Black African,4,L7: Intermediate occupations,0
E05013533,Norwood Green,10,Mixed or Multiple ethnic groups: White and Black African,5,L8 and L9: Small employers and own account workers,3
E05013533,Norwood Green,10,Mixed or Multiple ethnic groups: White and Black African,6,L10 and L11: Lower supervisory and technical occupations,6
E05013533,Norwood Green,10,Mixed or Multiple ethnic groups: White and Black African,7,L12: Semi-routine occupations,3
E05013533,Norwood Green,10,Mixed or Multiple ethnic groups: White and Black African,8,L13: Routine occupations,5
E05013533,Norwood Green,10,Mixed or Multiple ethnic groups: White and Black African,9,L14.1: Never worked,5
E05013533,Norwood Green,10,Mixed or Multiple ethnic groups: White and Black African,10,L14.2: Long-term unemployed,3
E05013533,Norwood Green,10,Mixed or Multiple ethnic groups: White and Black African,11,L15: Full-time students,11
E05013533,Norwood Green,11,Mixed or Multiple ethnic groups: White and Black Caribbean,-8,Does not apply,58
E05013533,Norwood Green,11,Mixed or Multiple ethnic groups: White and Black Caribbean,1,L1 and L2: Large employers and higher managerial and administrative occupations,3
E05013533,Norwood Green,11,Mixed or Multiple ethnic groups: White and Black Caribbean,2,L3: Higher professional occupations,8
E05013533,Norwood Green,11,Mixed or Multiple ethnic groups: White and Black Caribbean,3,"L4, L5 and L6: Lower managerial, administrative and professional occupations",16
E05013533,Norwood Green,11,Mixed or Multiple ethnic groups: White and Black Caribbean,4,L7: Intermediate occupations,14
E05013533,Norwood Green,11,Mixed or Multiple ethnic groups: White and Black Caribbean,5,L8 and L9: Small employers and own account workers,7
E05013533,Norwood Green,11,Mixed or Multiple ethnic groups: White and Black Caribbean,6,L10 and L11: Lower supervisory and technical occupations,3
E05013533,Norwood Green,11,Mixed or Multiple ethnic groups: White and Black Caribbean,7,L12: Semi-routine occupations,11
E05013533,Norwood Green,11,Mixed or Multiple ethnic groups: White and Black Caribbean,8,L13: Routine occupations,12
E05013533,Norwood Green,11,Mixed or Multiple ethnic groups: White and Black Caribbean,9,L14.1: Never worked,10
E05013533,Norwood Green,11,Mixed or Multiple ethnic groups: White and Black Caribbean,10,L14.2: Long-term unemployed,4
E05013533,Norwood Green,11,Mixed or Multiple ethnic groups: White and Black Caribbean,11,L15: Full-time students,13
E05013533,Norwood Green,12,Mixed or Multiple ethnic groups: Other Mixed or Multiple ethnic groups,-8,Does not apply,89
E05013533,Norwood Green,12,Mixed or Multiple ethnic groups: Other Mixed or Multiple ethnic groups,1,L1 and L2: Large employers and higher managerial and administrative occupations,3
E05013533,Norwood Green,12,Mixed or Multiple ethnic groups: Other Mixed or Multiple ethnic groups,2,L3: Higher professional occupations,10
E05013533,Norwood Green,12,Mixed or Multiple ethnic groups: Other Mixed or Multiple ethnic groups,3,"L4, L5 and L6: Lower managerial, administrative and professional occupations",23
E05013533,Norwood Green,12,Mixed or Multiple ethnic groups: Other Mixed or Multiple ethnic groups,4,L7: Intermediate occupations,5
E05013533,Norwood Green,12,Mixed or Multiple ethnic groups: Other Mixed or Multiple ethnic groups,5,L8 and L9: Small employers and own account workers,4
E05013533,Norwood Green,12,Mixed or Multiple ethnic groups: Other Mixed or Multiple ethnic groups,6,L10 and L11: Lower supervisory and technical occupations,7
E05013533,Norwood Green,12,Mixed or Multiple ethnic groups: Other Mixed or Multiple ethnic groups,7,L12: Semi-routine occupations,8
E05013533,Norwood Green,12,Mixed or Multiple ethnic groups: Other Mixed or Multiple ethnic groups,8,L13: Routine occupations,11
E05013533,Norwood Green,12,Mixed or Multiple ethnic groups: Other Mixed or Multiple ethnic groups,9,L14.1: Never worked,10
E05013533,Norwood Green,12,Mixed or Multiple ethnic groups: Other Mixed or Multiple ethnic groups,10,L14.2: Long-term unemployed,1
E05013533,Norwood Green,12,Mixed or Multiple ethnic groups: Other Mixed or Multiple ethnic groups,11,L15: Full-time students,12
E05013533,Norwood Green,13,"White: English, Welsh, Scottish, Northern Irish or British",-8,Does not apply,259
E05013533,Norwood Green,13,"White: English, Welsh, Scottish, Northern Irish or British",1,L1 and L2: Large employers and higher managerial and administrative occupations,67
E05013533,Norwood Green,13,"White: English, Welsh, Scottish, Northern Irish or British",2,L3: Higher professional occupations,127
E05013533,Norwood Green,13,"White: English, Welsh, Scottish, Northern Irish or British",3,"L4, L5 and L6: Lower managerial, administrative and professional occupations",334
E05013533,Norwood Green,13,"White: English, Welsh, Scottish, Northern Irish or British",4,L7: Intermediate occupations,159
E05013533,Norwood Green,13,"White: English, Welsh, Scottish, Northern Irish or British",5,L8 and L9: Small employers and own account workers,108
E05013533,Norwood Green,13,"White: English, Welsh, Scottish, Northern Irish or British",6,L10 and L11: Lower supervisory and technical occupations,82
E05013533,Norwood Green,13,"White: English, Welsh, Scottish, Northern Irish or British",7,L12: Semi-routine occupations,128
E05013533,Norwood Green,13,"White: English, Welsh, Scottish, Northern Irish or British",8,L13: Routine occupations,165
E05013533,Norwood Green,13,"White: English, Welsh, Scottish, Northern Irish or British",9,L14.1: Never worked,100
E05013533,Norwood Green,13,"White: English, Welsh, Scottish, Northern Irish or British",10,L14.2: Long-term unemployed,28
E05013533,Norwood Green,13,"White: English, Welsh, Scottish, Northern Irish or British",11,L15: Full-time students,52
E05013533,Norwood Green,14,White: Irish,-8,Does not apply,4
E05013533,Norwood Green,14,White: Irish,1,L1 and L2: Large employers and higher managerial and administrative occupations,7
E05013533,Norwood Green,14,White: Irish,2,L3: Higher professional occupations,11
E05013533,Norwood Green,14,White: Irish,3,"L4, L5 and L6: Lower managerial, administrative and professional occupations",41
E05013533,Norwood Green,14,White: Irish,4,L7: Intermediate occupations,17
E05013533,Norwood Green,14,White: Irish,5,L8 and L9: Small employers and own account workers,21
E05013533,Norwood Green,14,White: Irish,6,L10 and L11: Lower supervisory and technical occupations,11
E05013533,Norwood Green,14,White: Irish,7,L12: Semi-routine occupations,12
E05013533,Norwood Green,14,White: Irish,8,L13: Routine occupations,11
E05013533,Norwood Green,14,White: Irish,9,L14.1: Never worked,12
E05013533,Norwood Green,14,White: Irish,10,L14.2: Long-term unemployed,2
E05013533,Norwood Green,14,White: Irish,11,L15: Full-time students,3
E05013533,Norwood Green,15,White: Gypsy or Irish Traveller,-8,Does not apply,7
E05013533,Norwood Green,15,White: Gypsy or Irish Traveller,1,L1 and L2: Large employers and higher managerial and administrative occupations,0
E05013533,Norwood Green,15,White: Gypsy or Irish Traveller,2,L3: Higher professional occupations,0
E05013533,Norwood Green,15,White: Gypsy or Irish Traveller,3,"L4, L5 and L6: Lower managerial, administrative and professional occupations",0
E05013533,Norwood Green,15,White: Gypsy or Irish Traveller,4,L7: Intermediate occupations,0
E05013533,Norwood Green,15,White: Gypsy or Irish Traveller,5,L8 and L9: Small employers and own account workers,2
E05013533,Norwood Green,15,White: Gypsy or Irish Traveller,6,L10 and L11: Lower supervisory and technical occupations,0
E05013533,Norwood Green,15,White: Gypsy or Irish Traveller,7,L12: Semi-routine occupations,3
E05013533,Norwood Green,15,White: Gypsy or Irish Traveller,8,L13: Routine occupations,0
E05013533,Norwood Green,15,White: Gypsy or Irish Traveller,9,L14.1: Never worked,5
E05013533,Norwood Green,15,White: Gypsy or Irish Traveller,10,L14.2: Long-term unemployed,0
E05013533,Norwood Green,15,White: Gypsy or Irish Traveller,11,L15: Full-time students,0
E05013533,Norwood Green,16,White: Roma,-8,Does not apply,1
E05013533,Norwood Green,16,White: Roma,1,L1 and L2: Large employers and higher managerial and administrative occupations,1
E05013533,Norwood Green,16,White: Roma,2,L3: Higher professional occupations,1
E05013533,Norwood Green,16,White: Roma,3,"L4, L5 and L6: Lower managerial, administrative and professional occupations",1
E05013533,Norwood Green,16,White: Roma,4,L7: Intermediate occupations,1
E05013533,Norwood Green,16,White: Roma,5,L8 and L9: Small employers and own account workers,5
E05013533,Norwood Green,16,White: Roma,6,L10 and L11: Lower supervisory and technical occupations,0
E05013533,Norwood Green,16,White: Roma,7,L12: Semi-routine occupations,0
E05013533,Norwood Green,16,White: Roma,8,L13: Routine occupations,2
E05013533,Norwood Green,16,White: Roma,9,L14.1: Never worked,3
E05013533,Norwood Green,16,White: Roma,10,L14.2: Long-term unemployed,0
E05013533,Norwood Green,16,White: Roma,11,L15: Full-time students,1
E05013533,Norwood Green,17,White: Other White,-8,Does not apply,149
E05013533,Norwood Green,17,White: Other White,1,L1 and L2: Large employers and higher managerial and administrative occupations,27
E05013533,Norwood Green,17,White: Other White,2,L3: Higher professional occupations,76
E05013533,Norwood Green,17,White: Other White,3,"L4, L5 and L6: Lower managerial, administrative and professional occupations",133
E05013533,Norwood Green,17,White: Other White,4,L7: Intermediate occupations,62
E05013533,Norwood Green,17,White: Other White,5,L8 and L9: Small employers and own account workers,171
E05013533,Norwood Green,17,White: Other White,6,L10 and L11: Lower supervisory and technical occupations,38
E05013533,Norwood Green,17,White: Other White,7,L12: Semi-routine occupations,66
E05013533,Norwood Green,17,White: Other White,8,L13: Routine occupations,94
E05013533,Norwood Green,17,White: Other White,9,L14.1: Never worked,43
E05013533,Norwood Green,17,White: Other White,10,L14.2: Long-term unemployed,20
E05013533,Norwood Green,17,White: Other White,11,L15: Full-time students,48
E05013533,Norwood Green,18,Other ethnic group: Arab,-8,Does not apply,91
E05013533,Norwood Green,18,Other ethnic group: Arab,1,L1 and L2: Large employers and higher managerial and administrative occupations,4
E05013533,Norwood Green,18,Other ethnic group: Arab,2,L3: Higher professional occupations,11
E05013533,Norwood Green,18,Other ethnic group: Arab,3,"L4, L5 and L6: Lower managerial, administrative and professional occupations",33
E05013533,Norwood Green,18,Other ethnic group: Arab,4,L7: Intermediate occupations,12
E05013533,Norwood Green,18,Other ethnic group: Arab,5,L8 and L9: Small employers and own account workers,19
E05013533,Norwood Green,18,Other ethnic group: Arab,6,L10 and L11: Lower supervisory and technical occupations,15
E05013533,Norwood Green,18,Other ethnic group: Arab,7,L12: Semi-routine occupations,25
E05013533,Norwood Green,18,Other ethnic group: Arab,8,L13: Routine occupations,21
E05013533,Norwood Green,18,Other ethnic group: Arab,9,L14.1: Never worked,63
E05013533,Norwood Green,18,Other ethnic group: Arab,10,L14.2: Long-term unemployed,6
E05013533,Norwood Green,18,Other ethnic group: Arab,11,L15: Full-time students,41
E05013533,Norwood Green,19,Other ethnic group: Any other ethnic group,-8,Does not apply,347
E05013533,Norwood Green,19,Other ethnic group: Any other ethnic group,1,L1 and L2: Large employers and higher managerial and administrative occupations,20
E05013533,Norwood Green,19,Other ethnic group: Any other ethnic group,2,L3: Higher professional occupations,75
E05013533,Norwood Green,19,Other ethnic group: Any other ethnic group,3,"L4, L5 and L6: Lower managerial, administrative and professional occupations",137
E05013533,Norwood Green,19,Other ethnic group: Any other ethnic group,4,L7: Intermediate occupations,97
E05013533,Norwood Green,19,Other ethnic group: Any other ethnic group,5,L8 and L9: Small employers and own account workers,123
E05013533,Norwood Green,19,Other ethnic group: Any other ethnic group,6,L10 and L11: Lower supervisory and technical occupations,44
E05013533,Norwood Green,19,Other ethnic group: Any other ethnic group,7,L12: Semi-routine occupations,133
E05013533,Norwood Green,19,Other ethnic group: Any other ethnic group,8,L13: Routine occupations,134
E05013533,Norwood Green,19,Other ethnic group: Any other ethnic group,9,L14.1: Never worked,280
E05013533,Norwood Green,19,Other ethnic group: Any other ethnic group,10,L14.2: Long-term unemployed,11
E05013533,Norwood Green,19,Other ethnic group: Any other ethnic group,11,L15: Full-time students,98
E05013535,Pitshanger,-8,Does not apply,-8,Does not apply,0
E05013535,Pitshanger,-8,Does not apply,1,L1 and L2: Large employers and higher managerial and administrative occupations,0
E05013535,Pitshanger,-8,Does not apply,2,L3: Higher professional occupations,0
E05013535,Pitshanger,-8,Does not apply,3,"L4, L5 and L6: Lower managerial, administrative and professional occupations",0
E05013535,Pitshanger,-8,Does not apply,4,L7: Intermediate occupations,0
E05013535,Pitshanger,-8,Does not apply,5,L8 and L9: Small employers and own account workers,0
E05013535,Pitshanger,-8,Does not apply,6,L10 and L11: Lower supervisory and technical occupations,0
E05013535,Pitshanger,-8,Does not apply,7,L12: Semi-routine occupations,0
E05013535,Pitshanger,-8,Does not apply,8,L13: Routine occupations,0
E05013535,Pitshanger,-8,Does not apply,9,L14.1: Never worked,0
E05013535,Pitshanger,-8,Does not apply,10,L14.2: Long-term unemployed,0
E05013535,Pitshanger,-8,Does not apply,11,L15: Full-time students,0
E05013535,Pitshanger,1,"Asian, Asian British or Asian Welsh: Bangladeshi",-8,Does not apply,22
E05013535,Pitshanger,1,"Asian, Asian British or Asian Welsh: Bangladeshi",1,L1 and L2: Large employers and higher managerial and administrative occupations,3
E05013535,Pitshanger,1,"Asian, Asian British or Asian Welsh: Bangladeshi",2,L3: Higher professional occupations,8
E05013535,Pitshanger,1,"Asian, Asian British or Asian Welsh: Bangladeshi",3,"L4, L5 and L6: Lower managerial, administrative and professional occupations",7
E05013535,Pitshanger,1,"Asian, Asian British or Asian Welsh: Bangladeshi",4,L7: Intermediate occupations,5
E05013535,Pitshanger,1,"Asian, Asian British or Asian Welsh: Bangladeshi",5,L8 and L9: Small employers and own account workers,4
E05013535,Pitshanger,1,"Asian, Asian British or Asian Welsh: Bangladeshi",6,L10 and L11: Lower supervisory and technical occupations,1
E05013535,Pitshanger,1,"Asian, Asian British or Asian Welsh: Bangladeshi",7,L12: Semi-routine occupations,6
E05013535,Pitshanger,1,"Asian, Asian British or Asian Welsh: Bangladeshi",8,L13: Routine occupations,6
E05013535,Pitshanger,1,"Asian, Asian British or Asian Welsh: Bangladeshi",9,L14.1: Never worked,5
E05013535,Pitshanger,1,"Asian, Asian British or Asian Welsh: Bangladeshi",10,L14.2: Long-term unemployed,1
E05013535,Pitshanger,1,"Asian, Asian British or Asian Welsh: Bangladeshi",11,L15: Full-time students,5
E05013535,Pitshanger,2,"Asian, Asian British or Asian Welsh: Chinese",-8,Does not apply,25
E05013535,Pitshanger,2,"Asian, Asian British or Asian Welsh: Chinese",1,L1 and L2: Large employers and higher managerial and administrative occupations,7
E05013535,Pitshanger,2,"Asian, Asian British or Asian Welsh: Chinese",2,L3: Higher professional occupations,49
E05013535,Pitshanger,2,"Asian, Asian British or Asian Welsh: Chinese",3,"L4, L5 and L6: Lower managerial, administrative and professional occupations",23
E05013535,Pitshanger,2,"Asian, Asian British or Asian Welsh: Chinese",4,L7: Intermediate occupations,13
E05013535,Pitshanger,2,"Asian, Asian British or Asian Welsh: Chinese",5,L8 and L9: Small employers and own account workers,6
E05013535,Pitshanger,2,"Asian, Asian British or Asian Welsh: Chinese",6,L10 and L11: Lower supervisory and technical occupations,3
E05013535,Pitshanger,2,"Asian, Asian British or Asian Welsh: Chinese",7,L12: Semi-routine occupations,13
E05013535,Pitshanger,2,"Asian, Asian British or Asian Welsh: Chinese",8,L13: Routine occupations,6
E05013535,Pitshanger,2,"Asian, Asian British or Asian Welsh: Chinese",9,L14.1: Never worked,20
E05013535,Pitshanger,2,"Asian, Asian British or Asian Welsh: Chinese",10,L14.2: Long-term unemployed,0
E05013535,Pitshanger,2,"Asian, Asian British or Asian Welsh: Chinese",11,L15: Full-time students,9
E05013535,Pitshanger,3,"Asian, Asian British or Asian Welsh: Indian",-8,Does not apply,169
E05013535,Pitshanger,3,"Asian, Asian British or Asian Welsh: Indian",1,L1 and L2: Large employers and higher managerial and administrative occupations,79
E05013535,Pitshanger,3,"Asian, Asian British or Asian Welsh: Indian",2,L3: Higher professional occupations,133
E05013535,Pitshanger,3,"Asian, Asian British or Asian Welsh: Indian",3,"L4, L5 and L6: Lower managerial, administrative and professional occupations",145
E05013535,Pitshanger,3,"Asian, Asian British or Asian Welsh: Indian",4,L7: Intermediate occupations,72
E05013535,Pitshanger,3,"Asian, Asian British or Asian Welsh: Indian",5,L8 and L9: Small employers and own account workers,48
E05013535,Pitshanger,3,"Asian, Asian British or Asian Welsh: Indian",6,L10 and L11: Lower supervisory and technical occupations,24
E05013535,Pitshanger,3,"Asian, Asian British or Asian Welsh: Indian",7,L12: Semi-routine occupations,43
E05013535,Pitshanger,3,"Asian, Asian British or Asian Welsh: Indian",8,L13: Routine occupations,46
E05013535,Pitshanger,3,"Asian, Asian British or Asian Welsh: Indian",9,L14.1: Never worked,73
E05013535,Pitshanger,3,"Asian, Asian British or Asian Welsh: Indian",10,L14.2: Long-term unemployed,14
E05013535,Pitshanger,3,"Asian, Asian British or Asian Welsh: Indian",11,L15: Full-time students,79
E05013535,Pitshanger,4,"Asian, Asian British or Asian Welsh: Pakistani",-8,Does not apply,82
E05013535,Pitshanger,4,"Asian, Asian British or Asian Welsh: Pakistani",1,L1 and L2: Large employers and higher managerial and administrative occupations,10
E05013535,Pitshanger,4,"Asian, Asian British or Asian Welsh: Pakistani",2,L3: Higher professional occupations,25
E05013535,Pitshanger,4,"Asian, Asian British or Asian Welsh: Pakistani",3,"L4, L5 and L6: Lower managerial, administrative and professional occupations",36
E05013535,Pitshanger,4,"Asian, Asian British or Asian Welsh: Pakistani",4,L7: Intermediate occupations,25
E05013535,Pitshanger,4,"Asian, Asian British or Asian Welsh: Pakistani",5,L8 and L9: Small employers and own account workers,22
E05013535,Pitshanger,4,"Asian, Asian British or Asian Welsh: Pakistani",6,L10 and L11: Lower supervisory and technical occupations,17
E05013535,Pitshanger,4,"Asian, Asian British or Asian Welsh: Pakistani",7,L12: Semi-routine occupations,26
E05013535,Pitshanger,4,"Asian, Asian British or Asian Welsh: Pakistani",8,L13: Routine occupations,18
E05013535,Pitshanger,4,"Asian, Asian British or Asian Welsh: Pakistani",9,L14.1: Never worked,50
E05013535,Pitshanger,4,"Asian, Asian British or Asian Welsh: Pakistani",10,L14.2: Long-term unemployed,6
E05013535,Pitshanger,4,"Asian, Asian British or Asian Welsh: Pakistani",11,L15: Full-time students,29
E05013535,Pitshanger,5,"Asian, Asian British or Asian Welsh: Other Asian",-8,Does not apply,239
E05013535,Pitshanger,5,"Asian, Asian British or Asian Welsh: Other Asian",1,L1 and L2: Large employers and higher managerial and administrative occupations,25
E05013535,Pitshanger,5,"Asian, Asian British or Asian Welsh: Other Asian",2,L3: Higher professional occupations,83
E05013535,Pitshanger,5,"Asian, Asian British or Asian Welsh: Other Asian",3,"L4, L5 and L6: Lower managerial, administrative and professional occupations",96
E05013535,Pitshanger,5,"Asian, Asian British or Asian Welsh: Other Asian",4,L7: Intermediate occupations,45
E05013535,Pitshanger,5,"Asian, Asian British or Asian Welsh: Other Asian",5,L8 and L9: Small employers and own account workers,69
E05013535,Pitshanger,5,"Asian, Asian British or Asian Welsh: Other Asian",6,L10 and L11: Lower supervisory and technical occupations,18
E05013535,Pitshanger,5,"Asian, Asian British or Asian Welsh: Other Asian",7,L12: Semi-routine occupations,40
E05013535,Pitshanger,5,"Asian, Asian British or Asian Welsh: Other Asian",8,L13: Routine occupations,49
E05013535,Pitshanger,5,"Asian, Asian British or Asian Welsh: Other Asian",9,L14.1: Never worked,129
E05013535,Pitshanger,5,"Asian, Asian British or Asian Welsh: Other Asian",10,L14.2: Long-term unemployed,6
E05013535,Pitshanger,5,"Asian, Asian British or Asian Welsh: Other Asian",11,L15: Full-time students,63
E05013535,Pitshanger,6,"Black, Black British, Black Welsh, Caribbean or African: African",-8,Does not apply,393
E05013535,Pitshanger,6,"Black, Black British, Black Welsh, Caribbean or African: African",1,L1 and L2: Large employers and higher managerial and administrative occupations,22
E05013535,Pitshanger,6,"Black, Black British, Black Welsh, Caribbean or African: African",2,L3: Higher professional occupations,41
E05013535,Pitshanger,6,"Black, Black British, Black Welsh, Caribbean or African: African",3,"L4, L5 and L6: Lower managerial, administrative and professional occupations",108
E05013535,Pitshanger,6,"Black, Black British, Black Welsh, Caribbean or African: African",4,L7: Intermediate occupations,70
E05013535,Pitshanger,6,"Black, Black British, Black Welsh, Caribbean or African: African",5,L8 and L9: Small employers and own account workers,54
E05013535,Pitshanger,6,"Black, Black British, Black Welsh, Caribbean or African: African",6,L10 and L11: Lower supervisory and technical occupations,17
E05013535,Pitshanger,6,"Black, Black British, Black Welsh, Caribbean or African: African",7,L12: Semi-routine occupations,122
E05013535,Pitshanger,6,"Black, Black British, Black Welsh, Caribbean or African: African",8,L13: Routine occupations,85
E05013535,Pitshanger,6,"Black, Black British, Black Welsh, Caribbean or African: African",9,L14.1: Never worked,168
E05013535,Pitshanger,6,"Black, Black British, Black Welsh, Caribbean or African: African",10,L14.2: Long-term unemployed,26
E05013535,Pitshanger,6,"Black, Black British, Black Welsh, Caribbean or African: African",11,L15: Full-time students,209
E05013535,Pitshanger,7,"Black, Black British, Black Welsh, Caribbean or African: Caribbean",-8,Does not apply,60
E05013535,Pitshanger,7,"Black, Black British, Black Welsh, Caribbean or African: Caribbean",1,L1 and L2: Large employers and higher managerial and administrative occupations,8
E05013535,Pitshanger,7,"Black, Black British, Black Welsh, Caribbean or African: Caribbean",2,L3: Higher professional occupations,27
E05013535,Pitshanger,7,"Black, Black British, Black Welsh, Caribbean or African: Caribbean",3,"L4, L5 and L6: Lower managerial, administrative and professional occupations",67
E05013535,Pitshanger,7,"Black, Black British, Black Welsh, Caribbean or African: Caribbean",4,L7: Intermediate occupations,48
E05013535,Pitshanger,7,"Black, Black British, Black Welsh, Caribbean or African: Caribbean",5,L8 and L9: Small employers and own account workers,21
E05013535,Pitshanger,7,"Black, Black British, Black Welsh, Caribbean or African: Caribbean",6,L10 and L11: Lower supervisory and technical occupations,19
E05013535,Pitshanger,7,"Black, Black British, Black Welsh, Caribbean or African: Caribbean",7,L12: Semi-routine occupations,52
E05013535,Pitshanger,7,"Black, Black British, Black Welsh, Caribbean or African: Caribbean",8,L13: Routine occupations,41
E05013535,Pitshanger,7,"Black, Black British, Black Welsh, Caribbean or African: Caribbean",9,L14.1: Never worked,37
E05013535,Pitshanger,7,"Black, Black British, Black Welsh, Caribbean or African: Caribbean",10,L14.2: Long-term unemployed,17
E05013535,Pitshanger,7,"Black, Black British, Black Welsh, Caribbean or African: Caribbean",11,L15: Full-time students,29
E05013535,Pitshanger,8,"Black, Black British, Black Welsh, Caribbean or African: Other Black",-8,Does not apply,65
E05013535,Pitshanger,8,"Black, Black British, Black Welsh, Caribbean or African: Other Black",1,L1 and L2: Large employers and higher managerial and administrative occupations,0
E05013535,Pitshanger,8,"Black, Black British, Black Welsh, Caribbean or African: Other Black",2,L3: Higher professional occupations,8
E05013535,Pitshanger,8,"Black, Black British, Black Welsh, Caribbean or African: Other Black",3,"L4, L5 and L6: Lower managerial, administrative and professional occupations",12
E05013535,Pitshanger,8,"Black, Black British, Black Welsh, Caribbean or African: Other Black",4,L7: Intermediate occupations,19
E05013535,Pitshanger,8,"Black, Black British, Black Welsh, Caribbean or African: Other Black",5,L8 and L9: Small employers and own account workers,13
E05013535,Pitshanger,8,"Black, Black British, Black Welsh, Caribbean or African: Other Black",6,L10 and L11: Lower supervisory and technical occupations,4
E05013535,Pitshanger,8,"Black, Black British, Black Welsh, Caribbean or African: Other Black",7,L12: Semi-routine occupations,21
E05013535,Pitshanger,8,"Black, Black British, Black Welsh, Caribbean or African: Other Black",8,L13: Routine occupations,16
E05013535,Pitshanger,8,"Black, Black British, Black Welsh, Caribbean or African: Other Black",9,L14.1: Never worked,14
E05013535,Pitshanger,8,"Black, Black British, Black Welsh, Caribbean or African: Other Black",10,L14.2: Long-term unemployed,4
E05013535,Pitshanger,8,"Black, Black British, Black Welsh, Caribbean or African: Other Black",11,L15: Full-time students,20
E05013535,Pitshanger,9,Mixed or Multiple ethnic groups: White and Asian,-8,Does not apply,155
E05013535,Pitshanger,9,Mixed or Multiple ethnic groups: White and Asian,1,L1 and L2: Large employers and higher managerial and administrative occupations,10
E05013535,Pitshanger,9,Mixed or Multiple ethnic groups: White and Asian,2,L3: Higher professional occupations,22
E05013535,Pitshanger,9,Mixed or Multiple ethnic groups: White and Asian,3,"L4, L5 and L6: Lower managerial, administrative and professional occupations",36
E05013535,Pitshanger,9,Mixed or Multiple ethnic groups: White and Asian,4,L7: Intermediate occupations,13
E05013535,Pitshanger,9,Mixed or Multiple ethnic groups: White and Asian,5,L8 and L9: Small employers and own account workers,9
E05013535,Pitshanger,9,Mixed or Multiple ethnic groups: White and Asian,6,L10 and L11: Lower supervisory and technical occupations,1
E05013535,Pitshanger,9,Mixed or Multiple ethnic groups: White and Asian,7,L12: Semi-routine occupations,7
E05013535,Pitshanger,9,Mixed or Multiple ethnic groups: White and Asian,8,L13: Routine occupations,6
E05013535,Pitshanger,9,Mixed or Multiple ethnic groups: White and Asian,9,L14.1: Never worked,6
E05013535,Pitshanger,9,Mixed or Multiple ethnic groups: White and Asian,10,L14.2: Long-term unemployed,6
E05013535,Pitshanger,9,Mixed or Multiple ethnic groups: White and Asian,11,L15: Full-time students,25
E05013535,Pitshanger,10,Mixed or Multiple ethnic groups: White and Black African,-8,Does not apply,35
E05013535,Pitshanger,10,Mixed or Multiple ethnic groups: White and Black African,1,L1 and L2: Large employers and higher managerial and administrative occupations,3
E05013535,Pitshanger,10,Mixed or Multiple ethnic groups: White and Black African,2,L3: Higher professional occupations,6
E05013535,Pitshanger,10,Mixed or Multiple ethnic groups: White and Black African,3,"L4, L5 and L6: Lower managerial, administrative and professional occupations",10
E05013535,Pitshanger,10,Mixed or Multiple ethnic groups: White and Black African,4,L7: Intermediate occupations,6
E05013535,Pitshanger,10,Mixed or Multiple ethnic groups: White and Black African,5,L8 and L9: Small employers and own account workers,7
E05013535,Pitshanger,10,Mixed or Multiple ethnic groups: White and Black African,6,L10 and L11: Lower supervisory and technical occupations,3
E05013535,Pitshanger,10,Mixed or Multiple ethnic groups: White and Black African,7,L12: Semi-routine occupations,6
E05013535,Pitshanger,10,Mixed or Multiple ethnic groups: White and Black African,8,L13: Routine occupations,4
E05013535,Pitshanger,10,Mixed or Multiple ethnic groups: White and Black African,9,L14.1: Never worked,5
E05013535,Pitshanger,10,Mixed or Multiple ethnic groups: White and Black African,10,L14.2: Long-term unemployed,1
E05013535,Pitshanger,10,Mixed or Multiple ethnic groups: White and Black African,11,L15: Full-time students,5
E05013535,Pitshanger,11,Mixed or Multiple ethnic groups: White and Black Caribbean,-8,Does not apply,70
E05013535,Pitshanger,11,Mixed or Multiple ethnic groups: White and Black Caribbean,1,L1 and L2: Large employers and higher managerial and administrative occupations,4
E05013535,Pitshanger,11,Mixed or Multiple ethnic groups: White and Black Caribbean,2,L3: Higher professional occupations,12
E05013535,Pitshanger,11,Mixed or Multiple ethnic groups: White and Black Caribbean,3,"L4, L5 and L6: Lower managerial, administrative and professional occupations",20
E05013535,Pitshanger,11,Mixed or Multiple ethnic groups: White and Black Caribbean,4,L7: Intermediate occupations,15
E05013535,Pitshanger,11,Mixed or Multiple ethnic groups: White and Black Caribbean,5,L8 and L9: Small employers and own account workers,10
E05013535,Pitshanger,11,Mixed or Multiple ethnic groups: White and Black Caribbean,6,L10 and L11: Lower supervisory and technical occupations,3
E05013535,Pitshanger,11,Mixed or Multiple ethnic groups: White and Black Caribbean,7,L12: Semi-routine occupations,13
E05013535,Pitshanger,11,Mixed or Multiple ethnic groups: White and Black Caribbean,8,L13: Routine occupations,12
E05013535,Pitshanger,11,Mixed or Multiple ethnic groups: White and Black Caribbean,9,L14.1: Never worked,8
E05013535,Pitshanger,11,Mixed or Multiple ethnic groups: White and Black Caribbean,10,L14.2: Long-term unemployed,7
E05013535,Pitshanger,11,Mixed or Multiple ethnic groups: White and Black Caribbean,11,L15: Full-time students,18
E05013535,Pitshanger,12,Mixed or Multiple ethnic groups: Other Mixed or Multiple ethnic groups,-8,Does not apply,147
E05013535,Pitshanger,12,Mixed or Multiple ethnic groups: Other Mixed or Multiple ethnic groups,1,L1 and L2: Large employers and higher managerial and administrative occupations,13
E05013535,Pitshanger,12,Mixed or Multiple ethnic groups: Other Mixed or Multiple ethnic groups,2,L3: Higher professional occupations,28
E05013535,Pitshanger,12,Mixed or Multiple ethnic groups: Other Mixed or Multiple ethnic groups,3,"L4, L5 and L6: Lower managerial, administrative and professional occupations",44
E05013535,Pitshanger,12,Mixed or Multiple ethnic groups: Other Mixed or Multiple ethnic groups,4,L7: Intermediate occupations,28
E05013535,Pitshanger,12,Mixed or Multiple ethnic groups: Other Mixed or Multiple ethnic groups,5,L8 and L9: Small employers and own account workers,31
E05013535,Pitshanger,12,Mixed or Multiple ethnic groups: Other Mixed or Multiple ethnic groups,6,L10 and L11: Lower supervisory and technical occupations,5
E05013535,Pitshanger,12,Mixed or Multiple ethnic groups: Other Mixed or Multiple ethnic groups,7,L12: Semi-routine occupations,17
E05013535,Pitshanger,12,Mixed or Multiple ethnic groups: Other Mixed or Multiple ethnic groups,8,L13: Routine occupations,9
E05013535,Pitshanger,12,Mixed or Multiple ethnic groups: Other Mixed or Multiple ethnic groups,9,L14.1: Never worked,2
E05013535,Pitshanger,12,Mixed or Multiple ethnic groups: Other Mixed or Multiple ethnic groups,10,L14.2: Long-term unemployed,5
E05013535,Pitshanger,12,Mixed or Multiple ethnic groups: Other Mixed or Multiple ethnic groups,11,L15: Full-time students,30
E05013535,Pitshanger,13,"White: English, Welsh, Scottish, Northern Irish or British",-8,Does not apply,953
E05013535,Pitshanger,13,"White: English, Welsh, Scottish, Northern Irish or British",1,L1 and L2: Large employers and higher managerial and administrative occupations,340
E05013535,Pitshanger,13,"White: English, Welsh, Scottish, Northern Irish or British",2,L3: Higher professional occupations,753
E05013535,Pitshanger,13,"White: English, Welsh, Scottish, Northern Irish or British",3,"L4, L5 and L6: Lower managerial, administrative and professional occupations",1229
E05013535,Pitshanger,13,"White: English, Welsh, Scottish, Northern Irish or British",4,L7: Intermediate occupations,504
E05013535,Pitshanger,13,"White: English, Welsh, Scottish, Northern Irish or British",5,L8 and L9: Small employers and own account workers,414
E05013535,Pitshanger,13,"White: English, Welsh, Scottish, Northern Irish or British",6,L10 and L11: Lower supervisory and technical occupations,120
E05013535,Pitshanger,13,"White: English, Welsh, Scottish, Northern Irish or British",7,L12: Semi-routine occupations,208
E05013535,Pitshanger,13,"White: English, Welsh, Scottish, Northern Irish or British",8,L13: Routine occupations,201
E05013535,Pitshanger,13,"White: English, Welsh, Scottish, Northern Irish or British",9,L14.1: Never worked,171
E05013535,Pitshanger,13,"White: English, Welsh, Scottish, Northern Irish or British",10,L14.2: Long-term unemployed,56
E05013535,Pitshanger,13,"White: English, Welsh, Scottish, Northern Irish or British",11,L15: Full-time students,285
E05013535,Pitshanger,14,White: Irish,-8,Does not apply,22
E05013535,Pitshanger,14,White: Irish,1,L1 and L2: Large employers and higher managerial and administrative occupations,43
E05013535,Pitshanger,14,White: Irish,2,L3: Higher professional occupations,76
E05013535,Pitshanger,14,White: Irish,3,"L4, L5 and L6: Lower managerial, administrative and professional occupations",113
E05013535,Pitshanger,14,White: Irish,4,L7: Intermediate occupations,56
E05013535,Pitshanger,14,White: Irish,5,L8 and L9: Small employers and own account workers,60
E05013535,Pitshanger,14,White: Irish,6,L10 and L11: Lower supervisory and technical occupations,14
E05013535,Pitshanger,14,White: Irish,7,L12: Semi-routine occupations,28
E05013535,Pitshanger,14,White: Irish,8,L13: Routine occupations,44
E05013535,Pitshanger,14,White: Irish,9,L14.1: Never worked,25
E05013535,Pitshanger,14,White: Irish,10,L14.2: Long-term unemployed,6
E05013535,Pitshanger,14,White: Irish,11,L15: Full-time students,16
E05013535,Pitshanger,15,White: Gypsy or Irish Traveller,-8,Does not apply,6
E05013535,Pitshanger,15,White: Gypsy or Irish Traveller,1,L1 and L2: Large employers and higher managerial and administrative occupations,0
E05013535,Pitshanger,15,White: Gypsy or Irish Traveller,2,L3: Higher professional occupations,0
E05013535,Pitshanger,15,White: Gypsy or Irish Traveller,3,"L4, L5 and L6: Lower managerial, administrative and professional occupations",0
E05013535,Pitshanger,15,White: Gypsy or Irish Traveller,4,L7: Intermediate occupations,0
E05013535,Pitshanger,15,White: Gypsy or Irish Traveller,5,L8 and L9: Small employers and own account workers,0
E05013535,Pitshanger,15,White: Gypsy or Irish Traveller,6,L10 and L11: Lower supervisory and technical occupations,0
E05013535,Pitshanger,15,White: Gypsy or Irish Traveller,7,L12: Semi-routine occupations,0
E05013535,Pitshanger,15,White: Gypsy or Irish Traveller,8,L13: Routine occupations,4
E05013535,Pitshanger,15,White: Gypsy or Irish Traveller,9,L14.1: Never worked,6
E05013535,Pitshanger,15,White: Gypsy or Irish Traveller,10,L14.2: Long-term unemployed,0
E05013535,Pitshanger,15,White: Gypsy or Irish Traveller,11,L15: Full-time students,0
E05013535,Pitshanger,16,White: Roma,-8,Does not apply,1
E05013535,Pitshanger,16,White: Roma,1,L1 and L2: Large employers and higher managerial and administrative occupations,3
E05013535,Pitshanger,16,White: Roma,2,L3: Higher professional occupations,2
E05013535,Pitshanger,16,White: Roma,3,"L4, L5 and L6: Lower managerial, administrative and professional occupations",3
E05013535,Pitshanger,16,White: Roma,4,L7: Intermediate occupations,1
E05013535,Pitshanger,16,White: Roma,5,L8 and L9: Small employers and own account workers,6
E05013535,Pitshanger,16,White: Roma,6,L10 and L11: Lower supervisory and technical occupations,3
E05013535,Pitshanger,16,White: Roma,7,L12: Semi-routine occupations,1
E05013535,Pitshanger,16,White: Roma,8,L13: Routine occupations,4
E05013535,Pitshanger,16,White: Roma,9,L14.1: Never worked,1
E05013535,Pitshanger,16,White: Roma,10,L14.2: Long-term unemployed,0
E05013535,Pitshanger,16,White: Roma,11,L15: Full-time students,1
E05013535,Pitshanger,17,White: Other White,-8,Does not apply,327
E05013535,Pitshanger,17,White: Other White,1,L1 and L2: Large employers and higher managerial and administrative occupations,129
E05013535,Pitshanger,17,White: Other White,2,L3: Higher professional occupations,361
E05013535,Pitshanger,17,White: Other White,3,"L4, L5 and L6: Lower managerial, administrative and professional occupations",465
E05013535,Pitshanger,17,White: Other White,4,L7: Intermediate occupations,226
E05013535,Pitshanger,17,White: Other White,5,L8 and L9: Small employers and own account workers,380
E05013535,Pitshanger,17,White: Other White,6,L10 and L11: Lower supervisory and technical occupations,89
E05013535,Pitshanger,17,White: Other White,7,L12: Semi-routine occupations,141
E05013535,Pitshanger,17,White: Other White,8,L13: Routine occupations,185
E05013535,Pitshanger,17,White: Other White,9,L14.1: Never worked,78
E05013535,Pitshanger,17,White: Other White,10,L14.2: Long-term unemployed,43
E05013535,Pitshanger,17,White: Other White,11,L15: Full-time students,123
E05013535,Pitshanger,18,Other ethnic group: Arab,-8,Does not apply,173
E05013535,Pitshanger,18,Other ethnic group: Arab,1,L1 and L2: Large employers and higher managerial and administrative occupations,10
E05013535,Pitshanger,18,Other ethnic group: Arab,2,L3: Higher professional occupations,39
E05013535,Pitshanger,18,Other ethnic group: Arab,3,"L4, L5 and L6: Lower managerial, administrative and professional occupations",58
E05013535,Pitshanger,18,Other ethnic group: Arab,4,L7: Intermediate occupations,23
E05013535,Pitshanger,18,Other ethnic group: Arab,5,L8 and L9: Small employers and own account workers,46
E05013535,Pitshanger,18,Other ethnic group: Arab,6,L10 and L11: Lower supervisory and technical occupations,11
E05013535,Pitshanger,18,Other ethnic group: Arab,7,L12: Semi-routine occupations,27
E05013535,Pitshanger,18,Other ethnic group: Arab,8,L13: Routine occupations,28
E05013535,Pitshanger,18,Other ethnic group: Arab,9,L14.1: Never worked,103
E05013535,Pitshanger,18,Other ethnic group: Arab,10,L14.2: Long-term unemployed,4
E05013535,Pitshanger,18,Other ethnic group: Arab,11,L15: Full-time students,64
E05013535,Pitshanger,19,Other ethnic group: Any other ethnic group,-8,Does not apply,143
E05013535,Pitshanger,19,Other ethnic group: Any other ethnic group,1,L1 and L2: Large employers and higher managerial and administrative occupations,29
E05013535,Pitshanger,19,Other ethnic group: Any other ethnic group,2,L3: Higher professional occupations,67
E05013535,Pitshanger,19,Other ethnic group: Any other ethnic group,3,"L4, L5 and L6: Lower managerial, administrative and professional occupations",144
E05013535,Pitshanger,19,Other ethnic group: Any other ethnic group,4,L7: Intermediate occupations,67
E05013535,Pitshanger,19,Other ethnic group: Any other ethnic group,5,L8 and L9: Small employers and own account workers,78
E05013535,Pitshanger,19,Other ethnic group: Any other ethnic group,6,L10 and L11: Lower supervisory and technical occupations,19
E05013535,Pitshanger,19,Other ethnic group: Any other ethnic group,7,L12: Semi-routine occupations,55
E05013535,Pitshanger,19,Other ethnic group: Any other ethnic group,8,L13: Routine occupations,53
E05013535,Pitshanger,19,Other ethnic group: Any other ethnic group,9,L14.1: Never worked,118
E05013535,Pitshanger,19,Other ethnic group: Any other ethnic group,10,L14.2: Long-term unemployed,15
E05013535,Pitshanger,19,Other ethnic group: Any other ethnic group,11,L15: Full-time students,56
E05013536,South Acton,-8,Does not apply,-8,Does not apply,0
E05013536,South Acton,-8,Does not apply,1,L1 and L2: Large employers and higher managerial and administrative occupations,0
E05013536,South Acton,-8,Does not apply,2,L3: Higher professional occupations,0
E05013536,South Acton,-8,Does not apply,3,"L4, L5 and L6: Lower managerial, administrative and professional occupations",0
E05013536,South Acton,-8,Does not apply,4,L7: Intermediate occupations,0
E05013536,South Acton,-8,Does not apply,5,L8 and L9: Small employers and own account workers,0
E05013536,South Acton,-8,Does not apply,6,L10 and L11: Lower supervisory and technical occupations,0
E05013536,South Acton,-8,Does not apply,7,L12: Semi-routine occupations,0
E05013536,South Acton,-8,Does not apply,8,L13: Routine occupations,0
E05013536,South Acton,-8,Does not apply,9,L14.1: Never worked,0
E05013536,South Acton,-8,Does not apply,10,L14.2: Long-term unemployed,0
E05013536,South Acton,-8,Does not apply,11,L15: Full-time students,0
E05013536,South Acton,1,"Asian, Asian British or Asian Welsh: Bangladeshi",-8,Does not apply,21
E05013536,South Acton,1,"Asian, Asian British or Asian Welsh: Bangladeshi",1,L1 and L2: Large employers and higher managerial and administrative occupations,1
E05013536,South Acton,1,"Asian, Asian British or Asian Welsh: Bangladeshi",2,L3: Higher professional occupations,6
E05013536,South Acton,1,"Asian, Asian British or Asian Welsh: Bangladeshi",3,"L4, L5 and L6: Lower managerial, administrative and professional occupations",7
E05013536,South Acton,1,"Asian, Asian British or Asian Welsh: Bangladeshi",4,L7: Intermediate occupations,3
E05013536,South Acton,1,"Asian, Asian British or Asian Welsh: Bangladeshi",5,L8 and L9: Small employers and own account workers,3
E05013536,South Acton,1,"Asian, Asian British or Asian Welsh: Bangladeshi",6,L10 and L11: Lower supervisory and technical occupations,3
E05013536,South Acton,1,"Asian, Asian British or Asian Welsh: Bangladeshi",7,L12: Semi-routine occupations,8
E05013536,South Acton,1,"Asian, Asian British or Asian Welsh: Bangladeshi",8,L13: Routine occupations,3
E05013536,South Acton,1,"Asian, Asian British or Asian Welsh: Bangladeshi",9,L14.1: Never worked,12
E05013536,South Acton,1,"Asian, Asian British or Asian Welsh: Bangladeshi",10,L14.2: Long-term unemployed,1
E05013536,South Acton,1,"Asian, Asian British or Asian Welsh: Bangladeshi",11,L15: Full-time students,7
E05013536,South Acton,2,"Asian, Asian British or Asian Welsh: Chinese",-8,Does not apply,25
E05013536,South Acton,2,"Asian, Asian British or Asian Welsh: Chinese",1,L1 and L2: Large employers and higher managerial and administrative occupations,20
E05013536,South Acton,2,"Asian, Asian British or Asian Welsh: Chinese",2,L3: Higher professional occupations,85
E05013536,South Acton,2,"Asian, Asian British or Asian Welsh: Chinese",3,"L4, L5 and L6: Lower managerial, administrative and professional occupations",79
E05013536,South Acton,2,"Asian, Asian British or Asian Welsh: Chinese",4,L7: Intermediate occupations,19
E05013536,South Acton,2,"Asian, Asian British or Asian Welsh: Chinese",5,L8 and L9: Small employers and own account workers,21
E05013536,South Acton,2,"Asian, Asian British or Asian Welsh: Chinese",6,L10 and L11: Lower supervisory and technical occupations,8
E05013536,South Acton,2,"Asian, Asian British or Asian Welsh: Chinese",7,L12: Semi-routine occupations,15
E05013536,South Acton,2,"Asian, Asian British or Asian Welsh: Chinese",8,L13: Routine occupations,11
E05013536,South Acton,2,"Asian, Asian British or Asian Welsh: Chinese",9,L14.1: Never worked,17
E05013536,South Acton,2,"Asian, Asian British or Asian Welsh: Chinese",10,L14.2: Long-term unemployed,2
E05013536,South Acton,2,"Asian, Asian British or Asian Welsh: Chinese",11,L15: Full-time students,22
E05013536,South Acton,3,"Asian, Asian British or Asian Welsh: Indian",-8,Does not apply,62
E05013536,South Acton,3,"Asian, Asian British or Asian Welsh: Indian",1,L1 and L2: Large employers and higher managerial and administrative occupations,38
E05013536,South Acton,3,"Asian, Asian British or Asian Welsh: Indian",2,L3: Higher professional occupations,97
E05013536,South Acton,3,"Asian, Asian British or Asian Welsh: Indian",3,"L4, L5 and L6: Lower managerial, administrative and professional occupations",104
E05013536,South Acton,3,"Asian, Asian British or Asian Welsh: Indian",4,L7: Intermediate occupations,49
E05013536,South Acton,3,"Asian, Asian British or Asian Welsh: Indian",5,L8 and L9: Small employers and own account workers,34
E05013536,South Acton,3,"Asian, Asian British or Asian Welsh: Indian",6,L10 and L11: Lower supervisory and technical occupations,14
E05013536,South Acton,3,"Asian, Asian British or Asian Welsh: Indian",7,L12: Semi-routine occupations,46
E05013536,South Acton,3,"Asian, Asian British or Asian Welsh: Indian",8,L13: Routine occupations,44
E05013536,South Acton,3,"Asian, Asian British or Asian Welsh: Indian",9,L14.1: Never worked,51
E05013536,South Acton,3,"Asian, Asian British or Asian Welsh: Indian",10,L14.2: Long-term unemployed,5
E05013536,South Acton,3,"Asian, Asian British or Asian Welsh: Indian",11,L15: Full-time students,37
E05013536,South Acton,4,"Asian, Asian British or Asian Welsh: Pakistani",-8,Does not apply,61
E05013536,South Acton,4,"Asian, Asian British or Asian Welsh: Pakistani",1,L1 and L2: Large employers and higher managerial and administrative occupations,10
E05013536,South Acton,4,"Asian, Asian British or Asian Welsh: Pakistani",2,L3: Higher professional occupations,29
E05013536,South Acton,4,"Asian, Asian British or Asian Welsh: Pakistani",3,"L4, L5 and L6: Lower managerial, administrative and professional occupations",36
E05013536,South Acton,4,"Asian, Asian British or Asian Welsh: Pakistani",4,L7: Intermediate occupations,16
E05013536,South Acton,4,"Asian, Asian British or Asian Welsh: Pakistani",5,L8 and L9: Small employers and own account workers,15
E05013536,South Acton,4,"Asian, Asian British or Asian Welsh: Pakistani",6,L10 and L11: Lower supervisory and technical occupations,10
E05013536,South Acton,4,"Asian, Asian British or Asian Welsh: Pakistani",7,L12: Semi-routine occupations,13
E05013536,South Acton,4,"Asian, Asian British or Asian Welsh: Pakistani",8,L13: Routine occupations,13
E05013536,South Acton,4,"Asian, Asian British or Asian Welsh: Pakistani",9,L14.1: Never worked,52
E05013536,South Acton,4,"Asian, Asian British or Asian Welsh: Pakistani",10,L14.2: Long-term unemployed,4
E05013536,South Acton,4,"Asian, Asian British or Asian Welsh: Pakistani",11,L15: Full-time students,25
E05013536,South Acton,5,"Asian, Asian British or Asian Welsh: Other Asian",-8,Does not apply,196
E05013536,South Acton,5,"Asian, Asian British or Asian Welsh: Other Asian",1,L1 and L2: Large employers and higher managerial and administrative occupations,25
E05013536,South Acton,5,"Asian, Asian British or Asian Welsh: Other Asian",2,L3: Higher professional occupations,78
E05013536,South Acton,5,"Asian, Asian British or Asian Welsh: Other Asian",3,"L4, L5 and L6: Lower managerial, administrative and professional occupations",120
E05013536,South Acton,5,"Asian, Asian British or Asian Welsh: Other Asian",4,L7: Intermediate occupations,50
E05013536,South Acton,5,"Asian, Asian British or Asian Welsh: Other Asian",5,L8 and L9: Small employers and own account workers,83
E05013536,South Acton,5,"Asian, Asian British or Asian Welsh: Other Asian",6,L10 and L11: Lower supervisory and technical occupations,26
E05013536,South Acton,5,"Asian, Asian British or Asian Welsh: Other Asian",7,L12: Semi-routine occupations,62
E05013536,South Acton,5,"Asian, Asian British or Asian Welsh: Other Asian",8,L13: Routine occupations,74
E05013536,South Acton,5,"Asian, Asian British or Asian Welsh: Other Asian",9,L14.1: Never worked,149
E05013536,South Acton,5,"Asian, Asian British or Asian Welsh: Other Asian",10,L14.2: Long-term unemployed,10
E05013536,South Acton,5,"Asian, Asian British or Asian Welsh: Other Asian",11,L15: Full-time students,85
E05013536,South Acton,6,"Black, Black British, Black Welsh, Caribbean or African: African",-8,Does not apply,523
E05013536,South Acton,6,"Black, Black British, Black Welsh, Caribbean or African: African",1,L1 and L2: Large employers and higher managerial and administrative occupations,20
E05013536,South Acton,6,"Black, Black British, Black Welsh, Caribbean or African: African",2,L3: Higher professional occupations,75
E05013536,South Acton,6,"Black, Black British, Black Welsh, Caribbean or African: African",3,"L4, L5 and L6: Lower managerial, administrative and professional occupations",176
E05013536,South Acton,6,"Black, Black British, Black Welsh, Caribbean or African: African",4,L7: Intermediate occupations,103
E05013536,South Acton,6,"Black, Black British, Black Welsh, Caribbean or African: African",5,L8 and L9: Small employers and own account workers,109
E05013536,South Acton,6,"Black, Black British, Black Welsh, Caribbean or African: African",6,L10 and L11: Lower supervisory and technical occupations,33
E05013536,South Acton,6,"Black, Black British, Black Welsh, Caribbean or African: African",7,L12: Semi-routine occupations,176
E05013536,South Acton,6,"Black, Black British, Black Welsh, Caribbean or African: African",8,L13: Routine occupations,148
E05013536,South Acton,6,"Black, Black British, Black Welsh, Caribbean or African: African",9,L14.1: Never worked,226
E05013536,South Acton,6,"Black, Black British, Black Welsh, Caribbean or African: African",10,L14.2: Long-term unemployed,36
E05013536,South Acton,6,"Black, Black British, Black Welsh, Caribbean or African: African",11,L15: Full-time students,227
E05013536,South Acton,7,"Black, Black British, Black Welsh, Caribbean or African: Caribbean",-8,Does not apply,82
E05013536,South Acton,7,"Black, Black British, Black Welsh, Caribbean or African: Caribbean",1,L1 and L2: Large employers and higher managerial and administrative occupations,18
E05013536,South Acton,7,"Black, Black British, Black Welsh, Caribbean or African: Caribbean",2,L3: Higher professional occupations,37
E05013536,South Acton,7,"Black, Black British, Black Welsh, Caribbean or African: Caribbean",3,"L4, L5 and L6: Lower managerial, administrative and professional occupations",133
E05013536,South Acton,7,"Black, Black British, Black Welsh, Caribbean or African: Caribbean",4,L7: Intermediate occupations,84
E05013536,South Acton,7,"Black, Black British, Black Welsh, Caribbean or African: Caribbean",5,L8 and L9: Small employers and own account workers,29
E05013536,South Acton,7,"Black, Black British, Black Welsh, Caribbean or African: Caribbean",6,L10 and L11: Lower supervisory and technical occupations,35
E05013536,South Acton,7,"Black, Black British, Black Welsh, Caribbean or African: Caribbean",7,L12: Semi-routine occupations,102
E05013536,South Acton,7,"Black, Black British, Black Welsh, Caribbean or African: Caribbean",8,L13: Routine occupations,72
E05013536,South Acton,7,"Black, Black British, Black Welsh, Caribbean or African: Caribbean",9,L14.1: Never worked,42
E05013536,South Acton,7,"Black, Black British, Black Welsh, Caribbean or African: Caribbean",10,L14.2: Long-term unemployed,11
E05013536,South Acton,7,"Black, Black British, Black Welsh, Caribbean or African: Caribbean",11,L15: Full-time students,22
E05013536,South Acton,8,"Black, Black British, Black Welsh, Caribbean or African: Other Black",-8,Does not apply,98
E05013536,South Acton,8,"Black, Black British, Black Welsh, Caribbean or African: Other Black",1,L1 and L2: Large employers and higher managerial and administrative occupations,1
E05013536,South Acton,8,"Black, Black British, Black Welsh, Caribbean or African: Other Black",2,L3: Higher professional occupations,8
E05013536,South Acton,8,"Black, Black British, Black Welsh, Caribbean or African: Other Black",3,"L4, L5 and L6: Lower managerial, administrative and professional occupations",32
E05013536,South Acton,8,"Black, Black British, Black Welsh, Caribbean or African: Other Black",4,L7: Intermediate occupations,15
E05013536,South Acton,8,"Black, Black British, Black Welsh, Caribbean or African: Other Black",5,L8 and L9: Small employers and own account workers,10
E05013536,South Acton,8,"Black, Black British, Black Welsh, Caribbean or African: Other Black",6,L10 and L11: Lower supervisory and technical occupations,8
E05013536,South Acton,8,"Black, Black British, Black Welsh, Caribbean or African: Other Black",7,L12: Semi-routine occupations,16
E05013536,South Acton,8,"Black, Black British, Black Welsh, Caribbean or African: Other Black",8,L13: Routine occupations,16
E05013536,South Acton,8,"Black, Black British, Black Welsh, Caribbean or African: Other Black",9,L14.1: Never worked,41
E05013536,South Acton,8,"Black, Black British, Black Welsh, Caribbean or African: Other Black",10,L14.2: Long-term unemployed,9
E05013536,South Acton,8,"Black, Black British, Black Welsh, Caribbean or African: Other Black",11,L15: Full-time students,19
E05013536,South Acton,9,Mixed or Multiple ethnic groups: White and Asian,-8,Does not apply,119
E05013536,South Acton,9,Mixed or Multiple ethnic groups: White and Asian,1,L1 and L2: Large employers and higher managerial and administrative occupations,9
E05013536,South Acton,9,Mixed or Multiple ethnic groups: White and Asian,2,L3: Higher professional occupations,29
E05013536,South Acton,9,Mixed or Multiple ethnic groups: White and Asian,3,"L4, L5 and L6: Lower managerial, administrative and professional occupations",27
E05013536,South Acton,9,Mixed or Multiple ethnic groups: White and Asian,4,L7: Intermediate occupations,11
E05013536,South Acton,9,Mixed or Multiple ethnic groups: White and Asian,5,L8 and L9: Small employers and own account workers,12
E05013536,South Acton,9,Mixed or Multiple ethnic groups: White and Asian,6,L10 and L11: Lower supervisory and technical occupations,3
E05013536,South Acton,9,Mixed or Multiple ethnic groups: White and Asian,7,L12: Semi-routine occupations,11
E05013536,South Acton,9,Mixed or Multiple ethnic groups: White and Asian,8,L13: Routine occupations,2
E05013536,South Acton,9,Mixed or Multiple ethnic groups: White and Asian,9,L14.1: Never worked,12
E05013536,South Acton,9,Mixed or Multiple ethnic groups: White and Asian,10,L14.2: Long-term unemployed,0
E05013536,South Acton,9,Mixed or Multiple ethnic groups: White and Asian,11,L15: Full-time students,41
E05013536,South Acton,10,Mixed or Multiple ethnic groups: White and Black African,-8,Does not apply,75
E05013536,South Acton,10,Mixed or Multiple ethnic groups: White and Black African,1,L1 and L2: Large employers and higher managerial and administrative occupations,7
E05013536,South Acton,10,Mixed or Multiple ethnic groups: White and Black African,2,L3: Higher professional occupations,9
E05013536,South Acton,10,Mixed or Multiple ethnic groups: White and Black African,3,"L4, L5 and L6: Lower managerial, administrative and professional occupations",21
E05013536,South Acton,10,Mixed or Multiple ethnic groups: White and Black African,4,L7: Intermediate occupations,6
E05013536,South Acton,10,Mixed or Multiple ethnic groups: White and Black African,5,L8 and L9: Small employers and own account workers,9
E05013536,South Acton,10,Mixed or Multiple ethnic groups: White and Black African,6,L10 and L11: Lower supervisory and technical occupations,6
E05013536,South Acton,10,Mixed or Multiple ethnic groups: White and Black African,7,L12: Semi-routine occupations,11
E05013536,South Acton,10,Mixed or Multiple ethnic groups: White and Black African,8,L13: Routine occupations,9
E05013536,South Acton,10,Mixed or Multiple ethnic groups: White and Black African,9,L14.1: Never worked,9
E05013536,South Acton,10,Mixed or Multiple ethnic groups: White and Black African,10,L14.2: Long-term unemployed,0
E05013536,South Acton,10,Mixed or Multiple ethnic groups: White and Black African,11,L15: Full-time students,5
E05013536,South Acton,11,Mixed or Multiple ethnic groups: White and Black Caribbean,-8,Does not apply,74
E05013536,South Acton,11,Mixed or Multiple ethnic groups: White and Black Caribbean,1,L1 and L2: Large employers and higher managerial and administrative occupations,4
E05013536,South Acton,11,Mixed or Multiple ethnic groups: White and Black Caribbean,2,L3: Higher professional occupations,14
E05013536,South Acton,11,Mixed or Multiple ethnic groups: White and Black Caribbean,3,"L4, L5 and L6: Lower managerial, administrative and professional occupations",19
E05013536,South Acton,11,Mixed or Multiple ethnic groups: White and Black Caribbean,4,L7: Intermediate occupations,9
E05013536,South Acton,11,Mixed or Multiple ethnic groups: White and Black Caribbean,5,L8 and L9: Small employers and own account workers,11
E05013536,South Acton,11,Mixed or Multiple ethnic groups: White and Black Caribbean,6,L10 and L11: Lower supervisory and technical occupations,7
E05013536,South Acton,11,Mixed or Multiple ethnic groups: White and Black Caribbean,7,L12: Semi-routine occupations,18
E05013536,South Acton,11,Mixed or Multiple ethnic groups: White and Black Caribbean,8,L13: Routine occupations,16
E05013536,South Acton,11,Mixed or Multiple ethnic groups: White and Black Caribbean,9,L14.1: Never worked,21
E05013536,South Acton,11,Mixed or Multiple ethnic groups: White and Black Caribbean,10,L14.2: Long-term unemployed,3
E05013536,South Acton,11,Mixed or Multiple ethnic groups: White and Black Caribbean,11,L15: Full-time students,15
E05013536,South Acton,12,Mixed or Multiple ethnic groups: Other Mixed or Multiple ethnic groups,-8,Does not apply,170
E05013536,South Acton,12,Mixed or Multiple ethnic groups: Other Mixed or Multiple ethnic groups,1,L1 and L2: Large employers and higher managerial and administrative occupations,31
E05013536,South Acton,12,Mixed or Multiple ethnic groups: Other Mixed or Multiple ethnic groups,2,L3: Higher professional occupations,36
E05013536,South Acton,12,Mixed or Multiple ethnic groups: Other Mixed or Multiple ethnic groups,3,"L4, L5 and L6: Lower managerial, administrative and professional occupations",64
E05013536,South Acton,12,Mixed or Multiple ethnic groups: Other Mixed or Multiple ethnic groups,4,L7: Intermediate occupations,29
E05013536,South Acton,12,Mixed or Multiple ethnic groups: Other Mixed or Multiple ethnic groups,5,L8 and L9: Small employers and own account workers,23
E05013536,South Acton,12,Mixed or Multiple ethnic groups: Other Mixed or Multiple ethnic groups,6,L10 and L11: Lower supervisory and technical occupations,5
E05013536,South Acton,12,Mixed or Multiple ethnic groups: Other Mixed or Multiple ethnic groups,7,L12: Semi-routine occupations,26
E05013536,South Acton,12,Mixed or Multiple ethnic groups: Other Mixed or Multiple ethnic groups,8,L13: Routine occupations,15
E05013536,South Acton,12,Mixed or Multiple ethnic groups: Other Mixed or Multiple ethnic groups,9,L14.1: Never worked,11
E05013536,South Acton,12,Mixed or Multiple ethnic groups: Other Mixed or Multiple ethnic groups,10,L14.2: Long-term unemployed,7
E05013536,South Acton,12,Mixed or Multiple ethnic groups: Other Mixed or Multiple ethnic groups,11,L15: Full-time students,37
E05013536,South Acton,13,"White: English, Welsh, Scottish, Northern Irish or British",-8,Does not apply,807
E05013536,South Acton,13,"White: English, Welsh, Scottish, Northern Irish or British",1,L1 and L2: Large employers and higher managerial and administrative occupations,336
E05013536,South Acton,13,"White: English, Welsh, Scottish, Northern Irish or British",2,L3: Higher professional occupations,737
E05013536,South Acton,13,"White: English, Welsh, Scottish, Northern Irish or British",3,"L4, L5 and L6: Lower managerial, administrative and professional occupations",1148
E05013536,South Acton,13,"White: English, Welsh, Scottish, Northern Irish or British",4,L7: Intermediate occupations,364
E05013536,South Acton,13,"White: English, Welsh, Scottish, Northern Irish or British",5,L8 and L9: Small employers and own account workers,399
E05013536,South Acton,13,"White: English, Welsh, Scottish, Northern Irish or British",6,L10 and L11: Lower supervisory and technical occupations,111
E05013536,South Acton,13,"White: English, Welsh, Scottish, Northern Irish or British",7,L12: Semi-routine occupations,221
E05013536,South Acton,13,"White: English, Welsh, Scottish, Northern Irish or British",8,L13: Routine occupations,233
E05013536,South Acton,13,"White: English, Welsh, Scottish, Northern Irish or British",9,L14.1: Never worked,186
E05013536,South Acton,13,"White: English, Welsh, Scottish, Northern Irish or British",10,L14.2: Long-term unemployed,55
E05013536,South Acton,13,"White: English, Welsh, Scottish, Northern Irish or British",11,L15: Full-time students,197
E05013536,South Acton,14,White: Irish,-8,Does not apply,19
E05013536,South Acton,14,White: Irish,1,L1 and L2: Large employers and higher managerial and administrative occupations,32
E05013536,South Acton,14,White: Irish,2,L3: Higher professional occupations,50
E05013536,South Acton,14,White: Irish,3,"L4, L5 and L6: Lower managerial, administrative and professional occupations",103
E05013536,South Acton,14,White: Irish,4,L7: Intermediate occupations,38
E05013536,South Acton,14,White: Irish,5,L8 and L9: Small employers and own account workers,34
E05013536,South Acton,14,White: Irish,6,L10 and L11: Lower supervisory and technical occupations,16
E05013536,South Acton,14,White: Irish,7,L12: Semi-routine occupations,34
E05013536,South Acton,14,White: Irish,8,L13: Routine occupations,44
E05013536,South Acton,14,White: Irish,9,L14.1: Never worked,30
E05013536,South Acton,14,White: Irish,10,L14.2: Long-term unemployed,5
E05013536,South Acton,14,White: Irish,11,L15: Full-time students,8
E05013536,South Acton,15,White: Gypsy or Irish Traveller,-8,Does not apply,2
E05013536,South Acton,15,White: Gypsy or Irish Traveller,1,L1 and L2: Large employers and higher managerial and administrative occupations,0
E05013536,South Acton,15,White: Gypsy or Irish Traveller,2,L3: Higher professional occupations,0
E05013536,South Acton,15,White: Gypsy or Irish Traveller,3,"L4, L5 and L6: Lower managerial, administrative and professional occupations",0
E05013536,South Acton,15,White: Gypsy or Irish Traveller,4,L7: Intermediate occupations,0
E05013536,South Acton,15,White: Gypsy or Irish Traveller,5,L8 and L9: Small employers and own account workers,1
E05013536,South Acton,15,White: Gypsy or Irish Traveller,6,L10 and L11: Lower supervisory and technical occupations,0
E05013536,South Acton,15,White: Gypsy or Irish Traveller,7,L12: Semi-routine occupations,3
E05013536,South Acton,15,White: Gypsy or Irish Traveller,8,L13: Routine occupations,1
E05013536,South Acton,15,White: Gypsy or Irish Traveller,9,L14.1: Never worked,1
E05013536,South Acton,15,White: Gypsy or Irish Traveller,10,L14.2: Long-term unemployed,0
E05013536,South Acton,15,White: Gypsy or Irish Traveller,11,L15: Full-time students,0
E05013536,South Acton,16,White: Roma,-8,Does not apply,15
E05013536,South Acton,16,White: Roma,1,L1 and L2: Large employers and higher managerial and administrative occupations,2
E05013536,South Acton,16,White: Roma,2,L3: Higher professional occupations,10
E05013536,South Acton,16,White: Roma,3,"L4, L5 and L6: Lower managerial, administrative and professional occupations",24
E05013536,South Acton,16,White: Roma,4,L7: Intermediate occupations,2
E05013536,South Acton,16,White: Roma,5,L8 and L9: Small employers and own account workers,9
E05013536,South Acton,16,White: Roma,6,L10 and L11: Lower supervisory and technical occupations,18
E05013536,South Acton,16,White: Roma,7,L12: Semi-routine occupations,4
E05013536,South Acton,16,White: Roma,8,L13: Routine occupations,23
E05013536,South Acton,16,White: Roma,9,L14.1: Never worked,6
E05013536,South Acton,16,White: Roma,10,L14.2: Long-term unemployed,0
E05013536,South Acton,16,White: Roma,11,L15: Full-time students,4
E05013536,South Acton,17,White: Other White,-8,Does not apply,356
E05013536,South Acton,17,White: Other White,1,L1 and L2: Large employers and higher managerial and administrative occupations,170
E05013536,South Acton,17,White: Other White,2,L3: Higher professional occupations,435
E05013536,South Acton,17,White: Other White,3,"L4, L5 and L6: Lower managerial, administrative and professional occupations",683
E05013536,South Acton,17,White: Other White,4,L7: Intermediate occupations,279
E05013536,South Acton,17,White: Other White,5,L8 and L9: Small employers and own account workers,495
E05013536,South Acton,17,White: Other White,6,L10 and L11: Lower supervisory and technical occupations,148
E05013536,South Acton,17,White: Other White,7,L12: Semi-routine occupations,183
E05013536,South Acton,17,White: Other White,8,L13: Routine occupations,287
E05013536,South Acton,17,White: Other White,9,L14.1: Never worked,110
E05013536,South Acton,17,White: Other White,10,L14.2: Long-term unemployed,68
E05013536,South Acton,17,White: Other White,11,L15: Full-time students,185
E05013536,South Acton,18,Other ethnic group: Arab,-8,Does not apply,287
E05013536,South Acton,18,Other ethnic group: Arab,1,L1 and L2: Large employers and higher managerial and administrative occupations,6
E05013536,South Acton,18,Other ethnic group: Arab,2,L3: Higher professional occupations,50
E05013536,South Acton,18,Other ethnic group: Arab,3,"L4, L5 and L6: Lower managerial, administrative and professional occupations",79
E05013536,South Acton,18,Other ethnic group: Arab,4,L7: Intermediate occupations,39
E05013536,South Acton,18,Other ethnic group: Arab,5,L8 and L9: Small employers and own account workers,42
E05013536,South Acton,18,Other ethnic group: Arab,6,L10 and L11: Lower supervisory and technical occupations,26
E05013536,South Acton,18,Other ethnic group: Arab,7,L12: Semi-routine occupations,44
E05013536,South Acton,18,Other ethnic group: Arab,8,L13: Routine occupations,60
E05013536,South Acton,18,Other ethnic group: Arab,9,L14.1: Never worked,193
E05013536,South Acton,18,Other ethnic group: Arab,10,L14.2: Long-term unemployed,9
E05013536,South Acton,18,Other ethnic group: Arab,11,L15: Full-time students,80
E05013536,South Acton,19,Other ethnic group: Any other ethnic group,-8,Does not apply,158
E05013536,South Acton,19,Other ethnic group: Any other ethnic group,1,L1 and L2: Large employers and higher managerial and administrative occupations,11
E05013536,South Acton,19,Other ethnic group: Any other ethnic group,2,L3: Higher professional occupations,60
E05013536,South Acton,19,Other ethnic group: Any other ethnic group,3,"L4, L5 and L6: Lower managerial, administrative and professional occupations",85
E05013536,South Acton,19,Other ethnic group: Any other ethnic group,4,L7: Intermediate occupations,47
E05013536,South Acton,19,Other ethnic group: Any other ethnic group,5,L8 and L9: Small employers and own account workers,72
E05013536,South Acton,19,Other ethnic group: Any other ethnic group,6,L10 and L11: Lower supervisory and technical occupations,24
E05013536,South Acton,19,Other ethnic group: Any other ethnic group,7,L12: Semi-routine occupations,62
E05013536,South Acton,19,Other ethnic group: Any other ethnic group,8,L13: Routine occupations,82
E05013536,South Acton,19,Other ethnic group: Any other ethnic group,9,L14.1: Never worked,141
E05013536,South Acton,19,Other ethnic group: Any other ethnic group,10,L14.2: Long-term unemployed,10
E05013536,South Acton,19,Other ethnic group: Any other ethnic group,11,L15: Full-time students,92
E05013538,Southall Green,-8,Does not apply,-8,Does not apply,0
E05013538,Southall Green,-8,Does not apply,1,L1 and L2: Large employers and higher managerial and administrative occupations,0
E05013538,Southall Green,-8,Does not apply,2,L3: Higher professional occupations,0
E05013538,Southall Green,-8,Does not apply,3,"L4, L5 and L6: Lower managerial, administrative and professional occupations",0
E05013538,Southall Green,-8,Does not apply,4,L7: Intermediate occupations,0
E05013538,Southall Green,-8,Does not apply,5,L8 and L9: Small employers and own account workers,0
E05013538,Southall Green,-8,Does not apply,6,L10 and L11: Lower supervisory and technical occupations,0
E05013538,Southall Green,-8,Does not apply,7,L12: Semi-routine occupations,0
E05013538,Southall Green,-8,Does not apply,8,L13: Routine occupations,0
E05013538,Southall Green,-8,Does not apply,9,L14.1: Never worked,0
E05013538,Southall Green,-8,Does not apply,10,L14.2: Long-term unemployed,0
E05013538,Southall Green,-8,Does not apply,11,L15: Full-time students,0
E05013538,Southall Green,1,"Asian, Asian British or Asian Welsh: Bangladeshi",-8,Does not apply,96
E05013538,Southall Green,1,"Asian, Asian British or Asian Welsh: Bangladeshi",1,L1 and L2: Large employers and higher managerial and administrative occupations,3
E05013538,Southall Green,1,"Asian, Asian British or Asian Welsh: Bangladeshi",2,L3: Higher professional occupations,3
E05013538,Southall Green,1,"Asian, Asian British or Asian Welsh: Bangladeshi",3,"L4, L5 and L6: Lower managerial, administrative and professional occupations",6
E05013538,Southall Green,1,"Asian, Asian British or Asian Welsh: Bangladeshi",4,L7: Intermediate occupations,11
E05013538,Southall Green,1,"Asian, Asian British or Asian Welsh: Bangladeshi",5,L8 and L9: Small employers and own account workers,13
E05013538,Southall Green,1,"Asian, Asian British or Asian Welsh: Bangladeshi",6,L10 and L11: Lower supervisory and technical occupations,10
E05013538,Southall Green,1,"Asian, Asian British or Asian Welsh: Bangladeshi",7,L12: Semi-routine occupations,16
E05013538,Southall Green,1,"Asian, Asian British or Asian Welsh: Bangladeshi",8,L13: Routine occupations,46
E05013538,Southall Green,1,"Asian, Asian British or Asian Welsh: Bangladeshi",9,L14.1: Never worked,63
E05013538,Southall Green,1,"Asian, Asian British or Asian Welsh: Bangladeshi",10,L14.2: Long-term unemployed,7
E05013538,Southall Green,1,"Asian, Asian British or Asian Welsh: Bangladeshi",11,L15: Full-time students,50
E05013538,Southall Green,2,"Asian, Asian British or Asian Welsh: Chinese",-8,Does not apply,0
E05013538,Southall Green,2,"Asian, Asian British or Asian Welsh: Chinese",1,L1 and L2: Large employers and higher managerial and administrative occupations,1
E05013538,Southall Green,2,"Asian, Asian British or Asian Welsh: Chinese",2,L3: Higher professional occupations,4
E05013538,Southall Green,2,"Asian, Asian British or Asian Welsh: Chinese",3,"L4, L5 and L6: Lower managerial, administrative and professional occupations",2
E05013538,Southall Green,2,"Asian, Asian British or Asian Welsh: Chinese",4,L7: Intermediate occupations,1
E05013538,Southall Green,2,"Asian, Asian British or Asian Welsh: Chinese",5,L8 and L9: Small employers and own account workers,0
E05013538,Southall Green,2,"Asian, Asian British or Asian Welsh: Chinese",6,L10 and L11: Lower supervisory and technical occupations,4
E05013538,Southall Green,2,"Asian, Asian British or Asian Welsh: Chinese",7,L12: Semi-routine occupations,2
E05013538,Southall Green,2,"Asian, Asian British or Asian Welsh: Chinese",8,L13: Routine occupations,0
E05013538,Southall Green,2,"Asian, Asian British or Asian Welsh: Chinese",9,L14.1: Never worked,3
E05013538,Southall Green,2,"Asian, Asian British or Asian Welsh: Chinese",10,L14.2: Long-term unemployed,1
E05013538,Southall Green,2,"Asian, Asian British or Asian Welsh: Chinese",11,L15: Full-time students,1
E05013538,Southall Green,3,"Asian, Asian British or Asian Welsh: Indian",-8,Does not apply,1661
E05013538,Southall Green,3,"Asian, Asian British or Asian Welsh: Indian",1,L1 and L2: Large employers and higher managerial and administrative occupations,77
E05013538,Southall Green,3,"Asian, Asian British or Asian Welsh: Indian",2,L3: Higher professional occupations,228
E05013538,Southall Green,3,"Asian, Asian British or Asian Welsh: Indian",3,"L4, L5 and L6: Lower managerial, administrative and professional occupations",589
E05013538,Southall Green,3,"Asian, Asian British or Asian Welsh: Indian",4,L7: Intermediate occupations,513
E05013538,Southall Green,3,"Asian, Asian British or Asian Welsh: Indian",5,L8 and L9: Small employers and own account workers,526
E05013538,Southall Green,3,"Asian, Asian British or Asian Welsh: Indian",6,L10 and L11: Lower supervisory and technical occupations,413
E05013538,Southall Green,3,"Asian, Asian British or Asian Welsh: Indian",7,L12: Semi-routine occupations,755
E05013538,Southall Green,3,"Asian, Asian British or Asian Welsh: Indian",8,L13: Routine occupations,1820
E05013538,Southall Green,3,"Asian, Asian British or Asian Welsh: Indian",9,L14.1: Never worked,1079
E05013538,Southall Green,3,"Asian, Asian British or Asian Welsh: Indian",10,L14.2: Long-term unemployed,115
E05013538,Southall Green,3,"Asian, Asian British or Asian Welsh: Indian",11,L15: Full-time students,642
E05013538,Southall Green,4,"Asian, Asian British or Asian Welsh: Pakistani",-8,Does not apply,296
E05013538,Southall Green,4,"Asian, Asian British or Asian Welsh: Pakistani",1,L1 and L2: Large employers and higher managerial and administrative occupations,9
E05013538,Southall Green,4,"Asian, Asian British or Asian Welsh: Pakistani",2,L3: Higher professional occupations,34
E05013538,Southall Green,4,"Asian, Asian British or Asian Welsh: Pakistani",3,"L4, L5 and L6: Lower managerial, administrative and professional occupations",106
E05013538,Southall Green,4,"Asian, Asian British or Asian Welsh: Pakistani",4,L7: Intermediate occupations,85
E05013538,Southall Green,4,"Asian, Asian British or Asian Welsh: Pakistani",5,L8 and L9: Small employers and own account workers,100
E05013538,Southall Green,4,"Asian, Asian British or Asian Welsh: Pakistani",6,L10 and L11: Lower supervisory and technical occupations,46
E05013538,Southall Green,4,"Asian, Asian British or Asian Welsh: Pakistani",7,L12: Semi-routine occupations,112
E05013538,Southall Green,4,"Asian, Asian British or Asian Welsh: Pakistani",8,L13: Routine occupations,109
E05013538,Southall Green,4,"Asian, Asian British or Asian Welsh: Pakistani",9,L14.1: Never worked,221
E05013538,Southall Green,4,"Asian, Asian British or Asian Welsh: Pakistani",10,L14.2: Long-term unemployed,24
E05013538,Southall Green,4,"Asian, Asian British or Asian Welsh: Pakistani",11,L15: Full-time students,141
E05013538,Southall Green,5,"Asian, Asian British or Asian Welsh: Other Asian",-8,Does not apply,407
E05013538,Southall Green,5,"Asian, Asian British or Asian Welsh: Other Asian",1,L1 and L2: Large employers and higher managerial and administrative occupations,14
E05013538,Southall Green,5,"Asian, Asian British or Asian Welsh: Other Asian",2,L3: Higher professional occupations,28
E05013538,Southall Green,5,"Asian, Asian British or Asian Welsh: Other Asian",3,"L4, L5 and L6: Lower managerial, administrative and professional occupations",73
E05013538,Southall Green,5,"Asian, Asian British or Asian Welsh: Other Asian",4,L7: Intermediate occupations,55
E05013538,Southall Green,5,"Asian, Asian British or Asian Welsh: Other Asian",5,L8 and L9: Small employers and own account workers,99
E05013538,Southall Green,5,"Asian, Asian British or Asian Welsh: Other Asian",6,L10 and L11: Lower supervisory and technical occupations,39
E05013538,Southall Green,5,"Asian, Asian British or Asian Welsh: Other Asian",7,L12: Semi-routine occupations,185
E05013538,Southall Green,5,"Asian, Asian British or Asian Welsh: Other Asian",8,L13: Routine occupations,166
E05013538,Southall Green,5,"Asian, Asian British or Asian Welsh: Other Asian",9,L14.1: Never worked,317
E05013538,Southall Green,5,"Asian, Asian British or Asian Welsh: Other Asian",10,L14.2: Long-term unemployed,9
E05013538,Southall Green,5,"Asian, Asian British or Asian Welsh: Other Asian",11,L15: Full-time students,131
E05013538,Southall Green,6,"Black, Black British, Black Welsh, Caribbean or African: African",-8,Does not apply,205
E05013538,Southall Green,6,"Black, Black British, Black Welsh, Caribbean or African: African",1,L1 and L2: Large employers and higher managerial and administrative occupations,3
E05013538,Southall Green,6,"Black, Black British, Black Welsh, Caribbean or African: African",2,L3: Higher professional occupations,12
E05013538,Southall Green,6,"Black, Black British, Black Welsh, Caribbean or African: African",3,"L4, L5 and L6: Lower managerial, administrative and professional occupations",57
E05013538,Southall Green,6,"Black, Black British, Black Welsh, Caribbean or African: African",4,L7: Intermediate occupations,37
E05013538,Southall Green,6,"Black, Black British, Black Welsh, Caribbean or African: African",5,L8 and L9: Small employers and own account workers,62
E05013538,Southall Green,6,"Black, Black British, Black Welsh, Caribbean or African: African",6,L10 and L11: Lower supervisory and technical occupations,15
E05013538,Southall Green,6,"Black, Black British, Black Welsh, Caribbean or African: African",7,L12: Semi-routine occupations,83
E05013538,Southall Green,6,"Black, Black British, Black Welsh, Caribbean or African: African",8,L13: Routine occupations,64
E05013538,Southall Green,6,"Black, Black British, Black Welsh, Caribbean or African: African",9,L14.1: Never worked,98
E05013538,Southall Green,6,"Black, Black British, Black Welsh, Caribbean or African: African",10,L14.2: Long-term unemployed,19
E05013538,Southall Green,6,"Black, Black British, Black Welsh, Caribbean or African: African",11,L15: Full-time students,126
E05013538,Southall Green,7,"Black, Black British, Black Welsh, Caribbean or African: Caribbean",-8,Does not apply,50
E05013538,Southall Green,7,"Black, Black British, Black Welsh, Caribbean or African: Caribbean",1,L1 and L2: Large employers and higher managerial and administrative occupations,4
E05013538,Southall Green,7,"Black, Black British, Black Welsh, Caribbean or African: Caribbean",2,L3: Higher professional occupations,14
E05013538,Southall Green,7,"Black, Black British, Black Welsh, Caribbean or African: Caribbean",3,"L4, L5 and L6: Lower managerial, administrative and professional occupations",37
E05013538,Southall Green,7,"Black, Black British, Black Welsh, Caribbean or African: Caribbean",4,L7: Intermediate occupations,39
E05013538,Southall Green,7,"Black, Black British, Black Welsh, Caribbean or African: Caribbean",5,L8 and L9: Small employers and own account workers,15
E05013538,Southall Green,7,"Black, Black British, Black Welsh, Caribbean or African: Caribbean",6,L10 and L11: Lower supervisory and technical occupations,17
E05013538,Southall Green,7,"Black, Black British, Black Welsh, Caribbean or African: Caribbean",7,L12: Semi-routine occupations,40
E05013538,Southall Green,7,"Black, Black British, Black Welsh, Caribbean or African: Caribbean",8,L13: Routine occupations,38
E05013538,Southall Green,7,"Black, Black British, Black Welsh, Caribbean or African: Caribbean",9,L14.1: Never worked,30
E05013538,Southall Green,7,"Black, Black British, Black Welsh, Caribbean or African: Caribbean",10,L14.2: Long-term unemployed,14
E05013538,Southall Green,7,"Black, Black British, Black Welsh, Caribbean or African: Caribbean",11,L15: Full-time students,19
E05013538,Southall Green,8,"Black, Black British, Black Welsh, Caribbean or African: Other Black",-8,Does not apply,37
E05013538,Southall Green,8,"Black, Black British, Black Welsh, Caribbean or African: Other Black",1,L1 and L2: Large employers and higher managerial and administrative occupations,1
E05013538,Southall Green,8,"Black, Black British, Black Welsh, Caribbean or African: Other Black",2,L3: Higher professional occupations,2
E05013538,Southall Green,8,"Black, Black British, Black Welsh, Caribbean or African: Other Black",3,"L4, L5 and L6: Lower managerial, administrative and professional occupations",8
E05013538,Southall Green,8,"Black, Black British, Black Welsh, Caribbean or African: Other Black",4,L7: Intermediate occupations,10
E05013538,Southall Green,8,"Black, Black British, Black Welsh, Caribbean or African: Other Black",5,L8 and L9: Small employers and own account workers,5
E05013538,Southall Green,8,"Black, Black British, Black Welsh, Caribbean or African: Other Black",6,L10 and L11: Lower supervisory and technical occupations,1
E05013538,Southall Green,8,"Black, Black British, Black Welsh, Caribbean or African: Other Black",7,L12: Semi-routine occupations,6
E05013538,Southall Green,8,"Black, Black British, Black Welsh, Caribbean or African: Other Black",8,L13: Routine occupations,7
E05013538,Southall Green,8,"Black, Black British, Black Welsh, Caribbean or African: Other Black",9,L14.1: Never worked,7
E05013538,Southall Green,8,"Black, Black British, Black Welsh, Caribbean or African: Other Black",10,L14.2: Long-term unemployed,0
E05013538,Southall Green,8,"Black, Black British, Black Welsh, Caribbean or African: Other Black",11,L15: Full-time students,8
E05013538,Southall Green,9,Mixed or Multiple ethnic groups: White and Asian,-8,Does not apply,56
E05013538,Southall Green,9,Mixed or Multiple ethnic groups: White and Asian,1,L1 and L2: Large employers and higher managerial and administrative occupations,1
E05013538,Southall Green,9,Mixed or Multiple ethnic groups: White and Asian,2,L3: Higher professional occupations,1
E05013538,Southall Green,9,Mixed or Multiple ethnic groups: White and Asian,3,"L4, L5 and L6: Lower managerial, administrative and professional occupations",4
E05013538,Southall Green,9,Mixed or Multiple ethnic groups: White and Asian,4,L7: Intermediate occupations,4
E05013538,Southall Green,9,Mixed or Multiple ethnic groups: White and Asian,5,L8 and L9: Small employers and own account workers,4
E05013538,Southall Green,9,Mixed or Multiple ethnic groups: White and Asian,6,L10 and L11: Lower supervisory and technical occupations,4
E05013538,Southall Green,9,Mixed or Multiple ethnic groups: White and Asian,7,L12: Semi-routine occupations,10
E05013538,Southall Green,9,Mixed or Multiple ethnic groups: White and Asian,8,L13: Routine occupations,8
E05013538,Southall Green,9,Mixed or Multiple ethnic groups: White and Asian,9,L14.1: Never worked,7
E05013538,Southall Green,9,Mixed or Multiple ethnic groups: White and Asian,10,L14.2: Long-term unemployed,2
E05013538,Southall Green,9,Mixed or Multiple ethnic groups: White and Asian,11,L15: Full-time students,7
E05013538,Southall Green,10,Mixed or Multiple ethnic groups: White and Black African,-8,Does not apply,14
E05013538,Southall Green,10,Mixed or Multiple ethnic groups: White and Black African,1,L1 and L2: Large employers and higher managerial and administrative occupations,0
E05013538,Southall Green,10,Mixed or Multiple ethnic groups: White and Black African,2,L3: Higher professional occupations,1
E05013538,Southall Green,10,Mixed or Multiple ethnic groups: White and Black African,3,"L4, L5 and L6: Lower managerial, administrative and professional occupations",3
E05013538,Southall Green,10,Mixed or Multiple ethnic groups: White and Black African,4,L7: Intermediate occupations,1
E05013538,Southall Green,10,Mixed or Multiple ethnic groups: White and Black African,5,L8 and L9: Small employers and own account workers,0
E05013538,Southall Green,10,Mixed or Multiple ethnic groups: White and Black African,6,L10 and L11: Lower supervisory and technical occupations,2
E05013538,Southall Green,10,Mixed or Multiple ethnic groups: White and Black African,7,L12: Semi-routine occupations,2
E05013538,Southall Green,10,Mixed or Multiple ethnic groups: White and Black African,8,L13: Routine occupations,5
E05013538,Southall Green,10,Mixed or Multiple ethnic groups: White and Black African,9,L14.1: Never worked,5
E05013538,Southall Green,10,Mixed or Multiple ethnic groups: White and Black African,10,L14.2: Long-term unemployed,0
E05013538,Southall Green,10,Mixed or Multiple ethnic groups: White and Black African,11,L15: Full-time students,1
E05013538,Southall Green,11,Mixed or Multiple ethnic groups: White and Black Caribbean,-8,Does not apply,19
E05013538,Southall Green,11,Mixed or Multiple ethnic groups: White and Black Caribbean,1,L1 and L2: Large employers and higher managerial and administrative occupations,0
E05013538,Southall Green,11,Mixed or Multiple ethnic groups: White and Black Caribbean,2,L3: Higher professional occupations,0
E05013538,Southall Green,11,Mixed or Multiple ethnic groups: White and Black Caribbean,3,"L4, L5 and L6: Lower managerial, administrative and professional occupations",6
E05013538,Southall Green,11,Mixed or Multiple ethnic groups: White and Black Caribbean,4,L7: Intermediate occupations,0
E05013538,Southall Green,11,Mixed or Multiple ethnic groups: White and Black Caribbean,5,L8 and L9: Small employers and own account workers,2
E05013538,Southall Green,11,Mixed or Multiple ethnic groups: White and Black Caribbean,6,L10 and L11: Lower supervisory and technical occupations,0
E05013538,Southall Green,11,Mixed or Multiple ethnic groups: White and Black Caribbean,7,L12: Semi-routine occupations,3
E05013538,Southall Green,11,Mixed or Multiple ethnic groups: White and Black Caribbean,8,L13: Routine occupations,7
E05013538,Southall Green,11,Mixed or Multiple ethnic groups: White and Black Caribbean,9,L14.1: Never worked,5
E05013538,Southall Green,11,Mixed or Multiple ethnic groups: White and Black Caribbean,10,L14.2: Long-term unemployed,2
E05013538,Southall Green,11,Mixed or Multiple ethnic groups: White and Black Caribbean,11,L15: Full-time students,3
E05013538,Southall Green,12,Mixed or Multiple ethnic groups: Other Mixed or Multiple ethnic groups,-8,Does not apply,54
E05013538,Southall Green,12,Mixed or Multiple ethnic groups: Other Mixed or Multiple ethnic groups,1,L1 and L2: Large employers and higher managerial and administrative occupations,0
E05013538,Southall Green,12,Mixed or Multiple ethnic groups: Other Mixed or Multiple ethnic groups,2,L3: Higher professional occupations,2
E05013538,Southall Green,12,Mixed or Multiple ethnic groups: Other Mixed or Multiple ethnic groups,3,"L4, L5 and L6: Lower managerial, administrative and professional occupations",11
E05013538,Southall Green,12,Mixed or Multiple ethnic groups: Other Mixed or Multiple ethnic groups,4,L7: Intermediate occupations,6
E05013538,Southall Green,12,Mixed or Multiple ethnic groups: Other Mixed or Multiple ethnic groups,5,L8 and L9: Small employers and own account workers,6
E05013538,Southall Green,12,Mixed or Multiple ethnic groups: Other Mixed or Multiple ethnic groups,6,L10 and L11: Lower supervisory and technical occupations,1
E05013538,Southall Green,12,Mixed or Multiple ethnic groups: Other Mixed or Multiple ethnic groups,7,L12: Semi-routine occupations,5
E05013538,Southall Green,12,Mixed or Multiple ethnic groups: Other Mixed or Multiple ethnic groups,8,L13: Routine occupations,4
E05013538,Southall Green,12,Mixed or Multiple ethnic groups: Other Mixed or Multiple ethnic groups,9,L14.1: Never worked,1
E05013538,Southall Green,12,Mixed or Multiple ethnic groups: Other Mixed or Multiple ethnic groups,10,L14.2: Long-term unemployed,4
E05013538,Southall Green,12,Mixed or Multiple ethnic groups: Other Mixed or Multiple ethnic groups,11,L15: Full-time students,12
E05013538,Southall Green,13,"White: English, Welsh, Scottish, Northern Irish or British",-8,Does not apply,67
E05013538,Southall Green,13,"White: English, Welsh, Scottish, Northern Irish or British",1,L1 and L2: Large employers and higher managerial and administrative occupations,5
E05013538,Southall Green,13,"White: English, Welsh, Scottish, Northern Irish or British",2,L3: Higher professional occupations,16
E05013538,Southall Green,13,"White: English, Welsh, Scottish, Northern Irish or British",3,"L4, L5 and L6: Lower managerial, administrative and professional occupations",57
E05013538,Southall Green,13,"White: English, Welsh, Scottish, Northern Irish or British",4,L7: Intermediate occupations,45
E05013538,Southall Green,13,"White: English, Welsh, Scottish, Northern Irish or British",5,L8 and L9: Small employers and own account workers,18
E05013538,Southall Green,13,"White: English, Welsh, Scottish, Northern Irish or British",6,L10 and L11: Lower supervisory and technical occupations,19
E05013538,Southall Green,13,"White: English, Welsh, Scottish, Northern Irish or British",7,L12: Semi-routine occupations,51
E05013538,Southall Green,13,"White: English, Welsh, Scottish, Northern Irish or British",8,L13: Routine occupations,47
E05013538,Southall Green,13,"White: English, Welsh, Scottish, Northern Irish or British",9,L14.1: Never worked,43
E05013538,Southall Green,13,"White: English, Welsh, Scottish, Northern Irish or British",10,L14.2: Long-term unemployed,4
E05013538,Southall Green,13,"White: English, Welsh, Scottish, Northern Irish or British",11,L15: Full-time students,11
E05013538,Southall Green,14,White: Irish,-8,Does not apply,2
E05013538,Southall Green,14,White: Irish,1,L1 and L2: Large employers and higher managerial and administrative occupations,0
E05013538,Southall Green,14,White: Irish,2,L3: Higher professional occupations,0
E05013538,Southall Green,14,White: Irish,3,"L4, L5 and L6: Lower managerial, administrative and professional occupations",12
E05013538,Southall Green,14,White: Irish,4,L7: Intermediate occupations,4
E05013538,Southall Green,14,White: Irish,5,L8 and L9: Small employers and own account workers,7
E05013538,Southall Green,14,White: Irish,6,L10 and L11: Lower supervisory and technical occupations,6
E05013538,Southall Green,14,White: Irish,7,L12: Semi-routine occupations,4
E05013538,Southall Green,14,White: Irish,8,L13: Routine occupations,1
E05013538,Southall Green,14,White: Irish,9,L14.1: Never worked,2
E05013538,Southall Green,14,White: Irish,10,L14.2: Long-term unemployed,1
E05013538,Southall Green,14,White: Irish,11,L15: Full-time students,0
E05013538,Southall Green,15,White: Gypsy or Irish Traveller,-8,Does not apply,2
E05013538,Southall Green,15,White: Gypsy or Irish Traveller,1,L1 and L2: Large employers and higher managerial and administrative occupations,0
E05013538,Southall Green,15,White: Gypsy or Irish Traveller,2,L3: Higher professional occupations,0
E05013538,Southall Green,15,White: Gypsy or Irish Traveller,3,"L4, L5 and L6: Lower managerial, administrative and professional occupations",1
E05013538,Southall Green,15,White: Gypsy or Irish Traveller,4,L7: Intermediate occupations,0
E05013538,Southall Green,15,White: Gypsy or Irish Traveller,5,L8 and L9: Small employers and own account workers,3
E05013538,Southall Green,15,White: Gypsy or Irish Traveller,6,L10 and L11: Lower supervisory and technical occupations,0
E05013538,Southall Green,15,White: Gypsy or Irish Traveller,7,L12: Semi-routine occupations,0
E05013538,Southall Green,15,White: Gypsy or Irish Traveller,8,L13: Routine occupations,0
E05013538,Southall Green,15,White: Gypsy or Irish Traveller,9,L14.1: Never worked,0
E05013538,Southall Green,15,White: Gypsy or Irish Traveller,10,L14.2: Long-term unemployed,0
E05013538,Southall Green,15,White: Gypsy or Irish Traveller,11,L15: Full-time students,0
E05013538,Southall Green,16,White: Roma,-8,Does not apply,0
E05013538,Southall Green,16,White: Roma,1,L1 and L2: Large employers and higher managerial and administrative occupations,0
E05013538,Southall Green,16,White: Roma,2,L3: Higher professional occupations,0
E05013538,Southall Green,16,White: Roma,3,"L4, L5 and L6: Lower managerial, administrative and professional occupations",1
E05013538,Southall Green,16,White: Roma,4,L7: Intermediate occupations,0
E05013538,Southall Green,16,White: Roma,5,L8 and L9: Small employers and own account workers,0
E05013538,Southall Green,16,White: Roma,6,L10 and L11: Lower supervisory and technical occupations,1
E05013538,Southall Green,16,White: Roma,7,L12: Semi-routine occupations,1
E05013538,Southall Green,16,White: Roma,8,L13: Routine occupations,0
E05013538,Southall Green,16,White: Roma,9,L14.1: Never worked,0
E05013538,Southall Green,16,White: Roma,10,L14.2: Long-term unemployed,0
E05013538,Southall Green,16,White: Roma,11,L15: Full-time students,0
E05013538,Southall Green,17,White: Other White,-8,Does not apply,37
E05013538,Southall Green,17,White: Other White,1,L1 and L2: Large employers and higher managerial and administrative occupations,4
E05013538,Southall Green,17,White: Other White,2,L3: Higher professional occupations,23
E05013538,Southall Green,17,White: Other White,3,"L4, L5 and L6: Lower managerial, administrative and professional occupations",43
E05013538,Southall Green,17,White: Other White,4,L7: Intermediate occupations,25
E05013538,Southall Green,17,White: Other White,5,L8 and L9: Small employers and own account workers,56
E05013538,Southall Green,17,White: Other White,6,L10 and L11: Lower supervisory and technical occupations,15
E05013538,Southall Green,17,White: Other White,7,L12: Semi-routine occupations,34
E05013538,Southall Green,17,White: Other White,8,L13: Routine occupations,63
E05013538,Southall Green,17,White: Other White,9,L14.1: Never worked,21
E05013538,Southall Green,17,White: Other White,10,L14.2: Long-term unemployed,10
E05013538,Southall Green,17,White: Other White,11,L15: Full-time students,23
E05013538,Southall Green,18,Other ethnic group: Arab,-8,Does not apply,46
E05013538,Southall Green,18,Other ethnic group: Arab,1,L1 and L2: Large employers and higher managerial and administrative occupations,1
E05013538,Southall Green,18,Other ethnic group: Arab,2,L3: Higher professional occupations,7
E05013538,Southall Green,18,Other ethnic group: Arab,3,"L4, L5 and L6: Lower managerial, administrative and professional occupations",6
E05013538,Southall Green,18,Other ethnic group: Arab,4,L7: Intermediate occupations,2
E05013538,Southall Green,18,Other ethnic group: Arab,5,L8 and L9: Small employers and own account workers,9
E05013538,Southall Green,18,Other ethnic group: Arab,6,L10 and L11: Lower supervisory and technical occupations,4
E05013538,Southall Green,18,Other ethnic group: Arab,7,L12: Semi-routine occupations,5
E05013538,Southall Green,18,Other ethnic group: Arab,8,L13: Routine occupations,12
E05013538,Southall Green,18,Other ethnic group: Arab,9,L14.1: Never worked,22
E05013538,Southall Green,18,Other ethnic group: Arab,10,L14.2: Long-term unemployed,4
E05013538,Southall Green,18,Other ethnic group: Arab,11,L15: Full-time students,21
E05013538,Southall Green,19,Other ethnic group: Any other ethnic group,-8,Does not apply,358
E05013538,Southall Green,19,Other ethnic group: Any other ethnic group,1,L1 and L2: Large employers and higher managerial and administrative occupations,12
E05013538,Southall Green,19,Other ethnic group: Any other ethnic group,2,L3: Higher professional occupations,44
E05013538,Southall Green,19,Other ethnic group: Any other ethnic group,3,"L4, L5 and L6: Lower managerial, administrative and professional occupations",104
E05013538,Southall Green,19,Other ethnic group: Any other ethnic group,4,L7: Intermediate occupations,73
E05013538,Southall Green,19,Other ethnic group: Any other ethnic group,5,L8 and L9: Small employers and own account workers,133
E05013538,Southall Green,19,Other ethnic group: Any other ethnic group,6,L10 and L11: Lower supervisory and technical occupations,56
E05013538,Southall Green,19,Other ethnic group: Any other ethnic group,7,L12: Semi-routine occupations,160
E05013538,Southall Green,19,Other ethnic group: Any other ethnic group,8,L13: Routine occupations,238
E05013538,Southall Green,19,Other ethnic group: Any other ethnic group,9,L14.1: Never worked,374
E05013538,Southall Green,19,Other ethnic group: Any other ethnic group,10,L14.2: Long-term unemployed,18
E05013538,Southall Green,19,Other ethnic group: Any other ethnic group,11,L15: Full-time students,107
E05013539,Southall West,-8,Does not apply,-8,Does not apply,0
E05013539,Southall West,-8,Does not apply,1,L1 and L2: Large employers and higher managerial and administrative occupations,0
E05013539,Southall West,-8,Does not apply,2,L3: Higher professional occupations,0
E05013539,Southall West,-8,Does not apply,3,"L4, L5 and L6: Lower managerial, administrative and professional occupations",0
E05013539,Southall West,-8,Does not apply,4,L7: Intermediate occupations,0
E05013539,Southall West,-8,Does not apply,5,L8 and L9: Small employers and own account workers,0
E05013539,Southall West,-8,Does not apply,6,L10 and L11: Lower supervisory and technical occupations,0
E05013539,Southall West,-8,Does not apply,7,L12: Semi-routine occupations,0
E05013539,Southall West,-8,Does not apply,8,L13: Routine occupations,0
E05013539,Southall West,-8,Does not apply,9,L14.1: Never worked,0
E05013539,Southall West,-8,Does not apply,10,L14.2: Long-term unemployed,0
E05013539,Southall West,-8,Does not apply,11,L15: Full-time students,0
E05013539,Southall West,1,"Asian, Asian British or Asian Welsh: Bangladeshi",-8,Does not apply,139
E05013539,Southall West,1,"Asian, Asian British or Asian Welsh: Bangladeshi",1,L1 and L2: Large employers and higher managerial and administrative occupations,0
E05013539,Southall West,1,"Asian, Asian British or Asian Welsh: Bangladeshi",2,L3: Higher professional occupations,1
E05013539,Southall West,1,"Asian, Asian British or Asian Welsh: Bangladeshi",3,"L4, L5 and L6: Lower managerial, administrative and professional occupations",17
E05013539,Southall West,1,"Asian, Asian British or Asian Welsh: Bangladeshi",4,L7: Intermediate occupations,14
E05013539,Southall West,1,"Asian, Asian British or Asian Welsh: Bangladeshi",5,L8 and L9: Small employers and own account workers,18
E05013539,Southall West,1,"Asian, Asian British or Asian Welsh: Bangladeshi",6,L10 and L11: Lower supervisory and technical occupations,8
E05013539,Southall West,1,"Asian, Asian British or Asian Welsh: Bangladeshi",7,L12: Semi-routine occupations,35
E05013539,Southall West,1,"Asian, Asian British or Asian Welsh: Bangladeshi",8,L13: Routine occupations,51
E05013539,Southall West,1,"Asian, Asian British or Asian Welsh: Bangladeshi",9,L14.1: Never worked,93
E05013539,Southall West,1,"Asian, Asian British or Asian Welsh: Bangladeshi",10,L14.2: Long-term unemployed,2
E05013539,Southall West,1,"Asian, Asian British or Asian Welsh: Bangladeshi",11,L15: Full-time students,58
E05013539,Southall West,2,"Asian, Asian British or Asian Welsh: Chinese",-8,Does not apply,0
E05013539,Southall West,2,"Asian, Asian British or Asian Welsh: Chinese",1,L1 and L2: Large employers and higher managerial and administrative occupations,0
E05013539,Southall West,2,"Asian, Asian British or Asian Welsh: Chinese",2,L3: Higher professional occupations,1
E05013539,Southall West,2,"Asian, Asian British or Asian Welsh: Chinese",3,"L4, L5 and L6: Lower managerial, administrative and professional occupations",1
E05013539,Southall West,2,"Asian, Asian British or Asian Welsh: Chinese",4,L7: Intermediate occupations,2
E05013539,Southall West,2,"Asian, Asian British or Asian Welsh: Chinese",5,L8 and L9: Small employers and own account workers,1
E05013539,Southall West,2,"Asian, Asian British or Asian Welsh: Chinese",6,L10 and L11: Lower supervisory and technical occupations,1
E05013539,Southall West,2,"Asian, Asian British or Asian Welsh: Chinese",7,L12: Semi-routine occupations,2
E05013539,Southall West,2,"Asian, Asian British or Asian Welsh: Chinese",8,L13: Routine occupations,0
E05013539,Southall West,2,"Asian, Asian British or Asian Welsh: Chinese",9,L14.1: Never worked,0
E05013539,Southall West,2,"Asian, Asian British or Asian Welsh: Chinese",10,L14.2: Long-term unemployed,0
E05013539,Southall West,2,"Asian, Asian British or Asian Welsh: Chinese",11,L15: Full-time students,0
E05013539,Southall West,3,"Asian, Asian British or Asian Welsh: Indian",-8,Does not apply,518
E05013539,Southall West,3,"Asian, Asian British or Asian Welsh: Indian",1,L1 and L2: Large employers and higher managerial and administrative occupations,27
E05013539,Southall West,3,"Asian, Asian British or Asian Welsh: Indian",2,L3: Higher professional occupations,107
E05013539,Southall West,3,"Asian, Asian British or Asian Welsh: Indian",3,"L4, L5 and L6: Lower managerial, administrative and professional occupations",236
E05013539,Southall West,3,"Asian, Asian British or Asian Welsh: Indian",4,L7: Intermediate occupations,215
E05013539,Southall West,3,"Asian, Asian British or Asian Welsh: Indian",5,L8 and L9: Small employers and own account workers,149
E05013539,Southall West,3,"Asian, Asian British or Asian Welsh: Indian",6,L10 and L11: Lower supervisory and technical occupations,154
E05013539,Southall West,3,"Asian, Asian British or Asian Welsh: Indian",7,L12: Semi-routine occupations,284
E05013539,Southall West,3,"Asian, Asian British or Asian Welsh: Indian",8,L13: Routine occupations,644
E05013539,Southall West,3,"Asian, Asian British or Asian Welsh: Indian",9,L14.1: Never worked,385
E05013539,Southall West,3,"Asian, Asian British or Asian Welsh: Indian",10,L14.2: Long-term unemployed,37
E05013539,Southall West,3,"Asian, Asian British or Asian Welsh: Indian",11,L15: Full-time students,199
E05013539,Southall West,4,"Asian, Asian British or Asian Welsh: Pakistani",-8,Does not apply,163
E05013539,Southall West,4,"Asian, Asian British or Asian Welsh: Pakistani",1,L1 and L2: Large employers and higher managerial and administrative occupations,6
E05013539,Southall West,4,"Asian, Asian British or Asian Welsh: Pakistani",2,L3: Higher professional occupations,21
E05013539,Southall West,4,"Asian, Asian British or Asian Welsh: Pakistani",3,"L4, L5 and L6: Lower managerial, administrative and professional occupations",56
E05013539,Southall West,4,"Asian, Asian British or Asian Welsh: Pakistani",4,L7: Intermediate occupations,49
E05013539,Southall West,4,"Asian, Asian British or Asian Welsh: Pakistani",5,L8 and L9: Small employers and own account workers,54
E05013539,Southall West,4,"Asian, Asian British or Asian Welsh: Pakistani",6,L10 and L11: Lower supervisory and technical occupations,17
E05013539,Southall West,4,"Asian, Asian British or Asian Welsh: Pakistani",7,L12: Semi-routine occupations,59
E05013539,Southall West,4,"Asian, Asian British or Asian Welsh: Pakistani",8,L13: Routine occupations,49
E05013539,Southall West,4,"Asian, Asian British or Asian Welsh: Pakistani",9,L14.1: Never worked,130
E05013539,Southall West,4,"Asian, Asian British or Asian Welsh: Pakistani",10,L14.2: Long-term unemployed,14
E05013539,Southall West,4,"Asian, Asian British or Asian Welsh: Pakistani",11,L15: Full-time students,77
E05013539,Southall West,5,"Asian, Asian British or Asian Welsh: Other Asian",-8,Does not apply,225
E05013539,Southall West,5,"Asian, Asian British or Asian Welsh: Other Asian",1,L1 and L2: Large employers and higher managerial and administrative occupations,7
E05013539,Southall West,5,"Asian, Asian British or Asian Welsh: Other Asian",2,L3: Higher professional occupations,14
E05013539,Southall West,5,"Asian, Asian British or Asian Welsh: Other Asian",3,"L4, L5 and L6: Lower managerial, administrative and professional occupations",45
E05013539,Southall West,5,"Asian, Asian British or Asian Welsh: Other Asian",4,L7: Intermediate occupations,29
E05013539,Southall West,5,"Asian, Asian British or Asian Welsh: Other Asian",5,L8 and L9: Small employers and own account workers,66
E05013539,Southall West,5,"Asian, Asian British or Asian Welsh: Other Asian",6,L10 and L11: Lower supervisory and technical occupations,25
E05013539,Southall West,5,"Asian, Asian British or Asian Welsh: Other Asian",7,L12: Semi-routine occupations,108
E05013539,Southall West,5,"Asian, Asian British or Asian Welsh: Other Asian",8,L13: Routine occupations,117
E05013539,Southall West,5,"Asian, Asian British or Asian Welsh: Other Asian",9,L14.1: Never worked,161
E05013539,Southall West,5,"Asian, Asian British or Asian Welsh: Other Asian",10,L14.2: Long-term unemployed,6
E05013539,Southall West,5,"Asian, Asian British or Asian Welsh: Other Asian",11,L15: Full-time students,69
E05013539,Southall West,6,"Black, Black British, Black Welsh, Caribbean or African: African",-8,Does not apply,137
E05013539,Southall West,6,"Black, Black British, Black Welsh, Caribbean or African: African",1,L1 and L2: Large employers and higher managerial and administrative occupations,1
E05013539,Southall West,6,"Black, Black British, Black Welsh, Caribbean or African: African",2,L3: Higher professional occupations,19
E05013539,Southall West,6,"Black, Black British, Black Welsh, Caribbean or African: African",3,"L4, L5 and L6: Lower managerial, administrative and professional occupations",21
E05013539,Southall West,6,"Black, Black British, Black Welsh, Caribbean or African: African",4,L7: Intermediate occupations,10
E05013539,Southall West,6,"Black, Black British, Black Welsh, Caribbean or African: African",5,L8 and L9: Small employers and own account workers,17
E05013539,Southall West,6,"Black, Black British, Black Welsh, Caribbean or African: African",6,L10 and L11: Lower supervisory and technical occupations,4
E05013539,Southall West,6,"Black, Black British, Black Welsh, Caribbean or African: African",7,L12: Semi-routine occupations,34
E05013539,Southall West,6,"Black, Black British, Black Welsh, Caribbean or African: African",8,L13: Routine occupations,40
E05013539,Southall West,6,"Black, Black British, Black Welsh, Caribbean or African: African",9,L14.1: Never worked,32
E05013539,Southall West,6,"Black, Black British, Black Welsh, Caribbean or African: African",10,L14.2: Long-term unemployed,11
E05013539,Southall West,6,"Black, Black British, Black Welsh, Caribbean or African: African",11,L15: Full-time students,64
E05013539,Southall West,7,"Black, Black British, Black Welsh, Caribbean or African: Caribbean",-8,Does not apply,14
E05013539,Southall West,7,"Black, Black British, Black Welsh, Caribbean or African: Caribbean",1,L1 and L2: Large employers and higher managerial and administrative occupations,2
E05013539,Southall West,7,"Black, Black British, Black Welsh, Caribbean or African: Caribbean",2,L3: Higher professional occupations,2
E05013539,Southall West,7,"Black, Black British, Black Welsh, Caribbean or African: Caribbean",3,"L4, L5 and L6: Lower managerial, administrative and professional occupations",11
E05013539,Southall West,7,"Black, Black British, Black Welsh, Caribbean or African: Caribbean",4,L7: Intermediate occupations,17
E05013539,Southall West,7,"Black, Black British, Black Welsh, Caribbean or African: Caribbean",5,L8 and L9: Small employers and own account workers,7
E05013539,Southall West,7,"Black, Black British, Black Welsh, Caribbean or African: Caribbean",6,L10 and L11: Lower supervisory and technical occupations,5
E05013539,Southall West,7,"Black, Black British, Black Welsh, Caribbean or African: Caribbean",7,L12: Semi-routine occupations,7
E05013539,Southall West,7,"Black, Black British, Black Welsh, Caribbean or African: Caribbean",8,L13: Routine occupations,12
E05013539,Southall West,7,"Black, Black British, Black Welsh, Caribbean or African: Caribbean",9,L14.1: Never worked,9
E05013539,Southall West,7,"Black, Black British, Black Welsh, Caribbean or African: Caribbean",10,L14.2: Long-term unemployed,2
E05013539,Southall West,7,"Black, Black British, Black Welsh, Caribbean or African: Caribbean",11,L15: Full-time students,7
E05013539,Southall West,8,"Black, Black British, Black Welsh, Caribbean or African: Other Black",-8,Does not apply,25
E05013539,Southall West,8,"Black, Black British, Black Welsh, Caribbean or African: Other Black",1,L1 and L2: Large employers and higher managerial and administrative occupations,1
E05013539,Southall West,8,"Black, Black British, Black Welsh, Caribbean or African: Other Black",2,L3: Higher professional occupations,1
E05013539,Southall West,8,"Black, Black British, Black Welsh, Caribbean or African: Other Black",3,"L4, L5 and L6: Lower managerial, administrative and professional occupations",2
E05013539,Southall West,8,"Black, Black British, Black Welsh, Caribbean or African: Other Black",4,L7: Intermediate occupations,0
E05013539,Southall West,8,"Black, Black British, Black Welsh, Caribbean or African: Other Black",5,L8 and L9: Small employers and own account workers,3
E05013539,Southall West,8,"Black, Black British, Black Welsh, Caribbean or African: Other Black",6,L10 and L11: Lower supervisory and technical occupations,3
E05013539,Southall West,8,"Black, Black British, Black Welsh, Caribbean or African: Other Black",7,L12: Semi-routine occupations,5
E05013539,Southall West,8,"Black, Black British, Black Welsh, Caribbean or African: Other Black",8,L13: Routine occupations,5
E05013539,Southall West,8,"Black, Black British, Black Welsh, Caribbean or African: Other Black",9,L14.1: Never worked,2
E05013539,Southall West,8,"Black, Black British, Black Welsh, Caribbean or African: Other Black",10,L14.2: Long-term unemployed,0
E05013539,Southall West,8,"Black, Black British, Black Welsh, Caribbean or African: Other Black",11,L15: Full-time students,2
E05013539,Southall West,9,Mixed or Multiple ethnic groups: White and Asian,-8,Does not apply,14
E05013539,Southall West,9,Mixed or Multiple ethnic groups: White and Asian,1,L1 and L2: Large employers and higher managerial and administrative occupations,0
E05013539,Southall West,9,Mixed or Multiple ethnic groups: White and Asian,2,L3: Higher professional occupations,0
E05013539,Southall West,9,Mixed or Multiple ethnic groups: White and Asian,3,"L4, L5 and L6: Lower managerial, administrative and professional occupations",3
E05013539,Southall West,9,Mixed or Multiple ethnic groups: White and Asian,4,L7: Intermediate occupations,6
E05013539,Southall West,9,Mixed or Multiple ethnic groups: White and Asian,5,L8 and L9: Small employers and own account workers,3
E05013539,Southall West,9,Mixed or Multiple ethnic groups: White and Asian,6,L10 and L11: Lower supervisory and technical occupations,1
E05013539,Southall West,9,Mixed or Multiple ethnic groups: White and Asian,7,L12: Semi-routine occupations,2
E05013539,Southall West,9,Mixed or Multiple ethnic groups: White and Asian,8,L13: Routine occupations,3
E05013539,Southall West,9,Mixed or Multiple ethnic groups: White and Asian,9,L14.1: Never worked,0
E05013539,Southall West,9,Mixed or Multiple ethnic groups: White and Asian,10,L14.2: Long-term unemployed,0
E05013539,Southall West,9,Mixed or Multiple ethnic groups: White and Asian,11,L15: Full-time students,4
E05013539,Southall West,10,Mixed or Multiple ethnic groups: White and Black African,-8,Does not apply,10
E05013539,Southall West,10,Mixed or Multiple ethnic groups: White and Black African,1,L1 and L2: Large employers and higher managerial and administrative occupations,0
E05013539,Southall West,10,Mixed or Multiple ethnic groups: White and Black African,2,L3: Higher professional occupations,0
E05013539,Southall West,10,Mixed or Multiple ethnic groups: White and Black African,3,"L4, L5 and L6: Lower managerial, administrative and professional occupations",1
E05013539,Southall West,10,Mixed or Multiple ethnic groups: White and Black African,4,L7: Intermediate occupations,1
E05013539,Southall West,10,Mixed or Multiple ethnic groups: White and Black African,5,L8 and L9: Small employers and own account workers,0
E05013539,Southall West,10,Mixed or Multiple ethnic groups: White and Black African,6,L10 and L11: Lower supervisory and technical occupations,0
E05013539,Southall West,10,Mixed or Multiple ethnic groups: White and Black African,7,L12: Semi-routine occupations,0
E05013539,Southall West,10,Mixed or Multiple ethnic groups: White and Black African,8,L13: Routine occupations,3
E05013539,Southall West,10,Mixed or Multiple ethnic groups: White and Black African,9,L14.1: Never worked,2
E05013539,Southall West,10,Mixed or Multiple ethnic groups: White and Black African,10,L14.2: Long-term unemployed,3
E05013539,Southall West,10,Mixed or Multiple ethnic groups: White and Black African,11,L15: Full-time students,4
E05013539,Southall West,11,Mixed or Multiple ethnic groups: White and Black Caribbean,-8,Does not apply,12
E05013539,Southall West,11,Mixed or Multiple ethnic groups: White and Black Caribbean,1,L1 and L2: Large employers and higher managerial and administrative occupations,0
E05013539,Southall West,11,Mixed or Multiple ethnic groups: White and Black Caribbean,2,L3: Higher professional occupations,0
E05013539,Southall West,11,Mixed or Multiple ethnic groups: White and Black Caribbean,3,"L4, L5 and L6: Lower managerial, administrative and professional occupations",5
E05013539,Southall West,11,Mixed or Multiple ethnic groups: White and Black Caribbean,4,L7: Intermediate occupations,2
E05013539,Southall West,11,Mixed or Multiple ethnic groups: White and Black Caribbean,5,L8 and L9: Small employers and own account workers,0
E05013539,Southall West,11,Mixed or Multiple ethnic groups: White and Black Caribbean,6,L10 and L11: Lower supervisory and technical occupations,0
E05013539,Southall West,11,Mixed or Multiple ethnic groups: White and Black Caribbean,7,L12: Semi-routine occupations,2
E05013539,Southall West,11,Mixed or Multiple ethnic groups: White and Black Caribbean,8,L13: Routine occupations,0
E05013539,Southall West,11,Mixed or Multiple ethnic groups: White and Black Caribbean,9,L14.1: Never worked,1
E05013539,Southall West,11,Mixed or Multiple ethnic groups: White and Black Caribbean,10,L14.2: Long-term unemployed,0
E05013539,Southall West,11,Mixed or Multiple ethnic groups: White and Black Caribbean,11,L15: Full-time students,3
E05013539,Southall West,12,Mixed or Multiple ethnic groups: Other Mixed or Multiple ethnic groups,-8,Does not apply,16
E05013539,Southall West,12,Mixed or Multiple ethnic groups: Other Mixed or Multiple ethnic groups,1,L1 and L2: Large employers and higher managerial and administrative occupations,0
E05013539,Southall West,12,Mixed or Multiple ethnic groups: Other Mixed or Multiple ethnic groups,2,L3: Higher professional occupations,2
E05013539,Southall West,12,Mixed or Multiple ethnic groups: Other Mixed or Multiple ethnic groups,3,"L4, L5 and L6: Lower managerial, administrative and professional occupations",3
E05013539,Southall West,12,Mixed or Multiple ethnic groups: Other Mixed or Multiple ethnic groups,4,L7: Intermediate occupations,3
E05013539,Southall West,12,Mixed or Multiple ethnic groups: Other Mixed or Multiple ethnic groups,5,L8 and L9: Small employers and own account workers,2
E05013539,Southall West,12,Mixed or Multiple ethnic groups: Other Mixed or Multiple ethnic groups,6,L10 and L11: Lower supervisory and technical occupations,1
E05013539,Southall West,12,Mixed or Multiple ethnic groups: Other Mixed or Multiple ethnic groups,7,L12: Semi-routine occupations,4
E05013539,Southall West,12,Mixed or Multiple ethnic groups: Other Mixed or Multiple ethnic groups,8,L13: Routine occupations,1
E05013539,Southall West,12,Mixed or Multiple ethnic groups: Other Mixed or Multiple ethnic groups,9,L14.1: Never worked,3
E05013539,Southall West,12,Mixed or Multiple ethnic groups: Other Mixed or Multiple ethnic groups,10,L14.2: Long-term unemployed,0
E05013539,Southall West,12,Mixed or Multiple ethnic groups: Other Mixed or Multiple ethnic groups,11,L15: Full-time students,5
E05013539,Southall West,13,"White: English, Welsh, Scottish, Northern Irish or British",-8,Does not apply,26
E05013539,Southall West,13,"White: English, Welsh, Scottish, Northern Irish or British",1,L1 and L2: Large employers and higher managerial and administrative occupations,3
E05013539,Southall West,13,"White: English, Welsh, Scottish, Northern Irish or British",2,L3: Higher professional occupations,8
E05013539,Southall West,13,"White: English, Welsh, Scottish, Northern Irish or British",3,"L4, L5 and L6: Lower managerial, administrative and professional occupations",24
E05013539,Southall West,13,"White: English, Welsh, Scottish, Northern Irish or British",4,L7: Intermediate occupations,11
E05013539,Southall West,13,"White: English, Welsh, Scottish, Northern Irish or British",5,L8 and L9: Small employers and own account workers,13
E05013539,Southall West,13,"White: English, Welsh, Scottish, Northern Irish or British",6,L10 and L11: Lower supervisory and technical occupations,20
E05013539,Southall West,13,"White: English, Welsh, Scottish, Northern Irish or British",7,L12: Semi-routine occupations,20
E05013539,Southall West,13,"White: English, Welsh, Scottish, Northern Irish or British",8,L13: Routine occupations,22
E05013539,Southall West,13,"White: English, Welsh, Scottish, Northern Irish or British",9,L14.1: Never worked,14
E05013539,Southall West,13,"White: English, Welsh, Scottish, Northern Irish or British",10,L14.2: Long-term unemployed,3
E05013539,Southall West,13,"White: English, Welsh, Scottish, Northern Irish or British",11,L15: Full-time students,3
E05013539,Southall West,14,White: Irish,-8,Does not apply,1
E05013539,Southall West,14,White: Irish,1,L1 and L2: Large employers and higher managerial and administrative occupations,0
E05013539,Southall West,14,White: Irish,2,L3: Higher professional occupations,0
E05013539,Southall West,14,White: Irish,3,"L4, L5 and L6: Lower managerial, administrative and professional occupations",4
E05013539,Southall West,14,White: Irish,4,L7: Intermediate occupations,1
E05013539,Southall West,14,White: Irish,5,L8 and L9: Small employers and own account workers,3
E05013539,Southall West,14,White: Irish,6,L10 and L11: Lower supervisory and technical occupations,0
E05013539,Southall West,14,White: Irish,7,L12: Semi-routine occupations,0
E05013539,Southall West,14,White: Irish,8,L13: Routine occupations,0
E05013539,Southall West,14,White: Irish,9,L14.1: Never worked,0
E05013539,Southall West,14,White: Irish,10,L14.2: Long-term unemployed,0
E05013539,Southall West,14,White: Irish,11,L15: Full-time students,1
E05013539,Southall West,15,White: Gypsy or Irish Traveller,-8,Does not apply,2
E05013539,Southall West,15,White: Gypsy or Irish Traveller,1,L1 and L2: Large employers and higher managerial and administrative occupations,0
E05013539,Southall West,15,White: Gypsy or Irish Traveller,2,L3: Higher professional occupations,0
E05013539,Southall West,15,White: Gypsy or Irish Traveller,3,"L4, L5 and L6: Lower managerial, administrative and professional occupations",0
E05013539,Southall West,15,White: Gypsy or Irish Traveller,4,L7: Intermediate occupations,0
E05013539,Southall West,15,White: Gypsy or Irish Traveller,5,L8 and L9: Small employers and own account workers,2
E05013539,Southall West,15,White: Gypsy or Irish Traveller,6,L10 and L11: Lower supervisory and technical occupations,0
E05013539,Southall West,15,White: Gypsy or Irish Traveller,7,L12: Semi-routine occupations,0
E05013539,Southall West,15,White: Gypsy or Irish Traveller,8,L13: Routine occupations,0
E05013539,Southall West,15,White: Gypsy or Irish Traveller,9,L14.1: Never worked,1
E05013539,Southall West,15,White: Gypsy or Irish Traveller,10,L14.2: Long-term unemployed,0
E05013539,Southall West,15,White: Gypsy or Irish Traveller,11,L15: Full-time students,0
E05013539,Southall West,16,White: Roma,-8,Does not apply,0
E05013539,Southall West,16,White: Roma,1,L1 and L2: Large employers and higher managerial and administrative occupations,0
E05013539,Southall West,16,White: Roma,2,L3: Higher professional occupations,0
E05013539,Southall West,16,White: Roma,3,"L4, L5 and L6: Lower managerial, administrative and professional occupations",1
E05013539,Southall West,16,White: Roma,4,L7: Intermediate occupations,0
E05013539,Southall West,16,White: Roma,5,L8 and L9: Small employers and own account workers,0
E05013539,Southall West,16,White: Roma,6,L10 and L11: Lower supervisory and technical occupations,1
E05013539,Southall West,16,White: Roma,7,L12: Semi-routine occupations,0
E05013539,Southall West,16,White: Roma,8,L13: Routine occupations,1
E05013539,Southall West,16,White: Roma,9,L14.1: Never worked,0
E05013539,Southall West,16,White: Roma,10,L14.2: Long-term unemployed,0
E05013539,Southall West,16,White: Roma,11,L15: Full-time students,0
E05013539,Southall West,17,White: Other White,-8,Does not apply,25
E05013539,Southall West,17,White: Other White,1,L1 and L2: Large employers and higher managerial and administrative occupations,1
E05013539,Southall West,17,White: Other White,2,L3: Higher professional occupations,3
E05013539,Southall West,17,White: Other White,3,"L4, L5 and L6: Lower managerial, administrative and professional occupations",18
E05013539,Southall West,17,White: Other White,4,L7: Intermediate occupations,7
E05013539,Southall West,17,White: Other White,5,L8 and L9: Small employers and own account workers,15
E05013539,Southall West,17,White: Other White,6,L10 and L11: Lower supervisory and technical occupations,3
E05013539,Southall West,17,White: Other White,7,L12: Semi-routine occupations,7
E05013539,Southall West,17,White: Other White,8,L13: Routine occupations,16
E05013539,Southall West,17,White: Other White,9,L14.1: Never worked,12
E05013539,Southall West,17,White: Other White,10,L14.2: Long-term unemployed,2
E05013539,Southall West,17,White: Other White,11,L15: Full-time students,9
E05013539,Southall West,18,Other ethnic group: Arab,-8,Does not apply,23
E05013539,Southall West,18,Other ethnic group: Arab,1,L1 and L2: Large employers and higher managerial and administrative occupations,0
E05013539,Southall West,18,Other ethnic group: Arab,2,L3: Higher professional occupations,3
E05013539,Southall West,18,Other ethnic group: Arab,3,"L4, L5 and L6: Lower managerial, administrative and professional occupations",3
E05013539,Southall West,18,Other ethnic group: Arab,4,L7: Intermediate occupations,2
E05013539,Southall West,18,Other ethnic group: Arab,5,L8 and L9: Small employers and own account workers,1
E05013539,Southall West,18,Other ethnic group: Arab,6,L10 and L11: Lower supervisory and technical occupations,2
E05013539,Southall West,18,Other ethnic group: Arab,7,L12: Semi-routine occupations,5
E05013539,Southall West,18,Other ethnic group: Arab,8,L13: Routine occupations,2
E05013539,Southall West,18,Other ethnic group: Arab,9,L14.1: Never worked,9
E05013539,Southall West,18,Other ethnic group: Arab,10,L14.2: Long-term unemployed,1
E05013539,Southall West,18,Other ethnic group: Arab,11,L15: Full-time students,6
E05013539,Southall West,19,Other ethnic group: Any other ethnic group,-8,Does not apply,108
E05013539,Southall West,19,Other ethnic group: Any other ethnic group,1,L1 and L2: Large employers and higher managerial and administrative occupations,20
E05013539,Southall West,19,Other ethnic group: Any other ethnic group,2,L3: Higher professional occupations,24
E05013539,Southall West,19,Other ethnic group: Any other ethnic group,3,"L4, L5 and L6: Lower managerial, administrative and professional occupations",44
E05013539,Southall West,19,Other ethnic group: Any other ethnic group,4,L7: Intermediate occupations,28
E05013539,Southall West,19,Other ethnic group: Any other ethnic group,5,L8 and L9: Small employers and own account workers,38
E05013539,Southall West,19,Other ethnic group: Any other ethnic group,6,L10 and L11: Lower supervisory and technical occupations,26
E05013539,Southall West,19,Other ethnic group: Any other ethnic group,7,L12: Semi-routine occupations,47
E05013539,Southall West,19,Other ethnic group: Any other ethnic group,8,L13: Routine occupations,116
E05013539,Southall West,19,Other ethnic group: Any other ethnic group,9,L14.1: Never worked,101
E05013539,Southall West,19,Other ethnic group: Any other ethnic group,10,L14.2: Long-term unemployed,3
E05013539,Southall West,19,Other ethnic group: Any other ethnic group,11,L15: Full-time students,40
E05013540,Southfield,-8,Does not apply,-8,Does not apply,0
E05013540,Southfield,-8,Does not apply,1,L1 and L2: Large employers and higher managerial and administrative occupations,0
E05013540,Southfield,-8,Does not apply,2,L3: Higher professional occupations,0
E05013540,Southfield,-8,Does not apply,3,"L4, L5 and L6: Lower managerial, administrative and professional occupations",0
E05013540,Southfield,-8,Does not apply,4,L7: Intermediate occupations,0
E05013540,Southfield,-8,Does not apply,5,L8 and L9: Small employers and own account workers,0
E05013540,Southfield,-8,Does not apply,6,L10 and L11: Lower supervisory and technical occupations,0
E05013540,Southfield,-8,Does not apply,7,L12: Semi-routine occupations,0
E05013540,Southfield,-8,Does not apply,8,L13: Routine occupations,0
E05013540,Southfield,-8,Does not apply,9,L14.1: Never worked,0
E05013540,Southfield,-8,Does not apply,10,L14.2: Long-term unemployed,0
E05013540,Southfield,-8,Does not apply,11,L15: Full-time students,0
E05013540,Southfield,1,"Asian, Asian British or Asian Welsh: Bangladeshi",-8,Does not apply,2
E05013540,Southfield,1,"Asian, Asian British or Asian Welsh: Bangladeshi",1,L1 and L2: Large employers and higher managerial and administrative occupations,0
E05013540,Southfield,1,"Asian, Asian British or Asian Welsh: Bangladeshi",2,L3: Higher professional occupations,10
E05013540,Southfield,1,"Asian, Asian British or Asian Welsh: Bangladeshi",3,"L4, L5 and L6: Lower managerial, administrative and professional occupations",7
E05013540,Southfield,1,"Asian, Asian British or Asian Welsh: Bangladeshi",4,L7: Intermediate occupations,4
E05013540,Southfield,1,"Asian, Asian British or Asian Welsh: Bangladeshi",5,L8 and L9: Small employers and own account workers,1
E05013540,Southfield,1,"Asian, Asian British or Asian Welsh: Bangladeshi",6,L10 and L11: Lower supervisory and technical occupations,2
E05013540,Southfield,1,"Asian, Asian British or Asian Welsh: Bangladeshi",7,L12: Semi-routine occupations,1
E05013540,Southfield,1,"Asian, Asian British or Asian Welsh: Bangladeshi",8,L13: Routine occupations,2
E05013540,Southfield,1,"Asian, Asian British or Asian Welsh: Bangladeshi",9,L14.1: Never worked,2
E05013540,Southfield,1,"Asian, Asian British or Asian Welsh: Bangladeshi",10,L14.2: Long-term unemployed,1
E05013540,Southfield,1,"Asian, Asian British or Asian Welsh: Bangladeshi",11,L15: Full-time students,2
E05013540,Southfield,2,"Asian, Asian British or Asian Welsh: Chinese",-8,Does not apply,20
E05013540,Southfield,2,"Asian, Asian British or Asian Welsh: Chinese",1,L1 and L2: Large employers and higher managerial and administrative occupations,37
E05013540,Southfield,2,"Asian, Asian British or Asian Welsh: Chinese",2,L3: Higher professional occupations,68
E05013540,Southfield,2,"Asian, Asian British or Asian Welsh: Chinese",3,"L4, L5 and L6: Lower managerial, administrative and professional occupations",53
E05013540,Southfield,2,"Asian, Asian British or Asian Welsh: Chinese",4,L7: Intermediate occupations,22
E05013540,Southfield,2,"Asian, Asian British or Asian Welsh: Chinese",5,L8 and L9: Small employers and own account workers,21
E05013540,Southfield,2,"Asian, Asian British or Asian Welsh: Chinese",6,L10 and L11: Lower supervisory and technical occupations,5
E05013540,Southfield,2,"Asian, Asian British or Asian Welsh: Chinese",7,L12: Semi-routine occupations,12
E05013540,Southfield,2,"Asian, Asian British or Asian Welsh: Chinese",8,L13: Routine occupations,6
E05013540,Southfield,2,"Asian, Asian British or Asian Welsh: Chinese",9,L14.1: Never worked,10
E05013540,Southfield,2,"Asian, Asian British or Asian Welsh: Chinese",10,L14.2: Long-term unemployed,2
E05013540,Southfield,2,"Asian, Asian British or Asian Welsh: Chinese",11,L15: Full-time students,8
E05013540,Southfield,3,"Asian, Asian British or Asian Welsh: Indian",-8,Does not apply,83
E05013540,Southfield,3,"Asian, Asian British or Asian Welsh: Indian",1,L1 and L2: Large employers and higher managerial and administrative occupations,44
E05013540,Southfield,3,"Asian, Asian British or Asian Welsh: Indian",2,L3: Higher professional occupations,100
E05013540,Southfield,3,"Asian, Asian British or Asian Welsh: Indian",3,"L4, L5 and L6: Lower managerial, administrative and professional occupations",100
E05013540,Southfield,3,"Asian, Asian British or Asian Welsh: Indian",4,L7: Intermediate occupations,30
E05013540,Southfield,3,"Asian, Asian British or Asian Welsh: Indian",5,L8 and L9: Small employers and own account workers,48
E05013540,Southfield,3,"Asian, Asian British or Asian Welsh: Indian",6,L10 and L11: Lower supervisory and technical occupations,16
E05013540,Southfield,3,"Asian, Asian British or Asian Welsh: Indian",7,L12: Semi-routine occupations,24
E05013540,Southfield,3,"Asian, Asian British or Asian Welsh: Indian",8,L13: Routine occupations,34
E05013540,Southfield,3,"Asian, Asian British or Asian Welsh: Indian",9,L14.1: Never worked,30
E05013540,Southfield,3,"Asian, Asian British or Asian Welsh: Indian",10,L14.2: Long-term unemployed,11
E05013540,Southfield,3,"Asian, Asian British or Asian Welsh: Indian",11,L15: Full-time students,18
E05013540,Southfield,4,"Asian, Asian British or Asian Welsh: Pakistani",-8,Does not apply,29
E05013540,Southfield,4,"Asian, Asian British or Asian Welsh: Pakistani",1,L1 and L2: Large employers and higher managerial and administrative occupations,11
E05013540,Southfield,4,"Asian, Asian British or Asian Welsh: Pakistani",2,L3: Higher professional occupations,20
E05013540,Southfield,4,"Asian, Asian British or Asian Welsh: Pakistani",3,"L4, L5 and L6: Lower managerial, administrative and professional occupations",35
E05013540,Southfield,4,"Asian, Asian British or Asian Welsh: Pakistani",4,L7: Intermediate occupations,9
E05013540,Southfield,4,"Asian, Asian British or Asian Welsh: Pakistani",5,L8 and L9: Small employers and own account workers,6
E05013540,Southfield,4,"Asian, Asian British or Asian Welsh: Pakistani",6,L10 and L11: Lower supervisory and technical occupations,4
E05013540,Southfield,4,"Asian, Asian British or Asian Welsh: Pakistani",7,L12: Semi-routine occupations,9
E05013540,Southfield,4,"Asian, Asian British or Asian Welsh: Pakistani",8,L13: Routine occupations,13
E05013540,Southfield,4,"Asian, Asian British or Asian Welsh: Pakistani",9,L14.1: Never worked,23
E05013540,Southfield,4,"Asian, Asian British or Asian Welsh: Pakistani",10,L14.2: Long-term unemployed,0
E05013540,Southfield,4,"Asian, Asian British or Asian Welsh: Pakistani",11,L15: Full-time students,7
E05013540,Southfield,5,"Asian, Asian British or Asian Welsh: Other Asian",-8,Does not apply,87
E05013540,Southfield,5,"Asian, Asian British or Asian Welsh: Other Asian",1,L1 and L2: Large employers and higher managerial and administrative occupations,18
E05013540,Southfield,5,"Asian, Asian British or Asian Welsh: Other Asian",2,L3: Higher professional occupations,67
E05013540,Southfield,5,"Asian, Asian British or Asian Welsh: Other Asian",3,"L4, L5 and L6: Lower managerial, administrative and professional occupations",94
E05013540,Southfield,5,"Asian, Asian British or Asian Welsh: Other Asian",4,L7: Intermediate occupations,42
E05013540,Southfield,5,"Asian, Asian British or Asian Welsh: Other Asian",5,L8 and L9: Small employers and own account workers,48
E05013540,Southfield,5,"Asian, Asian British or Asian Welsh: Other Asian",6,L10 and L11: Lower supervisory and technical occupations,23
E05013540,Southfield,5,"Asian, Asian British or Asian Welsh: Other Asian",7,L12: Semi-routine occupations,53
E05013540,Southfield,5,"Asian, Asian British or Asian Welsh: Other Asian",8,L13: Routine occupations,53
E05013540,Southfield,5,"Asian, Asian British or Asian Welsh: Other Asian",9,L14.1: Never worked,71
E05013540,Southfield,5,"Asian, Asian British or Asian Welsh: Other Asian",10,L14.2: Long-term unemployed,11
E05013540,Southfield,5,"Asian, Asian British or Asian Welsh: Other Asian",11,L15: Full-time students,34
E05013540,Southfield,6,"Black, Black British, Black Welsh, Caribbean or African: African",-8,Does not apply,112
E05013540,Southfield,6,"Black, Black British, Black Welsh, Caribbean or African: African",1,L1 and L2: Large employers and higher managerial and administrative occupations,17
E05013540,Southfield,6,"Black, Black British, Black Welsh, Caribbean or African: African",2,L3: Higher professional occupations,24
E05013540,Southfield,6,"Black, Black British, Black Welsh, Caribbean or African: African",3,"L4, L5 and L6: Lower managerial, administrative and professional occupations",95
E05013540,Southfield,6,"Black, Black British, Black Welsh, Caribbean or African: African",4,L7: Intermediate occupations,30
E05013540,Southfield,6,"Black, Black British, Black Welsh, Caribbean or African: African",5,L8 and L9: Small employers and own account workers,31
E05013540,Southfield,6,"Black, Black British, Black Welsh, Caribbean or African: African",6,L10 and L11: Lower supervisory and technical occupations,8
E05013540,Southfield,6,"Black, Black British, Black Welsh, Caribbean or African: African",7,L12: Semi-routine occupations,38
E05013540,Southfield,6,"Black, Black British, Black Welsh, Caribbean or African: African",8,L13: Routine occupations,27
E05013540,Southfield,6,"Black, Black British, Black Welsh, Caribbean or African: African",9,L14.1: Never worked,57
E05013540,Southfield,6,"Black, Black British, Black Welsh, Caribbean or African: African",10,L14.2: Long-term unemployed,12
E05013540,Southfield,6,"Black, Black British, Black Welsh, Caribbean or African: African",11,L15: Full-time students,74
E05013540,Southfield,7,"Black, Black British, Black Welsh, Caribbean or African: Caribbean",-8,Does not apply,113
E05013540,Southfield,7,"Black, Black British, Black Welsh, Caribbean or African: Caribbean",1,L1 and L2: Large employers and higher managerial and administrative occupations,14
E05013540,Southfield,7,"Black, Black British, Black Welsh, Caribbean or African: Caribbean",2,L3: Higher professional occupations,37
E05013540,Southfield,7,"Black, Black British, Black Welsh, Caribbean or African: Caribbean",3,"L4, L5 and L6: Lower managerial, administrative and professional occupations",70
E05013540,Southfield,7,"Black, Black British, Black Welsh, Caribbean or African: Caribbean",4,L7: Intermediate occupations,53
E05013540,Southfield,7,"Black, Black British, Black Welsh, Caribbean or African: Caribbean",5,L8 and L9: Small employers and own account workers,28
E05013540,Southfield,7,"Black, Black British, Black Welsh, Caribbean or African: Caribbean",6,L10 and L11: Lower supervisory and technical occupations,13
E05013540,Southfield,7,"Black, Black British, Black Welsh, Caribbean or African: Caribbean",7,L12: Semi-routine occupations,46
E05013540,Southfield,7,"Black, Black British, Black Welsh, Caribbean or African: Caribbean",8,L13: Routine occupations,46
E05013540,Southfield,7,"Black, Black British, Black Welsh, Caribbean or African: Caribbean",9,L14.1: Never worked,26
E05013540,Southfield,7,"Black, Black British, Black Welsh, Caribbean or African: Caribbean",10,L14.2: Long-term unemployed,13
E05013540,Southfield,7,"Black, Black British, Black Welsh, Caribbean or African: Caribbean",11,L15: Full-time students,16
E05013540,Southfield,8,"Black, Black British, Black Welsh, Caribbean or African: Other Black",-8,Does not apply,31
E05013540,Southfield,8,"Black, Black British, Black Welsh, Caribbean or African: Other Black",1,L1 and L2: Large employers and higher managerial and administrative occupations,2
E05013540,Southfield,8,"Black, Black British, Black Welsh, Caribbean or African: Other Black",2,L3: Higher professional occupations,3
E05013540,Southfield,8,"Black, Black British, Black Welsh, Caribbean or African: Other Black",3,"L4, L5 and L6: Lower managerial, administrative and professional occupations",17
E05013540,Southfield,8,"Black, Black British, Black Welsh, Caribbean or African: Other Black",4,L7: Intermediate occupations,9
E05013540,Southfield,8,"Black, Black British, Black Welsh, Caribbean or African: Other Black",5,L8 and L9: Small employers and own account workers,5
E05013540,Southfield,8,"Black, Black British, Black Welsh, Caribbean or African: Other Black",6,L10 and L11: Lower supervisory and technical occupations,1
E05013540,Southfield,8,"Black, Black British, Black Welsh, Caribbean or African: Other Black",7,L12: Semi-routine occupations,14
E05013540,Southfield,8,"Black, Black British, Black Welsh, Caribbean or African: Other Black",8,L13: Routine occupations,5
E05013540,Southfield,8,"Black, Black British, Black Welsh, Caribbean or African: Other Black",9,L14.1: Never worked,7
E05013540,Southfield,8,"Black, Black British, Black Welsh, Caribbean or African: Other Black",10,L14.2: Long-term unemployed,3
E05013540,Southfield,8,"Black, Black British, Black Welsh, Caribbean or African: Other Black",11,L15: Full-time students,10
E05013540,Southfield,9,Mixed or Multiple ethnic groups: White and Asian,-8,Does not apply,184
E05013540,Southfield,9,Mixed or Multiple ethnic groups: White and Asian,1,L1 and L2: Large employers and higher managerial and administrative occupations,11
E05013540,Southfield,9,Mixed or Multiple ethnic groups: White and Asian,2,L3: Higher professional occupations,33
E05013540,Southfield,9,Mixed or Multiple ethnic groups: White and Asian,3,"L4, L5 and L6: Lower managerial, administrative and professional occupations",43
E05013540,Southfield,9,Mixed or Multiple ethnic groups: White and Asian,4,L7: Intermediate occupations,14
E05013540,Southfield,9,Mixed or Multiple ethnic groups: White and Asian,5,L8 and L9: Small employers and own account workers,17
E05013540,Southfield,9,Mixed or Multiple ethnic groups: White and Asian,6,L10 and L11: Lower supervisory and technical occupations,4
E05013540,Southfield,9,Mixed or Multiple ethnic groups: White and Asian,7,L12: Semi-routine occupations,9
E05013540,Southfield,9,Mixed or Multiple ethnic groups: White and Asian,8,L13: Routine occupations,4
E05013540,Southfield,9,Mixed or Multiple ethnic groups: White and Asian,9,L14.1: Never worked,7
E05013540,Southfield,9,Mixed or Multiple ethnic groups: White and Asian,10,L14.2: Long-term unemployed,1
E05013540,Southfield,9,Mixed or Multiple ethnic groups: White and Asian,11,L15: Full-time students,41
E05013540,Southfield,10,Mixed or Multiple ethnic groups: White and Black African,-8,Does not apply,51
E05013540,Southfield,10,Mixed or Multiple ethnic groups: White and Black African,1,L1 and L2: Large employers and higher managerial and administrative occupations,10
E05013540,Southfield,10,Mixed or Multiple ethnic groups: White and Black African,2,L3: Higher professional occupations,7
E05013540,Southfield,10,Mixed or Multiple ethnic groups: White and Black African,3,"L4, L5 and L6: Lower managerial, administrative and professional occupations",24
E05013540,Southfield,10,Mixed or Multiple ethnic groups: White and Black African,4,L7: Intermediate occupations,6
E05013540,Southfield,10,Mixed or Multiple ethnic groups: White and Black African,5,L8 and L9: Small employers and own account workers,5
E05013540,Southfield,10,Mixed or Multiple ethnic groups: White and Black African,6,L10 and L11: Lower supervisory and technical occupations,2
E05013540,Southfield,10,Mixed or Multiple ethnic groups: White and Black African,7,L12: Semi-routine occupations,5
E05013540,Southfield,10,Mixed or Multiple ethnic groups: White and Black African,8,L13: Routine occupations,4
E05013540,Southfield,10,Mixed or Multiple ethnic groups: White and Black African,9,L14.1: Never worked,3
E05013540,Southfield,10,Mixed or Multiple ethnic groups: White and Black African,10,L14.2: Long-term unemployed,2
E05013540,Southfield,10,Mixed or Multiple ethnic groups: White and Black African,11,L15: Full-time students,13
E05013540,Southfield,11,Mixed or Multiple ethnic groups: White and Black Caribbean,-8,Does not apply,51
E05013540,Southfield,11,Mixed or Multiple ethnic groups: White and Black Caribbean,1,L1 and L2: Large employers and higher managerial and administrative occupations,10
E05013540,Southfield,11,Mixed or Multiple ethnic groups: White and Black Caribbean,2,L3: Higher professional occupations,14
E05013540,Southfield,11,Mixed or Multiple ethnic groups: White and Black Caribbean,3,"L4, L5 and L6: Lower managerial, administrative and professional occupations",23
E05013540,Southfield,11,Mixed or Multiple ethnic groups: White and Black Caribbean,4,L7: Intermediate occupations,11
E05013540,Southfield,11,Mixed or Multiple ethnic groups: White and Black Caribbean,5,L8 and L9: Small employers and own account workers,8
E05013540,Southfield,11,Mixed or Multiple ethnic groups: White and Black Caribbean,6,L10 and L11: Lower supervisory and technical occupations,15
E05013540,Southfield,11,Mixed or Multiple ethnic groups: White and Black Caribbean,7,L12: Semi-routine occupations,12
E05013540,Southfield,11,Mixed or Multiple ethnic groups: White and Black Caribbean,8,L13: Routine occupations,7
E05013540,Southfield,11,Mixed or Multiple ethnic groups: White and Black Caribbean,9,L14.1: Never worked,6
E05013540,Southfield,11,Mixed or Multiple ethnic groups: White and Black Caribbean,10,L14.2: Long-term unemployed,3
E05013540,Southfield,11,Mixed or Multiple ethnic groups: White and Black Caribbean,11,L15: Full-time students,11
E05013540,Southfield,12,Mixed or Multiple ethnic groups: Other Mixed or Multiple ethnic groups,-8,Does not apply,166
E05013540,Southfield,12,Mixed or Multiple ethnic groups: Other Mixed or Multiple ethnic groups,1,L1 and L2: Large employers and higher managerial and administrative occupations,14
E05013540,Southfield,12,Mixed or Multiple ethnic groups: Other Mixed or Multiple ethnic groups,2,L3: Higher professional occupations,47
E05013540,Southfield,12,Mixed or Multiple ethnic groups: Other Mixed or Multiple ethnic groups,3,"L4, L5 and L6: Lower managerial, administrative and professional occupations",77
E05013540,Southfield,12,Mixed or Multiple ethnic groups: Other Mixed or Multiple ethnic groups,4,L7: Intermediate occupations,17
E05013540,Southfield,12,Mixed or Multiple ethnic groups: Other Mixed or Multiple ethnic groups,5,L8 and L9: Small employers and own account workers,20
E05013540,Southfield,12,Mixed or Multiple ethnic groups: Other Mixed or Multiple ethnic groups,6,L10 and L11: Lower supervisory and technical occupations,3
E05013540,Southfield,12,Mixed or Multiple ethnic groups: Other Mixed or Multiple ethnic groups,7,L12: Semi-routine occupations,9
E05013540,Southfield,12,Mixed or Multiple ethnic groups: Other Mixed or Multiple ethnic groups,8,L13: Routine occupations,15
E05013540,Southfield,12,Mixed or Multiple ethnic groups: Other Mixed or Multiple ethnic groups,9,L14.1: Never worked,14
E05013540,Southfield,12,Mixed or Multiple ethnic groups: Other Mixed or Multiple ethnic groups,10,L14.2: Long-term unemployed,5
E05013540,Southfield,12,Mixed or Multiple ethnic groups: Other Mixed or Multiple ethnic groups,11,L15: Full-time students,26
E05013540,Southfield,13,"White: English, Welsh, Scottish, Northern Irish or British",-8,Does not apply,1300
E05013540,Southfield,13,"White: English, Welsh, Scottish, Northern Irish or British",1,L1 and L2: Large employers and higher managerial and administrative occupations,762
E05013540,Southfield,13,"White: English, Welsh, Scottish, Northern Irish or British",2,L3: Higher professional occupations,1305
E05013540,Southfield,13,"White: English, Welsh, Scottish, Northern Irish or British",3,"L4, L5 and L6: Lower managerial, administrative and professional occupations",1835
E05013540,Southfield,13,"White: English, Welsh, Scottish, Northern Irish or British",4,L7: Intermediate occupations,502
E05013540,Southfield,13,"White: English, Welsh, Scottish, Northern Irish or British",5,L8 and L9: Small employers and own account workers,657
E05013540,Southfield,13,"White: English, Welsh, Scottish, Northern Irish or British",6,L10 and L11: Lower supervisory and technical occupations,151
E05013540,Southfield,13,"White: English, Welsh, Scottish, Northern Irish or British",7,L12: Semi-routine occupations,236
E05013540,Southfield,13,"White: English, Welsh, Scottish, Northern Irish or British",8,L13: Routine occupations,199
E05013540,Southfield,13,"White: English, Welsh, Scottish, Northern Irish or British",9,L14.1: Never worked,170
E05013540,Southfield,13,"White: English, Welsh, Scottish, Northern Irish or British",10,L14.2: Long-term unemployed,58
E05013540,Southfield,13,"White: English, Welsh, Scottish, Northern Irish or British",11,L15: Full-time students,328
E05013540,Southfield,14,White: Irish,-8,Does not apply,30
E05013540,Southfield,14,White: Irish,1,L1 and L2: Large employers and higher managerial and administrative occupations,54
E05013540,Southfield,14,White: Irish,2,L3: Higher professional occupations,72
E05013540,Southfield,14,White: Irish,3,"L4, L5 and L6: Lower managerial, administrative and professional occupations",112
E05013540,Southfield,14,White: Irish,4,L7: Intermediate occupations,42
E05013540,Southfield,14,White: Irish,5,L8 and L9: Small employers and own account workers,53
E05013540,Southfield,14,White: Irish,6,L10 and L11: Lower supervisory and technical occupations,8
E05013540,Southfield,14,White: Irish,7,L12: Semi-routine occupations,33
E05013540,Southfield,14,White: Irish,8,L13: Routine occupations,31
E05013540,Southfield,14,White: Irish,9,L14.1: Never worked,20
E05013540,Southfield,14,White: Irish,10,L14.2: Long-term unemployed,5
E05013540,Southfield,14,White: Irish,11,L15: Full-time students,12
E05013540,Southfield,15,White: Gypsy or Irish Traveller,-8,Does not apply,0
E05013540,Southfield,15,White: Gypsy or Irish Traveller,1,L1 and L2: Large employers and higher managerial and administrative occupations,0
E05013540,Southfield,15,White: Gypsy or Irish Traveller,2,L3: Higher professional occupations,0
E05013540,Southfield,15,White: Gypsy or Irish Traveller,3,"L4, L5 and L6: Lower managerial, administrative and professional occupations",0
E05013540,Southfield,15,White: Gypsy or Irish Traveller,4,L7: Intermediate occupations,0
E05013540,Southfield,15,White: Gypsy or Irish Traveller,5,L8 and L9: Small employers and own account workers,0
E05013540,Southfield,15,White: Gypsy or Irish Traveller,6,L10 and L11: Lower supervisory and technical occupations,0
E05013540,Southfield,15,White: Gypsy or Irish Traveller,7,L12: Semi-routine occupations,0
E05013540,Southfield,15,White: Gypsy or Irish Traveller,8,L13: Routine occupations,0
E05013540,Southfield,15,White: Gypsy or Irish Traveller,9,L14.1: Never worked,0
E05013540,Southfield,15,White: Gypsy or Irish Traveller,10,L14.2: Long-term unemployed,0
E05013540,Southfield,15,White: Gypsy or Irish Traveller,11,L15: Full-time students,0
E05013540,Southfield,16,White: Roma,-8,Does not apply,4
E05013540,Southfield,16,White: Roma,1,L1 and L2: Large employers and higher managerial and administrative occupations,4
E05013540,Southfield,16,White: Roma,2,L3: Higher professional occupations,11
E05013540,Southfield,16,White: Roma,3,"L4, L5 and L6: Lower managerial, administrative and professional occupations",12
E05013540,Southfield,16,White: Roma,4,L7: Intermediate occupations,2
E05013540,Southfield,16,White: Roma,5,L8 and L9: Small employers and own account workers,9
E05013540,Southfield,16,White: Roma,6,L10 and L11: Lower supervisory and technical occupations,8
E05013540,Southfield,16,White: Roma,7,L12: Semi-routine occupations,6
E05013540,Southfield,16,White: Roma,8,L13: Routine occupations,16
E05013540,Southfield,16,White: Roma,9,L14.1: Never worked,5
E05013540,Southfield,16,White: Roma,10,L14.2: Long-term unemployed,0
E05013540,Southfield,16,White: Roma,11,L15: Full-time students,8
E05013540,Southfield,17,White: Other White,-8,Does not apply,531
E05013540,Southfield,17,White: Other White,1,L1 and L2: Large employers and higher managerial and administrative occupations,366
E05013540,Southfield,17,White: Other White,2,L3: Higher professional occupations,637
E05013540,Southfield,17,White: Other White,3,"L4, L5 and L6: Lower managerial, administrative and professional occupations",759
E05013540,Southfield,17,White: Other White,4,L7: Intermediate occupations,234
E05013540,Southfield,17,White: Other White,5,L8 and L9: Small employers and own account workers,441
E05013540,Southfield,17,White: Other White,6,L10 and L11: Lower supervisory and technical occupations,105
E05013540,Southfield,17,White: Other White,7,L12: Semi-routine occupations,137
E05013540,Southfield,17,White: Other White,8,L13: Routine occupations,179
E05013540,Southfield,17,White: Other White,9,L14.1: Never worked,71
E05013540,Southfield,17,White: Other White,10,L14.2: Long-term unemployed,42
E05013540,Southfield,17,White: Other White,11,L15: Full-time students,161
E05013540,Southfield,18,Other ethnic group: Arab,-8,Does not apply,73
E05013540,Southfield,18,Other ethnic group: Arab,1,L1 and L2: Large employers and higher managerial and administrative occupations,13
E05013540,Southfield,18,Other ethnic group: Arab,2,L3: Higher professional occupations,28
E05013540,Southfield,18,Other ethnic group: Arab,3,"L4, L5 and L6: Lower managerial, administrative and professional occupations",43
E05013540,Southfield,18,Other ethnic group: Arab,4,L7: Intermediate occupations,22
E05013540,Southfield,18,Other ethnic group: Arab,5,L8 and L9: Small employers and own account workers,26
E05013540,Southfield,18,Other ethnic group: Arab,6,L10 and L11: Lower supervisory and technical occupations,8
E05013540,Southfield,18,Other ethnic group: Arab,7,L12: Semi-routine occupations,19
E05013540,Southfield,18,Other ethnic group: Arab,8,L13: Routine occupations,22
E05013540,Southfield,18,Other ethnic group: Arab,9,L14.1: Never worked,80
E05013540,Southfield,18,Other ethnic group: Arab,10,L14.2: Long-term unemployed,5
E05013540,Southfield,18,Other ethnic group: Arab,11,L15: Full-time students,43
E05013540,Southfield,19,Other ethnic group: Any other ethnic group,-8,Does not apply,83
E05013540,Southfield,19,Other ethnic group: Any other ethnic group,1,L1 and L2: Large employers and higher managerial and administrative occupations,50
E05013540,Southfield,19,Other ethnic group: Any other ethnic group,2,L3: Higher professional occupations,74
E05013540,Southfield,19,Other ethnic group: Any other ethnic group,3,"L4, L5 and L6: Lower managerial, administrative and professional occupations",92
E05013540,Southfield,19,Other ethnic group: Any other ethnic group,4,L7: Intermediate occupations,39
E05013540,Southfield,19,Other ethnic group: Any other ethnic group,5,L8 and L9: Small employers and own account workers,59
E05013540,Southfield,19,Other ethnic group: Any other ethnic group,6,L10 and L11: Lower supervisory and technical occupations,13
E05013540,Southfield,19,Other ethnic group: Any other ethnic group,7,L12: Semi-routine occupations,36
E05013540,Southfield,19,Other ethnic group: Any other ethnic group,8,L13: Routine occupations,40
E05013540,Southfield,19,Other ethnic group: Any other ethnic group,9,L14.1: Never worked,53
E05013540,Southfield,19,Other ethnic group: Any other ethnic group,10,L14.2: Long-term unemployed,7
E05013540,Southfield,19,Other ethnic group: Any other ethnic group,11,L15: Full-time students,26
