Electoral wards and divisions Code,Electoral wards and divisions,Ethnic group (20 categories) Code,Ethnic group (20 categories),National Statistics Socio-economic Classification (NS-SeC) (12 categories) Code,National Statistics Socio-economic Classification (NS-SeC) (12 categories),Observation
E05013697,Arsenal,-8,Does not apply,-8,Does not apply,0
E05013697,Arsenal,-8,Does not apply,1,L1 and L2: Large employers and higher managerial and administrative occupations,0
E05013697,Arsenal,-8,Does not apply,2,L3: Higher professional occupations,0
E05013697,Arsenal,-8,Does not apply,3,"L4, L5 and L6: Lower managerial, administrative and professional occupations",0
E05013697,Arsenal,-8,Does not apply,4,L7: Intermediate occupations,0
E05013697,Arsenal,-8,Does not apply,5,L8 and L9: Small employers and own account workers,0
E05013697,Arsenal,-8,Does not apply,6,L10 and L11: Lower supervisory and technical occupations,0
E05013697,Arsenal,-8,Does not apply,7,L12: Semi-routine occupations,0
E05013697,Arsenal,-8,Does not apply,8,L13: Routine occupations,0
E05013697,Arsenal,-8,Does not apply,9,L14.1: Never worked,0
E05013697,Arsenal,-8,Does not apply,10,L14.2: Long-term unemployed,0
E05013697,Arsenal,-8,Does not apply,11,L15: Full-time students,0
E05013697,Arsenal,1,"Asian, Asian British or Asian Welsh: Bangladeshi",-8,Does not apply,75
E05013697,Arsenal,1,"Asian, Asian British or Asian Welsh: Bangladeshi",1,L1 and L2: Large employers and higher managerial and administrative occupations,7
E05013697,Arsenal,1,"Asian, Asian British or Asian Welsh: Bangladeshi",2,L3: Higher professional occupations,15
E05013697,Arsenal,1,"Asian, Asian British or Asian Welsh: Bangladeshi",3,"L4, L5 and L6: Lower managerial, administrative and professional occupations",27
E05013697,Arsenal,1,"Asian, Asian British or Asian Welsh: Bangladeshi",4,L7: Intermediate occupations,20
E05013697,Arsenal,1,"Asian, Asian British or Asian Welsh: Bangladeshi",5,L8 and L9: Small employers and own account workers,16
E05013697,Arsenal,1,"Asian, Asian British or Asian Welsh: Bangladeshi",6,L10 and L11: Lower supervisory and technical occupations,6
E05013697,Arsenal,1,"Asian, Asian British or Asian Welsh: Bangladeshi",7,L12: Semi-routine occupations,27
E05013697,Arsenal,1,"Asian, Asian British or Asian Welsh: Bangladeshi",8,L13: Routine occupations,21
E05013697,Arsenal,1,"Asian, Asian British or Asian Welsh: Bangladeshi",9,L14.1: Never worked,64
E05013697,Arsenal,1,"Asian, Asian British or Asian Welsh: Bangladeshi",10,L14.2: Long-term unemployed,7
E05013697,Arsenal,1,"Asian, Asian British or Asian Welsh: Bangladeshi",11,L15: Full-time students,39
E05013697,Arsenal,2,"Asian, Asian British or Asian Welsh: Chinese",-8,Does not apply,24
E05013697,Arsenal,2,"Asian, Asian British or Asian Welsh: Chinese",1,L1 and L2: Large employers and higher managerial and administrative occupations,13
E05013697,Arsenal,2,"Asian, Asian British or Asian Welsh: Chinese",2,L3: Higher professional occupations,64
E05013697,Arsenal,2,"Asian, Asian British or Asian Welsh: Chinese",3,"L4, L5 and L6: Lower managerial, administrative and professional occupations",49
E05013697,Arsenal,2,"Asian, Asian British or Asian Welsh: Chinese",4,L7: Intermediate occupations,19
E05013697,Arsenal,2,"Asian, Asian British or Asian Welsh: Chinese",5,L8 and L9: Small employers and own account workers,11
E05013697,Arsenal,2,"Asian, Asian British or Asian Welsh: Chinese",6,L10 and L11: Lower supervisory and technical occupations,10
E05013697,Arsenal,2,"Asian, Asian British or Asian Welsh: Chinese",7,L12: Semi-routine occupations,5
E05013697,Arsenal,2,"Asian, Asian British or Asian Welsh: Chinese",8,L13: Routine occupations,11
E05013697,Arsenal,2,"Asian, Asian British or Asian Welsh: Chinese",9,L14.1: Never worked,19
E05013697,Arsenal,2,"Asian, Asian British or Asian Welsh: Chinese",10,L14.2: Long-term unemployed,4
E05013697,Arsenal,2,"Asian, Asian British or Asian Welsh: Chinese",11,L15: Full-time students,23
E05013697,Arsenal,3,"Asian, Asian British or Asian Welsh: Indian",-8,Does not apply,21
E05013697,Arsenal,3,"Asian, Asian British or Asian Welsh: Indian",1,L1 and L2: Large employers and higher managerial and administrative occupations,26
E05013697,Arsenal,3,"Asian, Asian British or Asian Welsh: Indian",2,L3: Higher professional occupations,62
E05013697,Arsenal,3,"Asian, Asian British or Asian Welsh: Indian",3,"L4, L5 and L6: Lower managerial, administrative and professional occupations",40
E05013697,Arsenal,3,"Asian, Asian British or Asian Welsh: Indian",4,L7: Intermediate occupations,9
E05013697,Arsenal,3,"Asian, Asian British or Asian Welsh: Indian",5,L8 and L9: Small employers and own account workers,10
E05013697,Arsenal,3,"Asian, Asian British or Asian Welsh: Indian",6,L10 and L11: Lower supervisory and technical occupations,0
E05013697,Arsenal,3,"Asian, Asian British or Asian Welsh: Indian",7,L12: Semi-routine occupations,6
E05013697,Arsenal,3,"Asian, Asian British or Asian Welsh: Indian",8,L13: Routine occupations,5
E05013697,Arsenal,3,"Asian, Asian British or Asian Welsh: Indian",9,L14.1: Never worked,13
E05013697,Arsenal,3,"Asian, Asian British or Asian Welsh: Indian",10,L14.2: Long-term unemployed,2
E05013697,Arsenal,3,"Asian, Asian British or Asian Welsh: Indian",11,L15: Full-time students,14
E05013697,Arsenal,4,"Asian, Asian British or Asian Welsh: Pakistani",-8,Does not apply,5
E05013697,Arsenal,4,"Asian, Asian British or Asian Welsh: Pakistani",1,L1 and L2: Large employers and higher managerial and administrative occupations,4
E05013697,Arsenal,4,"Asian, Asian British or Asian Welsh: Pakistani",2,L3: Higher professional occupations,15
E05013697,Arsenal,4,"Asian, Asian British or Asian Welsh: Pakistani",3,"L4, L5 and L6: Lower managerial, administrative and professional occupations",14
E05013697,Arsenal,4,"Asian, Asian British or Asian Welsh: Pakistani",4,L7: Intermediate occupations,5
E05013697,Arsenal,4,"Asian, Asian British or Asian Welsh: Pakistani",5,L8 and L9: Small employers and own account workers,5
E05013697,Arsenal,4,"Asian, Asian British or Asian Welsh: Pakistani",6,L10 and L11: Lower supervisory and technical occupations,3
E05013697,Arsenal,4,"Asian, Asian British or Asian Welsh: Pakistani",7,L12: Semi-routine occupations,2
E05013697,Arsenal,4,"Asian, Asian British or Asian Welsh: Pakistani",8,L13: Routine occupations,5
E05013697,Arsenal,4,"Asian, Asian British or Asian Welsh: Pakistani",9,L14.1: Never worked,9
E05013697,Arsenal,4,"Asian, Asian British or Asian Welsh: Pakistani",10,L14.2: Long-term unemployed,3
E05013697,Arsenal,4,"Asian, Asian British or Asian Welsh: Pakistani",11,L15: Full-time students,6
E05013697,Arsenal,5,"Asian, Asian British or Asian Welsh: Other Asian",-8,Does not apply,55
E05013697,Arsenal,5,"Asian, Asian British or Asian Welsh: Other Asian",1,L1 and L2: Large employers and higher managerial and administrative occupations,15
E05013697,Arsenal,5,"Asian, Asian British or Asian Welsh: Other Asian",2,L3: Higher professional occupations,41
E05013697,Arsenal,5,"Asian, Asian British or Asian Welsh: Other Asian",3,"L4, L5 and L6: Lower managerial, administrative and professional occupations",78
E05013697,Arsenal,5,"Asian, Asian British or Asian Welsh: Other Asian",4,L7: Intermediate occupations,28
E05013697,Arsenal,5,"Asian, Asian British or Asian Welsh: Other Asian",5,L8 and L9: Small employers and own account workers,30
E05013697,Arsenal,5,"Asian, Asian British or Asian Welsh: Other Asian",6,L10 and L11: Lower supervisory and technical occupations,7
E05013697,Arsenal,5,"Asian, Asian British or Asian Welsh: Other Asian",7,L12: Semi-routine occupations,16
E05013697,Arsenal,5,"Asian, Asian British or Asian Welsh: Other Asian",8,L13: Routine occupations,23
E05013697,Arsenal,5,"Asian, Asian British or Asian Welsh: Other Asian",9,L14.1: Never worked,33
E05013697,Arsenal,5,"Asian, Asian British or Asian Welsh: Other Asian",10,L14.2: Long-term unemployed,4
E05013697,Arsenal,5,"Asian, Asian British or Asian Welsh: Other Asian",11,L15: Full-time students,22
E05013697,Arsenal,6,"Black, Black British, Black Welsh, Caribbean or African: African",-8,Does not apply,354
E05013697,Arsenal,6,"Black, Black British, Black Welsh, Caribbean or African: African",1,L1 and L2: Large employers and higher managerial and administrative occupations,12
E05013697,Arsenal,6,"Black, Black British, Black Welsh, Caribbean or African: African",2,L3: Higher professional occupations,44
E05013697,Arsenal,6,"Black, Black British, Black Welsh, Caribbean or African: African",3,"L4, L5 and L6: Lower managerial, administrative and professional occupations",139
E05013697,Arsenal,6,"Black, Black British, Black Welsh, Caribbean or African: African",4,L7: Intermediate occupations,45
E05013697,Arsenal,6,"Black, Black British, Black Welsh, Caribbean or African: African",5,L8 and L9: Small employers and own account workers,58
E05013697,Arsenal,6,"Black, Black British, Black Welsh, Caribbean or African: African",6,L10 and L11: Lower supervisory and technical occupations,21
E05013697,Arsenal,6,"Black, Black British, Black Welsh, Caribbean or African: African",7,L12: Semi-routine occupations,118
E05013697,Arsenal,6,"Black, Black British, Black Welsh, Caribbean or African: African",8,L13: Routine occupations,76
E05013697,Arsenal,6,"Black, Black British, Black Welsh, Caribbean or African: African",9,L14.1: Never worked,125
E05013697,Arsenal,6,"Black, Black British, Black Welsh, Caribbean or African: African",10,L14.2: Long-term unemployed,34
E05013697,Arsenal,6,"Black, Black British, Black Welsh, Caribbean or African: African",11,L15: Full-time students,120
E05013697,Arsenal,7,"Black, Black British, Black Welsh, Caribbean or African: Caribbean",-8,Does not apply,33
E05013697,Arsenal,7,"Black, Black British, Black Welsh, Caribbean or African: Caribbean",1,L1 and L2: Large employers and higher managerial and administrative occupations,7
E05013697,Arsenal,7,"Black, Black British, Black Welsh, Caribbean or African: Caribbean",2,L3: Higher professional occupations,20
E05013697,Arsenal,7,"Black, Black British, Black Welsh, Caribbean or African: Caribbean",3,"L4, L5 and L6: Lower managerial, administrative and professional occupations",75
E05013697,Arsenal,7,"Black, Black British, Black Welsh, Caribbean or African: Caribbean",4,L7: Intermediate occupations,51
E05013697,Arsenal,7,"Black, Black British, Black Welsh, Caribbean or African: Caribbean",5,L8 and L9: Small employers and own account workers,36
E05013697,Arsenal,7,"Black, Black British, Black Welsh, Caribbean or African: Caribbean",6,L10 and L11: Lower supervisory and technical occupations,21
E05013697,Arsenal,7,"Black, Black British, Black Welsh, Caribbean or African: Caribbean",7,L12: Semi-routine occupations,51
E05013697,Arsenal,7,"Black, Black British, Black Welsh, Caribbean or African: Caribbean",8,L13: Routine occupations,34
E05013697,Arsenal,7,"Black, Black British, Black Welsh, Caribbean or African: Caribbean",9,L14.1: Never worked,31
E05013697,Arsenal,7,"Black, Black British, Black Welsh, Caribbean or African: Caribbean",10,L14.2: Long-term unemployed,16
E05013697,Arsenal,7,"Black, Black British, Black Welsh, Caribbean or African: Caribbean",11,L15: Full-time students,33
E05013697,Arsenal,8,"Black, Black British, Black Welsh, Caribbean or African: Other Black",-8,Does not apply,55
E05013697,Arsenal,8,"Black, Black British, Black Welsh, Caribbean or African: Other Black",1,L1 and L2: Large employers and higher managerial and administrative occupations,3
E05013697,Arsenal,8,"Black, Black British, Black Welsh, Caribbean or African: Other Black",2,L3: Higher professional occupations,12
E05013697,Arsenal,8,"Black, Black British, Black Welsh, Caribbean or African: Other Black",3,"L4, L5 and L6: Lower managerial, administrative and professional occupations",35
E05013697,Arsenal,8,"Black, Black British, Black Welsh, Caribbean or African: Other Black",4,L7: Intermediate occupations,13
E05013697,Arsenal,8,"Black, Black British, Black Welsh, Caribbean or African: Other Black",5,L8 and L9: Small employers and own account workers,5
E05013697,Arsenal,8,"Black, Black British, Black Welsh, Caribbean or African: Other Black",6,L10 and L11: Lower supervisory and technical occupations,4
E05013697,Arsenal,8,"Black, Black British, Black Welsh, Caribbean or African: Other Black",7,L12: Semi-routine occupations,18
E05013697,Arsenal,8,"Black, Black British, Black Welsh, Caribbean or African: Other Black",8,L13: Routine occupations,10
E05013697,Arsenal,8,"Black, Black British, Black Welsh, Caribbean or African: Other Black",9,L14.1: Never worked,12
E05013697,Arsenal,8,"Black, Black British, Black Welsh, Caribbean or African: Other Black",10,L14.2: Long-term unemployed,12
E05013697,Arsenal,8,"Black, Black British, Black Welsh, Caribbean or African: Other Black",11,L15: Full-time students,17
E05013697,Arsenal,9,Mixed or Multiple ethnic groups: White and Asian,-8,Does not apply,107
E05013697,Arsenal,9,Mixed or Multiple ethnic groups: White and Asian,1,L1 and L2: Large employers and higher managerial and administrative occupations,16
E05013697,Arsenal,9,Mixed or Multiple ethnic groups: White and Asian,2,L3: Higher professional occupations,56
E05013697,Arsenal,9,Mixed or Multiple ethnic groups: White and Asian,3,"L4, L5 and L6: Lower managerial, administrative and professional occupations",67
E05013697,Arsenal,9,Mixed or Multiple ethnic groups: White and Asian,4,L7: Intermediate occupations,14
E05013697,Arsenal,9,Mixed or Multiple ethnic groups: White and Asian,5,L8 and L9: Small employers and own account workers,7
E05013697,Arsenal,9,Mixed or Multiple ethnic groups: White and Asian,6,L10 and L11: Lower supervisory and technical occupations,2
E05013697,Arsenal,9,Mixed or Multiple ethnic groups: White and Asian,7,L12: Semi-routine occupations,5
E05013697,Arsenal,9,Mixed or Multiple ethnic groups: White and Asian,8,L13: Routine occupations,4
E05013697,Arsenal,9,Mixed or Multiple ethnic groups: White and Asian,9,L14.1: Never worked,7
E05013697,Arsenal,9,Mixed or Multiple ethnic groups: White and Asian,10,L14.2: Long-term unemployed,2
E05013697,Arsenal,9,Mixed or Multiple ethnic groups: White and Asian,11,L15: Full-time students,17
E05013697,Arsenal,10,Mixed or Multiple ethnic groups: White and Black African,-8,Does not apply,57
E05013697,Arsenal,10,Mixed or Multiple ethnic groups: White and Black African,1,L1 and L2: Large employers and higher managerial and administrative occupations,4
E05013697,Arsenal,10,Mixed or Multiple ethnic groups: White and Black African,2,L3: Higher professional occupations,5
E05013697,Arsenal,10,Mixed or Multiple ethnic groups: White and Black African,3,"L4, L5 and L6: Lower managerial, administrative and professional occupations",16
E05013697,Arsenal,10,Mixed or Multiple ethnic groups: White and Black African,4,L7: Intermediate occupations,7
E05013697,Arsenal,10,Mixed or Multiple ethnic groups: White and Black African,5,L8 and L9: Small employers and own account workers,6
E05013697,Arsenal,10,Mixed or Multiple ethnic groups: White and Black African,6,L10 and L11: Lower supervisory and technical occupations,3
E05013697,Arsenal,10,Mixed or Multiple ethnic groups: White and Black African,7,L12: Semi-routine occupations,7
E05013697,Arsenal,10,Mixed or Multiple ethnic groups: White and Black African,8,L13: Routine occupations,6
E05013697,Arsenal,10,Mixed or Multiple ethnic groups: White and Black African,9,L14.1: Never worked,7
E05013697,Arsenal,10,Mixed or Multiple ethnic groups: White and Black African,10,L14.2: Long-term unemployed,0
E05013697,Arsenal,10,Mixed or Multiple ethnic groups: White and Black African,11,L15: Full-time students,10
E05013697,Arsenal,11,Mixed or Multiple ethnic groups: White and Black Caribbean,-8,Does not apply,92
E05013697,Arsenal,11,Mixed or Multiple ethnic groups: White and Black Caribbean,1,L1 and L2: Large employers and higher managerial and administrative occupations,9
E05013697,Arsenal,11,Mixed or Multiple ethnic groups: White and Black Caribbean,2,L3: Higher professional occupations,17
E05013697,Arsenal,11,Mixed or Multiple ethnic groups: White and Black Caribbean,3,"L4, L5 and L6: Lower managerial, administrative and professional occupations",32
E05013697,Arsenal,11,Mixed or Multiple ethnic groups: White and Black Caribbean,4,L7: Intermediate occupations,14
E05013697,Arsenal,11,Mixed or Multiple ethnic groups: White and Black Caribbean,5,L8 and L9: Small employers and own account workers,6
E05013697,Arsenal,11,Mixed or Multiple ethnic groups: White and Black Caribbean,6,L10 and L11: Lower supervisory and technical occupations,6
E05013697,Arsenal,11,Mixed or Multiple ethnic groups: White and Black Caribbean,7,L12: Semi-routine occupations,15
E05013697,Arsenal,11,Mixed or Multiple ethnic groups: White and Black Caribbean,8,L13: Routine occupations,4
E05013697,Arsenal,11,Mixed or Multiple ethnic groups: White and Black Caribbean,9,L14.1: Never worked,16
E05013697,Arsenal,11,Mixed or Multiple ethnic groups: White and Black Caribbean,10,L14.2: Long-term unemployed,5
E05013697,Arsenal,11,Mixed or Multiple ethnic groups: White and Black Caribbean,11,L15: Full-time students,17
E05013697,Arsenal,12,Mixed or Multiple ethnic groups: Other Mixed or Multiple ethnic groups,-8,Does not apply,100
E05013697,Arsenal,12,Mixed or Multiple ethnic groups: Other Mixed or Multiple ethnic groups,1,L1 and L2: Large employers and higher managerial and administrative occupations,17
E05013697,Arsenal,12,Mixed or Multiple ethnic groups: Other Mixed or Multiple ethnic groups,2,L3: Higher professional occupations,50
E05013697,Arsenal,12,Mixed or Multiple ethnic groups: Other Mixed or Multiple ethnic groups,3,"L4, L5 and L6: Lower managerial, administrative and professional occupations",68
E05013697,Arsenal,12,Mixed or Multiple ethnic groups: Other Mixed or Multiple ethnic groups,4,L7: Intermediate occupations,15
E05013697,Arsenal,12,Mixed or Multiple ethnic groups: Other Mixed or Multiple ethnic groups,5,L8 and L9: Small employers and own account workers,17
E05013697,Arsenal,12,Mixed or Multiple ethnic groups: Other Mixed or Multiple ethnic groups,6,L10 and L11: Lower supervisory and technical occupations,8
E05013697,Arsenal,12,Mixed or Multiple ethnic groups: Other Mixed or Multiple ethnic groups,7,L12: Semi-routine occupations,14
E05013697,Arsenal,12,Mixed or Multiple ethnic groups: Other Mixed or Multiple ethnic groups,8,L13: Routine occupations,12
E05013697,Arsenal,12,Mixed or Multiple ethnic groups: Other Mixed or Multiple ethnic groups,9,L14.1: Never worked,18
E05013697,Arsenal,12,Mixed or Multiple ethnic groups: Other Mixed or Multiple ethnic groups,10,L14.2: Long-term unemployed,3
E05013697,Arsenal,12,Mixed or Multiple ethnic groups: Other Mixed or Multiple ethnic groups,11,L15: Full-time students,24
E05013697,Arsenal,13,"White: English, Welsh, Scottish, Northern Irish or British",-8,Does not apply,806
E05013697,Arsenal,13,"White: English, Welsh, Scottish, Northern Irish or British",1,L1 and L2: Large employers and higher managerial and administrative occupations,386
E05013697,Arsenal,13,"White: English, Welsh, Scottish, Northern Irish or British",2,L3: Higher professional occupations,1127
E05013697,Arsenal,13,"White: English, Welsh, Scottish, Northern Irish or British",3,"L4, L5 and L6: Lower managerial, administrative and professional occupations",1383
E05013697,Arsenal,13,"White: English, Welsh, Scottish, Northern Irish or British",4,L7: Intermediate occupations,326
E05013697,Arsenal,13,"White: English, Welsh, Scottish, Northern Irish or British",5,L8 and L9: Small employers and own account workers,341
E05013697,Arsenal,13,"White: English, Welsh, Scottish, Northern Irish or British",6,L10 and L11: Lower supervisory and technical occupations,118
E05013697,Arsenal,13,"White: English, Welsh, Scottish, Northern Irish or British",7,L12: Semi-routine occupations,172
E05013697,Arsenal,13,"White: English, Welsh, Scottish, Northern Irish or British",8,L13: Routine occupations,193
E05013697,Arsenal,13,"White: English, Welsh, Scottish, Northern Irish or British",9,L14.1: Never worked,161
E05013697,Arsenal,13,"White: English, Welsh, Scottish, Northern Irish or British",10,L14.2: Long-term unemployed,45
E05013697,Arsenal,13,"White: English, Welsh, Scottish, Northern Irish or British",11,L15: Full-time students,254
E05013697,Arsenal,14,White: Irish,-8,Does not apply,21
E05013697,Arsenal,14,White: Irish,1,L1 and L2: Large employers and higher managerial and administrative occupations,34
E05013697,Arsenal,14,White: Irish,2,L3: Higher professional occupations,98
E05013697,Arsenal,14,White: Irish,3,"L4, L5 and L6: Lower managerial, administrative and professional occupations",125
E05013697,Arsenal,14,White: Irish,4,L7: Intermediate occupations,37
E05013697,Arsenal,14,White: Irish,5,L8 and L9: Small employers and own account workers,60
E05013697,Arsenal,14,White: Irish,6,L10 and L11: Lower supervisory and technical occupations,12
E05013697,Arsenal,14,White: Irish,7,L12: Semi-routine occupations,18
E05013697,Arsenal,14,White: Irish,8,L13: Routine occupations,37
E05013697,Arsenal,14,White: Irish,9,L14.1: Never worked,27
E05013697,Arsenal,14,White: Irish,10,L14.2: Long-term unemployed,4
E05013697,Arsenal,14,White: Irish,11,L15: Full-time students,9
E05013697,Arsenal,15,White: Gypsy or Irish Traveller,-8,Does not apply,3
E05013697,Arsenal,15,White: Gypsy or Irish Traveller,1,L1 and L2: Large employers and higher managerial and administrative occupations,0
E05013697,Arsenal,15,White: Gypsy or Irish Traveller,2,L3: Higher professional occupations,0
E05013697,Arsenal,15,White: Gypsy or Irish Traveller,3,"L4, L5 and L6: Lower managerial, administrative and professional occupations",2
E05013697,Arsenal,15,White: Gypsy or Irish Traveller,4,L7: Intermediate occupations,0
E05013697,Arsenal,15,White: Gypsy or Irish Traveller,5,L8 and L9: Small employers and own account workers,1
E05013697,Arsenal,15,White: Gypsy or Irish Traveller,6,L10 and L11: Lower supervisory and technical occupations,0
E05013697,Arsenal,15,White: Gypsy or Irish Traveller,7,L12: Semi-routine occupations,0
E05013697,Arsenal,15,White: Gypsy or Irish Traveller,8,L13: Routine occupations,1
E05013697,Arsenal,15,White: Gypsy or Irish Traveller,9,L14.1: Never worked,3
E05013697,Arsenal,15,White: Gypsy or Irish Traveller,10,L14.2: Long-term unemployed,1
E05013697,Arsenal,15,White: Gypsy or Irish Traveller,11,L15: Full-time students,0
E05013697,Arsenal,16,White: Roma,-8,Does not apply,2
E05013697,Arsenal,16,White: Roma,1,L1 and L2: Large employers and higher managerial and administrative occupations,4
E05013697,Arsenal,16,White: Roma,2,L3: Higher professional occupations,5
E05013697,Arsenal,16,White: Roma,3,"L4, L5 and L6: Lower managerial, administrative and professional occupations",11
E05013697,Arsenal,16,White: Roma,4,L7: Intermediate occupations,2
E05013697,Arsenal,16,White: Roma,5,L8 and L9: Small employers and own account workers,5
E05013697,Arsenal,16,White: Roma,6,L10 and L11: Lower supervisory and technical occupations,8
E05013697,Arsenal,16,White: Roma,7,L12: Semi-routine occupations,2
E05013697,Arsenal,16,White: Roma,8,L13: Routine occupations,3
E05013697,Arsenal,16,White: Roma,9,L14.1: Never worked,6
E05013697,Arsenal,16,White: Roma,10,L14.2: Long-term unemployed,1
E05013697,Arsenal,16,White: Roma,11,L15: Full-time students,4
E05013697,Arsenal,17,White: Other White,-8,Does not apply,251
E05013697,Arsenal,17,White: Other White,1,L1 and L2: Large employers and higher managerial and administrative occupations,206
E05013697,Arsenal,17,White: Other White,2,L3: Higher professional occupations,642
E05013697,Arsenal,17,White: Other White,3,"L4, L5 and L6: Lower managerial, administrative and professional occupations",558
E05013697,Arsenal,17,White: Other White,4,L7: Intermediate occupations,124
E05013697,Arsenal,17,White: Other White,5,L8 and L9: Small employers and own account workers,163
E05013697,Arsenal,17,White: Other White,6,L10 and L11: Lower supervisory and technical occupations,58
E05013697,Arsenal,17,White: Other White,7,L12: Semi-routine occupations,79
E05013697,Arsenal,17,White: Other White,8,L13: Routine occupations,112
E05013697,Arsenal,17,White: Other White,9,L14.1: Never worked,65
E05013697,Arsenal,17,White: Other White,10,L14.2: Long-term unemployed,40
E05013697,Arsenal,17,White: Other White,11,L15: Full-time students,144
E05013697,Arsenal,18,Other ethnic group: Arab,-8,Does not apply,46
E05013697,Arsenal,18,Other ethnic group: Arab,1,L1 and L2: Large employers and higher managerial and administrative occupations,9
E05013697,Arsenal,18,Other ethnic group: Arab,2,L3: Higher professional occupations,14
E05013697,Arsenal,18,Other ethnic group: Arab,3,"L4, L5 and L6: Lower managerial, administrative and professional occupations",17
E05013697,Arsenal,18,Other ethnic group: Arab,4,L7: Intermediate occupations,3
E05013697,Arsenal,18,Other ethnic group: Arab,5,L8 and L9: Small employers and own account workers,11
E05013697,Arsenal,18,Other ethnic group: Arab,6,L10 and L11: Lower supervisory and technical occupations,5
E05013697,Arsenal,18,Other ethnic group: Arab,7,L12: Semi-routine occupations,9
E05013697,Arsenal,18,Other ethnic group: Arab,8,L13: Routine occupations,10
E05013697,Arsenal,18,Other ethnic group: Arab,9,L14.1: Never worked,20
E05013697,Arsenal,18,Other ethnic group: Arab,10,L14.2: Long-term unemployed,0
E05013697,Arsenal,18,Other ethnic group: Arab,11,L15: Full-time students,10
E05013697,Arsenal,19,Other ethnic group: Any other ethnic group,-8,Does not apply,95
E05013697,Arsenal,19,Other ethnic group: Any other ethnic group,1,L1 and L2: Large employers and higher managerial and administrative occupations,20
E05013697,Arsenal,19,Other ethnic group: Any other ethnic group,2,L3: Higher professional occupations,73
E05013697,Arsenal,19,Other ethnic group: Any other ethnic group,3,"L4, L5 and L6: Lower managerial, administrative and professional occupations",111
E05013697,Arsenal,19,Other ethnic group: Any other ethnic group,4,L7: Intermediate occupations,33
E05013697,Arsenal,19,Other ethnic group: Any other ethnic group,5,L8 and L9: Small employers and own account workers,59
E05013697,Arsenal,19,Other ethnic group: Any other ethnic group,6,L10 and L11: Lower supervisory and technical occupations,30
E05013697,Arsenal,19,Other ethnic group: Any other ethnic group,7,L12: Semi-routine occupations,42
E05013697,Arsenal,19,Other ethnic group: Any other ethnic group,8,L13: Routine occupations,67
E05013697,Arsenal,19,Other ethnic group: Any other ethnic group,9,L14.1: Never worked,96
E05013697,Arsenal,19,Other ethnic group: Any other ethnic group,10,L14.2: Long-term unemployed,20
E05013697,Arsenal,19,Other ethnic group: Any other ethnic group,11,L15: Full-time students,51
E05013698,Barnsbury,-8,Does not apply,-8,Does not apply,0
E05013698,Barnsbury,-8,Does not apply,1,L1 and L2: Large employers and higher managerial and administrative occupations,0
E05013698,Barnsbury,-8,Does not apply,2,L3: Higher professional occupations,0
E05013698,Barnsbury,-8,Does not apply,3,"L4, L5 and L6: Lower managerial, administrative and professional occupations",0
E05013698,Barnsbury,-8,Does not apply,4,L7: Intermediate occupations,0
E05013698,Barnsbury,-8,Does not apply,5,L8 and L9: Small employers and own account workers,0
E05013698,Barnsbury,-8,Does not apply,6,L10 and L11: Lower supervisory and technical occupations,0
E05013698,Barnsbury,-8,Does not apply,7,L12: Semi-routine occupations,0
E05013698,Barnsbury,-8,Does not apply,8,L13: Routine occupations,0
E05013698,Barnsbury,-8,Does not apply,9,L14.1: Never worked,0
E05013698,Barnsbury,-8,Does not apply,10,L14.2: Long-term unemployed,0
E05013698,Barnsbury,-8,Does not apply,11,L15: Full-time students,0
E05013698,Barnsbury,1,"Asian, Asian British or Asian Welsh: Bangladeshi",-8,Does not apply,55
E05013698,Barnsbury,1,"Asian, Asian British or Asian Welsh: Bangladeshi",1,L1 and L2: Large employers and higher managerial and administrative occupations,1
E05013698,Barnsbury,1,"Asian, Asian British or Asian Welsh: Bangladeshi",2,L3: Higher professional occupations,6
E05013698,Barnsbury,1,"Asian, Asian British or Asian Welsh: Bangladeshi",3,"L4, L5 and L6: Lower managerial, administrative and professional occupations",15
E05013698,Barnsbury,1,"Asian, Asian British or Asian Welsh: Bangladeshi",4,L7: Intermediate occupations,12
E05013698,Barnsbury,1,"Asian, Asian British or Asian Welsh: Bangladeshi",5,L8 and L9: Small employers and own account workers,13
E05013698,Barnsbury,1,"Asian, Asian British or Asian Welsh: Bangladeshi",6,L10 and L11: Lower supervisory and technical occupations,6
E05013698,Barnsbury,1,"Asian, Asian British or Asian Welsh: Bangladeshi",7,L12: Semi-routine occupations,27
E05013698,Barnsbury,1,"Asian, Asian British or Asian Welsh: Bangladeshi",8,L13: Routine occupations,16
E05013698,Barnsbury,1,"Asian, Asian British or Asian Welsh: Bangladeshi",9,L14.1: Never worked,47
E05013698,Barnsbury,1,"Asian, Asian British or Asian Welsh: Bangladeshi",10,L14.2: Long-term unemployed,4
E05013698,Barnsbury,1,"Asian, Asian British or Asian Welsh: Bangladeshi",11,L15: Full-time students,21
E05013698,Barnsbury,2,"Asian, Asian British or Asian Welsh: Chinese",-8,Does not apply,20
E05013698,Barnsbury,2,"Asian, Asian British or Asian Welsh: Chinese",1,L1 and L2: Large employers and higher managerial and administrative occupations,25
E05013698,Barnsbury,2,"Asian, Asian British or Asian Welsh: Chinese",2,L3: Higher professional occupations,71
E05013698,Barnsbury,2,"Asian, Asian British or Asian Welsh: Chinese",3,"L4, L5 and L6: Lower managerial, administrative and professional occupations",47
E05013698,Barnsbury,2,"Asian, Asian British or Asian Welsh: Chinese",4,L7: Intermediate occupations,14
E05013698,Barnsbury,2,"Asian, Asian British or Asian Welsh: Chinese",5,L8 and L9: Small employers and own account workers,12
E05013698,Barnsbury,2,"Asian, Asian British or Asian Welsh: Chinese",6,L10 and L11: Lower supervisory and technical occupations,6
E05013698,Barnsbury,2,"Asian, Asian British or Asian Welsh: Chinese",7,L12: Semi-routine occupations,16
E05013698,Barnsbury,2,"Asian, Asian British or Asian Welsh: Chinese",8,L13: Routine occupations,11
E05013698,Barnsbury,2,"Asian, Asian British or Asian Welsh: Chinese",9,L14.1: Never worked,12
E05013698,Barnsbury,2,"Asian, Asian British or Asian Welsh: Chinese",10,L14.2: Long-term unemployed,4
E05013698,Barnsbury,2,"Asian, Asian British or Asian Welsh: Chinese",11,L15: Full-time students,38
E05013698,Barnsbury,3,"Asian, Asian British or Asian Welsh: Indian",-8,Does not apply,22
E05013698,Barnsbury,3,"Asian, Asian British or Asian Welsh: Indian",1,L1 and L2: Large employers and higher managerial and administrative occupations,25
E05013698,Barnsbury,3,"Asian, Asian British or Asian Welsh: Indian",2,L3: Higher professional occupations,72
E05013698,Barnsbury,3,"Asian, Asian British or Asian Welsh: Indian",3,"L4, L5 and L6: Lower managerial, administrative and professional occupations",50
E05013698,Barnsbury,3,"Asian, Asian British or Asian Welsh: Indian",4,L7: Intermediate occupations,14
E05013698,Barnsbury,3,"Asian, Asian British or Asian Welsh: Indian",5,L8 and L9: Small employers and own account workers,8
E05013698,Barnsbury,3,"Asian, Asian British or Asian Welsh: Indian",6,L10 and L11: Lower supervisory and technical occupations,3
E05013698,Barnsbury,3,"Asian, Asian British or Asian Welsh: Indian",7,L12: Semi-routine occupations,4
E05013698,Barnsbury,3,"Asian, Asian British or Asian Welsh: Indian",8,L13: Routine occupations,4
E05013698,Barnsbury,3,"Asian, Asian British or Asian Welsh: Indian",9,L14.1: Never worked,9
E05013698,Barnsbury,3,"Asian, Asian British or Asian Welsh: Indian",10,L14.2: Long-term unemployed,2
E05013698,Barnsbury,3,"Asian, Asian British or Asian Welsh: Indian",11,L15: Full-time students,21
E05013698,Barnsbury,4,"Asian, Asian British or Asian Welsh: Pakistani",-8,Does not apply,4
E05013698,Barnsbury,4,"Asian, Asian British or Asian Welsh: Pakistani",1,L1 and L2: Large employers and higher managerial and administrative occupations,0
E05013698,Barnsbury,4,"Asian, Asian British or Asian Welsh: Pakistani",2,L3: Higher professional occupations,11
E05013698,Barnsbury,4,"Asian, Asian British or Asian Welsh: Pakistani",3,"L4, L5 and L6: Lower managerial, administrative and professional occupations",10
E05013698,Barnsbury,4,"Asian, Asian British or Asian Welsh: Pakistani",4,L7: Intermediate occupations,6
E05013698,Barnsbury,4,"Asian, Asian British or Asian Welsh: Pakistani",5,L8 and L9: Small employers and own account workers,2
E05013698,Barnsbury,4,"Asian, Asian British or Asian Welsh: Pakistani",6,L10 and L11: Lower supervisory and technical occupations,0
E05013698,Barnsbury,4,"Asian, Asian British or Asian Welsh: Pakistani",7,L12: Semi-routine occupations,2
E05013698,Barnsbury,4,"Asian, Asian British or Asian Welsh: Pakistani",8,L13: Routine occupations,3
E05013698,Barnsbury,4,"Asian, Asian British or Asian Welsh: Pakistani",9,L14.1: Never worked,5
E05013698,Barnsbury,4,"Asian, Asian British or Asian Welsh: Pakistani",10,L14.2: Long-term unemployed,4
E05013698,Barnsbury,4,"Asian, Asian British or Asian Welsh: Pakistani",11,L15: Full-time students,2
E05013698,Barnsbury,5,"Asian, Asian British or Asian Welsh: Other Asian",-8,Does not apply,23
E05013698,Barnsbury,5,"Asian, Asian British or Asian Welsh: Other Asian",1,L1 and L2: Large employers and higher managerial and administrative occupations,12
E05013698,Barnsbury,5,"Asian, Asian British or Asian Welsh: Other Asian",2,L3: Higher professional occupations,40
E05013698,Barnsbury,5,"Asian, Asian British or Asian Welsh: Other Asian",3,"L4, L5 and L6: Lower managerial, administrative and professional occupations",50
E05013698,Barnsbury,5,"Asian, Asian British or Asian Welsh: Other Asian",4,L7: Intermediate occupations,13
E05013698,Barnsbury,5,"Asian, Asian British or Asian Welsh: Other Asian",5,L8 and L9: Small employers and own account workers,15
E05013698,Barnsbury,5,"Asian, Asian British or Asian Welsh: Other Asian",6,L10 and L11: Lower supervisory and technical occupations,7
E05013698,Barnsbury,5,"Asian, Asian British or Asian Welsh: Other Asian",7,L12: Semi-routine occupations,8
E05013698,Barnsbury,5,"Asian, Asian British or Asian Welsh: Other Asian",8,L13: Routine occupations,8
E05013698,Barnsbury,5,"Asian, Asian British or Asian Welsh: Other Asian",9,L14.1: Never worked,17
E05013698,Barnsbury,5,"Asian, Asian British or Asian Welsh: Other Asian",10,L14.2: Long-term unemployed,4
E05013698,Barnsbury,5,"Asian, Asian British or Asian Welsh: Other Asian",11,L15: Full-time students,24
E05013698,Barnsbury,6,"Black, Black British, Black Welsh, Caribbean or African: African",-8,Does not apply,138
E05013698,Barnsbury,6,"Black, Black British, Black Welsh, Caribbean or African: African",1,L1 and L2: Large employers and higher managerial and administrative occupations,12
E05013698,Barnsbury,6,"Black, Black British, Black Welsh, Caribbean or African: African",2,L3: Higher professional occupations,45
E05013698,Barnsbury,6,"Black, Black British, Black Welsh, Caribbean or African: African",3,"L4, L5 and L6: Lower managerial, administrative and professional occupations",65
E05013698,Barnsbury,6,"Black, Black British, Black Welsh, Caribbean or African: African",4,L7: Intermediate occupations,24
E05013698,Barnsbury,6,"Black, Black British, Black Welsh, Caribbean or African: African",5,L8 and L9: Small employers and own account workers,32
E05013698,Barnsbury,6,"Black, Black British, Black Welsh, Caribbean or African: African",6,L10 and L11: Lower supervisory and technical occupations,13
E05013698,Barnsbury,6,"Black, Black British, Black Welsh, Caribbean or African: African",7,L12: Semi-routine occupations,51
E05013698,Barnsbury,6,"Black, Black British, Black Welsh, Caribbean or African: African",8,L13: Routine occupations,38
E05013698,Barnsbury,6,"Black, Black British, Black Welsh, Caribbean or African: African",9,L14.1: Never worked,55
E05013698,Barnsbury,6,"Black, Black British, Black Welsh, Caribbean or African: African",10,L14.2: Long-term unemployed,18
E05013698,Barnsbury,6,"Black, Black British, Black Welsh, Caribbean or African: African",11,L15: Full-time students,82
E05013698,Barnsbury,7,"Black, Black British, Black Welsh, Caribbean or African: Caribbean",-8,Does not apply,35
E05013698,Barnsbury,7,"Black, Black British, Black Welsh, Caribbean or African: Caribbean",1,L1 and L2: Large employers and higher managerial and administrative occupations,16
E05013698,Barnsbury,7,"Black, Black British, Black Welsh, Caribbean or African: Caribbean",2,L3: Higher professional occupations,12
E05013698,Barnsbury,7,"Black, Black British, Black Welsh, Caribbean or African: Caribbean",3,"L4, L5 and L6: Lower managerial, administrative and professional occupations",41
E05013698,Barnsbury,7,"Black, Black British, Black Welsh, Caribbean or African: Caribbean",4,L7: Intermediate occupations,26
E05013698,Barnsbury,7,"Black, Black British, Black Welsh, Caribbean or African: Caribbean",5,L8 and L9: Small employers and own account workers,15
E05013698,Barnsbury,7,"Black, Black British, Black Welsh, Caribbean or African: Caribbean",6,L10 and L11: Lower supervisory and technical occupations,17
E05013698,Barnsbury,7,"Black, Black British, Black Welsh, Caribbean or African: Caribbean",7,L12: Semi-routine occupations,28
E05013698,Barnsbury,7,"Black, Black British, Black Welsh, Caribbean or African: Caribbean",8,L13: Routine occupations,23
E05013698,Barnsbury,7,"Black, Black British, Black Welsh, Caribbean or African: Caribbean",9,L14.1: Never worked,30
E05013698,Barnsbury,7,"Black, Black British, Black Welsh, Caribbean or African: Caribbean",10,L14.2: Long-term unemployed,9
E05013698,Barnsbury,7,"Black, Black British, Black Welsh, Caribbean or African: Caribbean",11,L15: Full-time students,15
E05013698,Barnsbury,8,"Black, Black British, Black Welsh, Caribbean or African: Other Black",-8,Does not apply,52
E05013698,Barnsbury,8,"Black, Black British, Black Welsh, Caribbean or African: Other Black",1,L1 and L2: Large employers and higher managerial and administrative occupations,4
E05013698,Barnsbury,8,"Black, Black British, Black Welsh, Caribbean or African: Other Black",2,L3: Higher professional occupations,6
E05013698,Barnsbury,8,"Black, Black British, Black Welsh, Caribbean or African: Other Black",3,"L4, L5 and L6: Lower managerial, administrative and professional occupations",18
E05013698,Barnsbury,8,"Black, Black British, Black Welsh, Caribbean or African: Other Black",4,L7: Intermediate occupations,17
E05013698,Barnsbury,8,"Black, Black British, Black Welsh, Caribbean or African: Other Black",5,L8 and L9: Small employers and own account workers,7
E05013698,Barnsbury,8,"Black, Black British, Black Welsh, Caribbean or African: Other Black",6,L10 and L11: Lower supervisory and technical occupations,0
E05013698,Barnsbury,8,"Black, Black British, Black Welsh, Caribbean or African: Other Black",7,L12: Semi-routine occupations,9
E05013698,Barnsbury,8,"Black, Black British, Black Welsh, Caribbean or African: Other Black",8,L13: Routine occupations,6
E05013698,Barnsbury,8,"Black, Black British, Black Welsh, Caribbean or African: Other Black",9,L14.1: Never worked,11
E05013698,Barnsbury,8,"Black, Black British, Black Welsh, Caribbean or African: Other Black",10,L14.2: Long-term unemployed,5
E05013698,Barnsbury,8,"Black, Black British, Black Welsh, Caribbean or African: Other Black",11,L15: Full-time students,11
E05013698,Barnsbury,9,Mixed or Multiple ethnic groups: White and Asian,-8,Does not apply,63
E05013698,Barnsbury,9,Mixed or Multiple ethnic groups: White and Asian,1,L1 and L2: Large employers and higher managerial and administrative occupations,9
E05013698,Barnsbury,9,Mixed or Multiple ethnic groups: White and Asian,2,L3: Higher professional occupations,44
E05013698,Barnsbury,9,Mixed or Multiple ethnic groups: White and Asian,3,"L4, L5 and L6: Lower managerial, administrative and professional occupations",22
E05013698,Barnsbury,9,Mixed or Multiple ethnic groups: White and Asian,4,L7: Intermediate occupations,6
E05013698,Barnsbury,9,Mixed or Multiple ethnic groups: White and Asian,5,L8 and L9: Small employers and own account workers,6
E05013698,Barnsbury,9,Mixed or Multiple ethnic groups: White and Asian,6,L10 and L11: Lower supervisory and technical occupations,3
E05013698,Barnsbury,9,Mixed or Multiple ethnic groups: White and Asian,7,L12: Semi-routine occupations,2
E05013698,Barnsbury,9,Mixed or Multiple ethnic groups: White and Asian,8,L13: Routine occupations,4
E05013698,Barnsbury,9,Mixed or Multiple ethnic groups: White and Asian,9,L14.1: Never worked,4
E05013698,Barnsbury,9,Mixed or Multiple ethnic groups: White and Asian,10,L14.2: Long-term unemployed,0
E05013698,Barnsbury,9,Mixed or Multiple ethnic groups: White and Asian,11,L15: Full-time students,17
E05013698,Barnsbury,10,Mixed or Multiple ethnic groups: White and Black African,-8,Does not apply,41
E05013698,Barnsbury,10,Mixed or Multiple ethnic groups: White and Black African,1,L1 and L2: Large employers and higher managerial and administrative occupations,2
E05013698,Barnsbury,10,Mixed or Multiple ethnic groups: White and Black African,2,L3: Higher professional occupations,6
E05013698,Barnsbury,10,Mixed or Multiple ethnic groups: White and Black African,3,"L4, L5 and L6: Lower managerial, administrative and professional occupations",14
E05013698,Barnsbury,10,Mixed or Multiple ethnic groups: White and Black African,4,L7: Intermediate occupations,6
E05013698,Barnsbury,10,Mixed or Multiple ethnic groups: White and Black African,5,L8 and L9: Small employers and own account workers,8
E05013698,Barnsbury,10,Mixed or Multiple ethnic groups: White and Black African,6,L10 and L11: Lower supervisory and technical occupations,0
E05013698,Barnsbury,10,Mixed or Multiple ethnic groups: White and Black African,7,L12: Semi-routine occupations,7
E05013698,Barnsbury,10,Mixed or Multiple ethnic groups: White and Black African,8,L13: Routine occupations,7
E05013698,Barnsbury,10,Mixed or Multiple ethnic groups: White and Black African,9,L14.1: Never worked,11
E05013698,Barnsbury,10,Mixed or Multiple ethnic groups: White and Black African,10,L14.2: Long-term unemployed,3
E05013698,Barnsbury,10,Mixed or Multiple ethnic groups: White and Black African,11,L15: Full-time students,15
E05013698,Barnsbury,11,Mixed or Multiple ethnic groups: White and Black Caribbean,-8,Does not apply,86
E05013698,Barnsbury,11,Mixed or Multiple ethnic groups: White and Black Caribbean,1,L1 and L2: Large employers and higher managerial and administrative occupations,3
E05013698,Barnsbury,11,Mixed or Multiple ethnic groups: White and Black Caribbean,2,L3: Higher professional occupations,11
E05013698,Barnsbury,11,Mixed or Multiple ethnic groups: White and Black Caribbean,3,"L4, L5 and L6: Lower managerial, administrative and professional occupations",29
E05013698,Barnsbury,11,Mixed or Multiple ethnic groups: White and Black Caribbean,4,L7: Intermediate occupations,13
E05013698,Barnsbury,11,Mixed or Multiple ethnic groups: White and Black Caribbean,5,L8 and L9: Small employers and own account workers,6
E05013698,Barnsbury,11,Mixed or Multiple ethnic groups: White and Black Caribbean,6,L10 and L11: Lower supervisory and technical occupations,6
E05013698,Barnsbury,11,Mixed or Multiple ethnic groups: White and Black Caribbean,7,L12: Semi-routine occupations,13
E05013698,Barnsbury,11,Mixed or Multiple ethnic groups: White and Black Caribbean,8,L13: Routine occupations,22
E05013698,Barnsbury,11,Mixed or Multiple ethnic groups: White and Black Caribbean,9,L14.1: Never worked,12
E05013698,Barnsbury,11,Mixed or Multiple ethnic groups: White and Black Caribbean,10,L14.2: Long-term unemployed,7
E05013698,Barnsbury,11,Mixed or Multiple ethnic groups: White and Black Caribbean,11,L15: Full-time students,21
E05013698,Barnsbury,12,Mixed or Multiple ethnic groups: Other Mixed or Multiple ethnic groups,-8,Does not apply,96
E05013698,Barnsbury,12,Mixed or Multiple ethnic groups: Other Mixed or Multiple ethnic groups,1,L1 and L2: Large employers and higher managerial and administrative occupations,18
E05013698,Barnsbury,12,Mixed or Multiple ethnic groups: Other Mixed or Multiple ethnic groups,2,L3: Higher professional occupations,87
E05013698,Barnsbury,12,Mixed or Multiple ethnic groups: Other Mixed or Multiple ethnic groups,3,"L4, L5 and L6: Lower managerial, administrative and professional occupations",48
E05013698,Barnsbury,12,Mixed or Multiple ethnic groups: Other Mixed or Multiple ethnic groups,4,L7: Intermediate occupations,9
E05013698,Barnsbury,12,Mixed or Multiple ethnic groups: Other Mixed or Multiple ethnic groups,5,L8 and L9: Small employers and own account workers,27
E05013698,Barnsbury,12,Mixed or Multiple ethnic groups: Other Mixed or Multiple ethnic groups,6,L10 and L11: Lower supervisory and technical occupations,7
E05013698,Barnsbury,12,Mixed or Multiple ethnic groups: Other Mixed or Multiple ethnic groups,7,L12: Semi-routine occupations,16
E05013698,Barnsbury,12,Mixed or Multiple ethnic groups: Other Mixed or Multiple ethnic groups,8,L13: Routine occupations,6
E05013698,Barnsbury,12,Mixed or Multiple ethnic groups: Other Mixed or Multiple ethnic groups,9,L14.1: Never worked,13
E05013698,Barnsbury,12,Mixed or Multiple ethnic groups: Other Mixed or Multiple ethnic groups,10,L14.2: Long-term unemployed,8
E05013698,Barnsbury,12,Mixed or Multiple ethnic groups: Other Mixed or Multiple ethnic groups,11,L15: Full-time students,25
E05013698,Barnsbury,13,"White: English, Welsh, Scottish, Northern Irish or British",-8,Does not apply,717
E05013698,Barnsbury,13,"White: English, Welsh, Scottish, Northern Irish or British",1,L1 and L2: Large employers and higher managerial and administrative occupations,407
E05013698,Barnsbury,13,"White: English, Welsh, Scottish, Northern Irish or British",2,L3: Higher professional occupations,1154
E05013698,Barnsbury,13,"White: English, Welsh, Scottish, Northern Irish or British",3,"L4, L5 and L6: Lower managerial, administrative and professional occupations",1194
E05013698,Barnsbury,13,"White: English, Welsh, Scottish, Northern Irish or British",4,L7: Intermediate occupations,376
E05013698,Barnsbury,13,"White: English, Welsh, Scottish, Northern Irish or British",5,L8 and L9: Small employers and own account workers,484
E05013698,Barnsbury,13,"White: English, Welsh, Scottish, Northern Irish or British",6,L10 and L11: Lower supervisory and technical occupations,102
E05013698,Barnsbury,13,"White: English, Welsh, Scottish, Northern Irish or British",7,L12: Semi-routine occupations,267
E05013698,Barnsbury,13,"White: English, Welsh, Scottish, Northern Irish or British",8,L13: Routine occupations,279
E05013698,Barnsbury,13,"White: English, Welsh, Scottish, Northern Irish or British",9,L14.1: Never worked,357
E05013698,Barnsbury,13,"White: English, Welsh, Scottish, Northern Irish or British",10,L14.2: Long-term unemployed,85
E05013698,Barnsbury,13,"White: English, Welsh, Scottish, Northern Irish or British",11,L15: Full-time students,276
E05013698,Barnsbury,14,White: Irish,-8,Does not apply,16
E05013698,Barnsbury,14,White: Irish,1,L1 and L2: Large employers and higher managerial and administrative occupations,53
E05013698,Barnsbury,14,White: Irish,2,L3: Higher professional occupations,80
E05013698,Barnsbury,14,White: Irish,3,"L4, L5 and L6: Lower managerial, administrative and professional occupations",97
E05013698,Barnsbury,14,White: Irish,4,L7: Intermediate occupations,39
E05013698,Barnsbury,14,White: Irish,5,L8 and L9: Small employers and own account workers,24
E05013698,Barnsbury,14,White: Irish,6,L10 and L11: Lower supervisory and technical occupations,16
E05013698,Barnsbury,14,White: Irish,7,L12: Semi-routine occupations,16
E05013698,Barnsbury,14,White: Irish,8,L13: Routine occupations,28
E05013698,Barnsbury,14,White: Irish,9,L14.1: Never worked,35
E05013698,Barnsbury,14,White: Irish,10,L14.2: Long-term unemployed,7
E05013698,Barnsbury,14,White: Irish,11,L15: Full-time students,7
E05013698,Barnsbury,15,White: Gypsy or Irish Traveller,-8,Does not apply,2
E05013698,Barnsbury,15,White: Gypsy or Irish Traveller,1,L1 and L2: Large employers and higher managerial and administrative occupations,0
E05013698,Barnsbury,15,White: Gypsy or Irish Traveller,2,L3: Higher professional occupations,0
E05013698,Barnsbury,15,White: Gypsy or Irish Traveller,3,"L4, L5 and L6: Lower managerial, administrative and professional occupations",0
E05013698,Barnsbury,15,White: Gypsy or Irish Traveller,4,L7: Intermediate occupations,0
E05013698,Barnsbury,15,White: Gypsy or Irish Traveller,5,L8 and L9: Small employers and own account workers,1
E05013698,Barnsbury,15,White: Gypsy or Irish Traveller,6,L10 and L11: Lower supervisory and technical occupations,0
E05013698,Barnsbury,15,White: Gypsy or Irish Traveller,7,L12: Semi-routine occupations,0
E05013698,Barnsbury,15,White: Gypsy or Irish Traveller,8,L13: Routine occupations,1
E05013698,Barnsbury,15,White: Gypsy or Irish Traveller,9,L14.1: Never worked,0
E05013698,Barnsbury,15,White: Gypsy or Irish Traveller,10,L14.2: Long-term unemployed,0
E05013698,Barnsbury,15,White: Gypsy or Irish Traveller,11,L15: Full-time students,1
E05013698,Barnsbury,16,White: Roma,-8,Does not apply,0
E05013698,Barnsbury,16,White: Roma,1,L1 and L2: Large employers and higher managerial and administrative occupations,3
E05013698,Barnsbury,16,White: Roma,2,L3: Higher professional occupations,5
E05013698,Barnsbury,16,White: Roma,3,"L4, L5 and L6: Lower managerial, administrative and professional occupations",7
E05013698,Barnsbury,16,White: Roma,4,L7: Intermediate occupations,1
E05013698,Barnsbury,16,White: Roma,5,L8 and L9: Small employers and own account workers,0
E05013698,Barnsbury,16,White: Roma,6,L10 and L11: Lower supervisory and technical occupations,3
E05013698,Barnsbury,16,White: Roma,7,L12: Semi-routine occupations,1
E05013698,Barnsbury,16,White: Roma,8,L13: Routine occupations,6
E05013698,Barnsbury,16,White: Roma,9,L14.1: Never worked,1
E05013698,Barnsbury,16,White: Roma,10,L14.2: Long-term unemployed,0
E05013698,Barnsbury,16,White: Roma,11,L15: Full-time students,2
E05013698,Barnsbury,17,White: Other White,-8,Does not apply,159
E05013698,Barnsbury,17,White: Other White,1,L1 and L2: Large employers and higher managerial and administrative occupations,218
E05013698,Barnsbury,17,White: Other White,2,L3: Higher professional occupations,663
E05013698,Barnsbury,17,White: Other White,3,"L4, L5 and L6: Lower managerial, administrative and professional occupations",486
E05013698,Barnsbury,17,White: Other White,4,L7: Intermediate occupations,96
E05013698,Barnsbury,17,White: Other White,5,L8 and L9: Small employers and own account workers,136
E05013698,Barnsbury,17,White: Other White,6,L10 and L11: Lower supervisory and technical occupations,45
E05013698,Barnsbury,17,White: Other White,7,L12: Semi-routine occupations,66
E05013698,Barnsbury,17,White: Other White,8,L13: Routine occupations,72
E05013698,Barnsbury,17,White: Other White,9,L14.1: Never worked,60
E05013698,Barnsbury,17,White: Other White,10,L14.2: Long-term unemployed,24
E05013698,Barnsbury,17,White: Other White,11,L15: Full-time students,164
E05013698,Barnsbury,18,Other ethnic group: Arab,-8,Does not apply,31
E05013698,Barnsbury,18,Other ethnic group: Arab,1,L1 and L2: Large employers and higher managerial and administrative occupations,5
E05013698,Barnsbury,18,Other ethnic group: Arab,2,L3: Higher professional occupations,13
E05013698,Barnsbury,18,Other ethnic group: Arab,3,"L4, L5 and L6: Lower managerial, administrative and professional occupations",12
E05013698,Barnsbury,18,Other ethnic group: Arab,4,L7: Intermediate occupations,7
E05013698,Barnsbury,18,Other ethnic group: Arab,5,L8 and L9: Small employers and own account workers,6
E05013698,Barnsbury,18,Other ethnic group: Arab,6,L10 and L11: Lower supervisory and technical occupations,2
E05013698,Barnsbury,18,Other ethnic group: Arab,7,L12: Semi-routine occupations,8
E05013698,Barnsbury,18,Other ethnic group: Arab,8,L13: Routine occupations,7
E05013698,Barnsbury,18,Other ethnic group: Arab,9,L14.1: Never worked,11
E05013698,Barnsbury,18,Other ethnic group: Arab,10,L14.2: Long-term unemployed,6
E05013698,Barnsbury,18,Other ethnic group: Arab,11,L15: Full-time students,7
E05013698,Barnsbury,19,Other ethnic group: Any other ethnic group,-8,Does not apply,43
E05013698,Barnsbury,19,Other ethnic group: Any other ethnic group,1,L1 and L2: Large employers and higher managerial and administrative occupations,12
E05013698,Barnsbury,19,Other ethnic group: Any other ethnic group,2,L3: Higher professional occupations,45
E05013698,Barnsbury,19,Other ethnic group: Any other ethnic group,3,"L4, L5 and L6: Lower managerial, administrative and professional occupations",56
E05013698,Barnsbury,19,Other ethnic group: Any other ethnic group,4,L7: Intermediate occupations,19
E05013698,Barnsbury,19,Other ethnic group: Any other ethnic group,5,L8 and L9: Small employers and own account workers,34
E05013698,Barnsbury,19,Other ethnic group: Any other ethnic group,6,L10 and L11: Lower supervisory and technical occupations,15
E05013698,Barnsbury,19,Other ethnic group: Any other ethnic group,7,L12: Semi-routine occupations,28
E05013698,Barnsbury,19,Other ethnic group: Any other ethnic group,8,L13: Routine occupations,42
E05013698,Barnsbury,19,Other ethnic group: Any other ethnic group,9,L14.1: Never worked,42
E05013698,Barnsbury,19,Other ethnic group: Any other ethnic group,10,L14.2: Long-term unemployed,11
E05013698,Barnsbury,19,Other ethnic group: Any other ethnic group,11,L15: Full-time students,39
E05013699,Bunhill,-8,Does not apply,-8,Does not apply,0
E05013699,Bunhill,-8,Does not apply,1,L1 and L2: Large employers and higher managerial and administrative occupations,0
E05013699,Bunhill,-8,Does not apply,2,L3: Higher professional occupations,0
E05013699,Bunhill,-8,Does not apply,3,"L4, L5 and L6: Lower managerial, administrative and professional occupations",0
E05013699,Bunhill,-8,Does not apply,4,L7: Intermediate occupations,0
E05013699,Bunhill,-8,Does not apply,5,L8 and L9: Small employers and own account workers,0
E05013699,Bunhill,-8,Does not apply,6,L10 and L11: Lower supervisory and technical occupations,0
E05013699,Bunhill,-8,Does not apply,7,L12: Semi-routine occupations,0
E05013699,Bunhill,-8,Does not apply,8,L13: Routine occupations,0
E05013699,Bunhill,-8,Does not apply,9,L14.1: Never worked,0
E05013699,Bunhill,-8,Does not apply,10,L14.2: Long-term unemployed,0
E05013699,Bunhill,-8,Does not apply,11,L15: Full-time students,0
E05013699,Bunhill,1,"Asian, Asian British or Asian Welsh: Bangladeshi",-8,Does not apply,68
E05013699,Bunhill,1,"Asian, Asian British or Asian Welsh: Bangladeshi",1,L1 and L2: Large employers and higher managerial and administrative occupations,2
E05013699,Bunhill,1,"Asian, Asian British or Asian Welsh: Bangladeshi",2,L3: Higher professional occupations,6
E05013699,Bunhill,1,"Asian, Asian British or Asian Welsh: Bangladeshi",3,"L4, L5 and L6: Lower managerial, administrative and professional occupations",15
E05013699,Bunhill,1,"Asian, Asian British or Asian Welsh: Bangladeshi",4,L7: Intermediate occupations,14
E05013699,Bunhill,1,"Asian, Asian British or Asian Welsh: Bangladeshi",5,L8 and L9: Small employers and own account workers,15
E05013699,Bunhill,1,"Asian, Asian British or Asian Welsh: Bangladeshi",6,L10 and L11: Lower supervisory and technical occupations,3
E05013699,Bunhill,1,"Asian, Asian British or Asian Welsh: Bangladeshi",7,L12: Semi-routine occupations,21
E05013699,Bunhill,1,"Asian, Asian British or Asian Welsh: Bangladeshi",8,L13: Routine occupations,4
E05013699,Bunhill,1,"Asian, Asian British or Asian Welsh: Bangladeshi",9,L14.1: Never worked,27
E05013699,Bunhill,1,"Asian, Asian British or Asian Welsh: Bangladeshi",10,L14.2: Long-term unemployed,4
E05013699,Bunhill,1,"Asian, Asian British or Asian Welsh: Bangladeshi",11,L15: Full-time students,28
E05013699,Bunhill,2,"Asian, Asian British or Asian Welsh: Chinese",-8,Does not apply,21
E05013699,Bunhill,2,"Asian, Asian British or Asian Welsh: Chinese",1,L1 and L2: Large employers and higher managerial and administrative occupations,26
E05013699,Bunhill,2,"Asian, Asian British or Asian Welsh: Chinese",2,L3: Higher professional occupations,155
E05013699,Bunhill,2,"Asian, Asian British or Asian Welsh: Chinese",3,"L4, L5 and L6: Lower managerial, administrative and professional occupations",56
E05013699,Bunhill,2,"Asian, Asian British or Asian Welsh: Chinese",4,L7: Intermediate occupations,16
E05013699,Bunhill,2,"Asian, Asian British or Asian Welsh: Chinese",5,L8 and L9: Small employers and own account workers,17
E05013699,Bunhill,2,"Asian, Asian British or Asian Welsh: Chinese",6,L10 and L11: Lower supervisory and technical occupations,6
E05013699,Bunhill,2,"Asian, Asian British or Asian Welsh: Chinese",7,L12: Semi-routine occupations,5
E05013699,Bunhill,2,"Asian, Asian British or Asian Welsh: Chinese",8,L13: Routine occupations,5
E05013699,Bunhill,2,"Asian, Asian British or Asian Welsh: Chinese",9,L14.1: Never worked,3
E05013699,Bunhill,2,"Asian, Asian British or Asian Welsh: Chinese",10,L14.2: Long-term unemployed,1
E05013699,Bunhill,2,"Asian, Asian British or Asian Welsh: Chinese",11,L15: Full-time students,263
E05013699,Bunhill,3,"Asian, Asian British or Asian Welsh: Indian",-8,Does not apply,18
E05013699,Bunhill,3,"Asian, Asian British or Asian Welsh: Indian",1,L1 and L2: Large employers and higher managerial and administrative occupations,40
E05013699,Bunhill,3,"Asian, Asian British or Asian Welsh: Indian",2,L3: Higher professional occupations,97
E05013699,Bunhill,3,"Asian, Asian British or Asian Welsh: Indian",3,"L4, L5 and L6: Lower managerial, administrative and professional occupations",48
E05013699,Bunhill,3,"Asian, Asian British or Asian Welsh: Indian",4,L7: Intermediate occupations,10
E05013699,Bunhill,3,"Asian, Asian British or Asian Welsh: Indian",5,L8 and L9: Small employers and own account workers,14
E05013699,Bunhill,3,"Asian, Asian British or Asian Welsh: Indian",6,L10 and L11: Lower supervisory and technical occupations,4
E05013699,Bunhill,3,"Asian, Asian British or Asian Welsh: Indian",7,L12: Semi-routine occupations,7
E05013699,Bunhill,3,"Asian, Asian British or Asian Welsh: Indian",8,L13: Routine occupations,5
E05013699,Bunhill,3,"Asian, Asian British or Asian Welsh: Indian",9,L14.1: Never worked,7
E05013699,Bunhill,3,"Asian, Asian British or Asian Welsh: Indian",10,L14.2: Long-term unemployed,3
E05013699,Bunhill,3,"Asian, Asian British or Asian Welsh: Indian",11,L15: Full-time students,91
E05013699,Bunhill,4,"Asian, Asian British or Asian Welsh: Pakistani",-8,Does not apply,10
E05013699,Bunhill,4,"Asian, Asian British or Asian Welsh: Pakistani",1,L1 and L2: Large employers and higher managerial and administrative occupations,3
E05013699,Bunhill,4,"Asian, Asian British or Asian Welsh: Pakistani",2,L3: Higher professional occupations,10
E05013699,Bunhill,4,"Asian, Asian British or Asian Welsh: Pakistani",3,"L4, L5 and L6: Lower managerial, administrative and professional occupations",3
E05013699,Bunhill,4,"Asian, Asian British or Asian Welsh: Pakistani",4,L7: Intermediate occupations,1
E05013699,Bunhill,4,"Asian, Asian British or Asian Welsh: Pakistani",5,L8 and L9: Small employers and own account workers,1
E05013699,Bunhill,4,"Asian, Asian British or Asian Welsh: Pakistani",6,L10 and L11: Lower supervisory and technical occupations,0
E05013699,Bunhill,4,"Asian, Asian British or Asian Welsh: Pakistani",7,L12: Semi-routine occupations,3
E05013699,Bunhill,4,"Asian, Asian British or Asian Welsh: Pakistani",8,L13: Routine occupations,2
E05013699,Bunhill,4,"Asian, Asian British or Asian Welsh: Pakistani",9,L14.1: Never worked,5
E05013699,Bunhill,4,"Asian, Asian British or Asian Welsh: Pakistani",10,L14.2: Long-term unemployed,0
E05013699,Bunhill,4,"Asian, Asian British or Asian Welsh: Pakistani",11,L15: Full-time students,29
E05013699,Bunhill,5,"Asian, Asian British or Asian Welsh: Other Asian",-8,Does not apply,34
E05013699,Bunhill,5,"Asian, Asian British or Asian Welsh: Other Asian",1,L1 and L2: Large employers and higher managerial and administrative occupations,21
E05013699,Bunhill,5,"Asian, Asian British or Asian Welsh: Other Asian",2,L3: Higher professional occupations,67
E05013699,Bunhill,5,"Asian, Asian British or Asian Welsh: Other Asian",3,"L4, L5 and L6: Lower managerial, administrative and professional occupations",46
E05013699,Bunhill,5,"Asian, Asian British or Asian Welsh: Other Asian",4,L7: Intermediate occupations,24
E05013699,Bunhill,5,"Asian, Asian British or Asian Welsh: Other Asian",5,L8 and L9: Small employers and own account workers,19
E05013699,Bunhill,5,"Asian, Asian British or Asian Welsh: Other Asian",6,L10 and L11: Lower supervisory and technical occupations,7
E05013699,Bunhill,5,"Asian, Asian British or Asian Welsh: Other Asian",7,L12: Semi-routine occupations,21
E05013699,Bunhill,5,"Asian, Asian British or Asian Welsh: Other Asian",8,L13: Routine occupations,18
E05013699,Bunhill,5,"Asian, Asian British or Asian Welsh: Other Asian",9,L14.1: Never worked,44
E05013699,Bunhill,5,"Asian, Asian British or Asian Welsh: Other Asian",10,L14.2: Long-term unemployed,1
E05013699,Bunhill,5,"Asian, Asian British or Asian Welsh: Other Asian",11,L15: Full-time students,119
E05013699,Bunhill,6,"Black, Black British, Black Welsh, Caribbean or African: African",-8,Does not apply,254
E05013699,Bunhill,6,"Black, Black British, Black Welsh, Caribbean or African: African",1,L1 and L2: Large employers and higher managerial and administrative occupations,15
E05013699,Bunhill,6,"Black, Black British, Black Welsh, Caribbean or African: African",2,L3: Higher professional occupations,50
E05013699,Bunhill,6,"Black, Black British, Black Welsh, Caribbean or African: African",3,"L4, L5 and L6: Lower managerial, administrative and professional occupations",111
E05013699,Bunhill,6,"Black, Black British, Black Welsh, Caribbean or African: African",4,L7: Intermediate occupations,53
E05013699,Bunhill,6,"Black, Black British, Black Welsh, Caribbean or African: African",5,L8 and L9: Small employers and own account workers,60
E05013699,Bunhill,6,"Black, Black British, Black Welsh, Caribbean or African: African",6,L10 and L11: Lower supervisory and technical occupations,25
E05013699,Bunhill,6,"Black, Black British, Black Welsh, Caribbean or African: African",7,L12: Semi-routine occupations,86
E05013699,Bunhill,6,"Black, Black British, Black Welsh, Caribbean or African: African",8,L13: Routine occupations,50
E05013699,Bunhill,6,"Black, Black British, Black Welsh, Caribbean or African: African",9,L14.1: Never worked,123
E05013699,Bunhill,6,"Black, Black British, Black Welsh, Caribbean or African: African",10,L14.2: Long-term unemployed,28
E05013699,Bunhill,6,"Black, Black British, Black Welsh, Caribbean or African: African",11,L15: Full-time students,133
E05013699,Bunhill,7,"Black, Black British, Black Welsh, Caribbean or African: Caribbean",-8,Does not apply,57
E05013699,Bunhill,7,"Black, Black British, Black Welsh, Caribbean or African: Caribbean",1,L1 and L2: Large employers and higher managerial and administrative occupations,5
E05013699,Bunhill,7,"Black, Black British, Black Welsh, Caribbean or African: Caribbean",2,L3: Higher professional occupations,14
E05013699,Bunhill,7,"Black, Black British, Black Welsh, Caribbean or African: Caribbean",3,"L4, L5 and L6: Lower managerial, administrative and professional occupations",43
E05013699,Bunhill,7,"Black, Black British, Black Welsh, Caribbean or African: Caribbean",4,L7: Intermediate occupations,22
E05013699,Bunhill,7,"Black, Black British, Black Welsh, Caribbean or African: Caribbean",5,L8 and L9: Small employers and own account workers,13
E05013699,Bunhill,7,"Black, Black British, Black Welsh, Caribbean or African: Caribbean",6,L10 and L11: Lower supervisory and technical occupations,9
E05013699,Bunhill,7,"Black, Black British, Black Welsh, Caribbean or African: Caribbean",7,L12: Semi-routine occupations,37
E05013699,Bunhill,7,"Black, Black British, Black Welsh, Caribbean or African: Caribbean",8,L13: Routine occupations,29
E05013699,Bunhill,7,"Black, Black British, Black Welsh, Caribbean or African: Caribbean",9,L14.1: Never worked,19
E05013699,Bunhill,7,"Black, Black British, Black Welsh, Caribbean or African: Caribbean",10,L14.2: Long-term unemployed,15
E05013699,Bunhill,7,"Black, Black British, Black Welsh, Caribbean or African: Caribbean",11,L15: Full-time students,22
E05013699,Bunhill,8,"Black, Black British, Black Welsh, Caribbean or African: Other Black",-8,Does not apply,46
E05013699,Bunhill,8,"Black, Black British, Black Welsh, Caribbean or African: Other Black",1,L1 and L2: Large employers and higher managerial and administrative occupations,4
E05013699,Bunhill,8,"Black, Black British, Black Welsh, Caribbean or African: Other Black",2,L3: Higher professional occupations,6
E05013699,Bunhill,8,"Black, Black British, Black Welsh, Caribbean or African: Other Black",3,"L4, L5 and L6: Lower managerial, administrative and professional occupations",22
E05013699,Bunhill,8,"Black, Black British, Black Welsh, Caribbean or African: Other Black",4,L7: Intermediate occupations,11
E05013699,Bunhill,8,"Black, Black British, Black Welsh, Caribbean or African: Other Black",5,L8 and L9: Small employers and own account workers,6
E05013699,Bunhill,8,"Black, Black British, Black Welsh, Caribbean or African: Other Black",6,L10 and L11: Lower supervisory and technical occupations,4
E05013699,Bunhill,8,"Black, Black British, Black Welsh, Caribbean or African: Other Black",7,L12: Semi-routine occupations,16
E05013699,Bunhill,8,"Black, Black British, Black Welsh, Caribbean or African: Other Black",8,L13: Routine occupations,5
E05013699,Bunhill,8,"Black, Black British, Black Welsh, Caribbean or African: Other Black",9,L14.1: Never worked,10
E05013699,Bunhill,8,"Black, Black British, Black Welsh, Caribbean or African: Other Black",10,L14.2: Long-term unemployed,8
E05013699,Bunhill,8,"Black, Black British, Black Welsh, Caribbean or African: Other Black",11,L15: Full-time students,14
E05013699,Bunhill,9,Mixed or Multiple ethnic groups: White and Asian,-8,Does not apply,53
E05013699,Bunhill,9,Mixed or Multiple ethnic groups: White and Asian,1,L1 and L2: Large employers and higher managerial and administrative occupations,8
E05013699,Bunhill,9,Mixed or Multiple ethnic groups: White and Asian,2,L3: Higher professional occupations,41
E05013699,Bunhill,9,Mixed or Multiple ethnic groups: White and Asian,3,"L4, L5 and L6: Lower managerial, administrative and professional occupations",19
E05013699,Bunhill,9,Mixed or Multiple ethnic groups: White and Asian,4,L7: Intermediate occupations,6
E05013699,Bunhill,9,Mixed or Multiple ethnic groups: White and Asian,5,L8 and L9: Small employers and own account workers,5
E05013699,Bunhill,9,Mixed or Multiple ethnic groups: White and Asian,6,L10 and L11: Lower supervisory and technical occupations,1
E05013699,Bunhill,9,Mixed or Multiple ethnic groups: White and Asian,7,L12: Semi-routine occupations,1
E05013699,Bunhill,9,Mixed or Multiple ethnic groups: White and Asian,8,L13: Routine occupations,1
E05013699,Bunhill,9,Mixed or Multiple ethnic groups: White and Asian,9,L14.1: Never worked,6
E05013699,Bunhill,9,Mixed or Multiple ethnic groups: White and Asian,10,L14.2: Long-term unemployed,0
E05013699,Bunhill,9,Mixed or Multiple ethnic groups: White and Asian,11,L15: Full-time students,48
E05013699,Bunhill,10,Mixed or Multiple ethnic groups: White and Black African,-8,Does not apply,42
E05013699,Bunhill,10,Mixed or Multiple ethnic groups: White and Black African,1,L1 and L2: Large employers and higher managerial and administrative occupations,0
E05013699,Bunhill,10,Mixed or Multiple ethnic groups: White and Black African,2,L3: Higher professional occupations,12
E05013699,Bunhill,10,Mixed or Multiple ethnic groups: White and Black African,3,"L4, L5 and L6: Lower managerial, administrative and professional occupations",8
E05013699,Bunhill,10,Mixed or Multiple ethnic groups: White and Black African,4,L7: Intermediate occupations,4
E05013699,Bunhill,10,Mixed or Multiple ethnic groups: White and Black African,5,L8 and L9: Small employers and own account workers,4
E05013699,Bunhill,10,Mixed or Multiple ethnic groups: White and Black African,6,L10 and L11: Lower supervisory and technical occupations,1
E05013699,Bunhill,10,Mixed or Multiple ethnic groups: White and Black African,7,L12: Semi-routine occupations,2
E05013699,Bunhill,10,Mixed or Multiple ethnic groups: White and Black African,8,L13: Routine occupations,3
E05013699,Bunhill,10,Mixed or Multiple ethnic groups: White and Black African,9,L14.1: Never worked,7
E05013699,Bunhill,10,Mixed or Multiple ethnic groups: White and Black African,10,L14.2: Long-term unemployed,2
E05013699,Bunhill,10,Mixed or Multiple ethnic groups: White and Black African,11,L15: Full-time students,8
E05013699,Bunhill,11,Mixed or Multiple ethnic groups: White and Black Caribbean,-8,Does not apply,58
E05013699,Bunhill,11,Mixed or Multiple ethnic groups: White and Black Caribbean,1,L1 and L2: Large employers and higher managerial and administrative occupations,1
E05013699,Bunhill,11,Mixed or Multiple ethnic groups: White and Black Caribbean,2,L3: Higher professional occupations,9
E05013699,Bunhill,11,Mixed or Multiple ethnic groups: White and Black Caribbean,3,"L4, L5 and L6: Lower managerial, administrative and professional occupations",16
E05013699,Bunhill,11,Mixed or Multiple ethnic groups: White and Black Caribbean,4,L7: Intermediate occupations,8
E05013699,Bunhill,11,Mixed or Multiple ethnic groups: White and Black Caribbean,5,L8 and L9: Small employers and own account workers,8
E05013699,Bunhill,11,Mixed or Multiple ethnic groups: White and Black Caribbean,6,L10 and L11: Lower supervisory and technical occupations,5
E05013699,Bunhill,11,Mixed or Multiple ethnic groups: White and Black Caribbean,7,L12: Semi-routine occupations,13
E05013699,Bunhill,11,Mixed or Multiple ethnic groups: White and Black Caribbean,8,L13: Routine occupations,16
E05013699,Bunhill,11,Mixed or Multiple ethnic groups: White and Black Caribbean,9,L14.1: Never worked,4
E05013699,Bunhill,11,Mixed or Multiple ethnic groups: White and Black Caribbean,10,L14.2: Long-term unemployed,4
E05013699,Bunhill,11,Mixed or Multiple ethnic groups: White and Black Caribbean,11,L15: Full-time students,11
E05013699,Bunhill,12,Mixed or Multiple ethnic groups: Other Mixed or Multiple ethnic groups,-8,Does not apply,82
E05013699,Bunhill,12,Mixed or Multiple ethnic groups: Other Mixed or Multiple ethnic groups,1,L1 and L2: Large employers and higher managerial and administrative occupations,8
E05013699,Bunhill,12,Mixed or Multiple ethnic groups: Other Mixed or Multiple ethnic groups,2,L3: Higher professional occupations,33
E05013699,Bunhill,12,Mixed or Multiple ethnic groups: Other Mixed or Multiple ethnic groups,3,"L4, L5 and L6: Lower managerial, administrative and professional occupations",35
E05013699,Bunhill,12,Mixed or Multiple ethnic groups: Other Mixed or Multiple ethnic groups,4,L7: Intermediate occupations,13
E05013699,Bunhill,12,Mixed or Multiple ethnic groups: Other Mixed or Multiple ethnic groups,5,L8 and L9: Small employers and own account workers,13
E05013699,Bunhill,12,Mixed or Multiple ethnic groups: Other Mixed or Multiple ethnic groups,6,L10 and L11: Lower supervisory and technical occupations,2
E05013699,Bunhill,12,Mixed or Multiple ethnic groups: Other Mixed or Multiple ethnic groups,7,L12: Semi-routine occupations,10
E05013699,Bunhill,12,Mixed or Multiple ethnic groups: Other Mixed or Multiple ethnic groups,8,L13: Routine occupations,12
E05013699,Bunhill,12,Mixed or Multiple ethnic groups: Other Mixed or Multiple ethnic groups,9,L14.1: Never worked,6
E05013699,Bunhill,12,Mixed or Multiple ethnic groups: Other Mixed or Multiple ethnic groups,10,L14.2: Long-term unemployed,5
E05013699,Bunhill,12,Mixed or Multiple ethnic groups: Other Mixed or Multiple ethnic groups,11,L15: Full-time students,40
E05013699,Bunhill,13,"White: English, Welsh, Scottish, Northern Irish or British",-8,Does not apply,498
E05013699,Bunhill,13,"White: English, Welsh, Scottish, Northern Irish or British",1,L1 and L2: Large employers and higher managerial and administrative occupations,214
E05013699,Bunhill,13,"White: English, Welsh, Scottish, Northern Irish or British",2,L3: Higher professional occupations,525
E05013699,Bunhill,13,"White: English, Welsh, Scottish, Northern Irish or British",3,"L4, L5 and L6: Lower managerial, administrative and professional occupations",685
E05013699,Bunhill,13,"White: English, Welsh, Scottish, Northern Irish or British",4,L7: Intermediate occupations,305
E05013699,Bunhill,13,"White: English, Welsh, Scottish, Northern Irish or British",5,L8 and L9: Small employers and own account workers,311
E05013699,Bunhill,13,"White: English, Welsh, Scottish, Northern Irish or British",6,L10 and L11: Lower supervisory and technical occupations,112
E05013699,Bunhill,13,"White: English, Welsh, Scottish, Northern Irish or British",7,L12: Semi-routine occupations,268
E05013699,Bunhill,13,"White: English, Welsh, Scottish, Northern Irish or British",8,L13: Routine occupations,270
E05013699,Bunhill,13,"White: English, Welsh, Scottish, Northern Irish or British",9,L14.1: Never worked,248
E05013699,Bunhill,13,"White: English, Welsh, Scottish, Northern Irish or British",10,L14.2: Long-term unemployed,71
E05013699,Bunhill,13,"White: English, Welsh, Scottish, Northern Irish or British",11,L15: Full-time students,388
E05013699,Bunhill,14,White: Irish,-8,Does not apply,4
E05013699,Bunhill,14,White: Irish,1,L1 and L2: Large employers and higher managerial and administrative occupations,18
E05013699,Bunhill,14,White: Irish,2,L3: Higher professional occupations,43
E05013699,Bunhill,14,White: Irish,3,"L4, L5 and L6: Lower managerial, administrative and professional occupations",47
E05013699,Bunhill,14,White: Irish,4,L7: Intermediate occupations,17
E05013699,Bunhill,14,White: Irish,5,L8 and L9: Small employers and own account workers,18
E05013699,Bunhill,14,White: Irish,6,L10 and L11: Lower supervisory and technical occupations,13
E05013699,Bunhill,14,White: Irish,7,L12: Semi-routine occupations,17
E05013699,Bunhill,14,White: Irish,8,L13: Routine occupations,18
E05013699,Bunhill,14,White: Irish,9,L14.1: Never worked,10
E05013699,Bunhill,14,White: Irish,10,L14.2: Long-term unemployed,6
E05013699,Bunhill,14,White: Irish,11,L15: Full-time students,15
E05013699,Bunhill,15,White: Gypsy or Irish Traveller,-8,Does not apply,0
E05013699,Bunhill,15,White: Gypsy or Irish Traveller,1,L1 and L2: Large employers and higher managerial and administrative occupations,0
E05013699,Bunhill,15,White: Gypsy or Irish Traveller,2,L3: Higher professional occupations,0
E05013699,Bunhill,15,White: Gypsy or Irish Traveller,3,"L4, L5 and L6: Lower managerial, administrative and professional occupations",0
E05013699,Bunhill,15,White: Gypsy or Irish Traveller,4,L7: Intermediate occupations,0
E05013699,Bunhill,15,White: Gypsy or Irish Traveller,5,L8 and L9: Small employers and own account workers,0
E05013699,Bunhill,15,White: Gypsy or Irish Traveller,6,L10 and L11: Lower supervisory and technical occupations,0
E05013699,Bunhill,15,White: Gypsy or Irish Traveller,7,L12: Semi-routine occupations,0
E05013699,Bunhill,15,White: Gypsy or Irish Traveller,8,L13: Routine occupations,1
E05013699,Bunhill,15,White: Gypsy or Irish Traveller,9,L14.1: Never worked,0
E05013699,Bunhill,15,White: Gypsy or Irish Traveller,10,L14.2: Long-term unemployed,0
E05013699,Bunhill,15,White: Gypsy or Irish Traveller,11,L15: Full-time students,0
E05013699,Bunhill,16,White: Roma,-8,Does not apply,4
E05013699,Bunhill,16,White: Roma,1,L1 and L2: Large employers and higher managerial and administrative occupations,0
E05013699,Bunhill,16,White: Roma,2,L3: Higher professional occupations,16
E05013699,Bunhill,16,White: Roma,3,"L4, L5 and L6: Lower managerial, administrative and professional occupations",9
E05013699,Bunhill,16,White: Roma,4,L7: Intermediate occupations,3
E05013699,Bunhill,16,White: Roma,5,L8 and L9: Small employers and own account workers,4
E05013699,Bunhill,16,White: Roma,6,L10 and L11: Lower supervisory and technical occupations,2
E05013699,Bunhill,16,White: Roma,7,L12: Semi-routine occupations,1
E05013699,Bunhill,16,White: Roma,8,L13: Routine occupations,7
E05013699,Bunhill,16,White: Roma,9,L14.1: Never worked,1
E05013699,Bunhill,16,White: Roma,10,L14.2: Long-term unemployed,0
E05013699,Bunhill,16,White: Roma,11,L15: Full-time students,15
E05013699,Bunhill,17,White: Other White,-8,Does not apply,138
E05013699,Bunhill,17,White: Other White,1,L1 and L2: Large employers and higher managerial and administrative occupations,191
E05013699,Bunhill,17,White: Other White,2,L3: Higher professional occupations,649
E05013699,Bunhill,17,White: Other White,3,"L4, L5 and L6: Lower managerial, administrative and professional occupations",447
E05013699,Bunhill,17,White: Other White,4,L7: Intermediate occupations,97
E05013699,Bunhill,17,White: Other White,5,L8 and L9: Small employers and own account workers,140
E05013699,Bunhill,17,White: Other White,6,L10 and L11: Lower supervisory and technical occupations,48
E05013699,Bunhill,17,White: Other White,7,L12: Semi-routine occupations,72
E05013699,Bunhill,17,White: Other White,8,L13: Routine occupations,79
E05013699,Bunhill,17,White: Other White,9,L14.1: Never worked,58
E05013699,Bunhill,17,White: Other White,10,L14.2: Long-term unemployed,17
E05013699,Bunhill,17,White: Other White,11,L15: Full-time students,401
E05013699,Bunhill,18,Other ethnic group: Arab,-8,Does not apply,31
E05013699,Bunhill,18,Other ethnic group: Arab,1,L1 and L2: Large employers and higher managerial and administrative occupations,10
E05013699,Bunhill,18,Other ethnic group: Arab,2,L3: Higher professional occupations,38
E05013699,Bunhill,18,Other ethnic group: Arab,3,"L4, L5 and L6: Lower managerial, administrative and professional occupations",20
E05013699,Bunhill,18,Other ethnic group: Arab,4,L7: Intermediate occupations,4
E05013699,Bunhill,18,Other ethnic group: Arab,5,L8 and L9: Small employers and own account workers,13
E05013699,Bunhill,18,Other ethnic group: Arab,6,L10 and L11: Lower supervisory and technical occupations,5
E05013699,Bunhill,18,Other ethnic group: Arab,7,L12: Semi-routine occupations,9
E05013699,Bunhill,18,Other ethnic group: Arab,8,L13: Routine occupations,5
E05013699,Bunhill,18,Other ethnic group: Arab,9,L14.1: Never worked,19
E05013699,Bunhill,18,Other ethnic group: Arab,10,L14.2: Long-term unemployed,3
E05013699,Bunhill,18,Other ethnic group: Arab,11,L15: Full-time students,40
E05013699,Bunhill,19,Other ethnic group: Any other ethnic group,-8,Does not apply,102
E05013699,Bunhill,19,Other ethnic group: Any other ethnic group,1,L1 and L2: Large employers and higher managerial and administrative occupations,30
E05013699,Bunhill,19,Other ethnic group: Any other ethnic group,2,L3: Higher professional occupations,74
E05013699,Bunhill,19,Other ethnic group: Any other ethnic group,3,"L4, L5 and L6: Lower managerial, administrative and professional occupations",74
E05013699,Bunhill,19,Other ethnic group: Any other ethnic group,4,L7: Intermediate occupations,34
E05013699,Bunhill,19,Other ethnic group: Any other ethnic group,5,L8 and L9: Small employers and own account workers,40
E05013699,Bunhill,19,Other ethnic group: Any other ethnic group,6,L10 and L11: Lower supervisory and technical occupations,26
E05013699,Bunhill,19,Other ethnic group: Any other ethnic group,7,L12: Semi-routine occupations,49
E05013699,Bunhill,19,Other ethnic group: Any other ethnic group,8,L13: Routine occupations,94
E05013699,Bunhill,19,Other ethnic group: Any other ethnic group,9,L14.1: Never worked,81
E05013699,Bunhill,19,Other ethnic group: Any other ethnic group,10,L14.2: Long-term unemployed,14
E05013699,Bunhill,19,Other ethnic group: Any other ethnic group,11,L15: Full-time students,96
E05013700,Caledonian,-8,Does not apply,-8,Does not apply,0
E05013700,Caledonian,-8,Does not apply,1,L1 and L2: Large employers and higher managerial and administrative occupations,0
E05013700,Caledonian,-8,Does not apply,2,L3: Higher professional occupations,0
E05013700,Caledonian,-8,Does not apply,3,"L4, L5 and L6: Lower managerial, administrative and professional occupations",0
E05013700,Caledonian,-8,Does not apply,4,L7: Intermediate occupations,0
E05013700,Caledonian,-8,Does not apply,5,L8 and L9: Small employers and own account workers,0
E05013700,Caledonian,-8,Does not apply,6,L10 and L11: Lower supervisory and technical occupations,0
E05013700,Caledonian,-8,Does not apply,7,L12: Semi-routine occupations,0
E05013700,Caledonian,-8,Does not apply,8,L13: Routine occupations,0
E05013700,Caledonian,-8,Does not apply,9,L14.1: Never worked,0
E05013700,Caledonian,-8,Does not apply,10,L14.2: Long-term unemployed,0
E05013700,Caledonian,-8,Does not apply,11,L15: Full-time students,0
E05013700,Caledonian,1,"Asian, Asian British or Asian Welsh: Bangladeshi",-8,Does not apply,175
E05013700,Caledonian,1,"Asian, Asian British or Asian Welsh: Bangladeshi",1,L1 and L2: Large employers and higher managerial and administrative occupations,3
E05013700,Caledonian,1,"Asian, Asian British or Asian Welsh: Bangladeshi",2,L3: Higher professional occupations,18
E05013700,Caledonian,1,"Asian, Asian British or Asian Welsh: Bangladeshi",3,"L4, L5 and L6: Lower managerial, administrative and professional occupations",70
E05013700,Caledonian,1,"Asian, Asian British or Asian Welsh: Bangladeshi",4,L7: Intermediate occupations,63
E05013700,Caledonian,1,"Asian, Asian British or Asian Welsh: Bangladeshi",5,L8 and L9: Small employers and own account workers,31
E05013700,Caledonian,1,"Asian, Asian British or Asian Welsh: Bangladeshi",6,L10 and L11: Lower supervisory and technical occupations,32
E05013700,Caledonian,1,"Asian, Asian British or Asian Welsh: Bangladeshi",7,L12: Semi-routine occupations,77
E05013700,Caledonian,1,"Asian, Asian British or Asian Welsh: Bangladeshi",8,L13: Routine occupations,39
E05013700,Caledonian,1,"Asian, Asian British or Asian Welsh: Bangladeshi",9,L14.1: Never worked,105
E05013700,Caledonian,1,"Asian, Asian British or Asian Welsh: Bangladeshi",10,L14.2: Long-term unemployed,20
E05013700,Caledonian,1,"Asian, Asian British or Asian Welsh: Bangladeshi",11,L15: Full-time students,86
E05013700,Caledonian,2,"Asian, Asian British or Asian Welsh: Chinese",-8,Does not apply,18
E05013700,Caledonian,2,"Asian, Asian British or Asian Welsh: Chinese",1,L1 and L2: Large employers and higher managerial and administrative occupations,16
E05013700,Caledonian,2,"Asian, Asian British or Asian Welsh: Chinese",2,L3: Higher professional occupations,74
E05013700,Caledonian,2,"Asian, Asian British or Asian Welsh: Chinese",3,"L4, L5 and L6: Lower managerial, administrative and professional occupations",58
E05013700,Caledonian,2,"Asian, Asian British or Asian Welsh: Chinese",4,L7: Intermediate occupations,14
E05013700,Caledonian,2,"Asian, Asian British or Asian Welsh: Chinese",5,L8 and L9: Small employers and own account workers,17
E05013700,Caledonian,2,"Asian, Asian British or Asian Welsh: Chinese",6,L10 and L11: Lower supervisory and technical occupations,9
E05013700,Caledonian,2,"Asian, Asian British or Asian Welsh: Chinese",7,L12: Semi-routine occupations,22
E05013700,Caledonian,2,"Asian, Asian British or Asian Welsh: Chinese",8,L13: Routine occupations,18
E05013700,Caledonian,2,"Asian, Asian British or Asian Welsh: Chinese",9,L14.1: Never worked,33
E05013700,Caledonian,2,"Asian, Asian British or Asian Welsh: Chinese",10,L14.2: Long-term unemployed,8
E05013700,Caledonian,2,"Asian, Asian British or Asian Welsh: Chinese",11,L15: Full-time students,208
E05013700,Caledonian,3,"Asian, Asian British or Asian Welsh: Indian",-8,Does not apply,9
E05013700,Caledonian,3,"Asian, Asian British or Asian Welsh: Indian",1,L1 and L2: Large employers and higher managerial and administrative occupations,15
E05013700,Caledonian,3,"Asian, Asian British or Asian Welsh: Indian",2,L3: Higher professional occupations,62
E05013700,Caledonian,3,"Asian, Asian British or Asian Welsh: Indian",3,"L4, L5 and L6: Lower managerial, administrative and professional occupations",34
E05013700,Caledonian,3,"Asian, Asian British or Asian Welsh: Indian",4,L7: Intermediate occupations,7
E05013700,Caledonian,3,"Asian, Asian British or Asian Welsh: Indian",5,L8 and L9: Small employers and own account workers,5
E05013700,Caledonian,3,"Asian, Asian British or Asian Welsh: Indian",6,L10 and L11: Lower supervisory and technical occupations,2
E05013700,Caledonian,3,"Asian, Asian British or Asian Welsh: Indian",7,L12: Semi-routine occupations,10
E05013700,Caledonian,3,"Asian, Asian British or Asian Welsh: Indian",8,L13: Routine occupations,6
E05013700,Caledonian,3,"Asian, Asian British or Asian Welsh: Indian",9,L14.1: Never worked,5
E05013700,Caledonian,3,"Asian, Asian British or Asian Welsh: Indian",10,L14.2: Long-term unemployed,5
E05013700,Caledonian,3,"Asian, Asian British or Asian Welsh: Indian",11,L15: Full-time students,66
E05013700,Caledonian,4,"Asian, Asian British or Asian Welsh: Pakistani",-8,Does not apply,10
E05013700,Caledonian,4,"Asian, Asian British or Asian Welsh: Pakistani",1,L1 and L2: Large employers and higher managerial and administrative occupations,1
E05013700,Caledonian,4,"Asian, Asian British or Asian Welsh: Pakistani",2,L3: Higher professional occupations,11
E05013700,Caledonian,4,"Asian, Asian British or Asian Welsh: Pakistani",3,"L4, L5 and L6: Lower managerial, administrative and professional occupations",11
E05013700,Caledonian,4,"Asian, Asian British or Asian Welsh: Pakistani",4,L7: Intermediate occupations,6
E05013700,Caledonian,4,"Asian, Asian British or Asian Welsh: Pakistani",5,L8 and L9: Small employers and own account workers,2
E05013700,Caledonian,4,"Asian, Asian British or Asian Welsh: Pakistani",6,L10 and L11: Lower supervisory and technical occupations,1
E05013700,Caledonian,4,"Asian, Asian British or Asian Welsh: Pakistani",7,L12: Semi-routine occupations,0
E05013700,Caledonian,4,"Asian, Asian British or Asian Welsh: Pakistani",8,L13: Routine occupations,3
E05013700,Caledonian,4,"Asian, Asian British or Asian Welsh: Pakistani",9,L14.1: Never worked,2
E05013700,Caledonian,4,"Asian, Asian British or Asian Welsh: Pakistani",10,L14.2: Long-term unemployed,0
E05013700,Caledonian,4,"Asian, Asian British or Asian Welsh: Pakistani",11,L15: Full-time students,14
E05013700,Caledonian,5,"Asian, Asian British or Asian Welsh: Other Asian",-8,Does not apply,41
E05013700,Caledonian,5,"Asian, Asian British or Asian Welsh: Other Asian",1,L1 and L2: Large employers and higher managerial and administrative occupations,11
E05013700,Caledonian,5,"Asian, Asian British or Asian Welsh: Other Asian",2,L3: Higher professional occupations,43
E05013700,Caledonian,5,"Asian, Asian British or Asian Welsh: Other Asian",3,"L4, L5 and L6: Lower managerial, administrative and professional occupations",50
E05013700,Caledonian,5,"Asian, Asian British or Asian Welsh: Other Asian",4,L7: Intermediate occupations,24
E05013700,Caledonian,5,"Asian, Asian British or Asian Welsh: Other Asian",5,L8 and L9: Small employers and own account workers,31
E05013700,Caledonian,5,"Asian, Asian British or Asian Welsh: Other Asian",6,L10 and L11: Lower supervisory and technical occupations,9
E05013700,Caledonian,5,"Asian, Asian British or Asian Welsh: Other Asian",7,L12: Semi-routine occupations,26
E05013700,Caledonian,5,"Asian, Asian British or Asian Welsh: Other Asian",8,L13: Routine occupations,22
E05013700,Caledonian,5,"Asian, Asian British or Asian Welsh: Other Asian",9,L14.1: Never worked,34
E05013700,Caledonian,5,"Asian, Asian British or Asian Welsh: Other Asian",10,L14.2: Long-term unemployed,5
E05013700,Caledonian,5,"Asian, Asian British or Asian Welsh: Other Asian",11,L15: Full-time students,59
E05013700,Caledonian,6,"Black, Black British, Black Welsh, Caribbean or African: African",-8,Does not apply,308
E05013700,Caledonian,6,"Black, Black British, Black Welsh, Caribbean or African: African",1,L1 and L2: Large employers and higher managerial and administrative occupations,10
E05013700,Caledonian,6,"Black, Black British, Black Welsh, Caribbean or African: African",2,L3: Higher professional occupations,53
E05013700,Caledonian,6,"Black, Black British, Black Welsh, Caribbean or African: African",3,"L4, L5 and L6: Lower managerial, administrative and professional occupations",134
E05013700,Caledonian,6,"Black, Black British, Black Welsh, Caribbean or African: African",4,L7: Intermediate occupations,71
E05013700,Caledonian,6,"Black, Black British, Black Welsh, Caribbean or African: African",5,L8 and L9: Small employers and own account workers,74
E05013700,Caledonian,6,"Black, Black British, Black Welsh, Caribbean or African: African",6,L10 and L11: Lower supervisory and technical occupations,20
E05013700,Caledonian,6,"Black, Black British, Black Welsh, Caribbean or African: African",7,L12: Semi-routine occupations,109
E05013700,Caledonian,6,"Black, Black British, Black Welsh, Caribbean or African: African",8,L13: Routine occupations,74
E05013700,Caledonian,6,"Black, Black British, Black Welsh, Caribbean or African: African",9,L14.1: Never worked,105
E05013700,Caledonian,6,"Black, Black British, Black Welsh, Caribbean or African: African",10,L14.2: Long-term unemployed,27
E05013700,Caledonian,6,"Black, Black British, Black Welsh, Caribbean or African: African",11,L15: Full-time students,145
E05013700,Caledonian,7,"Black, Black British, Black Welsh, Caribbean or African: Caribbean",-8,Does not apply,67
E05013700,Caledonian,7,"Black, Black British, Black Welsh, Caribbean or African: Caribbean",1,L1 and L2: Large employers and higher managerial and administrative occupations,12
E05013700,Caledonian,7,"Black, Black British, Black Welsh, Caribbean or African: Caribbean",2,L3: Higher professional occupations,17
E05013700,Caledonian,7,"Black, Black British, Black Welsh, Caribbean or African: Caribbean",3,"L4, L5 and L6: Lower managerial, administrative and professional occupations",63
E05013700,Caledonian,7,"Black, Black British, Black Welsh, Caribbean or African: Caribbean",4,L7: Intermediate occupations,58
E05013700,Caledonian,7,"Black, Black British, Black Welsh, Caribbean or African: Caribbean",5,L8 and L9: Small employers and own account workers,33
E05013700,Caledonian,7,"Black, Black British, Black Welsh, Caribbean or African: Caribbean",6,L10 and L11: Lower supervisory and technical occupations,23
E05013700,Caledonian,7,"Black, Black British, Black Welsh, Caribbean or African: Caribbean",7,L12: Semi-routine occupations,44
E05013700,Caledonian,7,"Black, Black British, Black Welsh, Caribbean or African: Caribbean",8,L13: Routine occupations,49
E05013700,Caledonian,7,"Black, Black British, Black Welsh, Caribbean or African: Caribbean",9,L14.1: Never worked,38
E05013700,Caledonian,7,"Black, Black British, Black Welsh, Caribbean or African: Caribbean",10,L14.2: Long-term unemployed,11
E05013700,Caledonian,7,"Black, Black British, Black Welsh, Caribbean or African: Caribbean",11,L15: Full-time students,19
E05013700,Caledonian,8,"Black, Black British, Black Welsh, Caribbean or African: Other Black",-8,Does not apply,69
E05013700,Caledonian,8,"Black, Black British, Black Welsh, Caribbean or African: Other Black",1,L1 and L2: Large employers and higher managerial and administrative occupations,5
E05013700,Caledonian,8,"Black, Black British, Black Welsh, Caribbean or African: Other Black",2,L3: Higher professional occupations,12
E05013700,Caledonian,8,"Black, Black British, Black Welsh, Caribbean or African: Other Black",3,"L4, L5 and L6: Lower managerial, administrative and professional occupations",21
E05013700,Caledonian,8,"Black, Black British, Black Welsh, Caribbean or African: Other Black",4,L7: Intermediate occupations,9
E05013700,Caledonian,8,"Black, Black British, Black Welsh, Caribbean or African: Other Black",5,L8 and L9: Small employers and own account workers,3
E05013700,Caledonian,8,"Black, Black British, Black Welsh, Caribbean or African: Other Black",6,L10 and L11: Lower supervisory and technical occupations,6
E05013700,Caledonian,8,"Black, Black British, Black Welsh, Caribbean or African: Other Black",7,L12: Semi-routine occupations,17
E05013700,Caledonian,8,"Black, Black British, Black Welsh, Caribbean or African: Other Black",8,L13: Routine occupations,25
E05013700,Caledonian,8,"Black, Black British, Black Welsh, Caribbean or African: Other Black",9,L14.1: Never worked,20
E05013700,Caledonian,8,"Black, Black British, Black Welsh, Caribbean or African: Other Black",10,L14.2: Long-term unemployed,12
E05013700,Caledonian,8,"Black, Black British, Black Welsh, Caribbean or African: Other Black",11,L15: Full-time students,24
E05013700,Caledonian,9,Mixed or Multiple ethnic groups: White and Asian,-8,Does not apply,47
E05013700,Caledonian,9,Mixed or Multiple ethnic groups: White and Asian,1,L1 and L2: Large employers and higher managerial and administrative occupations,8
E05013700,Caledonian,9,Mixed or Multiple ethnic groups: White and Asian,2,L3: Higher professional occupations,33
E05013700,Caledonian,9,Mixed or Multiple ethnic groups: White and Asian,3,"L4, L5 and L6: Lower managerial, administrative and professional occupations",28
E05013700,Caledonian,9,Mixed or Multiple ethnic groups: White and Asian,4,L7: Intermediate occupations,6
E05013700,Caledonian,9,Mixed or Multiple ethnic groups: White and Asian,5,L8 and L9: Small employers and own account workers,4
E05013700,Caledonian,9,Mixed or Multiple ethnic groups: White and Asian,6,L10 and L11: Lower supervisory and technical occupations,2
E05013700,Caledonian,9,Mixed or Multiple ethnic groups: White and Asian,7,L12: Semi-routine occupations,6
E05013700,Caledonian,9,Mixed or Multiple ethnic groups: White and Asian,8,L13: Routine occupations,6
E05013700,Caledonian,9,Mixed or Multiple ethnic groups: White and Asian,9,L14.1: Never worked,2
E05013700,Caledonian,9,Mixed or Multiple ethnic groups: White and Asian,10,L14.2: Long-term unemployed,2
E05013700,Caledonian,9,Mixed or Multiple ethnic groups: White and Asian,11,L15: Full-time students,43
E05013700,Caledonian,10,Mixed or Multiple ethnic groups: White and Black African,-8,Does not apply,51
E05013700,Caledonian,10,Mixed or Multiple ethnic groups: White and Black African,1,L1 and L2: Large employers and higher managerial and administrative occupations,2
E05013700,Caledonian,10,Mixed or Multiple ethnic groups: White and Black African,2,L3: Higher professional occupations,9
E05013700,Caledonian,10,Mixed or Multiple ethnic groups: White and Black African,3,"L4, L5 and L6: Lower managerial, administrative and professional occupations",14
E05013700,Caledonian,10,Mixed or Multiple ethnic groups: White and Black African,4,L7: Intermediate occupations,8
E05013700,Caledonian,10,Mixed or Multiple ethnic groups: White and Black African,5,L8 and L9: Small employers and own account workers,7
E05013700,Caledonian,10,Mixed or Multiple ethnic groups: White and Black African,6,L10 and L11: Lower supervisory and technical occupations,3
E05013700,Caledonian,10,Mixed or Multiple ethnic groups: White and Black African,7,L12: Semi-routine occupations,4
E05013700,Caledonian,10,Mixed or Multiple ethnic groups: White and Black African,8,L13: Routine occupations,2
E05013700,Caledonian,10,Mixed or Multiple ethnic groups: White and Black African,9,L14.1: Never worked,12
E05013700,Caledonian,10,Mixed or Multiple ethnic groups: White and Black African,10,L14.2: Long-term unemployed,6
E05013700,Caledonian,10,Mixed or Multiple ethnic groups: White and Black African,11,L15: Full-time students,18
E05013700,Caledonian,11,Mixed or Multiple ethnic groups: White and Black Caribbean,-8,Does not apply,63
E05013700,Caledonian,11,Mixed or Multiple ethnic groups: White and Black Caribbean,1,L1 and L2: Large employers and higher managerial and administrative occupations,1
E05013700,Caledonian,11,Mixed or Multiple ethnic groups: White and Black Caribbean,2,L3: Higher professional occupations,9
E05013700,Caledonian,11,Mixed or Multiple ethnic groups: White and Black Caribbean,3,"L4, L5 and L6: Lower managerial, administrative and professional occupations",24
E05013700,Caledonian,11,Mixed or Multiple ethnic groups: White and Black Caribbean,4,L7: Intermediate occupations,10
E05013700,Caledonian,11,Mixed or Multiple ethnic groups: White and Black Caribbean,5,L8 and L9: Small employers and own account workers,5
E05013700,Caledonian,11,Mixed or Multiple ethnic groups: White and Black Caribbean,6,L10 and L11: Lower supervisory and technical occupations,6
E05013700,Caledonian,11,Mixed or Multiple ethnic groups: White and Black Caribbean,7,L12: Semi-routine occupations,13
E05013700,Caledonian,11,Mixed or Multiple ethnic groups: White and Black Caribbean,8,L13: Routine occupations,16
E05013700,Caledonian,11,Mixed or Multiple ethnic groups: White and Black Caribbean,9,L14.1: Never worked,15
E05013700,Caledonian,11,Mixed or Multiple ethnic groups: White and Black Caribbean,10,L14.2: Long-term unemployed,9
E05013700,Caledonian,11,Mixed or Multiple ethnic groups: White and Black Caribbean,11,L15: Full-time students,20
E05013700,Caledonian,12,Mixed or Multiple ethnic groups: Other Mixed or Multiple ethnic groups,-8,Does not apply,116
E05013700,Caledonian,12,Mixed or Multiple ethnic groups: Other Mixed or Multiple ethnic groups,1,L1 and L2: Large employers and higher managerial and administrative occupations,14
E05013700,Caledonian,12,Mixed or Multiple ethnic groups: Other Mixed or Multiple ethnic groups,2,L3: Higher professional occupations,62
E05013700,Caledonian,12,Mixed or Multiple ethnic groups: Other Mixed or Multiple ethnic groups,3,"L4, L5 and L6: Lower managerial, administrative and professional occupations",53
E05013700,Caledonian,12,Mixed or Multiple ethnic groups: Other Mixed or Multiple ethnic groups,4,L7: Intermediate occupations,16
E05013700,Caledonian,12,Mixed or Multiple ethnic groups: Other Mixed or Multiple ethnic groups,5,L8 and L9: Small employers and own account workers,19
E05013700,Caledonian,12,Mixed or Multiple ethnic groups: Other Mixed or Multiple ethnic groups,6,L10 and L11: Lower supervisory and technical occupations,6
E05013700,Caledonian,12,Mixed or Multiple ethnic groups: Other Mixed or Multiple ethnic groups,7,L12: Semi-routine occupations,10
E05013700,Caledonian,12,Mixed or Multiple ethnic groups: Other Mixed or Multiple ethnic groups,8,L13: Routine occupations,5
E05013700,Caledonian,12,Mixed or Multiple ethnic groups: Other Mixed or Multiple ethnic groups,9,L14.1: Never worked,13
E05013700,Caledonian,12,Mixed or Multiple ethnic groups: Other Mixed or Multiple ethnic groups,10,L14.2: Long-term unemployed,7
E05013700,Caledonian,12,Mixed or Multiple ethnic groups: Other Mixed or Multiple ethnic groups,11,L15: Full-time students,64
E05013700,Caledonian,13,"White: English, Welsh, Scottish, Northern Irish or British",-8,Does not apply,409
E05013700,Caledonian,13,"White: English, Welsh, Scottish, Northern Irish or British",1,L1 and L2: Large employers and higher managerial and administrative occupations,158
E05013700,Caledonian,13,"White: English, Welsh, Scottish, Northern Irish or British",2,L3: Higher professional occupations,382
E05013700,Caledonian,13,"White: English, Welsh, Scottish, Northern Irish or British",3,"L4, L5 and L6: Lower managerial, administrative and professional occupations",654
E05013700,Caledonian,13,"White: English, Welsh, Scottish, Northern Irish or British",4,L7: Intermediate occupations,290
E05013700,Caledonian,13,"White: English, Welsh, Scottish, Northern Irish or British",5,L8 and L9: Small employers and own account workers,273
E05013700,Caledonian,13,"White: English, Welsh, Scottish, Northern Irish or British",6,L10 and L11: Lower supervisory and technical occupations,113
E05013700,Caledonian,13,"White: English, Welsh, Scottish, Northern Irish or British",7,L12: Semi-routine occupations,232
E05013700,Caledonian,13,"White: English, Welsh, Scottish, Northern Irish or British",8,L13: Routine occupations,250
E05013700,Caledonian,13,"White: English, Welsh, Scottish, Northern Irish or British",9,L14.1: Never worked,290
E05013700,Caledonian,13,"White: English, Welsh, Scottish, Northern Irish or British",10,L14.2: Long-term unemployed,63
E05013700,Caledonian,13,"White: English, Welsh, Scottish, Northern Irish or British",11,L15: Full-time students,344
E05013700,Caledonian,14,White: Irish,-8,Does not apply,11
E05013700,Caledonian,14,White: Irish,1,L1 and L2: Large employers and higher managerial and administrative occupations,14
E05013700,Caledonian,14,White: Irish,2,L3: Higher professional occupations,39
E05013700,Caledonian,14,White: Irish,3,"L4, L5 and L6: Lower managerial, administrative and professional occupations",61
E05013700,Caledonian,14,White: Irish,4,L7: Intermediate occupations,36
E05013700,Caledonian,14,White: Irish,5,L8 and L9: Small employers and own account workers,17
E05013700,Caledonian,14,White: Irish,6,L10 and L11: Lower supervisory and technical occupations,9
E05013700,Caledonian,14,White: Irish,7,L12: Semi-routine occupations,18
E05013700,Caledonian,14,White: Irish,8,L13: Routine occupations,29
E05013700,Caledonian,14,White: Irish,9,L14.1: Never worked,57
E05013700,Caledonian,14,White: Irish,10,L14.2: Long-term unemployed,5
E05013700,Caledonian,14,White: Irish,11,L15: Full-time students,13
E05013700,Caledonian,15,White: Gypsy or Irish Traveller,-8,Does not apply,0
E05013700,Caledonian,15,White: Gypsy or Irish Traveller,1,L1 and L2: Large employers and higher managerial and administrative occupations,0
E05013700,Caledonian,15,White: Gypsy or Irish Traveller,2,L3: Higher professional occupations,0
E05013700,Caledonian,15,White: Gypsy or Irish Traveller,3,"L4, L5 and L6: Lower managerial, administrative and professional occupations",0
E05013700,Caledonian,15,White: Gypsy or Irish Traveller,4,L7: Intermediate occupations,0
E05013700,Caledonian,15,White: Gypsy or Irish Traveller,5,L8 and L9: Small employers and own account workers,0
E05013700,Caledonian,15,White: Gypsy or Irish Traveller,6,L10 and L11: Lower supervisory and technical occupations,0
E05013700,Caledonian,15,White: Gypsy or Irish Traveller,7,L12: Semi-routine occupations,0
E05013700,Caledonian,15,White: Gypsy or Irish Traveller,8,L13: Routine occupations,0
E05013700,Caledonian,15,White: Gypsy or Irish Traveller,9,L14.1: Never worked,0
E05013700,Caledonian,15,White: Gypsy or Irish Traveller,10,L14.2: Long-term unemployed,0
E05013700,Caledonian,15,White: Gypsy or Irish Traveller,11,L15: Full-time students,0
E05013700,Caledonian,16,White: Roma,-8,Does not apply,2
E05013700,Caledonian,16,White: Roma,1,L1 and L2: Large employers and higher managerial and administrative occupations,3
E05013700,Caledonian,16,White: Roma,2,L3: Higher professional occupations,9
E05013700,Caledonian,16,White: Roma,3,"L4, L5 and L6: Lower managerial, administrative and professional occupations",18
E05013700,Caledonian,16,White: Roma,4,L7: Intermediate occupations,5
E05013700,Caledonian,16,White: Roma,5,L8 and L9: Small employers and own account workers,9
E05013700,Caledonian,16,White: Roma,6,L10 and L11: Lower supervisory and technical occupations,3
E05013700,Caledonian,16,White: Roma,7,L12: Semi-routine occupations,4
E05013700,Caledonian,16,White: Roma,8,L13: Routine occupations,3
E05013700,Caledonian,16,White: Roma,9,L14.1: Never worked,0
E05013700,Caledonian,16,White: Roma,10,L14.2: Long-term unemployed,3
E05013700,Caledonian,16,White: Roma,11,L15: Full-time students,16
E05013700,Caledonian,17,White: Other White,-8,Does not apply,137
E05013700,Caledonian,17,White: Other White,1,L1 and L2: Large employers and higher managerial and administrative occupations,112
E05013700,Caledonian,17,White: Other White,2,L3: Higher professional occupations,511
E05013700,Caledonian,17,White: Other White,3,"L4, L5 and L6: Lower managerial, administrative and professional occupations",440
E05013700,Caledonian,17,White: Other White,4,L7: Intermediate occupations,116
E05013700,Caledonian,17,White: Other White,5,L8 and L9: Small employers and own account workers,154
E05013700,Caledonian,17,White: Other White,6,L10 and L11: Lower supervisory and technical occupations,48
E05013700,Caledonian,17,White: Other White,7,L12: Semi-routine occupations,100
E05013700,Caledonian,17,White: Other White,8,L13: Routine occupations,150
E05013700,Caledonian,17,White: Other White,9,L14.1: Never worked,84
E05013700,Caledonian,17,White: Other White,10,L14.2: Long-term unemployed,14
E05013700,Caledonian,17,White: Other White,11,L15: Full-time students,392
E05013700,Caledonian,18,Other ethnic group: Arab,-8,Does not apply,42
E05013700,Caledonian,18,Other ethnic group: Arab,1,L1 and L2: Large employers and higher managerial and administrative occupations,2
E05013700,Caledonian,18,Other ethnic group: Arab,2,L3: Higher professional occupations,11
E05013700,Caledonian,18,Other ethnic group: Arab,3,"L4, L5 and L6: Lower managerial, administrative and professional occupations",12
E05013700,Caledonian,18,Other ethnic group: Arab,4,L7: Intermediate occupations,12
E05013700,Caledonian,18,Other ethnic group: Arab,5,L8 and L9: Small employers and own account workers,10
E05013700,Caledonian,18,Other ethnic group: Arab,6,L10 and L11: Lower supervisory and technical occupations,9
E05013700,Caledonian,18,Other ethnic group: Arab,7,L12: Semi-routine occupations,18
E05013700,Caledonian,18,Other ethnic group: Arab,8,L13: Routine occupations,11
E05013700,Caledonian,18,Other ethnic group: Arab,9,L14.1: Never worked,24
E05013700,Caledonian,18,Other ethnic group: Arab,10,L14.2: Long-term unemployed,3
E05013700,Caledonian,18,Other ethnic group: Arab,11,L15: Full-time students,36
E05013700,Caledonian,19,Other ethnic group: Any other ethnic group,-8,Does not apply,126
E05013700,Caledonian,19,Other ethnic group: Any other ethnic group,1,L1 and L2: Large employers and higher managerial and administrative occupations,9
E05013700,Caledonian,19,Other ethnic group: Any other ethnic group,2,L3: Higher professional occupations,56
E05013700,Caledonian,19,Other ethnic group: Any other ethnic group,3,"L4, L5 and L6: Lower managerial, administrative and professional occupations",51
E05013700,Caledonian,19,Other ethnic group: Any other ethnic group,4,L7: Intermediate occupations,32
E05013700,Caledonian,19,Other ethnic group: Any other ethnic group,5,L8 and L9: Small employers and own account workers,52
E05013700,Caledonian,19,Other ethnic group: Any other ethnic group,6,L10 and L11: Lower supervisory and technical occupations,34
E05013700,Caledonian,19,Other ethnic group: Any other ethnic group,7,L12: Semi-routine occupations,54
E05013700,Caledonian,19,Other ethnic group: Any other ethnic group,8,L13: Routine occupations,93
E05013700,Caledonian,19,Other ethnic group: Any other ethnic group,9,L14.1: Never worked,119
E05013700,Caledonian,19,Other ethnic group: Any other ethnic group,10,L14.2: Long-term unemployed,12
E05013700,Caledonian,19,Other ethnic group: Any other ethnic group,11,L15: Full-time students,104
E05013701,Canonbury,-8,Does not apply,-8,Does not apply,0
E05013701,Canonbury,-8,Does not apply,1,L1 and L2: Large employers and higher managerial and administrative occupations,0
E05013701,Canonbury,-8,Does not apply,2,L3: Higher professional occupations,0
E05013701,Canonbury,-8,Does not apply,3,"L4, L5 and L6: Lower managerial, administrative and professional occupations",0
E05013701,Canonbury,-8,Does not apply,4,L7: Intermediate occupations,0
E05013701,Canonbury,-8,Does not apply,5,L8 and L9: Small employers and own account workers,0
E05013701,Canonbury,-8,Does not apply,6,L10 and L11: Lower supervisory and technical occupations,0
E05013701,Canonbury,-8,Does not apply,7,L12: Semi-routine occupations,0
E05013701,Canonbury,-8,Does not apply,8,L13: Routine occupations,0
E05013701,Canonbury,-8,Does not apply,9,L14.1: Never worked,0
E05013701,Canonbury,-8,Does not apply,10,L14.2: Long-term unemployed,0
E05013701,Canonbury,-8,Does not apply,11,L15: Full-time students,0
E05013701,Canonbury,1,"Asian, Asian British or Asian Welsh: Bangladeshi",-8,Does not apply,70
E05013701,Canonbury,1,"Asian, Asian British or Asian Welsh: Bangladeshi",1,L1 and L2: Large employers and higher managerial and administrative occupations,4
E05013701,Canonbury,1,"Asian, Asian British or Asian Welsh: Bangladeshi",2,L3: Higher professional occupations,9
E05013701,Canonbury,1,"Asian, Asian British or Asian Welsh: Bangladeshi",3,"L4, L5 and L6: Lower managerial, administrative and professional occupations",17
E05013701,Canonbury,1,"Asian, Asian British or Asian Welsh: Bangladeshi",4,L7: Intermediate occupations,13
E05013701,Canonbury,1,"Asian, Asian British or Asian Welsh: Bangladeshi",5,L8 and L9: Small employers and own account workers,14
E05013701,Canonbury,1,"Asian, Asian British or Asian Welsh: Bangladeshi",6,L10 and L11: Lower supervisory and technical occupations,6
E05013701,Canonbury,1,"Asian, Asian British or Asian Welsh: Bangladeshi",7,L12: Semi-routine occupations,22
E05013701,Canonbury,1,"Asian, Asian British or Asian Welsh: Bangladeshi",8,L13: Routine occupations,16
E05013701,Canonbury,1,"Asian, Asian British or Asian Welsh: Bangladeshi",9,L14.1: Never worked,39
E05013701,Canonbury,1,"Asian, Asian British or Asian Welsh: Bangladeshi",10,L14.2: Long-term unemployed,5
E05013701,Canonbury,1,"Asian, Asian British or Asian Welsh: Bangladeshi",11,L15: Full-time students,25
E05013701,Canonbury,2,"Asian, Asian British or Asian Welsh: Chinese",-8,Does not apply,16
E05013701,Canonbury,2,"Asian, Asian British or Asian Welsh: Chinese",1,L1 and L2: Large employers and higher managerial and administrative occupations,11
E05013701,Canonbury,2,"Asian, Asian British or Asian Welsh: Chinese",2,L3: Higher professional occupations,46
E05013701,Canonbury,2,"Asian, Asian British or Asian Welsh: Chinese",3,"L4, L5 and L6: Lower managerial, administrative and professional occupations",28
E05013701,Canonbury,2,"Asian, Asian British or Asian Welsh: Chinese",4,L7: Intermediate occupations,5
E05013701,Canonbury,2,"Asian, Asian British or Asian Welsh: Chinese",5,L8 and L9: Small employers and own account workers,13
E05013701,Canonbury,2,"Asian, Asian British or Asian Welsh: Chinese",6,L10 and L11: Lower supervisory and technical occupations,5
E05013701,Canonbury,2,"Asian, Asian British or Asian Welsh: Chinese",7,L12: Semi-routine occupations,6
E05013701,Canonbury,2,"Asian, Asian British or Asian Welsh: Chinese",8,L13: Routine occupations,8
E05013701,Canonbury,2,"Asian, Asian British or Asian Welsh: Chinese",9,L14.1: Never worked,8
E05013701,Canonbury,2,"Asian, Asian British or Asian Welsh: Chinese",10,L14.2: Long-term unemployed,0
E05013701,Canonbury,2,"Asian, Asian British or Asian Welsh: Chinese",11,L15: Full-time students,14
E05013701,Canonbury,3,"Asian, Asian British or Asian Welsh: Indian",-8,Does not apply,16
E05013701,Canonbury,3,"Asian, Asian British or Asian Welsh: Indian",1,L1 and L2: Large employers and higher managerial and administrative occupations,20
E05013701,Canonbury,3,"Asian, Asian British or Asian Welsh: Indian",2,L3: Higher professional occupations,56
E05013701,Canonbury,3,"Asian, Asian British or Asian Welsh: Indian",3,"L4, L5 and L6: Lower managerial, administrative and professional occupations",29
E05013701,Canonbury,3,"Asian, Asian British or Asian Welsh: Indian",4,L7: Intermediate occupations,15
E05013701,Canonbury,3,"Asian, Asian British or Asian Welsh: Indian",5,L8 and L9: Small employers and own account workers,11
E05013701,Canonbury,3,"Asian, Asian British or Asian Welsh: Indian",6,L10 and L11: Lower supervisory and technical occupations,0
E05013701,Canonbury,3,"Asian, Asian British or Asian Welsh: Indian",7,L12: Semi-routine occupations,6
E05013701,Canonbury,3,"Asian, Asian British or Asian Welsh: Indian",8,L13: Routine occupations,4
E05013701,Canonbury,3,"Asian, Asian British or Asian Welsh: Indian",9,L14.1: Never worked,7
E05013701,Canonbury,3,"Asian, Asian British or Asian Welsh: Indian",10,L14.2: Long-term unemployed,4
E05013701,Canonbury,3,"Asian, Asian British or Asian Welsh: Indian",11,L15: Full-time students,16
E05013701,Canonbury,4,"Asian, Asian British or Asian Welsh: Pakistani",-8,Does not apply,6
E05013701,Canonbury,4,"Asian, Asian British or Asian Welsh: Pakistani",1,L1 and L2: Large employers and higher managerial and administrative occupations,3
E05013701,Canonbury,4,"Asian, Asian British or Asian Welsh: Pakistani",2,L3: Higher professional occupations,6
E05013701,Canonbury,4,"Asian, Asian British or Asian Welsh: Pakistani",3,"L4, L5 and L6: Lower managerial, administrative and professional occupations",5
E05013701,Canonbury,4,"Asian, Asian British or Asian Welsh: Pakistani",4,L7: Intermediate occupations,3
E05013701,Canonbury,4,"Asian, Asian British or Asian Welsh: Pakistani",5,L8 and L9: Small employers and own account workers,3
E05013701,Canonbury,4,"Asian, Asian British or Asian Welsh: Pakistani",6,L10 and L11: Lower supervisory and technical occupations,3
E05013701,Canonbury,4,"Asian, Asian British or Asian Welsh: Pakistani",7,L12: Semi-routine occupations,2
E05013701,Canonbury,4,"Asian, Asian British or Asian Welsh: Pakistani",8,L13: Routine occupations,3
E05013701,Canonbury,4,"Asian, Asian British or Asian Welsh: Pakistani",9,L14.1: Never worked,5
E05013701,Canonbury,4,"Asian, Asian British or Asian Welsh: Pakistani",10,L14.2: Long-term unemployed,0
E05013701,Canonbury,4,"Asian, Asian British or Asian Welsh: Pakistani",11,L15: Full-time students,3
E05013701,Canonbury,5,"Asian, Asian British or Asian Welsh: Other Asian",-8,Does not apply,27
E05013701,Canonbury,5,"Asian, Asian British or Asian Welsh: Other Asian",1,L1 and L2: Large employers and higher managerial and administrative occupations,12
E05013701,Canonbury,5,"Asian, Asian British or Asian Welsh: Other Asian",2,L3: Higher professional occupations,36
E05013701,Canonbury,5,"Asian, Asian British or Asian Welsh: Other Asian",3,"L4, L5 and L6: Lower managerial, administrative and professional occupations",42
E05013701,Canonbury,5,"Asian, Asian British or Asian Welsh: Other Asian",4,L7: Intermediate occupations,12
E05013701,Canonbury,5,"Asian, Asian British or Asian Welsh: Other Asian",5,L8 and L9: Small employers and own account workers,16
E05013701,Canonbury,5,"Asian, Asian British or Asian Welsh: Other Asian",6,L10 and L11: Lower supervisory and technical occupations,6
E05013701,Canonbury,5,"Asian, Asian British or Asian Welsh: Other Asian",7,L12: Semi-routine occupations,13
E05013701,Canonbury,5,"Asian, Asian British or Asian Welsh: Other Asian",8,L13: Routine occupations,13
E05013701,Canonbury,5,"Asian, Asian British or Asian Welsh: Other Asian",9,L14.1: Never worked,24
E05013701,Canonbury,5,"Asian, Asian British or Asian Welsh: Other Asian",10,L14.2: Long-term unemployed,3
E05013701,Canonbury,5,"Asian, Asian British or Asian Welsh: Other Asian",11,L15: Full-time students,17
E05013701,Canonbury,6,"Black, Black British, Black Welsh, Caribbean or African: African",-8,Does not apply,219
E05013701,Canonbury,6,"Black, Black British, Black Welsh, Caribbean or African: African",1,L1 and L2: Large employers and higher managerial and administrative occupations,13
E05013701,Canonbury,6,"Black, Black British, Black Welsh, Caribbean or African: African",2,L3: Higher professional occupations,37
E05013701,Canonbury,6,"Black, Black British, Black Welsh, Caribbean or African: African",3,"L4, L5 and L6: Lower managerial, administrative and professional occupations",83
E05013701,Canonbury,6,"Black, Black British, Black Welsh, Caribbean or African: African",4,L7: Intermediate occupations,51
E05013701,Canonbury,6,"Black, Black British, Black Welsh, Caribbean or African: African",5,L8 and L9: Small employers and own account workers,54
E05013701,Canonbury,6,"Black, Black British, Black Welsh, Caribbean or African: African",6,L10 and L11: Lower supervisory and technical occupations,21
E05013701,Canonbury,6,"Black, Black British, Black Welsh, Caribbean or African: African",7,L12: Semi-routine occupations,77
E05013701,Canonbury,6,"Black, Black British, Black Welsh, Caribbean or African: African",8,L13: Routine occupations,75
E05013701,Canonbury,6,"Black, Black British, Black Welsh, Caribbean or African: African",9,L14.1: Never worked,116
E05013701,Canonbury,6,"Black, Black British, Black Welsh, Caribbean or African: African",10,L14.2: Long-term unemployed,29
E05013701,Canonbury,6,"Black, Black British, Black Welsh, Caribbean or African: African",11,L15: Full-time students,97
E05013701,Canonbury,7,"Black, Black British, Black Welsh, Caribbean or African: Caribbean",-8,Does not apply,56
E05013701,Canonbury,7,"Black, Black British, Black Welsh, Caribbean or African: Caribbean",1,L1 and L2: Large employers and higher managerial and administrative occupations,8
E05013701,Canonbury,7,"Black, Black British, Black Welsh, Caribbean or African: Caribbean",2,L3: Higher professional occupations,16
E05013701,Canonbury,7,"Black, Black British, Black Welsh, Caribbean or African: Caribbean",3,"L4, L5 and L6: Lower managerial, administrative and professional occupations",62
E05013701,Canonbury,7,"Black, Black British, Black Welsh, Caribbean or African: Caribbean",4,L7: Intermediate occupations,50
E05013701,Canonbury,7,"Black, Black British, Black Welsh, Caribbean or African: Caribbean",5,L8 and L9: Small employers and own account workers,24
E05013701,Canonbury,7,"Black, Black British, Black Welsh, Caribbean or African: Caribbean",6,L10 and L11: Lower supervisory and technical occupations,24
E05013701,Canonbury,7,"Black, Black British, Black Welsh, Caribbean or African: Caribbean",7,L12: Semi-routine occupations,94
E05013701,Canonbury,7,"Black, Black British, Black Welsh, Caribbean or African: Caribbean",8,L13: Routine occupations,32
E05013701,Canonbury,7,"Black, Black British, Black Welsh, Caribbean or African: Caribbean",9,L14.1: Never worked,58
E05013701,Canonbury,7,"Black, Black British, Black Welsh, Caribbean or African: Caribbean",10,L14.2: Long-term unemployed,14
E05013701,Canonbury,7,"Black, Black British, Black Welsh, Caribbean or African: Caribbean",11,L15: Full-time students,34
E05013701,Canonbury,8,"Black, Black British, Black Welsh, Caribbean or African: Other Black",-8,Does not apply,65
E05013701,Canonbury,8,"Black, Black British, Black Welsh, Caribbean or African: Other Black",1,L1 and L2: Large employers and higher managerial and administrative occupations,1
E05013701,Canonbury,8,"Black, Black British, Black Welsh, Caribbean or African: Other Black",2,L3: Higher professional occupations,6
E05013701,Canonbury,8,"Black, Black British, Black Welsh, Caribbean or African: Other Black",3,"L4, L5 and L6: Lower managerial, administrative and professional occupations",18
E05013701,Canonbury,8,"Black, Black British, Black Welsh, Caribbean or African: Other Black",4,L7: Intermediate occupations,14
E05013701,Canonbury,8,"Black, Black British, Black Welsh, Caribbean or African: Other Black",5,L8 and L9: Small employers and own account workers,11
E05013701,Canonbury,8,"Black, Black British, Black Welsh, Caribbean or African: Other Black",6,L10 and L11: Lower supervisory and technical occupations,4
E05013701,Canonbury,8,"Black, Black British, Black Welsh, Caribbean or African: Other Black",7,L12: Semi-routine occupations,12
E05013701,Canonbury,8,"Black, Black British, Black Welsh, Caribbean or African: Other Black",8,L13: Routine occupations,11
E05013701,Canonbury,8,"Black, Black British, Black Welsh, Caribbean or African: Other Black",9,L14.1: Never worked,11
E05013701,Canonbury,8,"Black, Black British, Black Welsh, Caribbean or African: Other Black",10,L14.2: Long-term unemployed,2
E05013701,Canonbury,8,"Black, Black British, Black Welsh, Caribbean or African: Other Black",11,L15: Full-time students,15
E05013701,Canonbury,9,Mixed or Multiple ethnic groups: White and Asian,-8,Does not apply,68
E05013701,Canonbury,9,Mixed or Multiple ethnic groups: White and Asian,1,L1 and L2: Large employers and higher managerial and administrative occupations,10
E05013701,Canonbury,9,Mixed or Multiple ethnic groups: White and Asian,2,L3: Higher professional occupations,36
E05013701,Canonbury,9,Mixed or Multiple ethnic groups: White and Asian,3,"L4, L5 and L6: Lower managerial, administrative and professional occupations",34
E05013701,Canonbury,9,Mixed or Multiple ethnic groups: White and Asian,4,L7: Intermediate occupations,8
E05013701,Canonbury,9,Mixed or Multiple ethnic groups: White and Asian,5,L8 and L9: Small employers and own account workers,11
E05013701,Canonbury,9,Mixed or Multiple ethnic groups: White and Asian,6,L10 and L11: Lower supervisory and technical occupations,6
E05013701,Canonbury,9,Mixed or Multiple ethnic groups: White and Asian,7,L12: Semi-routine occupations,3
E05013701,Canonbury,9,Mixed or Multiple ethnic groups: White and Asian,8,L13: Routine occupations,4
E05013701,Canonbury,9,Mixed or Multiple ethnic groups: White and Asian,9,L14.1: Never worked,3
E05013701,Canonbury,9,Mixed or Multiple ethnic groups: White and Asian,10,L14.2: Long-term unemployed,3
E05013701,Canonbury,9,Mixed or Multiple ethnic groups: White and Asian,11,L15: Full-time students,14
E05013701,Canonbury,10,Mixed or Multiple ethnic groups: White and Black African,-8,Does not apply,44
E05013701,Canonbury,10,Mixed or Multiple ethnic groups: White and Black African,1,L1 and L2: Large employers and higher managerial and administrative occupations,6
E05013701,Canonbury,10,Mixed or Multiple ethnic groups: White and Black African,2,L3: Higher professional occupations,6
E05013701,Canonbury,10,Mixed or Multiple ethnic groups: White and Black African,3,"L4, L5 and L6: Lower managerial, administrative and professional occupations",14
E05013701,Canonbury,10,Mixed or Multiple ethnic groups: White and Black African,4,L7: Intermediate occupations,10
E05013701,Canonbury,10,Mixed or Multiple ethnic groups: White and Black African,5,L8 and L9: Small employers and own account workers,6
E05013701,Canonbury,10,Mixed or Multiple ethnic groups: White and Black African,6,L10 and L11: Lower supervisory and technical occupations,2
E05013701,Canonbury,10,Mixed or Multiple ethnic groups: White and Black African,7,L12: Semi-routine occupations,3
E05013701,Canonbury,10,Mixed or Multiple ethnic groups: White and Black African,8,L13: Routine occupations,7
E05013701,Canonbury,10,Mixed or Multiple ethnic groups: White and Black African,9,L14.1: Never worked,9
E05013701,Canonbury,10,Mixed or Multiple ethnic groups: White and Black African,10,L14.2: Long-term unemployed,4
E05013701,Canonbury,10,Mixed or Multiple ethnic groups: White and Black African,11,L15: Full-time students,9
E05013701,Canonbury,11,Mixed or Multiple ethnic groups: White and Black Caribbean,-8,Does not apply,120
E05013701,Canonbury,11,Mixed or Multiple ethnic groups: White and Black Caribbean,1,L1 and L2: Large employers and higher managerial and administrative occupations,9
E05013701,Canonbury,11,Mixed or Multiple ethnic groups: White and Black Caribbean,2,L3: Higher professional occupations,10
E05013701,Canonbury,11,Mixed or Multiple ethnic groups: White and Black Caribbean,3,"L4, L5 and L6: Lower managerial, administrative and professional occupations",28
E05013701,Canonbury,11,Mixed or Multiple ethnic groups: White and Black Caribbean,4,L7: Intermediate occupations,10
E05013701,Canonbury,11,Mixed or Multiple ethnic groups: White and Black Caribbean,5,L8 and L9: Small employers and own account workers,11
E05013701,Canonbury,11,Mixed or Multiple ethnic groups: White and Black Caribbean,6,L10 and L11: Lower supervisory and technical occupations,10
E05013701,Canonbury,11,Mixed or Multiple ethnic groups: White and Black Caribbean,7,L12: Semi-routine occupations,17
E05013701,Canonbury,11,Mixed or Multiple ethnic groups: White and Black Caribbean,8,L13: Routine occupations,23
E05013701,Canonbury,11,Mixed or Multiple ethnic groups: White and Black Caribbean,9,L14.1: Never worked,18
E05013701,Canonbury,11,Mixed or Multiple ethnic groups: White and Black Caribbean,10,L14.2: Long-term unemployed,6
E05013701,Canonbury,11,Mixed or Multiple ethnic groups: White and Black Caribbean,11,L15: Full-time students,26
E05013701,Canonbury,12,Mixed or Multiple ethnic groups: Other Mixed or Multiple ethnic groups,-8,Does not apply,113
E05013701,Canonbury,12,Mixed or Multiple ethnic groups: Other Mixed or Multiple ethnic groups,1,L1 and L2: Large employers and higher managerial and administrative occupations,14
E05013701,Canonbury,12,Mixed or Multiple ethnic groups: Other Mixed or Multiple ethnic groups,2,L3: Higher professional occupations,36
E05013701,Canonbury,12,Mixed or Multiple ethnic groups: Other Mixed or Multiple ethnic groups,3,"L4, L5 and L6: Lower managerial, administrative and professional occupations",56
E05013701,Canonbury,12,Mixed or Multiple ethnic groups: Other Mixed or Multiple ethnic groups,4,L7: Intermediate occupations,20
E05013701,Canonbury,12,Mixed or Multiple ethnic groups: Other Mixed or Multiple ethnic groups,5,L8 and L9: Small employers and own account workers,16
E05013701,Canonbury,12,Mixed or Multiple ethnic groups: Other Mixed or Multiple ethnic groups,6,L10 and L11: Lower supervisory and technical occupations,6
E05013701,Canonbury,12,Mixed or Multiple ethnic groups: Other Mixed or Multiple ethnic groups,7,L12: Semi-routine occupations,15
E05013701,Canonbury,12,Mixed or Multiple ethnic groups: Other Mixed or Multiple ethnic groups,8,L13: Routine occupations,8
E05013701,Canonbury,12,Mixed or Multiple ethnic groups: Other Mixed or Multiple ethnic groups,9,L14.1: Never worked,13
E05013701,Canonbury,12,Mixed or Multiple ethnic groups: Other Mixed or Multiple ethnic groups,10,L14.2: Long-term unemployed,13
E05013701,Canonbury,12,Mixed or Multiple ethnic groups: Other Mixed or Multiple ethnic groups,11,L15: Full-time students,33
E05013701,Canonbury,13,"White: English, Welsh, Scottish, Northern Irish or British",-8,Does not apply,776
E05013701,Canonbury,13,"White: English, Welsh, Scottish, Northern Irish or British",1,L1 and L2: Large employers and higher managerial and administrative occupations,367
E05013701,Canonbury,13,"White: English, Welsh, Scottish, Northern Irish or British",2,L3: Higher professional occupations,936
E05013701,Canonbury,13,"White: English, Welsh, Scottish, Northern Irish or British",3,"L4, L5 and L6: Lower managerial, administrative and professional occupations",1184
E05013701,Canonbury,13,"White: English, Welsh, Scottish, Northern Irish or British",4,L7: Intermediate occupations,435
E05013701,Canonbury,13,"White: English, Welsh, Scottish, Northern Irish or British",5,L8 and L9: Small employers and own account workers,430
E05013701,Canonbury,13,"White: English, Welsh, Scottish, Northern Irish or British",6,L10 and L11: Lower supervisory and technical occupations,143
E05013701,Canonbury,13,"White: English, Welsh, Scottish, Northern Irish or British",7,L12: Semi-routine occupations,352
E05013701,Canonbury,13,"White: English, Welsh, Scottish, Northern Irish or British",8,L13: Routine occupations,343
E05013701,Canonbury,13,"White: English, Welsh, Scottish, Northern Irish or British",9,L14.1: Never worked,371
E05013701,Canonbury,13,"White: English, Welsh, Scottish, Northern Irish or British",10,L14.2: Long-term unemployed,56
E05013701,Canonbury,13,"White: English, Welsh, Scottish, Northern Irish or British",11,L15: Full-time students,228
E05013701,Canonbury,14,White: Irish,-8,Does not apply,28
E05013701,Canonbury,14,White: Irish,1,L1 and L2: Large employers and higher managerial and administrative occupations,23
E05013701,Canonbury,14,White: Irish,2,L3: Higher professional occupations,83
E05013701,Canonbury,14,White: Irish,3,"L4, L5 and L6: Lower managerial, administrative and professional occupations",99
E05013701,Canonbury,14,White: Irish,4,L7: Intermediate occupations,25
E05013701,Canonbury,14,White: Irish,5,L8 and L9: Small employers and own account workers,37
E05013701,Canonbury,14,White: Irish,6,L10 and L11: Lower supervisory and technical occupations,13
E05013701,Canonbury,14,White: Irish,7,L12: Semi-routine occupations,31
E05013701,Canonbury,14,White: Irish,8,L13: Routine occupations,35
E05013701,Canonbury,14,White: Irish,9,L14.1: Never worked,34
E05013701,Canonbury,14,White: Irish,10,L14.2: Long-term unemployed,7
E05013701,Canonbury,14,White: Irish,11,L15: Full-time students,10
E05013701,Canonbury,15,White: Gypsy or Irish Traveller,-8,Does not apply,5
E05013701,Canonbury,15,White: Gypsy or Irish Traveller,1,L1 and L2: Large employers and higher managerial and administrative occupations,0
E05013701,Canonbury,15,White: Gypsy or Irish Traveller,2,L3: Higher professional occupations,0
E05013701,Canonbury,15,White: Gypsy or Irish Traveller,3,"L4, L5 and L6: Lower managerial, administrative and professional occupations",0
E05013701,Canonbury,15,White: Gypsy or Irish Traveller,4,L7: Intermediate occupations,0
E05013701,Canonbury,15,White: Gypsy or Irish Traveller,5,L8 and L9: Small employers and own account workers,0
E05013701,Canonbury,15,White: Gypsy or Irish Traveller,6,L10 and L11: Lower supervisory and technical occupations,0
E05013701,Canonbury,15,White: Gypsy or Irish Traveller,7,L12: Semi-routine occupations,0
E05013701,Canonbury,15,White: Gypsy or Irish Traveller,8,L13: Routine occupations,0
E05013701,Canonbury,15,White: Gypsy or Irish Traveller,9,L14.1: Never worked,1
E05013701,Canonbury,15,White: Gypsy or Irish Traveller,10,L14.2: Long-term unemployed,0
E05013701,Canonbury,15,White: Gypsy or Irish Traveller,11,L15: Full-time students,0
E05013701,Canonbury,16,White: Roma,-8,Does not apply,1
E05013701,Canonbury,16,White: Roma,1,L1 and L2: Large employers and higher managerial and administrative occupations,1
E05013701,Canonbury,16,White: Roma,2,L3: Higher professional occupations,3
E05013701,Canonbury,16,White: Roma,3,"L4, L5 and L6: Lower managerial, administrative and professional occupations",9
E05013701,Canonbury,16,White: Roma,4,L7: Intermediate occupations,1
E05013701,Canonbury,16,White: Roma,5,L8 and L9: Small employers and own account workers,6
E05013701,Canonbury,16,White: Roma,6,L10 and L11: Lower supervisory and technical occupations,2
E05013701,Canonbury,16,White: Roma,7,L12: Semi-routine occupations,0
E05013701,Canonbury,16,White: Roma,8,L13: Routine occupations,2
E05013701,Canonbury,16,White: Roma,9,L14.1: Never worked,3
E05013701,Canonbury,16,White: Roma,10,L14.2: Long-term unemployed,0
E05013701,Canonbury,16,White: Roma,11,L15: Full-time students,6
E05013701,Canonbury,17,White: Other White,-8,Does not apply,283
E05013701,Canonbury,17,White: Other White,1,L1 and L2: Large employers and higher managerial and administrative occupations,189
E05013701,Canonbury,17,White: Other White,2,L3: Higher professional occupations,611
E05013701,Canonbury,17,White: Other White,3,"L4, L5 and L6: Lower managerial, administrative and professional occupations",604
E05013701,Canonbury,17,White: Other White,4,L7: Intermediate occupations,122
E05013701,Canonbury,17,White: Other White,5,L8 and L9: Small employers and own account workers,175
E05013701,Canonbury,17,White: Other White,6,L10 and L11: Lower supervisory and technical occupations,61
E05013701,Canonbury,17,White: Other White,7,L12: Semi-routine occupations,77
E05013701,Canonbury,17,White: Other White,8,L13: Routine occupations,108
E05013701,Canonbury,17,White: Other White,9,L14.1: Never worked,83
E05013701,Canonbury,17,White: Other White,10,L14.2: Long-term unemployed,23
E05013701,Canonbury,17,White: Other White,11,L15: Full-time students,143
E05013701,Canonbury,18,Other ethnic group: Arab,-8,Does not apply,33
E05013701,Canonbury,18,Other ethnic group: Arab,1,L1 and L2: Large employers and higher managerial and administrative occupations,4
E05013701,Canonbury,18,Other ethnic group: Arab,2,L3: Higher professional occupations,12
E05013701,Canonbury,18,Other ethnic group: Arab,3,"L4, L5 and L6: Lower managerial, administrative and professional occupations",12
E05013701,Canonbury,18,Other ethnic group: Arab,4,L7: Intermediate occupations,13
E05013701,Canonbury,18,Other ethnic group: Arab,5,L8 and L9: Small employers and own account workers,10
E05013701,Canonbury,18,Other ethnic group: Arab,6,L10 and L11: Lower supervisory and technical occupations,2
E05013701,Canonbury,18,Other ethnic group: Arab,7,L12: Semi-routine occupations,7
E05013701,Canonbury,18,Other ethnic group: Arab,8,L13: Routine occupations,6
E05013701,Canonbury,18,Other ethnic group: Arab,9,L14.1: Never worked,26
E05013701,Canonbury,18,Other ethnic group: Arab,10,L14.2: Long-term unemployed,3
E05013701,Canonbury,18,Other ethnic group: Arab,11,L15: Full-time students,14
E05013701,Canonbury,19,Other ethnic group: Any other ethnic group,-8,Does not apply,105
E05013701,Canonbury,19,Other ethnic group: Any other ethnic group,1,L1 and L2: Large employers and higher managerial and administrative occupations,18
E05013701,Canonbury,19,Other ethnic group: Any other ethnic group,2,L3: Higher professional occupations,66
E05013701,Canonbury,19,Other ethnic group: Any other ethnic group,3,"L4, L5 and L6: Lower managerial, administrative and professional occupations",73
E05013701,Canonbury,19,Other ethnic group: Any other ethnic group,4,L7: Intermediate occupations,26
E05013701,Canonbury,19,Other ethnic group: Any other ethnic group,5,L8 and L9: Small employers and own account workers,38
E05013701,Canonbury,19,Other ethnic group: Any other ethnic group,6,L10 and L11: Lower supervisory and technical occupations,21
E05013701,Canonbury,19,Other ethnic group: Any other ethnic group,7,L12: Semi-routine occupations,43
E05013701,Canonbury,19,Other ethnic group: Any other ethnic group,8,L13: Routine occupations,74
E05013701,Canonbury,19,Other ethnic group: Any other ethnic group,9,L14.1: Never worked,98
E05013701,Canonbury,19,Other ethnic group: Any other ethnic group,10,L14.2: Long-term unemployed,14
E05013701,Canonbury,19,Other ethnic group: Any other ethnic group,11,L15: Full-time students,70
E05013702,Clerkenwell,-8,Does not apply,-8,Does not apply,0
E05013702,Clerkenwell,-8,Does not apply,1,L1 and L2: Large employers and higher managerial and administrative occupations,0
E05013702,Clerkenwell,-8,Does not apply,2,L3: Higher professional occupations,0
E05013702,Clerkenwell,-8,Does not apply,3,"L4, L5 and L6: Lower managerial, administrative and professional occupations",0
E05013702,Clerkenwell,-8,Does not apply,4,L7: Intermediate occupations,0
E05013702,Clerkenwell,-8,Does not apply,5,L8 and L9: Small employers and own account workers,0
E05013702,Clerkenwell,-8,Does not apply,6,L10 and L11: Lower supervisory and technical occupations,0
E05013702,Clerkenwell,-8,Does not apply,7,L12: Semi-routine occupations,0
E05013702,Clerkenwell,-8,Does not apply,8,L13: Routine occupations,0
E05013702,Clerkenwell,-8,Does not apply,9,L14.1: Never worked,0
E05013702,Clerkenwell,-8,Does not apply,10,L14.2: Long-term unemployed,0
E05013702,Clerkenwell,-8,Does not apply,11,L15: Full-time students,0
E05013702,Clerkenwell,1,"Asian, Asian British or Asian Welsh: Bangladeshi",-8,Does not apply,55
E05013702,Clerkenwell,1,"Asian, Asian British or Asian Welsh: Bangladeshi",1,L1 and L2: Large employers and higher managerial and administrative occupations,6
E05013702,Clerkenwell,1,"Asian, Asian British or Asian Welsh: Bangladeshi",2,L3: Higher professional occupations,5
E05013702,Clerkenwell,1,"Asian, Asian British or Asian Welsh: Bangladeshi",3,"L4, L5 and L6: Lower managerial, administrative and professional occupations",22
E05013702,Clerkenwell,1,"Asian, Asian British or Asian Welsh: Bangladeshi",4,L7: Intermediate occupations,13
E05013702,Clerkenwell,1,"Asian, Asian British or Asian Welsh: Bangladeshi",5,L8 and L9: Small employers and own account workers,11
E05013702,Clerkenwell,1,"Asian, Asian British or Asian Welsh: Bangladeshi",6,L10 and L11: Lower supervisory and technical occupations,5
E05013702,Clerkenwell,1,"Asian, Asian British or Asian Welsh: Bangladeshi",7,L12: Semi-routine occupations,13
E05013702,Clerkenwell,1,"Asian, Asian British or Asian Welsh: Bangladeshi",8,L13: Routine occupations,8
E05013702,Clerkenwell,1,"Asian, Asian British or Asian Welsh: Bangladeshi",9,L14.1: Never worked,24
E05013702,Clerkenwell,1,"Asian, Asian British or Asian Welsh: Bangladeshi",10,L14.2: Long-term unemployed,2
E05013702,Clerkenwell,1,"Asian, Asian British or Asian Welsh: Bangladeshi",11,L15: Full-time students,24
E05013702,Clerkenwell,2,"Asian, Asian British or Asian Welsh: Chinese",-8,Does not apply,14
E05013702,Clerkenwell,2,"Asian, Asian British or Asian Welsh: Chinese",1,L1 and L2: Large employers and higher managerial and administrative occupations,17
E05013702,Clerkenwell,2,"Asian, Asian British or Asian Welsh: Chinese",2,L3: Higher professional occupations,85
E05013702,Clerkenwell,2,"Asian, Asian British or Asian Welsh: Chinese",3,"L4, L5 and L6: Lower managerial, administrative and professional occupations",43
E05013702,Clerkenwell,2,"Asian, Asian British or Asian Welsh: Chinese",4,L7: Intermediate occupations,21
E05013702,Clerkenwell,2,"Asian, Asian British or Asian Welsh: Chinese",5,L8 and L9: Small employers and own account workers,11
E05013702,Clerkenwell,2,"Asian, Asian British or Asian Welsh: Chinese",6,L10 and L11: Lower supervisory and technical occupations,7
E05013702,Clerkenwell,2,"Asian, Asian British or Asian Welsh: Chinese",7,L12: Semi-routine occupations,10
E05013702,Clerkenwell,2,"Asian, Asian British or Asian Welsh: Chinese",8,L13: Routine occupations,4
E05013702,Clerkenwell,2,"Asian, Asian British or Asian Welsh: Chinese",9,L14.1: Never worked,11
E05013702,Clerkenwell,2,"Asian, Asian British or Asian Welsh: Chinese",10,L14.2: Long-term unemployed,2
E05013702,Clerkenwell,2,"Asian, Asian British or Asian Welsh: Chinese",11,L15: Full-time students,188
E05013702,Clerkenwell,3,"Asian, Asian British or Asian Welsh: Indian",-8,Does not apply,9
E05013702,Clerkenwell,3,"Asian, Asian British or Asian Welsh: Indian",1,L1 and L2: Large employers and higher managerial and administrative occupations,18
E05013702,Clerkenwell,3,"Asian, Asian British or Asian Welsh: Indian",2,L3: Higher professional occupations,61
E05013702,Clerkenwell,3,"Asian, Asian British or Asian Welsh: Indian",3,"L4, L5 and L6: Lower managerial, administrative and professional occupations",40
E05013702,Clerkenwell,3,"Asian, Asian British or Asian Welsh: Indian",4,L7: Intermediate occupations,5
E05013702,Clerkenwell,3,"Asian, Asian British or Asian Welsh: Indian",5,L8 and L9: Small employers and own account workers,6
E05013702,Clerkenwell,3,"Asian, Asian British or Asian Welsh: Indian",6,L10 and L11: Lower supervisory and technical occupations,0
E05013702,Clerkenwell,3,"Asian, Asian British or Asian Welsh: Indian",7,L12: Semi-routine occupations,6
E05013702,Clerkenwell,3,"Asian, Asian British or Asian Welsh: Indian",8,L13: Routine occupations,2
E05013702,Clerkenwell,3,"Asian, Asian British or Asian Welsh: Indian",9,L14.1: Never worked,10
E05013702,Clerkenwell,3,"Asian, Asian British or Asian Welsh: Indian",10,L14.2: Long-term unemployed,1
E05013702,Clerkenwell,3,"Asian, Asian British or Asian Welsh: Indian",11,L15: Full-time students,79
E05013702,Clerkenwell,4,"Asian, Asian British or Asian Welsh: Pakistani",-8,Does not apply,12
E05013702,Clerkenwell,4,"Asian, Asian British or Asian Welsh: Pakistani",1,L1 and L2: Large employers and higher managerial and administrative occupations,5
E05013702,Clerkenwell,4,"Asian, Asian British or Asian Welsh: Pakistani",2,L3: Higher professional occupations,14
E05013702,Clerkenwell,4,"Asian, Asian British or Asian Welsh: Pakistani",3,"L4, L5 and L6: Lower managerial, administrative and professional occupations",12
E05013702,Clerkenwell,4,"Asian, Asian British or Asian Welsh: Pakistani",4,L7: Intermediate occupations,2
E05013702,Clerkenwell,4,"Asian, Asian British or Asian Welsh: Pakistani",5,L8 and L9: Small employers and own account workers,2
E05013702,Clerkenwell,4,"Asian, Asian British or Asian Welsh: Pakistani",6,L10 and L11: Lower supervisory and technical occupations,0
E05013702,Clerkenwell,4,"Asian, Asian British or Asian Welsh: Pakistani",7,L12: Semi-routine occupations,1
E05013702,Clerkenwell,4,"Asian, Asian British or Asian Welsh: Pakistani",8,L13: Routine occupations,1
E05013702,Clerkenwell,4,"Asian, Asian British or Asian Welsh: Pakistani",9,L14.1: Never worked,4
E05013702,Clerkenwell,4,"Asian, Asian British or Asian Welsh: Pakistani",10,L14.2: Long-term unemployed,2
E05013702,Clerkenwell,4,"Asian, Asian British or Asian Welsh: Pakistani",11,L15: Full-time students,24
E05013702,Clerkenwell,5,"Asian, Asian British or Asian Welsh: Other Asian",-8,Does not apply,21
E05013702,Clerkenwell,5,"Asian, Asian British or Asian Welsh: Other Asian",1,L1 and L2: Large employers and higher managerial and administrative occupations,13
E05013702,Clerkenwell,5,"Asian, Asian British or Asian Welsh: Other Asian",2,L3: Higher professional occupations,43
E05013702,Clerkenwell,5,"Asian, Asian British or Asian Welsh: Other Asian",3,"L4, L5 and L6: Lower managerial, administrative and professional occupations",31
E05013702,Clerkenwell,5,"Asian, Asian British or Asian Welsh: Other Asian",4,L7: Intermediate occupations,10
E05013702,Clerkenwell,5,"Asian, Asian British or Asian Welsh: Other Asian",5,L8 and L9: Small employers and own account workers,14
E05013702,Clerkenwell,5,"Asian, Asian British or Asian Welsh: Other Asian",6,L10 and L11: Lower supervisory and technical occupations,7
E05013702,Clerkenwell,5,"Asian, Asian British or Asian Welsh: Other Asian",7,L12: Semi-routine occupations,14
E05013702,Clerkenwell,5,"Asian, Asian British or Asian Welsh: Other Asian",8,L13: Routine occupations,13
E05013702,Clerkenwell,5,"Asian, Asian British or Asian Welsh: Other Asian",9,L14.1: Never worked,21
E05013702,Clerkenwell,5,"Asian, Asian British or Asian Welsh: Other Asian",10,L14.2: Long-term unemployed,4
E05013702,Clerkenwell,5,"Asian, Asian British or Asian Welsh: Other Asian",11,L15: Full-time students,112
E05013702,Clerkenwell,6,"Black, Black British, Black Welsh, Caribbean or African: African",-8,Does not apply,220
E05013702,Clerkenwell,6,"Black, Black British, Black Welsh, Caribbean or African: African",1,L1 and L2: Large employers and higher managerial and administrative occupations,13
E05013702,Clerkenwell,6,"Black, Black British, Black Welsh, Caribbean or African: African",2,L3: Higher professional occupations,26
E05013702,Clerkenwell,6,"Black, Black British, Black Welsh, Caribbean or African: African",3,"L4, L5 and L6: Lower managerial, administrative and professional occupations",83
E05013702,Clerkenwell,6,"Black, Black British, Black Welsh, Caribbean or African: African",4,L7: Intermediate occupations,45
E05013702,Clerkenwell,6,"Black, Black British, Black Welsh, Caribbean or African: African",5,L8 and L9: Small employers and own account workers,46
E05013702,Clerkenwell,6,"Black, Black British, Black Welsh, Caribbean or African: African",6,L10 and L11: Lower supervisory and technical occupations,19
E05013702,Clerkenwell,6,"Black, Black British, Black Welsh, Caribbean or African: African",7,L12: Semi-routine occupations,74
E05013702,Clerkenwell,6,"Black, Black British, Black Welsh, Caribbean or African: African",8,L13: Routine occupations,53
E05013702,Clerkenwell,6,"Black, Black British, Black Welsh, Caribbean or African: African",9,L14.1: Never worked,82
E05013702,Clerkenwell,6,"Black, Black British, Black Welsh, Caribbean or African: African",10,L14.2: Long-term unemployed,25
E05013702,Clerkenwell,6,"Black, Black British, Black Welsh, Caribbean or African: African",11,L15: Full-time students,146
E05013702,Clerkenwell,7,"Black, Black British, Black Welsh, Caribbean or African: Caribbean",-8,Does not apply,19
E05013702,Clerkenwell,7,"Black, Black British, Black Welsh, Caribbean or African: Caribbean",1,L1 and L2: Large employers and higher managerial and administrative occupations,6
E05013702,Clerkenwell,7,"Black, Black British, Black Welsh, Caribbean or African: Caribbean",2,L3: Higher professional occupations,8
E05013702,Clerkenwell,7,"Black, Black British, Black Welsh, Caribbean or African: Caribbean",3,"L4, L5 and L6: Lower managerial, administrative and professional occupations",30
E05013702,Clerkenwell,7,"Black, Black British, Black Welsh, Caribbean or African: Caribbean",4,L7: Intermediate occupations,22
E05013702,Clerkenwell,7,"Black, Black British, Black Welsh, Caribbean or African: Caribbean",5,L8 and L9: Small employers and own account workers,17
E05013702,Clerkenwell,7,"Black, Black British, Black Welsh, Caribbean or African: Caribbean",6,L10 and L11: Lower supervisory and technical occupations,16
E05013702,Clerkenwell,7,"Black, Black British, Black Welsh, Caribbean or African: Caribbean",7,L12: Semi-routine occupations,24
E05013702,Clerkenwell,7,"Black, Black British, Black Welsh, Caribbean or African: Caribbean",8,L13: Routine occupations,24
E05013702,Clerkenwell,7,"Black, Black British, Black Welsh, Caribbean or African: Caribbean",9,L14.1: Never worked,21
E05013702,Clerkenwell,7,"Black, Black British, Black Welsh, Caribbean or African: Caribbean",10,L14.2: Long-term unemployed,6
E05013702,Clerkenwell,7,"Black, Black British, Black Welsh, Caribbean or African: Caribbean",11,L15: Full-time students,20
E05013702,Clerkenwell,8,"Black, Black British, Black Welsh, Caribbean or African: Other Black",-8,Does not apply,35
E05013702,Clerkenwell,8,"Black, Black British, Black Welsh, Caribbean or African: Other Black",1,L1 and L2: Large employers and higher managerial and administrative occupations,0
E05013702,Clerkenwell,8,"Black, Black British, Black Welsh, Caribbean or African: Other Black",2,L3: Higher professional occupations,4
E05013702,Clerkenwell,8,"Black, Black British, Black Welsh, Caribbean or African: Other Black",3,"L4, L5 and L6: Lower managerial, administrative and professional occupations",9
E05013702,Clerkenwell,8,"Black, Black British, Black Welsh, Caribbean or African: Other Black",4,L7: Intermediate occupations,1
E05013702,Clerkenwell,8,"Black, Black British, Black Welsh, Caribbean or African: Other Black",5,L8 and L9: Small employers and own account workers,5
E05013702,Clerkenwell,8,"Black, Black British, Black Welsh, Caribbean or African: Other Black",6,L10 and L11: Lower supervisory and technical occupations,4
E05013702,Clerkenwell,8,"Black, Black British, Black Welsh, Caribbean or African: Other Black",7,L12: Semi-routine occupations,12
E05013702,Clerkenwell,8,"Black, Black British, Black Welsh, Caribbean or African: Other Black",8,L13: Routine occupations,9
E05013702,Clerkenwell,8,"Black, Black British, Black Welsh, Caribbean or African: Other Black",9,L14.1: Never worked,11
E05013702,Clerkenwell,8,"Black, Black British, Black Welsh, Caribbean or African: Other Black",10,L14.2: Long-term unemployed,4
E05013702,Clerkenwell,8,"Black, Black British, Black Welsh, Caribbean or African: Other Black",11,L15: Full-time students,18
E05013702,Clerkenwell,9,Mixed or Multiple ethnic groups: White and Asian,-8,Does not apply,60
E05013702,Clerkenwell,9,Mixed or Multiple ethnic groups: White and Asian,1,L1 and L2: Large employers and higher managerial and administrative occupations,10
E05013702,Clerkenwell,9,Mixed or Multiple ethnic groups: White and Asian,2,L3: Higher professional occupations,26
E05013702,Clerkenwell,9,Mixed or Multiple ethnic groups: White and Asian,3,"L4, L5 and L6: Lower managerial, administrative and professional occupations",30
E05013702,Clerkenwell,9,Mixed or Multiple ethnic groups: White and Asian,4,L7: Intermediate occupations,5
E05013702,Clerkenwell,9,Mixed or Multiple ethnic groups: White and Asian,5,L8 and L9: Small employers and own account workers,7
E05013702,Clerkenwell,9,Mixed or Multiple ethnic groups: White and Asian,6,L10 and L11: Lower supervisory and technical occupations,1
E05013702,Clerkenwell,9,Mixed or Multiple ethnic groups: White and Asian,7,L12: Semi-routine occupations,1
E05013702,Clerkenwell,9,Mixed or Multiple ethnic groups: White and Asian,8,L13: Routine occupations,2
E05013702,Clerkenwell,9,Mixed or Multiple ethnic groups: White and Asian,9,L14.1: Never worked,0
E05013702,Clerkenwell,9,Mixed or Multiple ethnic groups: White and Asian,10,L14.2: Long-term unemployed,2
E05013702,Clerkenwell,9,Mixed or Multiple ethnic groups: White and Asian,11,L15: Full-time students,43
E05013702,Clerkenwell,10,Mixed or Multiple ethnic groups: White and Black African,-8,Does not apply,24
E05013702,Clerkenwell,10,Mixed or Multiple ethnic groups: White and Black African,1,L1 and L2: Large employers and higher managerial and administrative occupations,1
E05013702,Clerkenwell,10,Mixed or Multiple ethnic groups: White and Black African,2,L3: Higher professional occupations,7
E05013702,Clerkenwell,10,Mixed or Multiple ethnic groups: White and Black African,3,"L4, L5 and L6: Lower managerial, administrative and professional occupations",17
E05013702,Clerkenwell,10,Mixed or Multiple ethnic groups: White and Black African,4,L7: Intermediate occupations,5
E05013702,Clerkenwell,10,Mixed or Multiple ethnic groups: White and Black African,5,L8 and L9: Small employers and own account workers,5
E05013702,Clerkenwell,10,Mixed or Multiple ethnic groups: White and Black African,6,L10 and L11: Lower supervisory and technical occupations,3
E05013702,Clerkenwell,10,Mixed or Multiple ethnic groups: White and Black African,7,L12: Semi-routine occupations,4
E05013702,Clerkenwell,10,Mixed or Multiple ethnic groups: White and Black African,8,L13: Routine occupations,3
E05013702,Clerkenwell,10,Mixed or Multiple ethnic groups: White and Black African,9,L14.1: Never worked,1
E05013702,Clerkenwell,10,Mixed or Multiple ethnic groups: White and Black African,10,L14.2: Long-term unemployed,1
E05013702,Clerkenwell,10,Mixed or Multiple ethnic groups: White and Black African,11,L15: Full-time students,21
E05013702,Clerkenwell,11,Mixed or Multiple ethnic groups: White and Black Caribbean,-8,Does not apply,50
E05013702,Clerkenwell,11,Mixed or Multiple ethnic groups: White and Black Caribbean,1,L1 and L2: Large employers and higher managerial and administrative occupations,2
E05013702,Clerkenwell,11,Mixed or Multiple ethnic groups: White and Black Caribbean,2,L3: Higher professional occupations,10
E05013702,Clerkenwell,11,Mixed or Multiple ethnic groups: White and Black Caribbean,3,"L4, L5 and L6: Lower managerial, administrative and professional occupations",17
E05013702,Clerkenwell,11,Mixed or Multiple ethnic groups: White and Black Caribbean,4,L7: Intermediate occupations,9
E05013702,Clerkenwell,11,Mixed or Multiple ethnic groups: White and Black Caribbean,5,L8 and L9: Small employers and own account workers,10
E05013702,Clerkenwell,11,Mixed or Multiple ethnic groups: White and Black Caribbean,6,L10 and L11: Lower supervisory and technical occupations,6
E05013702,Clerkenwell,11,Mixed or Multiple ethnic groups: White and Black Caribbean,7,L12: Semi-routine occupations,8
E05013702,Clerkenwell,11,Mixed or Multiple ethnic groups: White and Black Caribbean,8,L13: Routine occupations,10
E05013702,Clerkenwell,11,Mixed or Multiple ethnic groups: White and Black Caribbean,9,L14.1: Never worked,6
E05013702,Clerkenwell,11,Mixed or Multiple ethnic groups: White and Black Caribbean,10,L14.2: Long-term unemployed,7
E05013702,Clerkenwell,11,Mixed or Multiple ethnic groups: White and Black Caribbean,11,L15: Full-time students,20
E05013702,Clerkenwell,12,Mixed or Multiple ethnic groups: Other Mixed or Multiple ethnic groups,-8,Does not apply,62
E05013702,Clerkenwell,12,Mixed or Multiple ethnic groups: Other Mixed or Multiple ethnic groups,1,L1 and L2: Large employers and higher managerial and administrative occupations,15
E05013702,Clerkenwell,12,Mixed or Multiple ethnic groups: Other Mixed or Multiple ethnic groups,2,L3: Higher professional occupations,28
E05013702,Clerkenwell,12,Mixed or Multiple ethnic groups: Other Mixed or Multiple ethnic groups,3,"L4, L5 and L6: Lower managerial, administrative and professional occupations",33
E05013702,Clerkenwell,12,Mixed or Multiple ethnic groups: Other Mixed or Multiple ethnic groups,4,L7: Intermediate occupations,10
E05013702,Clerkenwell,12,Mixed or Multiple ethnic groups: Other Mixed or Multiple ethnic groups,5,L8 and L9: Small employers and own account workers,9
E05013702,Clerkenwell,12,Mixed or Multiple ethnic groups: Other Mixed or Multiple ethnic groups,6,L10 and L11: Lower supervisory and technical occupations,5
E05013702,Clerkenwell,12,Mixed or Multiple ethnic groups: Other Mixed or Multiple ethnic groups,7,L12: Semi-routine occupations,10
E05013702,Clerkenwell,12,Mixed or Multiple ethnic groups: Other Mixed or Multiple ethnic groups,8,L13: Routine occupations,9
E05013702,Clerkenwell,12,Mixed or Multiple ethnic groups: Other Mixed or Multiple ethnic groups,9,L14.1: Never worked,5
E05013702,Clerkenwell,12,Mixed or Multiple ethnic groups: Other Mixed or Multiple ethnic groups,10,L14.2: Long-term unemployed,5
E05013702,Clerkenwell,12,Mixed or Multiple ethnic groups: Other Mixed or Multiple ethnic groups,11,L15: Full-time students,41
E05013702,Clerkenwell,13,"White: English, Welsh, Scottish, Northern Irish or British",-8,Does not apply,497
E05013702,Clerkenwell,13,"White: English, Welsh, Scottish, Northern Irish or British",1,L1 and L2: Large employers and higher managerial and administrative occupations,258
E05013702,Clerkenwell,13,"White: English, Welsh, Scottish, Northern Irish or British",2,L3: Higher professional occupations,684
E05013702,Clerkenwell,13,"White: English, Welsh, Scottish, Northern Irish or British",3,"L4, L5 and L6: Lower managerial, administrative and professional occupations",863
E05013702,Clerkenwell,13,"White: English, Welsh, Scottish, Northern Irish or British",4,L7: Intermediate occupations,326
E05013702,Clerkenwell,13,"White: English, Welsh, Scottish, Northern Irish or British",5,L8 and L9: Small employers and own account workers,354
E05013702,Clerkenwell,13,"White: English, Welsh, Scottish, Northern Irish or British",6,L10 and L11: Lower supervisory and technical occupations,98
E05013702,Clerkenwell,13,"White: English, Welsh, Scottish, Northern Irish or British",7,L12: Semi-routine occupations,261
E05013702,Clerkenwell,13,"White: English, Welsh, Scottish, Northern Irish or British",8,L13: Routine occupations,303
E05013702,Clerkenwell,13,"White: English, Welsh, Scottish, Northern Irish or British",9,L14.1: Never worked,226
E05013702,Clerkenwell,13,"White: English, Welsh, Scottish, Northern Irish or British",10,L14.2: Long-term unemployed,50
E05013702,Clerkenwell,13,"White: English, Welsh, Scottish, Northern Irish or British",11,L15: Full-time students,500
E05013702,Clerkenwell,14,White: Irish,-8,Does not apply,9
E05013702,Clerkenwell,14,White: Irish,1,L1 and L2: Large employers and higher managerial and administrative occupations,23
E05013702,Clerkenwell,14,White: Irish,2,L3: Higher professional occupations,43
E05013702,Clerkenwell,14,White: Irish,3,"L4, L5 and L6: Lower managerial, administrative and professional occupations",75
E05013702,Clerkenwell,14,White: Irish,4,L7: Intermediate occupations,20
E05013702,Clerkenwell,14,White: Irish,5,L8 and L9: Small employers and own account workers,35
E05013702,Clerkenwell,14,White: Irish,6,L10 and L11: Lower supervisory and technical occupations,16
E05013702,Clerkenwell,14,White: Irish,7,L12: Semi-routine occupations,23
E05013702,Clerkenwell,14,White: Irish,8,L13: Routine occupations,26
E05013702,Clerkenwell,14,White: Irish,9,L14.1: Never worked,47
E05013702,Clerkenwell,14,White: Irish,10,L14.2: Long-term unemployed,3
E05013702,Clerkenwell,14,White: Irish,11,L15: Full-time students,20
E05013702,Clerkenwell,15,White: Gypsy or Irish Traveller,-8,Does not apply,0
E05013702,Clerkenwell,15,White: Gypsy or Irish Traveller,1,L1 and L2: Large employers and higher managerial and administrative occupations,0
E05013702,Clerkenwell,15,White: Gypsy or Irish Traveller,2,L3: Higher professional occupations,0
E05013702,Clerkenwell,15,White: Gypsy or Irish Traveller,3,"L4, L5 and L6: Lower managerial, administrative and professional occupations",0
E05013702,Clerkenwell,15,White: Gypsy or Irish Traveller,4,L7: Intermediate occupations,0
E05013702,Clerkenwell,15,White: Gypsy or Irish Traveller,5,L8 and L9: Small employers and own account workers,0
E05013702,Clerkenwell,15,White: Gypsy or Irish Traveller,6,L10 and L11: Lower supervisory and technical occupations,0
E05013702,Clerkenwell,15,White: Gypsy or Irish Traveller,7,L12: Semi-routine occupations,0
E05013702,Clerkenwell,15,White: Gypsy or Irish Traveller,8,L13: Routine occupations,0
E05013702,Clerkenwell,15,White: Gypsy or Irish Traveller,9,L14.1: Never worked,0
E05013702,Clerkenwell,15,White: Gypsy or Irish Traveller,10,L14.2: Long-term unemployed,0
E05013702,Clerkenwell,15,White: Gypsy or Irish Traveller,11,L15: Full-time students,0
E05013702,Clerkenwell,16,White: Roma,-8,Does not apply,2
E05013702,Clerkenwell,16,White: Roma,1,L1 and L2: Large employers and higher managerial and administrative occupations,4
E05013702,Clerkenwell,16,White: Roma,2,L3: Higher professional occupations,6
E05013702,Clerkenwell,16,White: Roma,3,"L4, L5 and L6: Lower managerial, administrative and professional occupations",7
E05013702,Clerkenwell,16,White: Roma,4,L7: Intermediate occupations,0
E05013702,Clerkenwell,16,White: Roma,5,L8 and L9: Small employers and own account workers,4
E05013702,Clerkenwell,16,White: Roma,6,L10 and L11: Lower supervisory and technical occupations,1
E05013702,Clerkenwell,16,White: Roma,7,L12: Semi-routine occupations,0
E05013702,Clerkenwell,16,White: Roma,8,L13: Routine occupations,1
E05013702,Clerkenwell,16,White: Roma,9,L14.1: Never worked,0
E05013702,Clerkenwell,16,White: Roma,10,L14.2: Long-term unemployed,1
E05013702,Clerkenwell,16,White: Roma,11,L15: Full-time students,6
E05013702,Clerkenwell,17,White: Other White,-8,Does not apply,130
E05013702,Clerkenwell,17,White: Other White,1,L1 and L2: Large employers and higher managerial and administrative occupations,177
E05013702,Clerkenwell,17,White: Other White,2,L3: Higher professional occupations,573
E05013702,Clerkenwell,17,White: Other White,3,"L4, L5 and L6: Lower managerial, administrative and professional occupations",418
E05013702,Clerkenwell,17,White: Other White,4,L7: Intermediate occupations,99
E05013702,Clerkenwell,17,White: Other White,5,L8 and L9: Small employers and own account workers,125
E05013702,Clerkenwell,17,White: Other White,6,L10 and L11: Lower supervisory and technical occupations,35
E05013702,Clerkenwell,17,White: Other White,7,L12: Semi-routine occupations,67
E05013702,Clerkenwell,17,White: Other White,8,L13: Routine occupations,86
E05013702,Clerkenwell,17,White: Other White,9,L14.1: Never worked,65
E05013702,Clerkenwell,17,White: Other White,10,L14.2: Long-term unemployed,26
E05013702,Clerkenwell,17,White: Other White,11,L15: Full-time students,435
E05013702,Clerkenwell,18,Other ethnic group: Arab,-8,Does not apply,19
E05013702,Clerkenwell,18,Other ethnic group: Arab,1,L1 and L2: Large employers and higher managerial and administrative occupations,10
E05013702,Clerkenwell,18,Other ethnic group: Arab,2,L3: Higher professional occupations,21
E05013702,Clerkenwell,18,Other ethnic group: Arab,3,"L4, L5 and L6: Lower managerial, administrative and professional occupations",8
E05013702,Clerkenwell,18,Other ethnic group: Arab,4,L7: Intermediate occupations,1
E05013702,Clerkenwell,18,Other ethnic group: Arab,5,L8 and L9: Small employers and own account workers,7
E05013702,Clerkenwell,18,Other ethnic group: Arab,6,L10 and L11: Lower supervisory and technical occupations,0
E05013702,Clerkenwell,18,Other ethnic group: Arab,7,L12: Semi-routine occupations,7
E05013702,Clerkenwell,18,Other ethnic group: Arab,8,L13: Routine occupations,2
E05013702,Clerkenwell,18,Other ethnic group: Arab,9,L14.1: Never worked,7
E05013702,Clerkenwell,18,Other ethnic group: Arab,10,L14.2: Long-term unemployed,3
E05013702,Clerkenwell,18,Other ethnic group: Arab,11,L15: Full-time students,38
E05013702,Clerkenwell,19,Other ethnic group: Any other ethnic group,-8,Does not apply,185
E05013702,Clerkenwell,19,Other ethnic group: Any other ethnic group,1,L1 and L2: Large employers and higher managerial and administrative occupations,23
E05013702,Clerkenwell,19,Other ethnic group: Any other ethnic group,2,L3: Higher professional occupations,51
E05013702,Clerkenwell,19,Other ethnic group: Any other ethnic group,3,"L4, L5 and L6: Lower managerial, administrative and professional occupations",68
E05013702,Clerkenwell,19,Other ethnic group: Any other ethnic group,4,L7: Intermediate occupations,43
E05013702,Clerkenwell,19,Other ethnic group: Any other ethnic group,5,L8 and L9: Small employers and own account workers,55
E05013702,Clerkenwell,19,Other ethnic group: Any other ethnic group,6,L10 and L11: Lower supervisory and technical occupations,20
E05013702,Clerkenwell,19,Other ethnic group: Any other ethnic group,7,L12: Semi-routine occupations,33
E05013702,Clerkenwell,19,Other ethnic group: Any other ethnic group,8,L13: Routine occupations,46
E05013702,Clerkenwell,19,Other ethnic group: Any other ethnic group,9,L14.1: Never worked,104
E05013702,Clerkenwell,19,Other ethnic group: Any other ethnic group,10,L14.2: Long-term unemployed,45
E05013702,Clerkenwell,19,Other ethnic group: Any other ethnic group,11,L15: Full-time students,89
E05013703,Finsbury Park,-8,Does not apply,-8,Does not apply,0
E05013703,Finsbury Park,-8,Does not apply,1,L1 and L2: Large employers and higher managerial and administrative occupations,0
E05013703,Finsbury Park,-8,Does not apply,2,L3: Higher professional occupations,0
E05013703,Finsbury Park,-8,Does not apply,3,"L4, L5 and L6: Lower managerial, administrative and professional occupations",0
E05013703,Finsbury Park,-8,Does not apply,4,L7: Intermediate occupations,0
E05013703,Finsbury Park,-8,Does not apply,5,L8 and L9: Small employers and own account workers,0
E05013703,Finsbury Park,-8,Does not apply,6,L10 and L11: Lower supervisory and technical occupations,0
E05013703,Finsbury Park,-8,Does not apply,7,L12: Semi-routine occupations,0
E05013703,Finsbury Park,-8,Does not apply,8,L13: Routine occupations,0
E05013703,Finsbury Park,-8,Does not apply,9,L14.1: Never worked,0
E05013703,Finsbury Park,-8,Does not apply,10,L14.2: Long-term unemployed,0
E05013703,Finsbury Park,-8,Does not apply,11,L15: Full-time students,0
E05013703,Finsbury Park,1,"Asian, Asian British or Asian Welsh: Bangladeshi",-8,Does not apply,137
E05013703,Finsbury Park,1,"Asian, Asian British or Asian Welsh: Bangladeshi",1,L1 and L2: Large employers and higher managerial and administrative occupations,5
E05013703,Finsbury Park,1,"Asian, Asian British or Asian Welsh: Bangladeshi",2,L3: Higher professional occupations,17
E05013703,Finsbury Park,1,"Asian, Asian British or Asian Welsh: Bangladeshi",3,"L4, L5 and L6: Lower managerial, administrative and professional occupations",48
E05013703,Finsbury Park,1,"Asian, Asian British or Asian Welsh: Bangladeshi",4,L7: Intermediate occupations,30
E05013703,Finsbury Park,1,"Asian, Asian British or Asian Welsh: Bangladeshi",5,L8 and L9: Small employers and own account workers,30
E05013703,Finsbury Park,1,"Asian, Asian British or Asian Welsh: Bangladeshi",6,L10 and L11: Lower supervisory and technical occupations,13
E05013703,Finsbury Park,1,"Asian, Asian British or Asian Welsh: Bangladeshi",7,L12: Semi-routine occupations,45
E05013703,Finsbury Park,1,"Asian, Asian British or Asian Welsh: Bangladeshi",8,L13: Routine occupations,45
E05013703,Finsbury Park,1,"Asian, Asian British or Asian Welsh: Bangladeshi",9,L14.1: Never worked,118
E05013703,Finsbury Park,1,"Asian, Asian British or Asian Welsh: Bangladeshi",10,L14.2: Long-term unemployed,7
E05013703,Finsbury Park,1,"Asian, Asian British or Asian Welsh: Bangladeshi",11,L15: Full-time students,71
E05013703,Finsbury Park,2,"Asian, Asian British or Asian Welsh: Chinese",-8,Does not apply,22
E05013703,Finsbury Park,2,"Asian, Asian British or Asian Welsh: Chinese",1,L1 and L2: Large employers and higher managerial and administrative occupations,9
E05013703,Finsbury Park,2,"Asian, Asian British or Asian Welsh: Chinese",2,L3: Higher professional occupations,76
E05013703,Finsbury Park,2,"Asian, Asian British or Asian Welsh: Chinese",3,"L4, L5 and L6: Lower managerial, administrative and professional occupations",54
E05013703,Finsbury Park,2,"Asian, Asian British or Asian Welsh: Chinese",4,L7: Intermediate occupations,21
E05013703,Finsbury Park,2,"Asian, Asian British or Asian Welsh: Chinese",5,L8 and L9: Small employers and own account workers,25
E05013703,Finsbury Park,2,"Asian, Asian British or Asian Welsh: Chinese",6,L10 and L11: Lower supervisory and technical occupations,16
E05013703,Finsbury Park,2,"Asian, Asian British or Asian Welsh: Chinese",7,L12: Semi-routine occupations,15
E05013703,Finsbury Park,2,"Asian, Asian British or Asian Welsh: Chinese",8,L13: Routine occupations,23
E05013703,Finsbury Park,2,"Asian, Asian British or Asian Welsh: Chinese",9,L14.1: Never worked,30
E05013703,Finsbury Park,2,"Asian, Asian British or Asian Welsh: Chinese",10,L14.2: Long-term unemployed,1
E05013703,Finsbury Park,2,"Asian, Asian British or Asian Welsh: Chinese",11,L15: Full-time students,113
E05013703,Finsbury Park,3,"Asian, Asian British or Asian Welsh: Indian",-8,Does not apply,16
E05013703,Finsbury Park,3,"Asian, Asian British or Asian Welsh: Indian",1,L1 and L2: Large employers and higher managerial and administrative occupations,12
E05013703,Finsbury Park,3,"Asian, Asian British or Asian Welsh: Indian",2,L3: Higher professional occupations,45
E05013703,Finsbury Park,3,"Asian, Asian British or Asian Welsh: Indian",3,"L4, L5 and L6: Lower managerial, administrative and professional occupations",30
E05013703,Finsbury Park,3,"Asian, Asian British or Asian Welsh: Indian",4,L7: Intermediate occupations,24
E05013703,Finsbury Park,3,"Asian, Asian British or Asian Welsh: Indian",5,L8 and L9: Small employers and own account workers,8
E05013703,Finsbury Park,3,"Asian, Asian British or Asian Welsh: Indian",6,L10 and L11: Lower supervisory and technical occupations,3
E05013703,Finsbury Park,3,"Asian, Asian British or Asian Welsh: Indian",7,L12: Semi-routine occupations,6
E05013703,Finsbury Park,3,"Asian, Asian British or Asian Welsh: Indian",8,L13: Routine occupations,10
E05013703,Finsbury Park,3,"Asian, Asian British or Asian Welsh: Indian",9,L14.1: Never worked,10
E05013703,Finsbury Park,3,"Asian, Asian British or Asian Welsh: Indian",10,L14.2: Long-term unemployed,7
E05013703,Finsbury Park,3,"Asian, Asian British or Asian Welsh: Indian",11,L15: Full-time students,24
E05013703,Finsbury Park,4,"Asian, Asian British or Asian Welsh: Pakistani",-8,Does not apply,22
E05013703,Finsbury Park,4,"Asian, Asian British or Asian Welsh: Pakistani",1,L1 and L2: Large employers and higher managerial and administrative occupations,4
E05013703,Finsbury Park,4,"Asian, Asian British or Asian Welsh: Pakistani",2,L3: Higher professional occupations,12
E05013703,Finsbury Park,4,"Asian, Asian British or Asian Welsh: Pakistani",3,"L4, L5 and L6: Lower managerial, administrative and professional occupations",18
E05013703,Finsbury Park,4,"Asian, Asian British or Asian Welsh: Pakistani",4,L7: Intermediate occupations,4
E05013703,Finsbury Park,4,"Asian, Asian British or Asian Welsh: Pakistani",5,L8 and L9: Small employers and own account workers,7
E05013703,Finsbury Park,4,"Asian, Asian British or Asian Welsh: Pakistani",6,L10 and L11: Lower supervisory and technical occupations,0
E05013703,Finsbury Park,4,"Asian, Asian British or Asian Welsh: Pakistani",7,L12: Semi-routine occupations,11
E05013703,Finsbury Park,4,"Asian, Asian British or Asian Welsh: Pakistani",8,L13: Routine occupations,3
E05013703,Finsbury Park,4,"Asian, Asian British or Asian Welsh: Pakistani",9,L14.1: Never worked,18
E05013703,Finsbury Park,4,"Asian, Asian British or Asian Welsh: Pakistani",10,L14.2: Long-term unemployed,0
E05013703,Finsbury Park,4,"Asian, Asian British or Asian Welsh: Pakistani",11,L15: Full-time students,14
E05013703,Finsbury Park,5,"Asian, Asian British or Asian Welsh: Other Asian",-8,Does not apply,114
E05013703,Finsbury Park,5,"Asian, Asian British or Asian Welsh: Other Asian",1,L1 and L2: Large employers and higher managerial and administrative occupations,17
E05013703,Finsbury Park,5,"Asian, Asian British or Asian Welsh: Other Asian",2,L3: Higher professional occupations,45
E05013703,Finsbury Park,5,"Asian, Asian British or Asian Welsh: Other Asian",3,"L4, L5 and L6: Lower managerial, administrative and professional occupations",91
E05013703,Finsbury Park,5,"Asian, Asian British or Asian Welsh: Other Asian",4,L7: Intermediate occupations,42
E05013703,Finsbury Park,5,"Asian, Asian British or Asian Welsh: Other Asian",5,L8 and L9: Small employers and own account workers,28
E05013703,Finsbury Park,5,"Asian, Asian British or Asian Welsh: Other Asian",6,L10 and L11: Lower supervisory and technical occupations,34
E05013703,Finsbury Park,5,"Asian, Asian British or Asian Welsh: Other Asian",7,L12: Semi-routine occupations,34
E05013703,Finsbury Park,5,"Asian, Asian British or Asian Welsh: Other Asian",8,L13: Routine occupations,75
E05013703,Finsbury Park,5,"Asian, Asian British or Asian Welsh: Other Asian",9,L14.1: Never worked,64
E05013703,Finsbury Park,5,"Asian, Asian British or Asian Welsh: Other Asian",10,L14.2: Long-term unemployed,27
E05013703,Finsbury Park,5,"Asian, Asian British or Asian Welsh: Other Asian",11,L15: Full-time students,55
E05013703,Finsbury Park,6,"Black, Black British, Black Welsh, Caribbean or African: African",-8,Does not apply,503
E05013703,Finsbury Park,6,"Black, Black British, Black Welsh, Caribbean or African: African",1,L1 and L2: Large employers and higher managerial and administrative occupations,19
E05013703,Finsbury Park,6,"Black, Black British, Black Welsh, Caribbean or African: African",2,L3: Higher professional occupations,72
E05013703,Finsbury Park,6,"Black, Black British, Black Welsh, Caribbean or African: African",3,"L4, L5 and L6: Lower managerial, administrative and professional occupations",190
E05013703,Finsbury Park,6,"Black, Black British, Black Welsh, Caribbean or African: African",4,L7: Intermediate occupations,114
E05013703,Finsbury Park,6,"Black, Black British, Black Welsh, Caribbean or African: African",5,L8 and L9: Small employers and own account workers,157
E05013703,Finsbury Park,6,"Black, Black British, Black Welsh, Caribbean or African: African",6,L10 and L11: Lower supervisory and technical occupations,44
E05013703,Finsbury Park,6,"Black, Black British, Black Welsh, Caribbean or African: African",7,L12: Semi-routine occupations,167
E05013703,Finsbury Park,6,"Black, Black British, Black Welsh, Caribbean or African: African",8,L13: Routine occupations,128
E05013703,Finsbury Park,6,"Black, Black British, Black Welsh, Caribbean or African: African",9,L14.1: Never worked,246
E05013703,Finsbury Park,6,"Black, Black British, Black Welsh, Caribbean or African: African",10,L14.2: Long-term unemployed,53
E05013703,Finsbury Park,6,"Black, Black British, Black Welsh, Caribbean or African: African",11,L15: Full-time students,278
E05013703,Finsbury Park,7,"Black, Black British, Black Welsh, Caribbean or African: Caribbean",-8,Does not apply,95
E05013703,Finsbury Park,7,"Black, Black British, Black Welsh, Caribbean or African: Caribbean",1,L1 and L2: Large employers and higher managerial and administrative occupations,10
E05013703,Finsbury Park,7,"Black, Black British, Black Welsh, Caribbean or African: Caribbean",2,L3: Higher professional occupations,19
E05013703,Finsbury Park,7,"Black, Black British, Black Welsh, Caribbean or African: Caribbean",3,"L4, L5 and L6: Lower managerial, administrative and professional occupations",85
E05013703,Finsbury Park,7,"Black, Black British, Black Welsh, Caribbean or African: Caribbean",4,L7: Intermediate occupations,63
E05013703,Finsbury Park,7,"Black, Black British, Black Welsh, Caribbean or African: Caribbean",5,L8 and L9: Small employers and own account workers,39
E05013703,Finsbury Park,7,"Black, Black British, Black Welsh, Caribbean or African: Caribbean",6,L10 and L11: Lower supervisory and technical occupations,32
E05013703,Finsbury Park,7,"Black, Black British, Black Welsh, Caribbean or African: Caribbean",7,L12: Semi-routine occupations,78
E05013703,Finsbury Park,7,"Black, Black British, Black Welsh, Caribbean or African: Caribbean",8,L13: Routine occupations,68
E05013703,Finsbury Park,7,"Black, Black British, Black Welsh, Caribbean or African: Caribbean",9,L14.1: Never worked,58
E05013703,Finsbury Park,7,"Black, Black British, Black Welsh, Caribbean or African: Caribbean",10,L14.2: Long-term unemployed,18
E05013703,Finsbury Park,7,"Black, Black British, Black Welsh, Caribbean or African: Caribbean",11,L15: Full-time students,47
E05013703,Finsbury Park,8,"Black, Black British, Black Welsh, Caribbean or African: Other Black",-8,Does not apply,124
E05013703,Finsbury Park,8,"Black, Black British, Black Welsh, Caribbean or African: Other Black",1,L1 and L2: Large employers and higher managerial and administrative occupations,3
E05013703,Finsbury Park,8,"Black, Black British, Black Welsh, Caribbean or African: Other Black",2,L3: Higher professional occupations,5
E05013703,Finsbury Park,8,"Black, Black British, Black Welsh, Caribbean or African: Other Black",3,"L4, L5 and L6: Lower managerial, administrative and professional occupations",32
E05013703,Finsbury Park,8,"Black, Black British, Black Welsh, Caribbean or African: Other Black",4,L7: Intermediate occupations,31
E05013703,Finsbury Park,8,"Black, Black British, Black Welsh, Caribbean or African: Other Black",5,L8 and L9: Small employers and own account workers,6
E05013703,Finsbury Park,8,"Black, Black British, Black Welsh, Caribbean or African: Other Black",6,L10 and L11: Lower supervisory and technical occupations,8
E05013703,Finsbury Park,8,"Black, Black British, Black Welsh, Caribbean or African: Other Black",7,L12: Semi-routine occupations,20
E05013703,Finsbury Park,8,"Black, Black British, Black Welsh, Caribbean or African: Other Black",8,L13: Routine occupations,18
E05013703,Finsbury Park,8,"Black, Black British, Black Welsh, Caribbean or African: Other Black",9,L14.1: Never worked,34
E05013703,Finsbury Park,8,"Black, Black British, Black Welsh, Caribbean or African: Other Black",10,L14.2: Long-term unemployed,10
E05013703,Finsbury Park,8,"Black, Black British, Black Welsh, Caribbean or African: Other Black",11,L15: Full-time students,36
E05013703,Finsbury Park,9,Mixed or Multiple ethnic groups: White and Asian,-8,Does not apply,71
E05013703,Finsbury Park,9,Mixed or Multiple ethnic groups: White and Asian,1,L1 and L2: Large employers and higher managerial and administrative occupations,7
E05013703,Finsbury Park,9,Mixed or Multiple ethnic groups: White and Asian,2,L3: Higher professional occupations,25
E05013703,Finsbury Park,9,Mixed or Multiple ethnic groups: White and Asian,3,"L4, L5 and L6: Lower managerial, administrative and professional occupations",33
E05013703,Finsbury Park,9,Mixed or Multiple ethnic groups: White and Asian,4,L7: Intermediate occupations,6
E05013703,Finsbury Park,9,Mixed or Multiple ethnic groups: White and Asian,5,L8 and L9: Small employers and own account workers,11
E05013703,Finsbury Park,9,Mixed or Multiple ethnic groups: White and Asian,6,L10 and L11: Lower supervisory and technical occupations,8
E05013703,Finsbury Park,9,Mixed or Multiple ethnic groups: White and Asian,7,L12: Semi-routine occupations,6
E05013703,Finsbury Park,9,Mixed or Multiple ethnic groups: White and Asian,8,L13: Routine occupations,2
E05013703,Finsbury Park,9,Mixed or Multiple ethnic groups: White and Asian,9,L14.1: Never worked,4
E05013703,Finsbury Park,9,Mixed or Multiple ethnic groups: White and Asian,10,L14.2: Long-term unemployed,2
E05013703,Finsbury Park,9,Mixed or Multiple ethnic groups: White and Asian,11,L15: Full-time students,37
E05013703,Finsbury Park,10,Mixed or Multiple ethnic groups: White and Black African,-8,Does not apply,62
E05013703,Finsbury Park,10,Mixed or Multiple ethnic groups: White and Black African,1,L1 and L2: Large employers and higher managerial and administrative occupations,5
E05013703,Finsbury Park,10,Mixed or Multiple ethnic groups: White and Black African,2,L3: Higher professional occupations,11
E05013703,Finsbury Park,10,Mixed or Multiple ethnic groups: White and Black African,3,"L4, L5 and L6: Lower managerial, administrative and professional occupations",23
E05013703,Finsbury Park,10,Mixed or Multiple ethnic groups: White and Black African,4,L7: Intermediate occupations,7
E05013703,Finsbury Park,10,Mixed or Multiple ethnic groups: White and Black African,5,L8 and L9: Small employers and own account workers,7
E05013703,Finsbury Park,10,Mixed or Multiple ethnic groups: White and Black African,6,L10 and L11: Lower supervisory and technical occupations,2
E05013703,Finsbury Park,10,Mixed or Multiple ethnic groups: White and Black African,7,L12: Semi-routine occupations,8
E05013703,Finsbury Park,10,Mixed or Multiple ethnic groups: White and Black African,8,L13: Routine occupations,12
E05013703,Finsbury Park,10,Mixed or Multiple ethnic groups: White and Black African,9,L14.1: Never worked,11
E05013703,Finsbury Park,10,Mixed or Multiple ethnic groups: White and Black African,10,L14.2: Long-term unemployed,7
E05013703,Finsbury Park,10,Mixed or Multiple ethnic groups: White and Black African,11,L15: Full-time students,21
E05013703,Finsbury Park,11,Mixed or Multiple ethnic groups: White and Black Caribbean,-8,Does not apply,100
E05013703,Finsbury Park,11,Mixed or Multiple ethnic groups: White and Black Caribbean,1,L1 and L2: Large employers and higher managerial and administrative occupations,3
E05013703,Finsbury Park,11,Mixed or Multiple ethnic groups: White and Black Caribbean,2,L3: Higher professional occupations,11
E05013703,Finsbury Park,11,Mixed or Multiple ethnic groups: White and Black Caribbean,3,"L4, L5 and L6: Lower managerial, administrative and professional occupations",23
E05013703,Finsbury Park,11,Mixed or Multiple ethnic groups: White and Black Caribbean,4,L7: Intermediate occupations,14
E05013703,Finsbury Park,11,Mixed or Multiple ethnic groups: White and Black Caribbean,5,L8 and L9: Small employers and own account workers,9
E05013703,Finsbury Park,11,Mixed or Multiple ethnic groups: White and Black Caribbean,6,L10 and L11: Lower supervisory and technical occupations,10
E05013703,Finsbury Park,11,Mixed or Multiple ethnic groups: White and Black Caribbean,7,L12: Semi-routine occupations,16
E05013703,Finsbury Park,11,Mixed or Multiple ethnic groups: White and Black Caribbean,8,L13: Routine occupations,29
E05013703,Finsbury Park,11,Mixed or Multiple ethnic groups: White and Black Caribbean,9,L14.1: Never worked,22
E05013703,Finsbury Park,11,Mixed or Multiple ethnic groups: White and Black Caribbean,10,L14.2: Long-term unemployed,10
E05013703,Finsbury Park,11,Mixed or Multiple ethnic groups: White and Black Caribbean,11,L15: Full-time students,37
E05013703,Finsbury Park,12,Mixed or Multiple ethnic groups: Other Mixed or Multiple ethnic groups,-8,Does not apply,118
E05013703,Finsbury Park,12,Mixed or Multiple ethnic groups: Other Mixed or Multiple ethnic groups,1,L1 and L2: Large employers and higher managerial and administrative occupations,10
E05013703,Finsbury Park,12,Mixed or Multiple ethnic groups: Other Mixed or Multiple ethnic groups,2,L3: Higher professional occupations,41
E05013703,Finsbury Park,12,Mixed or Multiple ethnic groups: Other Mixed or Multiple ethnic groups,3,"L4, L5 and L6: Lower managerial, administrative and professional occupations",59
E05013703,Finsbury Park,12,Mixed or Multiple ethnic groups: Other Mixed or Multiple ethnic groups,4,L7: Intermediate occupations,22
E05013703,Finsbury Park,12,Mixed or Multiple ethnic groups: Other Mixed or Multiple ethnic groups,5,L8 and L9: Small employers and own account workers,14
E05013703,Finsbury Park,12,Mixed or Multiple ethnic groups: Other Mixed or Multiple ethnic groups,6,L10 and L11: Lower supervisory and technical occupations,9
E05013703,Finsbury Park,12,Mixed or Multiple ethnic groups: Other Mixed or Multiple ethnic groups,7,L12: Semi-routine occupations,17
E05013703,Finsbury Park,12,Mixed or Multiple ethnic groups: Other Mixed or Multiple ethnic groups,8,L13: Routine occupations,26
E05013703,Finsbury Park,12,Mixed or Multiple ethnic groups: Other Mixed or Multiple ethnic groups,9,L14.1: Never worked,23
E05013703,Finsbury Park,12,Mixed or Multiple ethnic groups: Other Mixed or Multiple ethnic groups,10,L14.2: Long-term unemployed,5
E05013703,Finsbury Park,12,Mixed or Multiple ethnic groups: Other Mixed or Multiple ethnic groups,11,L15: Full-time students,25
E05013703,Finsbury Park,13,"White: English, Welsh, Scottish, Northern Irish or British",-8,Does not apply,443
E05013703,Finsbury Park,13,"White: English, Welsh, Scottish, Northern Irish or British",1,L1 and L2: Large employers and higher managerial and administrative occupations,200
E05013703,Finsbury Park,13,"White: English, Welsh, Scottish, Northern Irish or British",2,L3: Higher professional occupations,740
E05013703,Finsbury Park,13,"White: English, Welsh, Scottish, Northern Irish or British",3,"L4, L5 and L6: Lower managerial, administrative and professional occupations",1041
E05013703,Finsbury Park,13,"White: English, Welsh, Scottish, Northern Irish or British",4,L7: Intermediate occupations,326
E05013703,Finsbury Park,13,"White: English, Welsh, Scottish, Northern Irish or British",5,L8 and L9: Small employers and own account workers,268
E05013703,Finsbury Park,13,"White: English, Welsh, Scottish, Northern Irish or British",6,L10 and L11: Lower supervisory and technical occupations,112
E05013703,Finsbury Park,13,"White: English, Welsh, Scottish, Northern Irish or British",7,L12: Semi-routine occupations,223
E05013703,Finsbury Park,13,"White: English, Welsh, Scottish, Northern Irish or British",8,L13: Routine occupations,230
E05013703,Finsbury Park,13,"White: English, Welsh, Scottish, Northern Irish or British",9,L14.1: Never worked,288
E05013703,Finsbury Park,13,"White: English, Welsh, Scottish, Northern Irish or British",10,L14.2: Long-term unemployed,50
E05013703,Finsbury Park,13,"White: English, Welsh, Scottish, Northern Irish or British",11,L15: Full-time students,471
E05013703,Finsbury Park,14,White: Irish,-8,Does not apply,9
E05013703,Finsbury Park,14,White: Irish,1,L1 and L2: Large employers and higher managerial and administrative occupations,15
E05013703,Finsbury Park,14,White: Irish,2,L3: Higher professional occupations,67
E05013703,Finsbury Park,14,White: Irish,3,"L4, L5 and L6: Lower managerial, administrative and professional occupations",89
E05013703,Finsbury Park,14,White: Irish,4,L7: Intermediate occupations,37
E05013703,Finsbury Park,14,White: Irish,5,L8 and L9: Small employers and own account workers,36
E05013703,Finsbury Park,14,White: Irish,6,L10 and L11: Lower supervisory and technical occupations,13
E05013703,Finsbury Park,14,White: Irish,7,L12: Semi-routine occupations,46
E05013703,Finsbury Park,14,White: Irish,8,L13: Routine occupations,35
E05013703,Finsbury Park,14,White: Irish,9,L14.1: Never worked,39
E05013703,Finsbury Park,14,White: Irish,10,L14.2: Long-term unemployed,2
E05013703,Finsbury Park,14,White: Irish,11,L15: Full-time students,18
E05013703,Finsbury Park,15,White: Gypsy or Irish Traveller,-8,Does not apply,6
E05013703,Finsbury Park,15,White: Gypsy or Irish Traveller,1,L1 and L2: Large employers and higher managerial and administrative occupations,0
E05013703,Finsbury Park,15,White: Gypsy or Irish Traveller,2,L3: Higher professional occupations,2
E05013703,Finsbury Park,15,White: Gypsy or Irish Traveller,3,"L4, L5 and L6: Lower managerial, administrative and professional occupations",0
E05013703,Finsbury Park,15,White: Gypsy or Irish Traveller,4,L7: Intermediate occupations,1
E05013703,Finsbury Park,15,White: Gypsy or Irish Traveller,5,L8 and L9: Small employers and own account workers,0
E05013703,Finsbury Park,15,White: Gypsy or Irish Traveller,6,L10 and L11: Lower supervisory and technical occupations,0
E05013703,Finsbury Park,15,White: Gypsy or Irish Traveller,7,L12: Semi-routine occupations,0
E05013703,Finsbury Park,15,White: Gypsy or Irish Traveller,8,L13: Routine occupations,0
E05013703,Finsbury Park,15,White: Gypsy or Irish Traveller,9,L14.1: Never worked,2
E05013703,Finsbury Park,15,White: Gypsy or Irish Traveller,10,L14.2: Long-term unemployed,0
E05013703,Finsbury Park,15,White: Gypsy or Irish Traveller,11,L15: Full-time students,0
E05013703,Finsbury Park,16,White: Roma,-8,Does not apply,7
E05013703,Finsbury Park,16,White: Roma,1,L1 and L2: Large employers and higher managerial and administrative occupations,2
E05013703,Finsbury Park,16,White: Roma,2,L3: Higher professional occupations,7
E05013703,Finsbury Park,16,White: Roma,3,"L4, L5 and L6: Lower managerial, administrative and professional occupations",20
E05013703,Finsbury Park,16,White: Roma,4,L7: Intermediate occupations,4
E05013703,Finsbury Park,16,White: Roma,5,L8 and L9: Small employers and own account workers,4
E05013703,Finsbury Park,16,White: Roma,6,L10 and L11: Lower supervisory and technical occupations,12
E05013703,Finsbury Park,16,White: Roma,7,L12: Semi-routine occupations,8
E05013703,Finsbury Park,16,White: Roma,8,L13: Routine occupations,19
E05013703,Finsbury Park,16,White: Roma,9,L14.1: Never worked,10
E05013703,Finsbury Park,16,White: Roma,10,L14.2: Long-term unemployed,2
E05013703,Finsbury Park,16,White: Roma,11,L15: Full-time students,10
E05013703,Finsbury Park,17,White: Other White,-8,Does not apply,157
E05013703,Finsbury Park,17,White: Other White,1,L1 and L2: Large employers and higher managerial and administrative occupations,112
E05013703,Finsbury Park,17,White: Other White,2,L3: Higher professional occupations,405
E05013703,Finsbury Park,17,White: Other White,3,"L4, L5 and L6: Lower managerial, administrative and professional occupations",520
E05013703,Finsbury Park,17,White: Other White,4,L7: Intermediate occupations,166
E05013703,Finsbury Park,17,White: Other White,5,L8 and L9: Small employers and own account workers,205
E05013703,Finsbury Park,17,White: Other White,6,L10 and L11: Lower supervisory and technical occupations,91
E05013703,Finsbury Park,17,White: Other White,7,L12: Semi-routine occupations,139
E05013703,Finsbury Park,17,White: Other White,8,L13: Routine occupations,219
E05013703,Finsbury Park,17,White: Other White,9,L14.1: Never worked,109
E05013703,Finsbury Park,17,White: Other White,10,L14.2: Long-term unemployed,44
E05013703,Finsbury Park,17,White: Other White,11,L15: Full-time students,248
E05013703,Finsbury Park,18,Other ethnic group: Arab,-8,Does not apply,91
E05013703,Finsbury Park,18,Other ethnic group: Arab,1,L1 and L2: Large employers and higher managerial and administrative occupations,4
E05013703,Finsbury Park,18,Other ethnic group: Arab,2,L3: Higher professional occupations,10
E05013703,Finsbury Park,18,Other ethnic group: Arab,3,"L4, L5 and L6: Lower managerial, administrative and professional occupations",26
E05013703,Finsbury Park,18,Other ethnic group: Arab,4,L7: Intermediate occupations,10
E05013703,Finsbury Park,18,Other ethnic group: Arab,5,L8 and L9: Small employers and own account workers,20
E05013703,Finsbury Park,18,Other ethnic group: Arab,6,L10 and L11: Lower supervisory and technical occupations,12
E05013703,Finsbury Park,18,Other ethnic group: Arab,7,L12: Semi-routine occupations,12
E05013703,Finsbury Park,18,Other ethnic group: Arab,8,L13: Routine occupations,18
E05013703,Finsbury Park,18,Other ethnic group: Arab,9,L14.1: Never worked,37
E05013703,Finsbury Park,18,Other ethnic group: Arab,10,L14.2: Long-term unemployed,5
E05013703,Finsbury Park,18,Other ethnic group: Arab,11,L15: Full-time students,20
E05013703,Finsbury Park,19,Other ethnic group: Any other ethnic group,-8,Does not apply,202
E05013703,Finsbury Park,19,Other ethnic group: Any other ethnic group,1,L1 and L2: Large employers and higher managerial and administrative occupations,19
E05013703,Finsbury Park,19,Other ethnic group: Any other ethnic group,2,L3: Higher professional occupations,48
E05013703,Finsbury Park,19,Other ethnic group: Any other ethnic group,3,"L4, L5 and L6: Lower managerial, administrative and professional occupations",152
E05013703,Finsbury Park,19,Other ethnic group: Any other ethnic group,4,L7: Intermediate occupations,61
E05013703,Finsbury Park,19,Other ethnic group: Any other ethnic group,5,L8 and L9: Small employers and own account workers,79
E05013703,Finsbury Park,19,Other ethnic group: Any other ethnic group,6,L10 and L11: Lower supervisory and technical occupations,63
E05013703,Finsbury Park,19,Other ethnic group: Any other ethnic group,7,L12: Semi-routine occupations,104
E05013703,Finsbury Park,19,Other ethnic group: Any other ethnic group,8,L13: Routine occupations,193
E05013703,Finsbury Park,19,Other ethnic group: Any other ethnic group,9,L14.1: Never worked,162
E05013703,Finsbury Park,19,Other ethnic group: Any other ethnic group,10,L14.2: Long-term unemployed,26
E05013703,Finsbury Park,19,Other ethnic group: Any other ethnic group,11,L15: Full-time students,92
E05013704,Highbury,-8,Does not apply,-8,Does not apply,0
E05013704,Highbury,-8,Does not apply,1,L1 and L2: Large employers and higher managerial and administrative occupations,0
E05013704,Highbury,-8,Does not apply,2,L3: Higher professional occupations,0
E05013704,Highbury,-8,Does not apply,3,"L4, L5 and L6: Lower managerial, administrative and professional occupations",0
E05013704,Highbury,-8,Does not apply,4,L7: Intermediate occupations,0
E05013704,Highbury,-8,Does not apply,5,L8 and L9: Small employers and own account workers,0
E05013704,Highbury,-8,Does not apply,6,L10 and L11: Lower supervisory and technical occupations,0
E05013704,Highbury,-8,Does not apply,7,L12: Semi-routine occupations,0
E05013704,Highbury,-8,Does not apply,8,L13: Routine occupations,0
E05013704,Highbury,-8,Does not apply,9,L14.1: Never worked,0
E05013704,Highbury,-8,Does not apply,10,L14.2: Long-term unemployed,0
E05013704,Highbury,-8,Does not apply,11,L15: Full-time students,0
E05013704,Highbury,1,"Asian, Asian British or Asian Welsh: Bangladeshi",-8,Does not apply,60
E05013704,Highbury,1,"Asian, Asian British or Asian Welsh: Bangladeshi",1,L1 and L2: Large employers and higher managerial and administrative occupations,6
E05013704,Highbury,1,"Asian, Asian British or Asian Welsh: Bangladeshi",2,L3: Higher professional occupations,9
E05013704,Highbury,1,"Asian, Asian British or Asian Welsh: Bangladeshi",3,"L4, L5 and L6: Lower managerial, administrative and professional occupations",21
E05013704,Highbury,1,"Asian, Asian British or Asian Welsh: Bangladeshi",4,L7: Intermediate occupations,9
E05013704,Highbury,1,"Asian, Asian British or Asian Welsh: Bangladeshi",5,L8 and L9: Small employers and own account workers,12
E05013704,Highbury,1,"Asian, Asian British or Asian Welsh: Bangladeshi",6,L10 and L11: Lower supervisory and technical occupations,8
E05013704,Highbury,1,"Asian, Asian British or Asian Welsh: Bangladeshi",7,L12: Semi-routine occupations,18
E05013704,Highbury,1,"Asian, Asian British or Asian Welsh: Bangladeshi",8,L13: Routine occupations,12
E05013704,Highbury,1,"Asian, Asian British or Asian Welsh: Bangladeshi",9,L14.1: Never worked,24
E05013704,Highbury,1,"Asian, Asian British or Asian Welsh: Bangladeshi",10,L14.2: Long-term unemployed,4
E05013704,Highbury,1,"Asian, Asian British or Asian Welsh: Bangladeshi",11,L15: Full-time students,27
E05013704,Highbury,2,"Asian, Asian British or Asian Welsh: Chinese",-8,Does not apply,9
E05013704,Highbury,2,"Asian, Asian British or Asian Welsh: Chinese",1,L1 and L2: Large employers and higher managerial and administrative occupations,15
E05013704,Highbury,2,"Asian, Asian British or Asian Welsh: Chinese",2,L3: Higher professional occupations,47
E05013704,Highbury,2,"Asian, Asian British or Asian Welsh: Chinese",3,"L4, L5 and L6: Lower managerial, administrative and professional occupations",34
E05013704,Highbury,2,"Asian, Asian British or Asian Welsh: Chinese",4,L7: Intermediate occupations,8
E05013704,Highbury,2,"Asian, Asian British or Asian Welsh: Chinese",5,L8 and L9: Small employers and own account workers,9
E05013704,Highbury,2,"Asian, Asian British or Asian Welsh: Chinese",6,L10 and L11: Lower supervisory and technical occupations,2
E05013704,Highbury,2,"Asian, Asian British or Asian Welsh: Chinese",7,L12: Semi-routine occupations,5
E05013704,Highbury,2,"Asian, Asian British or Asian Welsh: Chinese",8,L13: Routine occupations,6
E05013704,Highbury,2,"Asian, Asian British or Asian Welsh: Chinese",9,L14.1: Never worked,16
E05013704,Highbury,2,"Asian, Asian British or Asian Welsh: Chinese",10,L14.2: Long-term unemployed,3
E05013704,Highbury,2,"Asian, Asian British or Asian Welsh: Chinese",11,L15: Full-time students,14
E05013704,Highbury,3,"Asian, Asian British or Asian Welsh: Indian",-8,Does not apply,25
E05013704,Highbury,3,"Asian, Asian British or Asian Welsh: Indian",1,L1 and L2: Large employers and higher managerial and administrative occupations,28
E05013704,Highbury,3,"Asian, Asian British or Asian Welsh: Indian",2,L3: Higher professional occupations,72
E05013704,Highbury,3,"Asian, Asian British or Asian Welsh: Indian",3,"L4, L5 and L6: Lower managerial, administrative and professional occupations",49
E05013704,Highbury,3,"Asian, Asian British or Asian Welsh: Indian",4,L7: Intermediate occupations,10
E05013704,Highbury,3,"Asian, Asian British or Asian Welsh: Indian",5,L8 and L9: Small employers and own account workers,12
E05013704,Highbury,3,"Asian, Asian British or Asian Welsh: Indian",6,L10 and L11: Lower supervisory and technical occupations,2
E05013704,Highbury,3,"Asian, Asian British or Asian Welsh: Indian",7,L12: Semi-routine occupations,8
E05013704,Highbury,3,"Asian, Asian British or Asian Welsh: Indian",8,L13: Routine occupations,3
E05013704,Highbury,3,"Asian, Asian British or Asian Welsh: Indian",9,L14.1: Never worked,13
E05013704,Highbury,3,"Asian, Asian British or Asian Welsh: Indian",10,L14.2: Long-term unemployed,3
E05013704,Highbury,3,"Asian, Asian British or Asian Welsh: Indian",11,L15: Full-time students,16
E05013704,Highbury,4,"Asian, Asian British or Asian Welsh: Pakistani",-8,Does not apply,5
E05013704,Highbury,4,"Asian, Asian British or Asian Welsh: Pakistani",1,L1 and L2: Large employers and higher managerial and administrative occupations,4
E05013704,Highbury,4,"Asian, Asian British or Asian Welsh: Pakistani",2,L3: Higher professional occupations,7
E05013704,Highbury,4,"Asian, Asian British or Asian Welsh: Pakistani",3,"L4, L5 and L6: Lower managerial, administrative and professional occupations",7
E05013704,Highbury,4,"Asian, Asian British or Asian Welsh: Pakistani",4,L7: Intermediate occupations,3
E05013704,Highbury,4,"Asian, Asian British or Asian Welsh: Pakistani",5,L8 and L9: Small employers and own account workers,4
E05013704,Highbury,4,"Asian, Asian British or Asian Welsh: Pakistani",6,L10 and L11: Lower supervisory and technical occupations,0
E05013704,Highbury,4,"Asian, Asian British or Asian Welsh: Pakistani",7,L12: Semi-routine occupations,1
E05013704,Highbury,4,"Asian, Asian British or Asian Welsh: Pakistani",8,L13: Routine occupations,3
E05013704,Highbury,4,"Asian, Asian British or Asian Welsh: Pakistani",9,L14.1: Never worked,4
E05013704,Highbury,4,"Asian, Asian British or Asian Welsh: Pakistani",10,L14.2: Long-term unemployed,1
E05013704,Highbury,4,"Asian, Asian British or Asian Welsh: Pakistani",11,L15: Full-time students,0
E05013704,Highbury,5,"Asian, Asian British or Asian Welsh: Other Asian",-8,Does not apply,26
E05013704,Highbury,5,"Asian, Asian British or Asian Welsh: Other Asian",1,L1 and L2: Large employers and higher managerial and administrative occupations,15
E05013704,Highbury,5,"Asian, Asian British or Asian Welsh: Other Asian",2,L3: Higher professional occupations,37
E05013704,Highbury,5,"Asian, Asian British or Asian Welsh: Other Asian",3,"L4, L5 and L6: Lower managerial, administrative and professional occupations",37
E05013704,Highbury,5,"Asian, Asian British or Asian Welsh: Other Asian",4,L7: Intermediate occupations,12
E05013704,Highbury,5,"Asian, Asian British or Asian Welsh: Other Asian",5,L8 and L9: Small employers and own account workers,21
E05013704,Highbury,5,"Asian, Asian British or Asian Welsh: Other Asian",6,L10 and L11: Lower supervisory and technical occupations,21
E05013704,Highbury,5,"Asian, Asian British or Asian Welsh: Other Asian",7,L12: Semi-routine occupations,8
E05013704,Highbury,5,"Asian, Asian British or Asian Welsh: Other Asian",8,L13: Routine occupations,20
E05013704,Highbury,5,"Asian, Asian British or Asian Welsh: Other Asian",9,L14.1: Never worked,18
E05013704,Highbury,5,"Asian, Asian British or Asian Welsh: Other Asian",10,L14.2: Long-term unemployed,6
E05013704,Highbury,5,"Asian, Asian British or Asian Welsh: Other Asian",11,L15: Full-time students,15
E05013704,Highbury,6,"Black, Black British, Black Welsh, Caribbean or African: African",-8,Does not apply,249
E05013704,Highbury,6,"Black, Black British, Black Welsh, Caribbean or African: African",1,L1 and L2: Large employers and higher managerial and administrative occupations,8
E05013704,Highbury,6,"Black, Black British, Black Welsh, Caribbean or African: African",2,L3: Higher professional occupations,25
E05013704,Highbury,6,"Black, Black British, Black Welsh, Caribbean or African: African",3,"L4, L5 and L6: Lower managerial, administrative and professional occupations",90
E05013704,Highbury,6,"Black, Black British, Black Welsh, Caribbean or African: African",4,L7: Intermediate occupations,67
E05013704,Highbury,6,"Black, Black British, Black Welsh, Caribbean or African: African",5,L8 and L9: Small employers and own account workers,74
E05013704,Highbury,6,"Black, Black British, Black Welsh, Caribbean or African: African",6,L10 and L11: Lower supervisory and technical occupations,26
E05013704,Highbury,6,"Black, Black British, Black Welsh, Caribbean or African: African",7,L12: Semi-routine occupations,107
E05013704,Highbury,6,"Black, Black British, Black Welsh, Caribbean or African: African",8,L13: Routine occupations,68
E05013704,Highbury,6,"Black, Black British, Black Welsh, Caribbean or African: African",9,L14.1: Never worked,123
E05013704,Highbury,6,"Black, Black British, Black Welsh, Caribbean or African: African",10,L14.2: Long-term unemployed,19
E05013704,Highbury,6,"Black, Black British, Black Welsh, Caribbean or African: African",11,L15: Full-time students,143
E05013704,Highbury,7,"Black, Black British, Black Welsh, Caribbean or African: Caribbean",-8,Does not apply,45
E05013704,Highbury,7,"Black, Black British, Black Welsh, Caribbean or African: Caribbean",1,L1 and L2: Large employers and higher managerial and administrative occupations,10
E05013704,Highbury,7,"Black, Black British, Black Welsh, Caribbean or African: Caribbean",2,L3: Higher professional occupations,15
E05013704,Highbury,7,"Black, Black British, Black Welsh, Caribbean or African: Caribbean",3,"L4, L5 and L6: Lower managerial, administrative and professional occupations",58
E05013704,Highbury,7,"Black, Black British, Black Welsh, Caribbean or African: Caribbean",4,L7: Intermediate occupations,47
E05013704,Highbury,7,"Black, Black British, Black Welsh, Caribbean or African: Caribbean",5,L8 and L9: Small employers and own account workers,22
E05013704,Highbury,7,"Black, Black British, Black Welsh, Caribbean or African: Caribbean",6,L10 and L11: Lower supervisory and technical occupations,19
E05013704,Highbury,7,"Black, Black British, Black Welsh, Caribbean or African: Caribbean",7,L12: Semi-routine occupations,42
E05013704,Highbury,7,"Black, Black British, Black Welsh, Caribbean or African: Caribbean",8,L13: Routine occupations,39
E05013704,Highbury,7,"Black, Black British, Black Welsh, Caribbean or African: Caribbean",9,L14.1: Never worked,39
E05013704,Highbury,7,"Black, Black British, Black Welsh, Caribbean or African: Caribbean",10,L14.2: Long-term unemployed,11
E05013704,Highbury,7,"Black, Black British, Black Welsh, Caribbean or African: Caribbean",11,L15: Full-time students,18
E05013704,Highbury,8,"Black, Black British, Black Welsh, Caribbean or African: Other Black",-8,Does not apply,38
E05013704,Highbury,8,"Black, Black British, Black Welsh, Caribbean or African: Other Black",1,L1 and L2: Large employers and higher managerial and administrative occupations,2
E05013704,Highbury,8,"Black, Black British, Black Welsh, Caribbean or African: Other Black",2,L3: Higher professional occupations,10
E05013704,Highbury,8,"Black, Black British, Black Welsh, Caribbean or African: Other Black",3,"L4, L5 and L6: Lower managerial, administrative and professional occupations",16
E05013704,Highbury,8,"Black, Black British, Black Welsh, Caribbean or African: Other Black",4,L7: Intermediate occupations,8
E05013704,Highbury,8,"Black, Black British, Black Welsh, Caribbean or African: Other Black",5,L8 and L9: Small employers and own account workers,9
E05013704,Highbury,8,"Black, Black British, Black Welsh, Caribbean or African: Other Black",6,L10 and L11: Lower supervisory and technical occupations,4
E05013704,Highbury,8,"Black, Black British, Black Welsh, Caribbean or African: Other Black",7,L12: Semi-routine occupations,13
E05013704,Highbury,8,"Black, Black British, Black Welsh, Caribbean or African: Other Black",8,L13: Routine occupations,11
E05013704,Highbury,8,"Black, Black British, Black Welsh, Caribbean or African: Other Black",9,L14.1: Never worked,8
E05013704,Highbury,8,"Black, Black British, Black Welsh, Caribbean or African: Other Black",10,L14.2: Long-term unemployed,5
E05013704,Highbury,8,"Black, Black British, Black Welsh, Caribbean or African: Other Black",11,L15: Full-time students,18
E05013704,Highbury,9,Mixed or Multiple ethnic groups: White and Asian,-8,Does not apply,117
E05013704,Highbury,9,Mixed or Multiple ethnic groups: White and Asian,1,L1 and L2: Large employers and higher managerial and administrative occupations,14
E05013704,Highbury,9,Mixed or Multiple ethnic groups: White and Asian,2,L3: Higher professional occupations,63
E05013704,Highbury,9,Mixed or Multiple ethnic groups: White and Asian,3,"L4, L5 and L6: Lower managerial, administrative and professional occupations",43
E05013704,Highbury,9,Mixed or Multiple ethnic groups: White and Asian,4,L7: Intermediate occupations,11
E05013704,Highbury,9,Mixed or Multiple ethnic groups: White and Asian,5,L8 and L9: Small employers and own account workers,11
E05013704,Highbury,9,Mixed or Multiple ethnic groups: White and Asian,6,L10 and L11: Lower supervisory and technical occupations,1
E05013704,Highbury,9,Mixed or Multiple ethnic groups: White and Asian,7,L12: Semi-routine occupations,6
E05013704,Highbury,9,Mixed or Multiple ethnic groups: White and Asian,8,L13: Routine occupations,6
E05013704,Highbury,9,Mixed or Multiple ethnic groups: White and Asian,9,L14.1: Never worked,2
E05013704,Highbury,9,Mixed or Multiple ethnic groups: White and Asian,10,L14.2: Long-term unemployed,4
E05013704,Highbury,9,Mixed or Multiple ethnic groups: White and Asian,11,L15: Full-time students,22
E05013704,Highbury,10,Mixed or Multiple ethnic groups: White and Black African,-8,Does not apply,33
E05013704,Highbury,10,Mixed or Multiple ethnic groups: White and Black African,1,L1 and L2: Large employers and higher managerial and administrative occupations,3
E05013704,Highbury,10,Mixed or Multiple ethnic groups: White and Black African,2,L3: Higher professional occupations,13
E05013704,Highbury,10,Mixed or Multiple ethnic groups: White and Black African,3,"L4, L5 and L6: Lower managerial, administrative and professional occupations",15
E05013704,Highbury,10,Mixed or Multiple ethnic groups: White and Black African,4,L7: Intermediate occupations,1
E05013704,Highbury,10,Mixed or Multiple ethnic groups: White and Black African,5,L8 and L9: Small employers and own account workers,9
E05013704,Highbury,10,Mixed or Multiple ethnic groups: White and Black African,6,L10 and L11: Lower supervisory and technical occupations,4
E05013704,Highbury,10,Mixed or Multiple ethnic groups: White and Black African,7,L12: Semi-routine occupations,4
E05013704,Highbury,10,Mixed or Multiple ethnic groups: White and Black African,8,L13: Routine occupations,4
E05013704,Highbury,10,Mixed or Multiple ethnic groups: White and Black African,9,L14.1: Never worked,3
E05013704,Highbury,10,Mixed or Multiple ethnic groups: White and Black African,10,L14.2: Long-term unemployed,4
E05013704,Highbury,10,Mixed or Multiple ethnic groups: White and Black African,11,L15: Full-time students,7
E05013704,Highbury,11,Mixed or Multiple ethnic groups: White and Black Caribbean,-8,Does not apply,69
E05013704,Highbury,11,Mixed or Multiple ethnic groups: White and Black Caribbean,1,L1 and L2: Large employers and higher managerial and administrative occupations,6
E05013704,Highbury,11,Mixed or Multiple ethnic groups: White and Black Caribbean,2,L3: Higher professional occupations,18
E05013704,Highbury,11,Mixed or Multiple ethnic groups: White and Black Caribbean,3,"L4, L5 and L6: Lower managerial, administrative and professional occupations",31
E05013704,Highbury,11,Mixed or Multiple ethnic groups: White and Black Caribbean,4,L7: Intermediate occupations,18
E05013704,Highbury,11,Mixed or Multiple ethnic groups: White and Black Caribbean,5,L8 and L9: Small employers and own account workers,8
E05013704,Highbury,11,Mixed or Multiple ethnic groups: White and Black Caribbean,6,L10 and L11: Lower supervisory and technical occupations,3
E05013704,Highbury,11,Mixed or Multiple ethnic groups: White and Black Caribbean,7,L12: Semi-routine occupations,14
E05013704,Highbury,11,Mixed or Multiple ethnic groups: White and Black Caribbean,8,L13: Routine occupations,8
E05013704,Highbury,11,Mixed or Multiple ethnic groups: White and Black Caribbean,9,L14.1: Never worked,8
E05013704,Highbury,11,Mixed or Multiple ethnic groups: White and Black Caribbean,10,L14.2: Long-term unemployed,2
E05013704,Highbury,11,Mixed or Multiple ethnic groups: White and Black Caribbean,11,L15: Full-time students,13
E05013704,Highbury,12,Mixed or Multiple ethnic groups: Other Mixed or Multiple ethnic groups,-8,Does not apply,103
E05013704,Highbury,12,Mixed or Multiple ethnic groups: Other Mixed or Multiple ethnic groups,1,L1 and L2: Large employers and higher managerial and administrative occupations,12
E05013704,Highbury,12,Mixed or Multiple ethnic groups: Other Mixed or Multiple ethnic groups,2,L3: Higher professional occupations,56
E05013704,Highbury,12,Mixed or Multiple ethnic groups: Other Mixed or Multiple ethnic groups,3,"L4, L5 and L6: Lower managerial, administrative and professional occupations",54
E05013704,Highbury,12,Mixed or Multiple ethnic groups: Other Mixed or Multiple ethnic groups,4,L7: Intermediate occupations,12
E05013704,Highbury,12,Mixed or Multiple ethnic groups: Other Mixed or Multiple ethnic groups,5,L8 and L9: Small employers and own account workers,13
E05013704,Highbury,12,Mixed or Multiple ethnic groups: Other Mixed or Multiple ethnic groups,6,L10 and L11: Lower supervisory and technical occupations,5
E05013704,Highbury,12,Mixed or Multiple ethnic groups: Other Mixed or Multiple ethnic groups,7,L12: Semi-routine occupations,14
E05013704,Highbury,12,Mixed or Multiple ethnic groups: Other Mixed or Multiple ethnic groups,8,L13: Routine occupations,13
E05013704,Highbury,12,Mixed or Multiple ethnic groups: Other Mixed or Multiple ethnic groups,9,L14.1: Never worked,9
E05013704,Highbury,12,Mixed or Multiple ethnic groups: Other Mixed or Multiple ethnic groups,10,L14.2: Long-term unemployed,3
E05013704,Highbury,12,Mixed or Multiple ethnic groups: Other Mixed or Multiple ethnic groups,11,L15: Full-time students,30
E05013704,Highbury,13,"White: English, Welsh, Scottish, Northern Irish or British",-8,Does not apply,891
E05013704,Highbury,13,"White: English, Welsh, Scottish, Northern Irish or British",1,L1 and L2: Large employers and higher managerial and administrative occupations,533
E05013704,Highbury,13,"White: English, Welsh, Scottish, Northern Irish or British",2,L3: Higher professional occupations,1359
E05013704,Highbury,13,"White: English, Welsh, Scottish, Northern Irish or British",3,"L4, L5 and L6: Lower managerial, administrative and professional occupations",1592
E05013704,Highbury,13,"White: English, Welsh, Scottish, Northern Irish or British",4,L7: Intermediate occupations,385
E05013704,Highbury,13,"White: English, Welsh, Scottish, Northern Irish or British",5,L8 and L9: Small employers and own account workers,481
E05013704,Highbury,13,"White: English, Welsh, Scottish, Northern Irish or British",6,L10 and L11: Lower supervisory and technical occupations,113
E05013704,Highbury,13,"White: English, Welsh, Scottish, Northern Irish or British",7,L12: Semi-routine occupations,207
E05013704,Highbury,13,"White: English, Welsh, Scottish, Northern Irish or British",8,L13: Routine occupations,263
E05013704,Highbury,13,"White: English, Welsh, Scottish, Northern Irish or British",9,L14.1: Never worked,249
E05013704,Highbury,13,"White: English, Welsh, Scottish, Northern Irish or British",10,L14.2: Long-term unemployed,54
E05013704,Highbury,13,"White: English, Welsh, Scottish, Northern Irish or British",11,L15: Full-time students,373
E05013704,Highbury,14,White: Irish,-8,Does not apply,39
E05013704,Highbury,14,White: Irish,1,L1 and L2: Large employers and higher managerial and administrative occupations,36
E05013704,Highbury,14,White: Irish,2,L3: Higher professional occupations,108
E05013704,Highbury,14,White: Irish,3,"L4, L5 and L6: Lower managerial, administrative and professional occupations",133
E05013704,Highbury,14,White: Irish,4,L7: Intermediate occupations,44
E05013704,Highbury,14,White: Irish,5,L8 and L9: Small employers and own account workers,29
E05013704,Highbury,14,White: Irish,6,L10 and L11: Lower supervisory and technical occupations,14
E05013704,Highbury,14,White: Irish,7,L12: Semi-routine occupations,33
E05013704,Highbury,14,White: Irish,8,L13: Routine occupations,40
E05013704,Highbury,14,White: Irish,9,L14.1: Never worked,27
E05013704,Highbury,14,White: Irish,10,L14.2: Long-term unemployed,6
E05013704,Highbury,14,White: Irish,11,L15: Full-time students,18
E05013704,Highbury,15,White: Gypsy or Irish Traveller,-8,Does not apply,0
E05013704,Highbury,15,White: Gypsy or Irish Traveller,1,L1 and L2: Large employers and higher managerial and administrative occupations,0
E05013704,Highbury,15,White: Gypsy or Irish Traveller,2,L3: Higher professional occupations,0
E05013704,Highbury,15,White: Gypsy or Irish Traveller,3,"L4, L5 and L6: Lower managerial, administrative and professional occupations",2
E05013704,Highbury,15,White: Gypsy or Irish Traveller,4,L7: Intermediate occupations,0
E05013704,Highbury,15,White: Gypsy or Irish Traveller,5,L8 and L9: Small employers and own account workers,0
E05013704,Highbury,15,White: Gypsy or Irish Traveller,6,L10 and L11: Lower supervisory and technical occupations,0
E05013704,Highbury,15,White: Gypsy or Irish Traveller,7,L12: Semi-routine occupations,0
E05013704,Highbury,15,White: Gypsy or Irish Traveller,8,L13: Routine occupations,0
E05013704,Highbury,15,White: Gypsy or Irish Traveller,9,L14.1: Never worked,2
E05013704,Highbury,15,White: Gypsy or Irish Traveller,10,L14.2: Long-term unemployed,0
E05013704,Highbury,15,White: Gypsy or Irish Traveller,11,L15: Full-time students,0
E05013704,Highbury,16,White: Roma,-8,Does not apply,0
E05013704,Highbury,16,White: Roma,1,L1 and L2: Large employers and higher managerial and administrative occupations,2
E05013704,Highbury,16,White: Roma,2,L3: Higher professional occupations,4
E05013704,Highbury,16,White: Roma,3,"L4, L5 and L6: Lower managerial, administrative and professional occupations",4
E05013704,Highbury,16,White: Roma,4,L7: Intermediate occupations,2
E05013704,Highbury,16,White: Roma,5,L8 and L9: Small employers and own account workers,0
E05013704,Highbury,16,White: Roma,6,L10 and L11: Lower supervisory and technical occupations,1
E05013704,Highbury,16,White: Roma,7,L12: Semi-routine occupations,2
E05013704,Highbury,16,White: Roma,8,L13: Routine occupations,5
E05013704,Highbury,16,White: Roma,9,L14.1: Never worked,1
E05013704,Highbury,16,White: Roma,10,L14.2: Long-term unemployed,1
E05013704,Highbury,16,White: Roma,11,L15: Full-time students,0
E05013704,Highbury,17,White: Other White,-8,Does not apply,362
E05013704,Highbury,17,White: Other White,1,L1 and L2: Large employers and higher managerial and administrative occupations,266
E05013704,Highbury,17,White: Other White,2,L3: Higher professional occupations,655
E05013704,Highbury,17,White: Other White,3,"L4, L5 and L6: Lower managerial, administrative and professional occupations",612
E05013704,Highbury,17,White: Other White,4,L7: Intermediate occupations,115
E05013704,Highbury,17,White: Other White,5,L8 and L9: Small employers and own account workers,173
E05013704,Highbury,17,White: Other White,6,L10 and L11: Lower supervisory and technical occupations,48
E05013704,Highbury,17,White: Other White,7,L12: Semi-routine occupations,87
E05013704,Highbury,17,White: Other White,8,L13: Routine occupations,98
E05013704,Highbury,17,White: Other White,9,L14.1: Never worked,64
E05013704,Highbury,17,White: Other White,10,L14.2: Long-term unemployed,22
E05013704,Highbury,17,White: Other White,11,L15: Full-time students,120
E05013704,Highbury,18,Other ethnic group: Arab,-8,Does not apply,26
E05013704,Highbury,18,Other ethnic group: Arab,1,L1 and L2: Large employers and higher managerial and administrative occupations,2
E05013704,Highbury,18,Other ethnic group: Arab,2,L3: Higher professional occupations,14
E05013704,Highbury,18,Other ethnic group: Arab,3,"L4, L5 and L6: Lower managerial, administrative and professional occupations",18
E05013704,Highbury,18,Other ethnic group: Arab,4,L7: Intermediate occupations,7
E05013704,Highbury,18,Other ethnic group: Arab,5,L8 and L9: Small employers and own account workers,8
E05013704,Highbury,18,Other ethnic group: Arab,6,L10 and L11: Lower supervisory and technical occupations,2
E05013704,Highbury,18,Other ethnic group: Arab,7,L12: Semi-routine occupations,4
E05013704,Highbury,18,Other ethnic group: Arab,8,L13: Routine occupations,6
E05013704,Highbury,18,Other ethnic group: Arab,9,L14.1: Never worked,25
E05013704,Highbury,18,Other ethnic group: Arab,10,L14.2: Long-term unemployed,0
E05013704,Highbury,18,Other ethnic group: Arab,11,L15: Full-time students,10
E05013704,Highbury,19,Other ethnic group: Any other ethnic group,-8,Does not apply,88
E05013704,Highbury,19,Other ethnic group: Any other ethnic group,1,L1 and L2: Large employers and higher managerial and administrative occupations,14
E05013704,Highbury,19,Other ethnic group: Any other ethnic group,2,L3: Higher professional occupations,74
E05013704,Highbury,19,Other ethnic group: Any other ethnic group,3,"L4, L5 and L6: Lower managerial, administrative and professional occupations",97
E05013704,Highbury,19,Other ethnic group: Any other ethnic group,4,L7: Intermediate occupations,58
E05013704,Highbury,19,Other ethnic group: Any other ethnic group,5,L8 and L9: Small employers and own account workers,72
E05013704,Highbury,19,Other ethnic group: Any other ethnic group,6,L10 and L11: Lower supervisory and technical occupations,16
E05013704,Highbury,19,Other ethnic group: Any other ethnic group,7,L12: Semi-routine occupations,53
E05013704,Highbury,19,Other ethnic group: Any other ethnic group,8,L13: Routine occupations,69
E05013704,Highbury,19,Other ethnic group: Any other ethnic group,9,L14.1: Never worked,86
E05013704,Highbury,19,Other ethnic group: Any other ethnic group,10,L14.2: Long-term unemployed,6
E05013704,Highbury,19,Other ethnic group: Any other ethnic group,11,L15: Full-time students,61
E05013705,Hillrise,-8,Does not apply,-8,Does not apply,0
E05013705,Hillrise,-8,Does not apply,1,L1 and L2: Large employers and higher managerial and administrative occupations,0
E05013705,Hillrise,-8,Does not apply,2,L3: Higher professional occupations,0
E05013705,Hillrise,-8,Does not apply,3,"L4, L5 and L6: Lower managerial, administrative and professional occupations",0
E05013705,Hillrise,-8,Does not apply,4,L7: Intermediate occupations,0
E05013705,Hillrise,-8,Does not apply,5,L8 and L9: Small employers and own account workers,0
E05013705,Hillrise,-8,Does not apply,6,L10 and L11: Lower supervisory and technical occupations,0
E05013705,Hillrise,-8,Does not apply,7,L12: Semi-routine occupations,0
E05013705,Hillrise,-8,Does not apply,8,L13: Routine occupations,0
E05013705,Hillrise,-8,Does not apply,9,L14.1: Never worked,0
E05013705,Hillrise,-8,Does not apply,10,L14.2: Long-term unemployed,0
E05013705,Hillrise,-8,Does not apply,11,L15: Full-time students,0
E05013705,Hillrise,1,"Asian, Asian British or Asian Welsh: Bangladeshi",-8,Does not apply,99
E05013705,Hillrise,1,"Asian, Asian British or Asian Welsh: Bangladeshi",1,L1 and L2: Large employers and higher managerial and administrative occupations,7
E05013705,Hillrise,1,"Asian, Asian British or Asian Welsh: Bangladeshi",2,L3: Higher professional occupations,18
E05013705,Hillrise,1,"Asian, Asian British or Asian Welsh: Bangladeshi",3,"L4, L5 and L6: Lower managerial, administrative and professional occupations",22
E05013705,Hillrise,1,"Asian, Asian British or Asian Welsh: Bangladeshi",4,L7: Intermediate occupations,28
E05013705,Hillrise,1,"Asian, Asian British or Asian Welsh: Bangladeshi",5,L8 and L9: Small employers and own account workers,13
E05013705,Hillrise,1,"Asian, Asian British or Asian Welsh: Bangladeshi",6,L10 and L11: Lower supervisory and technical occupations,13
E05013705,Hillrise,1,"Asian, Asian British or Asian Welsh: Bangladeshi",7,L12: Semi-routine occupations,38
E05013705,Hillrise,1,"Asian, Asian British or Asian Welsh: Bangladeshi",8,L13: Routine occupations,22
E05013705,Hillrise,1,"Asian, Asian British or Asian Welsh: Bangladeshi",9,L14.1: Never worked,49
E05013705,Hillrise,1,"Asian, Asian British or Asian Welsh: Bangladeshi",10,L14.2: Long-term unemployed,5
E05013705,Hillrise,1,"Asian, Asian British or Asian Welsh: Bangladeshi",11,L15: Full-time students,47
E05013705,Hillrise,2,"Asian, Asian British or Asian Welsh: Chinese",-8,Does not apply,11
E05013705,Hillrise,2,"Asian, Asian British or Asian Welsh: Chinese",1,L1 and L2: Large employers and higher managerial and administrative occupations,9
E05013705,Hillrise,2,"Asian, Asian British or Asian Welsh: Chinese",2,L3: Higher professional occupations,33
E05013705,Hillrise,2,"Asian, Asian British or Asian Welsh: Chinese",3,"L4, L5 and L6: Lower managerial, administrative and professional occupations",27
E05013705,Hillrise,2,"Asian, Asian British or Asian Welsh: Chinese",4,L7: Intermediate occupations,8
E05013705,Hillrise,2,"Asian, Asian British or Asian Welsh: Chinese",5,L8 and L9: Small employers and own account workers,7
E05013705,Hillrise,2,"Asian, Asian British or Asian Welsh: Chinese",6,L10 and L11: Lower supervisory and technical occupations,4
E05013705,Hillrise,2,"Asian, Asian British or Asian Welsh: Chinese",7,L12: Semi-routine occupations,7
E05013705,Hillrise,2,"Asian, Asian British or Asian Welsh: Chinese",8,L13: Routine occupations,9
E05013705,Hillrise,2,"Asian, Asian British or Asian Welsh: Chinese",9,L14.1: Never worked,7
E05013705,Hillrise,2,"Asian, Asian British or Asian Welsh: Chinese",10,L14.2: Long-term unemployed,0
E05013705,Hillrise,2,"Asian, Asian British or Asian Welsh: Chinese",11,L15: Full-time students,16
E05013705,Hillrise,3,"Asian, Asian British or Asian Welsh: Indian",-8,Does not apply,24
E05013705,Hillrise,3,"Asian, Asian British or Asian Welsh: Indian",1,L1 and L2: Large employers and higher managerial and administrative occupations,19
E05013705,Hillrise,3,"Asian, Asian British or Asian Welsh: Indian",2,L3: Higher professional occupations,46
E05013705,Hillrise,3,"Asian, Asian British or Asian Welsh: Indian",3,"L4, L5 and L6: Lower managerial, administrative and professional occupations",41
E05013705,Hillrise,3,"Asian, Asian British or Asian Welsh: Indian",4,L7: Intermediate occupations,10
E05013705,Hillrise,3,"Asian, Asian British or Asian Welsh: Indian",5,L8 and L9: Small employers and own account workers,13
E05013705,Hillrise,3,"Asian, Asian British or Asian Welsh: Indian",6,L10 and L11: Lower supervisory and technical occupations,5
E05013705,Hillrise,3,"Asian, Asian British or Asian Welsh: Indian",7,L12: Semi-routine occupations,14
E05013705,Hillrise,3,"Asian, Asian British or Asian Welsh: Indian",8,L13: Routine occupations,7
E05013705,Hillrise,3,"Asian, Asian British or Asian Welsh: Indian",9,L14.1: Never worked,19
E05013705,Hillrise,3,"Asian, Asian British or Asian Welsh: Indian",10,L14.2: Long-term unemployed,3
E05013705,Hillrise,3,"Asian, Asian British or Asian Welsh: Indian",11,L15: Full-time students,20
E05013705,Hillrise,4,"Asian, Asian British or Asian Welsh: Pakistani",-8,Does not apply,13
E05013705,Hillrise,4,"Asian, Asian British or Asian Welsh: Pakistani",1,L1 and L2: Large employers and higher managerial and administrative occupations,0
E05013705,Hillrise,4,"Asian, Asian British or Asian Welsh: Pakistani",2,L3: Higher professional occupations,3
E05013705,Hillrise,4,"Asian, Asian British or Asian Welsh: Pakistani",3,"L4, L5 and L6: Lower managerial, administrative and professional occupations",9
E05013705,Hillrise,4,"Asian, Asian British or Asian Welsh: Pakistani",4,L7: Intermediate occupations,3
E05013705,Hillrise,4,"Asian, Asian British or Asian Welsh: Pakistani",5,L8 and L9: Small employers and own account workers,5
E05013705,Hillrise,4,"Asian, Asian British or Asian Welsh: Pakistani",6,L10 and L11: Lower supervisory and technical occupations,3
E05013705,Hillrise,4,"Asian, Asian British or Asian Welsh: Pakistani",7,L12: Semi-routine occupations,3
E05013705,Hillrise,4,"Asian, Asian British or Asian Welsh: Pakistani",8,L13: Routine occupations,0
E05013705,Hillrise,4,"Asian, Asian British or Asian Welsh: Pakistani",9,L14.1: Never worked,4
E05013705,Hillrise,4,"Asian, Asian British or Asian Welsh: Pakistani",10,L14.2: Long-term unemployed,0
E05013705,Hillrise,4,"Asian, Asian British or Asian Welsh: Pakistani",11,L15: Full-time students,1
E05013705,Hillrise,5,"Asian, Asian British or Asian Welsh: Other Asian",-8,Does not apply,47
E05013705,Hillrise,5,"Asian, Asian British or Asian Welsh: Other Asian",1,L1 and L2: Large employers and higher managerial and administrative occupations,10
E05013705,Hillrise,5,"Asian, Asian British or Asian Welsh: Other Asian",2,L3: Higher professional occupations,29
E05013705,Hillrise,5,"Asian, Asian British or Asian Welsh: Other Asian",3,"L4, L5 and L6: Lower managerial, administrative and professional occupations",64
E05013705,Hillrise,5,"Asian, Asian British or Asian Welsh: Other Asian",4,L7: Intermediate occupations,25
E05013705,Hillrise,5,"Asian, Asian British or Asian Welsh: Other Asian",5,L8 and L9: Small employers and own account workers,14
E05013705,Hillrise,5,"Asian, Asian British or Asian Welsh: Other Asian",6,L10 and L11: Lower supervisory and technical occupations,8
E05013705,Hillrise,5,"Asian, Asian British or Asian Welsh: Other Asian",7,L12: Semi-routine occupations,25
E05013705,Hillrise,5,"Asian, Asian British or Asian Welsh: Other Asian",8,L13: Routine occupations,21
E05013705,Hillrise,5,"Asian, Asian British or Asian Welsh: Other Asian",9,L14.1: Never worked,34
E05013705,Hillrise,5,"Asian, Asian British or Asian Welsh: Other Asian",10,L14.2: Long-term unemployed,6
E05013705,Hillrise,5,"Asian, Asian British or Asian Welsh: Other Asian",11,L15: Full-time students,28
E05013705,Hillrise,6,"Black, Black British, Black Welsh, Caribbean or African: African",-8,Does not apply,309
E05013705,Hillrise,6,"Black, Black British, Black Welsh, Caribbean or African: African",1,L1 and L2: Large employers and higher managerial and administrative occupations,9
E05013705,Hillrise,6,"Black, Black British, Black Welsh, Caribbean or African: African",2,L3: Higher professional occupations,44
E05013705,Hillrise,6,"Black, Black British, Black Welsh, Caribbean or African: African",3,"L4, L5 and L6: Lower managerial, administrative and professional occupations",158
E05013705,Hillrise,6,"Black, Black British, Black Welsh, Caribbean or African: African",4,L7: Intermediate occupations,122
E05013705,Hillrise,6,"Black, Black British, Black Welsh, Caribbean or African: African",5,L8 and L9: Small employers and own account workers,64
E05013705,Hillrise,6,"Black, Black British, Black Welsh, Caribbean or African: African",6,L10 and L11: Lower supervisory and technical occupations,41
E05013705,Hillrise,6,"Black, Black British, Black Welsh, Caribbean or African: African",7,L12: Semi-routine occupations,131
E05013705,Hillrise,6,"Black, Black British, Black Welsh, Caribbean or African: African",8,L13: Routine occupations,110
E05013705,Hillrise,6,"Black, Black British, Black Welsh, Caribbean or African: African",9,L14.1: Never worked,141
E05013705,Hillrise,6,"Black, Black British, Black Welsh, Caribbean or African: African",10,L14.2: Long-term unemployed,24
E05013705,Hillrise,6,"Black, Black British, Black Welsh, Caribbean or African: African",11,L15: Full-time students,145
E05013705,Hillrise,7,"Black, Black British, Black Welsh, Caribbean or African: Caribbean",-8,Does not apply,102
E05013705,Hillrise,7,"Black, Black British, Black Welsh, Caribbean or African: Caribbean",1,L1 and L2: Large employers and higher managerial and administrative occupations,11
E05013705,Hillrise,7,"Black, Black British, Black Welsh, Caribbean or African: Caribbean",2,L3: Higher professional occupations,21
E05013705,Hillrise,7,"Black, Black British, Black Welsh, Caribbean or African: Caribbean",3,"L4, L5 and L6: Lower managerial, administrative and professional occupations",141
E05013705,Hillrise,7,"Black, Black British, Black Welsh, Caribbean or African: Caribbean",4,L7: Intermediate occupations,77
E05013705,Hillrise,7,"Black, Black British, Black Welsh, Caribbean or African: Caribbean",5,L8 and L9: Small employers and own account workers,33
E05013705,Hillrise,7,"Black, Black British, Black Welsh, Caribbean or African: Caribbean",6,L10 and L11: Lower supervisory and technical occupations,40
E05013705,Hillrise,7,"Black, Black British, Black Welsh, Caribbean or African: Caribbean",7,L12: Semi-routine occupations,101
E05013705,Hillrise,7,"Black, Black British, Black Welsh, Caribbean or African: Caribbean",8,L13: Routine occupations,61
E05013705,Hillrise,7,"Black, Black British, Black Welsh, Caribbean or African: Caribbean",9,L14.1: Never worked,75
E05013705,Hillrise,7,"Black, Black British, Black Welsh, Caribbean or African: Caribbean",10,L14.2: Long-term unemployed,40
E05013705,Hillrise,7,"Black, Black British, Black Welsh, Caribbean or African: Caribbean",11,L15: Full-time students,48
E05013705,Hillrise,8,"Black, Black British, Black Welsh, Caribbean or African: Other Black",-8,Does not apply,101
E05013705,Hillrise,8,"Black, Black British, Black Welsh, Caribbean or African: Other Black",1,L1 and L2: Large employers and higher managerial and administrative occupations,5
E05013705,Hillrise,8,"Black, Black British, Black Welsh, Caribbean or African: Other Black",2,L3: Higher professional occupations,14
E05013705,Hillrise,8,"Black, Black British, Black Welsh, Caribbean or African: Other Black",3,"L4, L5 and L6: Lower managerial, administrative and professional occupations",37
E05013705,Hillrise,8,"Black, Black British, Black Welsh, Caribbean or African: Other Black",4,L7: Intermediate occupations,24
E05013705,Hillrise,8,"Black, Black British, Black Welsh, Caribbean or African: Other Black",5,L8 and L9: Small employers and own account workers,13
E05013705,Hillrise,8,"Black, Black British, Black Welsh, Caribbean or African: Other Black",6,L10 and L11: Lower supervisory and technical occupations,9
E05013705,Hillrise,8,"Black, Black British, Black Welsh, Caribbean or African: Other Black",7,L12: Semi-routine occupations,26
E05013705,Hillrise,8,"Black, Black British, Black Welsh, Caribbean or African: Other Black",8,L13: Routine occupations,27
E05013705,Hillrise,8,"Black, Black British, Black Welsh, Caribbean or African: Other Black",9,L14.1: Never worked,30
E05013705,Hillrise,8,"Black, Black British, Black Welsh, Caribbean or African: Other Black",10,L14.2: Long-term unemployed,7
E05013705,Hillrise,8,"Black, Black British, Black Welsh, Caribbean or African: Other Black",11,L15: Full-time students,19
E05013705,Hillrise,9,Mixed or Multiple ethnic groups: White and Asian,-8,Does not apply,80
E05013705,Hillrise,9,Mixed or Multiple ethnic groups: White and Asian,1,L1 and L2: Large employers and higher managerial and administrative occupations,5
E05013705,Hillrise,9,Mixed or Multiple ethnic groups: White and Asian,2,L3: Higher professional occupations,14
E05013705,Hillrise,9,Mixed or Multiple ethnic groups: White and Asian,3,"L4, L5 and L6: Lower managerial, administrative and professional occupations",28
E05013705,Hillrise,9,Mixed or Multiple ethnic groups: White and Asian,4,L7: Intermediate occupations,11
E05013705,Hillrise,9,Mixed or Multiple ethnic groups: White and Asian,5,L8 and L9: Small employers and own account workers,9
E05013705,Hillrise,9,Mixed or Multiple ethnic groups: White and Asian,6,L10 and L11: Lower supervisory and technical occupations,5
E05013705,Hillrise,9,Mixed or Multiple ethnic groups: White and Asian,7,L12: Semi-routine occupations,4
E05013705,Hillrise,9,Mixed or Multiple ethnic groups: White and Asian,8,L13: Routine occupations,3
E05013705,Hillrise,9,Mixed or Multiple ethnic groups: White and Asian,9,L14.1: Never worked,11
E05013705,Hillrise,9,Mixed or Multiple ethnic groups: White and Asian,10,L14.2: Long-term unemployed,0
E05013705,Hillrise,9,Mixed or Multiple ethnic groups: White and Asian,11,L15: Full-time students,25
E05013705,Hillrise,10,Mixed or Multiple ethnic groups: White and Black African,-8,Does not apply,53
E05013705,Hillrise,10,Mixed or Multiple ethnic groups: White and Black African,1,L1 and L2: Large employers and higher managerial and administrative occupations,3
E05013705,Hillrise,10,Mixed or Multiple ethnic groups: White and Black African,2,L3: Higher professional occupations,10
E05013705,Hillrise,10,Mixed or Multiple ethnic groups: White and Black African,3,"L4, L5 and L6: Lower managerial, administrative and professional occupations",20
E05013705,Hillrise,10,Mixed or Multiple ethnic groups: White and Black African,4,L7: Intermediate occupations,13
E05013705,Hillrise,10,Mixed or Multiple ethnic groups: White and Black African,5,L8 and L9: Small employers and own account workers,13
E05013705,Hillrise,10,Mixed or Multiple ethnic groups: White and Black African,6,L10 and L11: Lower supervisory and technical occupations,2
E05013705,Hillrise,10,Mixed or Multiple ethnic groups: White and Black African,7,L12: Semi-routine occupations,12
E05013705,Hillrise,10,Mixed or Multiple ethnic groups: White and Black African,8,L13: Routine occupations,9
E05013705,Hillrise,10,Mixed or Multiple ethnic groups: White and Black African,9,L14.1: Never worked,7
E05013705,Hillrise,10,Mixed or Multiple ethnic groups: White and Black African,10,L14.2: Long-term unemployed,4
E05013705,Hillrise,10,Mixed or Multiple ethnic groups: White and Black African,11,L15: Full-time students,15
E05013705,Hillrise,11,Mixed or Multiple ethnic groups: White and Black Caribbean,-8,Does not apply,145
E05013705,Hillrise,11,Mixed or Multiple ethnic groups: White and Black Caribbean,1,L1 and L2: Large employers and higher managerial and administrative occupations,8
E05013705,Hillrise,11,Mixed or Multiple ethnic groups: White and Black Caribbean,2,L3: Higher professional occupations,12
E05013705,Hillrise,11,Mixed or Multiple ethnic groups: White and Black Caribbean,3,"L4, L5 and L6: Lower managerial, administrative and professional occupations",42
E05013705,Hillrise,11,Mixed or Multiple ethnic groups: White and Black Caribbean,4,L7: Intermediate occupations,38
E05013705,Hillrise,11,Mixed or Multiple ethnic groups: White and Black Caribbean,5,L8 and L9: Small employers and own account workers,16
E05013705,Hillrise,11,Mixed or Multiple ethnic groups: White and Black Caribbean,6,L10 and L11: Lower supervisory and technical occupations,8
E05013705,Hillrise,11,Mixed or Multiple ethnic groups: White and Black Caribbean,7,L12: Semi-routine occupations,20
E05013705,Hillrise,11,Mixed or Multiple ethnic groups: White and Black Caribbean,8,L13: Routine occupations,12
E05013705,Hillrise,11,Mixed or Multiple ethnic groups: White and Black Caribbean,9,L14.1: Never worked,27
E05013705,Hillrise,11,Mixed or Multiple ethnic groups: White and Black Caribbean,10,L14.2: Long-term unemployed,7
E05013705,Hillrise,11,Mixed or Multiple ethnic groups: White and Black Caribbean,11,L15: Full-time students,25
E05013705,Hillrise,12,Mixed or Multiple ethnic groups: Other Mixed or Multiple ethnic groups,-8,Does not apply,155
E05013705,Hillrise,12,Mixed or Multiple ethnic groups: Other Mixed or Multiple ethnic groups,1,L1 and L2: Large employers and higher managerial and administrative occupations,10
E05013705,Hillrise,12,Mixed or Multiple ethnic groups: Other Mixed or Multiple ethnic groups,2,L3: Higher professional occupations,45
E05013705,Hillrise,12,Mixed or Multiple ethnic groups: Other Mixed or Multiple ethnic groups,3,"L4, L5 and L6: Lower managerial, administrative and professional occupations",69
E05013705,Hillrise,12,Mixed or Multiple ethnic groups: Other Mixed or Multiple ethnic groups,4,L7: Intermediate occupations,28
E05013705,Hillrise,12,Mixed or Multiple ethnic groups: Other Mixed or Multiple ethnic groups,5,L8 and L9: Small employers and own account workers,24
E05013705,Hillrise,12,Mixed or Multiple ethnic groups: Other Mixed or Multiple ethnic groups,6,L10 and L11: Lower supervisory and technical occupations,6
E05013705,Hillrise,12,Mixed or Multiple ethnic groups: Other Mixed or Multiple ethnic groups,7,L12: Semi-routine occupations,24
E05013705,Hillrise,12,Mixed or Multiple ethnic groups: Other Mixed or Multiple ethnic groups,8,L13: Routine occupations,13
E05013705,Hillrise,12,Mixed or Multiple ethnic groups: Other Mixed or Multiple ethnic groups,9,L14.1: Never worked,13
E05013705,Hillrise,12,Mixed or Multiple ethnic groups: Other Mixed or Multiple ethnic groups,10,L14.2: Long-term unemployed,9
E05013705,Hillrise,12,Mixed or Multiple ethnic groups: Other Mixed or Multiple ethnic groups,11,L15: Full-time students,33
E05013705,Hillrise,13,"White: English, Welsh, Scottish, Northern Irish or British",-8,Does not apply,944
E05013705,Hillrise,13,"White: English, Welsh, Scottish, Northern Irish or British",1,L1 and L2: Large employers and higher managerial and administrative occupations,337
E05013705,Hillrise,13,"White: English, Welsh, Scottish, Northern Irish or British",2,L3: Higher professional occupations,891
E05013705,Hillrise,13,"White: English, Welsh, Scottish, Northern Irish or British",3,"L4, L5 and L6: Lower managerial, administrative and professional occupations",1368
E05013705,Hillrise,13,"White: English, Welsh, Scottish, Northern Irish or British",4,L7: Intermediate occupations,446
E05013705,Hillrise,13,"White: English, Welsh, Scottish, Northern Irish or British",5,L8 and L9: Small employers and own account workers,470
E05013705,Hillrise,13,"White: English, Welsh, Scottish, Northern Irish or British",6,L10 and L11: Lower supervisory and technical occupations,148
E05013705,Hillrise,13,"White: English, Welsh, Scottish, Northern Irish or British",7,L12: Semi-routine occupations,311
E05013705,Hillrise,13,"White: English, Welsh, Scottish, Northern Irish or British",8,L13: Routine occupations,330
E05013705,Hillrise,13,"White: English, Welsh, Scottish, Northern Irish or British",9,L14.1: Never worked,345
E05013705,Hillrise,13,"White: English, Welsh, Scottish, Northern Irish or British",10,L14.2: Long-term unemployed,75
E05013705,Hillrise,13,"White: English, Welsh, Scottish, Northern Irish or British",11,L15: Full-time students,362
E05013705,Hillrise,14,White: Irish,-8,Does not apply,32
E05013705,Hillrise,14,White: Irish,1,L1 and L2: Large employers and higher managerial and administrative occupations,16
E05013705,Hillrise,14,White: Irish,2,L3: Higher professional occupations,67
E05013705,Hillrise,14,White: Irish,3,"L4, L5 and L6: Lower managerial, administrative and professional occupations",153
E05013705,Hillrise,14,White: Irish,4,L7: Intermediate occupations,64
E05013705,Hillrise,14,White: Irish,5,L8 and L9: Small employers and own account workers,51
E05013705,Hillrise,14,White: Irish,6,L10 and L11: Lower supervisory and technical occupations,16
E05013705,Hillrise,14,White: Irish,7,L12: Semi-routine occupations,36
E05013705,Hillrise,14,White: Irish,8,L13: Routine occupations,65
E05013705,Hillrise,14,White: Irish,9,L14.1: Never worked,63
E05013705,Hillrise,14,White: Irish,10,L14.2: Long-term unemployed,11
E05013705,Hillrise,14,White: Irish,11,L15: Full-time students,15
E05013705,Hillrise,15,White: Gypsy or Irish Traveller,-8,Does not apply,0
E05013705,Hillrise,15,White: Gypsy or Irish Traveller,1,L1 and L2: Large employers and higher managerial and administrative occupations,0
E05013705,Hillrise,15,White: Gypsy or Irish Traveller,2,L3: Higher professional occupations,0
E05013705,Hillrise,15,White: Gypsy or Irish Traveller,3,"L4, L5 and L6: Lower managerial, administrative and professional occupations",2
E05013705,Hillrise,15,White: Gypsy or Irish Traveller,4,L7: Intermediate occupations,0
E05013705,Hillrise,15,White: Gypsy or Irish Traveller,5,L8 and L9: Small employers and own account workers,0
E05013705,Hillrise,15,White: Gypsy or Irish Traveller,6,L10 and L11: Lower supervisory and technical occupations,0
E05013705,Hillrise,15,White: Gypsy or Irish Traveller,7,L12: Semi-routine occupations,0
E05013705,Hillrise,15,White: Gypsy or Irish Traveller,8,L13: Routine occupations,2
E05013705,Hillrise,15,White: Gypsy or Irish Traveller,9,L14.1: Never worked,3
E05013705,Hillrise,15,White: Gypsy or Irish Traveller,10,L14.2: Long-term unemployed,0
E05013705,Hillrise,15,White: Gypsy or Irish Traveller,11,L15: Full-time students,0
E05013705,Hillrise,16,White: Roma,-8,Does not apply,7
E05013705,Hillrise,16,White: Roma,1,L1 and L2: Large employers and higher managerial and administrative occupations,0
E05013705,Hillrise,16,White: Roma,2,L3: Higher professional occupations,6
E05013705,Hillrise,16,White: Roma,3,"L4, L5 and L6: Lower managerial, administrative and professional occupations",10
E05013705,Hillrise,16,White: Roma,4,L7: Intermediate occupations,2
E05013705,Hillrise,16,White: Roma,5,L8 and L9: Small employers and own account workers,6
E05013705,Hillrise,16,White: Roma,6,L10 and L11: Lower supervisory and technical occupations,13
E05013705,Hillrise,16,White: Roma,7,L12: Semi-routine occupations,9
E05013705,Hillrise,16,White: Roma,8,L13: Routine occupations,9
E05013705,Hillrise,16,White: Roma,9,L14.1: Never worked,4
E05013705,Hillrise,16,White: Roma,10,L14.2: Long-term unemployed,0
E05013705,Hillrise,16,White: Roma,11,L15: Full-time students,6
E05013705,Hillrise,17,White: Other White,-8,Does not apply,303
E05013705,Hillrise,17,White: Other White,1,L1 and L2: Large employers and higher managerial and administrative occupations,114
E05013705,Hillrise,17,White: Other White,2,L3: Higher professional occupations,398
E05013705,Hillrise,17,White: Other White,3,"L4, L5 and L6: Lower managerial, administrative and professional occupations",463
E05013705,Hillrise,17,White: Other White,4,L7: Intermediate occupations,149
E05013705,Hillrise,17,White: Other White,5,L8 and L9: Small employers and own account workers,209
E05013705,Hillrise,17,White: Other White,6,L10 and L11: Lower supervisory and technical occupations,91
E05013705,Hillrise,17,White: Other White,7,L12: Semi-routine occupations,153
E05013705,Hillrise,17,White: Other White,8,L13: Routine occupations,219
E05013705,Hillrise,17,White: Other White,9,L14.1: Never worked,157
E05013705,Hillrise,17,White: Other White,10,L14.2: Long-term unemployed,31
E05013705,Hillrise,17,White: Other White,11,L15: Full-time students,179
E05013705,Hillrise,18,Other ethnic group: Arab,-8,Does not apply,91
E05013705,Hillrise,18,Other ethnic group: Arab,1,L1 and L2: Large employers and higher managerial and administrative occupations,4
E05013705,Hillrise,18,Other ethnic group: Arab,2,L3: Higher professional occupations,16
E05013705,Hillrise,18,Other ethnic group: Arab,3,"L4, L5 and L6: Lower managerial, administrative and professional occupations",21
E05013705,Hillrise,18,Other ethnic group: Arab,4,L7: Intermediate occupations,9
E05013705,Hillrise,18,Other ethnic group: Arab,5,L8 and L9: Small employers and own account workers,7
E05013705,Hillrise,18,Other ethnic group: Arab,6,L10 and L11: Lower supervisory and technical occupations,6
E05013705,Hillrise,18,Other ethnic group: Arab,7,L12: Semi-routine occupations,9
E05013705,Hillrise,18,Other ethnic group: Arab,8,L13: Routine occupations,14
E05013705,Hillrise,18,Other ethnic group: Arab,9,L14.1: Never worked,54
E05013705,Hillrise,18,Other ethnic group: Arab,10,L14.2: Long-term unemployed,2
E05013705,Hillrise,18,Other ethnic group: Arab,11,L15: Full-time students,30
E05013705,Hillrise,19,Other ethnic group: Any other ethnic group,-8,Does not apply,180
E05013705,Hillrise,19,Other ethnic group: Any other ethnic group,1,L1 and L2: Large employers and higher managerial and administrative occupations,13
E05013705,Hillrise,19,Other ethnic group: Any other ethnic group,2,L3: Higher professional occupations,63
E05013705,Hillrise,19,Other ethnic group: Any other ethnic group,3,"L4, L5 and L6: Lower managerial, administrative and professional occupations",108
E05013705,Hillrise,19,Other ethnic group: Any other ethnic group,4,L7: Intermediate occupations,42
E05013705,Hillrise,19,Other ethnic group: Any other ethnic group,5,L8 and L9: Small employers and own account workers,68
E05013705,Hillrise,19,Other ethnic group: Any other ethnic group,6,L10 and L11: Lower supervisory and technical occupations,48
E05013705,Hillrise,19,Other ethnic group: Any other ethnic group,7,L12: Semi-routine occupations,101
E05013705,Hillrise,19,Other ethnic group: Any other ethnic group,8,L13: Routine occupations,96
E05013705,Hillrise,19,Other ethnic group: Any other ethnic group,9,L14.1: Never worked,159
E05013705,Hillrise,19,Other ethnic group: Any other ethnic group,10,L14.2: Long-term unemployed,23
E05013705,Hillrise,19,Other ethnic group: Any other ethnic group,11,L15: Full-time students,76
E05013706,Holloway,-8,Does not apply,-8,Does not apply,0
E05013706,Holloway,-8,Does not apply,1,L1 and L2: Large employers and higher managerial and administrative occupations,0
E05013706,Holloway,-8,Does not apply,2,L3: Higher professional occupations,0
E05013706,Holloway,-8,Does not apply,3,"L4, L5 and L6: Lower managerial, administrative and professional occupations",0
E05013706,Holloway,-8,Does not apply,4,L7: Intermediate occupations,0
E05013706,Holloway,-8,Does not apply,5,L8 and L9: Small employers and own account workers,0
E05013706,Holloway,-8,Does not apply,6,L10 and L11: Lower supervisory and technical occupations,0
E05013706,Holloway,-8,Does not apply,7,L12: Semi-routine occupations,0
E05013706,Holloway,-8,Does not apply,8,L13: Routine occupations,0
E05013706,Holloway,-8,Does not apply,9,L14.1: Never worked,0
E05013706,Holloway,-8,Does not apply,10,L14.2: Long-term unemployed,0
E05013706,Holloway,-8,Does not apply,11,L15: Full-time students,0
E05013706,Holloway,1,"Asian, Asian British or Asian Welsh: Bangladeshi",-8,Does not apply,119
E05013706,Holloway,1,"Asian, Asian British or Asian Welsh: Bangladeshi",1,L1 and L2: Large employers and higher managerial and administrative occupations,1
E05013706,Holloway,1,"Asian, Asian British or Asian Welsh: Bangladeshi",2,L3: Higher professional occupations,18
E05013706,Holloway,1,"Asian, Asian British or Asian Welsh: Bangladeshi",3,"L4, L5 and L6: Lower managerial, administrative and professional occupations",35
E05013706,Holloway,1,"Asian, Asian British or Asian Welsh: Bangladeshi",4,L7: Intermediate occupations,28
E05013706,Holloway,1,"Asian, Asian British or Asian Welsh: Bangladeshi",5,L8 and L9: Small employers and own account workers,21
E05013706,Holloway,1,"Asian, Asian British or Asian Welsh: Bangladeshi",6,L10 and L11: Lower supervisory and technical occupations,6
E05013706,Holloway,1,"Asian, Asian British or Asian Welsh: Bangladeshi",7,L12: Semi-routine occupations,42
E05013706,Holloway,1,"Asian, Asian British or Asian Welsh: Bangladeshi",8,L13: Routine occupations,13
E05013706,Holloway,1,"Asian, Asian British or Asian Welsh: Bangladeshi",9,L14.1: Never worked,47
E05013706,Holloway,1,"Asian, Asian British or Asian Welsh: Bangladeshi",10,L14.2: Long-term unemployed,13
E05013706,Holloway,1,"Asian, Asian British or Asian Welsh: Bangladeshi",11,L15: Full-time students,35
E05013706,Holloway,2,"Asian, Asian British or Asian Welsh: Chinese",-8,Does not apply,14
E05013706,Holloway,2,"Asian, Asian British or Asian Welsh: Chinese",1,L1 and L2: Large employers and higher managerial and administrative occupations,16
E05013706,Holloway,2,"Asian, Asian British or Asian Welsh: Chinese",2,L3: Higher professional occupations,62
E05013706,Holloway,2,"Asian, Asian British or Asian Welsh: Chinese",3,"L4, L5 and L6: Lower managerial, administrative and professional occupations",41
E05013706,Holloway,2,"Asian, Asian British or Asian Welsh: Chinese",4,L7: Intermediate occupations,14
E05013706,Holloway,2,"Asian, Asian British or Asian Welsh: Chinese",5,L8 and L9: Small employers and own account workers,12
E05013706,Holloway,2,"Asian, Asian British or Asian Welsh: Chinese",6,L10 and L11: Lower supervisory and technical occupations,7
E05013706,Holloway,2,"Asian, Asian British or Asian Welsh: Chinese",7,L12: Semi-routine occupations,8
E05013706,Holloway,2,"Asian, Asian British or Asian Welsh: Chinese",8,L13: Routine occupations,13
E05013706,Holloway,2,"Asian, Asian British or Asian Welsh: Chinese",9,L14.1: Never worked,15
E05013706,Holloway,2,"Asian, Asian British or Asian Welsh: Chinese",10,L14.2: Long-term unemployed,3
E05013706,Holloway,2,"Asian, Asian British or Asian Welsh: Chinese",11,L15: Full-time students,451
E05013706,Holloway,3,"Asian, Asian British or Asian Welsh: Indian",-8,Does not apply,9
E05013706,Holloway,3,"Asian, Asian British or Asian Welsh: Indian",1,L1 and L2: Large employers and higher managerial and administrative occupations,22
E05013706,Holloway,3,"Asian, Asian British or Asian Welsh: Indian",2,L3: Higher professional occupations,110
E05013706,Holloway,3,"Asian, Asian British or Asian Welsh: Indian",3,"L4, L5 and L6: Lower managerial, administrative and professional occupations",48
E05013706,Holloway,3,"Asian, Asian British or Asian Welsh: Indian",4,L7: Intermediate occupations,10
E05013706,Holloway,3,"Asian, Asian British or Asian Welsh: Indian",5,L8 and L9: Small employers and own account workers,14
E05013706,Holloway,3,"Asian, Asian British or Asian Welsh: Indian",6,L10 and L11: Lower supervisory and technical occupations,5
E05013706,Holloway,3,"Asian, Asian British or Asian Welsh: Indian",7,L12: Semi-routine occupations,4
E05013706,Holloway,3,"Asian, Asian British or Asian Welsh: Indian",8,L13: Routine occupations,6
E05013706,Holloway,3,"Asian, Asian British or Asian Welsh: Indian",9,L14.1: Never worked,6
E05013706,Holloway,3,"Asian, Asian British or Asian Welsh: Indian",10,L14.2: Long-term unemployed,7
E05013706,Holloway,3,"Asian, Asian British or Asian Welsh: Indian",11,L15: Full-time students,110
E05013706,Holloway,4,"Asian, Asian British or Asian Welsh: Pakistani",-8,Does not apply,7
E05013706,Holloway,4,"Asian, Asian British or Asian Welsh: Pakistani",1,L1 and L2: Large employers and higher managerial and administrative occupations,1
E05013706,Holloway,4,"Asian, Asian British or Asian Welsh: Pakistani",2,L3: Higher professional occupations,19
E05013706,Holloway,4,"Asian, Asian British or Asian Welsh: Pakistani",3,"L4, L5 and L6: Lower managerial, administrative and professional occupations",11
E05013706,Holloway,4,"Asian, Asian British or Asian Welsh: Pakistani",4,L7: Intermediate occupations,6
E05013706,Holloway,4,"Asian, Asian British or Asian Welsh: Pakistani",5,L8 and L9: Small employers and own account workers,0
E05013706,Holloway,4,"Asian, Asian British or Asian Welsh: Pakistani",6,L10 and L11: Lower supervisory and technical occupations,0
E05013706,Holloway,4,"Asian, Asian British or Asian Welsh: Pakistani",7,L12: Semi-routine occupations,6
E05013706,Holloway,4,"Asian, Asian British or Asian Welsh: Pakistani",8,L13: Routine occupations,0
E05013706,Holloway,4,"Asian, Asian British or Asian Welsh: Pakistani",9,L14.1: Never worked,5
E05013706,Holloway,4,"Asian, Asian British or Asian Welsh: Pakistani",10,L14.2: Long-term unemployed,0
E05013706,Holloway,4,"Asian, Asian British or Asian Welsh: Pakistani",11,L15: Full-time students,30
E05013706,Holloway,5,"Asian, Asian British or Asian Welsh: Other Asian",-8,Does not apply,33
E05013706,Holloway,5,"Asian, Asian British or Asian Welsh: Other Asian",1,L1 and L2: Large employers and higher managerial and administrative occupations,13
E05013706,Holloway,5,"Asian, Asian British or Asian Welsh: Other Asian",2,L3: Higher professional occupations,48
E05013706,Holloway,5,"Asian, Asian British or Asian Welsh: Other Asian",3,"L4, L5 and L6: Lower managerial, administrative and professional occupations",98
E05013706,Holloway,5,"Asian, Asian British or Asian Welsh: Other Asian",4,L7: Intermediate occupations,29
E05013706,Holloway,5,"Asian, Asian British or Asian Welsh: Other Asian",5,L8 and L9: Small employers and own account workers,22
E05013706,Holloway,5,"Asian, Asian British or Asian Welsh: Other Asian",6,L10 and L11: Lower supervisory and technical occupations,6
E05013706,Holloway,5,"Asian, Asian British or Asian Welsh: Other Asian",7,L12: Semi-routine occupations,19
E05013706,Holloway,5,"Asian, Asian British or Asian Welsh: Other Asian",8,L13: Routine occupations,22
E05013706,Holloway,5,"Asian, Asian British or Asian Welsh: Other Asian",9,L14.1: Never worked,29
E05013706,Holloway,5,"Asian, Asian British or Asian Welsh: Other Asian",10,L14.2: Long-term unemployed,6
E05013706,Holloway,5,"Asian, Asian British or Asian Welsh: Other Asian",11,L15: Full-time students,88
E05013706,Holloway,6,"Black, Black British, Black Welsh, Caribbean or African: African",-8,Does not apply,296
E05013706,Holloway,6,"Black, Black British, Black Welsh, Caribbean or African: African",1,L1 and L2: Large employers and higher managerial and administrative occupations,13
E05013706,Holloway,6,"Black, Black British, Black Welsh, Caribbean or African: African",2,L3: Higher professional occupations,47
E05013706,Holloway,6,"Black, Black British, Black Welsh, Caribbean or African: African",3,"L4, L5 and L6: Lower managerial, administrative and professional occupations",125
E05013706,Holloway,6,"Black, Black British, Black Welsh, Caribbean or African: African",4,L7: Intermediate occupations,66
E05013706,Holloway,6,"Black, Black British, Black Welsh, Caribbean or African: African",5,L8 and L9: Small employers and own account workers,72
E05013706,Holloway,6,"Black, Black British, Black Welsh, Caribbean or African: African",6,L10 and L11: Lower supervisory and technical occupations,22
E05013706,Holloway,6,"Black, Black British, Black Welsh, Caribbean or African: African",7,L12: Semi-routine occupations,100
E05013706,Holloway,6,"Black, Black British, Black Welsh, Caribbean or African: African",8,L13: Routine occupations,69
E05013706,Holloway,6,"Black, Black British, Black Welsh, Caribbean or African: African",9,L14.1: Never worked,120
E05013706,Holloway,6,"Black, Black British, Black Welsh, Caribbean or African: African",10,L14.2: Long-term unemployed,37
E05013706,Holloway,6,"Black, Black British, Black Welsh, Caribbean or African: African",11,L15: Full-time students,167
E05013706,Holloway,7,"Black, Black British, Black Welsh, Caribbean or African: Caribbean",-8,Does not apply,51
E05013706,Holloway,7,"Black, Black British, Black Welsh, Caribbean or African: Caribbean",1,L1 and L2: Large employers and higher managerial and administrative occupations,10
E05013706,Holloway,7,"Black, Black British, Black Welsh, Caribbean or African: Caribbean",2,L3: Higher professional occupations,12
E05013706,Holloway,7,"Black, Black British, Black Welsh, Caribbean or African: Caribbean",3,"L4, L5 and L6: Lower managerial, administrative and professional occupations",54
E05013706,Holloway,7,"Black, Black British, Black Welsh, Caribbean or African: Caribbean",4,L7: Intermediate occupations,51
E05013706,Holloway,7,"Black, Black British, Black Welsh, Caribbean or African: Caribbean",5,L8 and L9: Small employers and own account workers,23
E05013706,Holloway,7,"Black, Black British, Black Welsh, Caribbean or African: Caribbean",6,L10 and L11: Lower supervisory and technical occupations,18
E05013706,Holloway,7,"Black, Black British, Black Welsh, Caribbean or African: Caribbean",7,L12: Semi-routine occupations,58
E05013706,Holloway,7,"Black, Black British, Black Welsh, Caribbean or African: Caribbean",8,L13: Routine occupations,41
E05013706,Holloway,7,"Black, Black British, Black Welsh, Caribbean or African: Caribbean",9,L14.1: Never worked,35
E05013706,Holloway,7,"Black, Black British, Black Welsh, Caribbean or African: Caribbean",10,L14.2: Long-term unemployed,11
E05013706,Holloway,7,"Black, Black British, Black Welsh, Caribbean or African: Caribbean",11,L15: Full-time students,39
E05013706,Holloway,8,"Black, Black British, Black Welsh, Caribbean or African: Other Black",-8,Does not apply,52
E05013706,Holloway,8,"Black, Black British, Black Welsh, Caribbean or African: Other Black",1,L1 and L2: Large employers and higher managerial and administrative occupations,2
E05013706,Holloway,8,"Black, Black British, Black Welsh, Caribbean or African: Other Black",2,L3: Higher professional occupations,3
E05013706,Holloway,8,"Black, Black British, Black Welsh, Caribbean or African: Other Black",3,"L4, L5 and L6: Lower managerial, administrative and professional occupations",36
E05013706,Holloway,8,"Black, Black British, Black Welsh, Caribbean or African: Other Black",4,L7: Intermediate occupations,11
E05013706,Holloway,8,"Black, Black British, Black Welsh, Caribbean or African: Other Black",5,L8 and L9: Small employers and own account workers,7
E05013706,Holloway,8,"Black, Black British, Black Welsh, Caribbean or African: Other Black",6,L10 and L11: Lower supervisory and technical occupations,1
E05013706,Holloway,8,"Black, Black British, Black Welsh, Caribbean or African: Other Black",7,L12: Semi-routine occupations,8
E05013706,Holloway,8,"Black, Black British, Black Welsh, Caribbean or African: Other Black",8,L13: Routine occupations,11
E05013706,Holloway,8,"Black, Black British, Black Welsh, Caribbean or African: Other Black",9,L14.1: Never worked,14
E05013706,Holloway,8,"Black, Black British, Black Welsh, Caribbean or African: Other Black",10,L14.2: Long-term unemployed,8
E05013706,Holloway,8,"Black, Black British, Black Welsh, Caribbean or African: Other Black",11,L15: Full-time students,16
E05013706,Holloway,9,Mixed or Multiple ethnic groups: White and Asian,-8,Does not apply,64
E05013706,Holloway,9,Mixed or Multiple ethnic groups: White and Asian,1,L1 and L2: Large employers and higher managerial and administrative occupations,7
E05013706,Holloway,9,Mixed or Multiple ethnic groups: White and Asian,2,L3: Higher professional occupations,29
E05013706,Holloway,9,Mixed or Multiple ethnic groups: White and Asian,3,"L4, L5 and L6: Lower managerial, administrative and professional occupations",43
E05013706,Holloway,9,Mixed or Multiple ethnic groups: White and Asian,4,L7: Intermediate occupations,6
E05013706,Holloway,9,Mixed or Multiple ethnic groups: White and Asian,5,L8 and L9: Small employers and own account workers,6
E05013706,Holloway,9,Mixed or Multiple ethnic groups: White and Asian,6,L10 and L11: Lower supervisory and technical occupations,4
E05013706,Holloway,9,Mixed or Multiple ethnic groups: White and Asian,7,L12: Semi-routine occupations,4
E05013706,Holloway,9,Mixed or Multiple ethnic groups: White and Asian,8,L13: Routine occupations,2
E05013706,Holloway,9,Mixed or Multiple ethnic groups: White and Asian,9,L14.1: Never worked,8
E05013706,Holloway,9,Mixed or Multiple ethnic groups: White and Asian,10,L14.2: Long-term unemployed,2
E05013706,Holloway,9,Mixed or Multiple ethnic groups: White and Asian,11,L15: Full-time students,30
E05013706,Holloway,10,Mixed or Multiple ethnic groups: White and Black African,-8,Does not apply,47
E05013706,Holloway,10,Mixed or Multiple ethnic groups: White and Black African,1,L1 and L2: Large employers and higher managerial and administrative occupations,1
E05013706,Holloway,10,Mixed or Multiple ethnic groups: White and Black African,2,L3: Higher professional occupations,10
E05013706,Holloway,10,Mixed or Multiple ethnic groups: White and Black African,3,"L4, L5 and L6: Lower managerial, administrative and professional occupations",19
E05013706,Holloway,10,Mixed or Multiple ethnic groups: White and Black African,4,L7: Intermediate occupations,8
E05013706,Holloway,10,Mixed or Multiple ethnic groups: White and Black African,5,L8 and L9: Small employers and own account workers,9
E05013706,Holloway,10,Mixed or Multiple ethnic groups: White and Black African,6,L10 and L11: Lower supervisory and technical occupations,4
E05013706,Holloway,10,Mixed or Multiple ethnic groups: White and Black African,7,L12: Semi-routine occupations,6
E05013706,Holloway,10,Mixed or Multiple ethnic groups: White and Black African,8,L13: Routine occupations,6
E05013706,Holloway,10,Mixed or Multiple ethnic groups: White and Black African,9,L14.1: Never worked,15
E05013706,Holloway,10,Mixed or Multiple ethnic groups: White and Black African,10,L14.2: Long-term unemployed,1
E05013706,Holloway,10,Mixed or Multiple ethnic groups: White and Black African,11,L15: Full-time students,17
E05013706,Holloway,11,Mixed or Multiple ethnic groups: White and Black Caribbean,-8,Does not apply,65
E05013706,Holloway,11,Mixed or Multiple ethnic groups: White and Black Caribbean,1,L1 and L2: Large employers and higher managerial and administrative occupations,4
E05013706,Holloway,11,Mixed or Multiple ethnic groups: White and Black Caribbean,2,L3: Higher professional occupations,5
E05013706,Holloway,11,Mixed or Multiple ethnic groups: White and Black Caribbean,3,"L4, L5 and L6: Lower managerial, administrative and professional occupations",28
E05013706,Holloway,11,Mixed or Multiple ethnic groups: White and Black Caribbean,4,L7: Intermediate occupations,22
E05013706,Holloway,11,Mixed or Multiple ethnic groups: White and Black Caribbean,5,L8 and L9: Small employers and own account workers,8
E05013706,Holloway,11,Mixed or Multiple ethnic groups: White and Black Caribbean,6,L10 and L11: Lower supervisory and technical occupations,7
E05013706,Holloway,11,Mixed or Multiple ethnic groups: White and Black Caribbean,7,L12: Semi-routine occupations,17
E05013706,Holloway,11,Mixed or Multiple ethnic groups: White and Black Caribbean,8,L13: Routine occupations,18
E05013706,Holloway,11,Mixed or Multiple ethnic groups: White and Black Caribbean,9,L14.1: Never worked,21
E05013706,Holloway,11,Mixed or Multiple ethnic groups: White and Black Caribbean,10,L14.2: Long-term unemployed,5
E05013706,Holloway,11,Mixed or Multiple ethnic groups: White and Black Caribbean,11,L15: Full-time students,21
E05013706,Holloway,12,Mixed or Multiple ethnic groups: Other Mixed or Multiple ethnic groups,-8,Does not apply,96
E05013706,Holloway,12,Mixed or Multiple ethnic groups: Other Mixed or Multiple ethnic groups,1,L1 and L2: Large employers and higher managerial and administrative occupations,11
E05013706,Holloway,12,Mixed or Multiple ethnic groups: Other Mixed or Multiple ethnic groups,2,L3: Higher professional occupations,37
E05013706,Holloway,12,Mixed or Multiple ethnic groups: Other Mixed or Multiple ethnic groups,3,"L4, L5 and L6: Lower managerial, administrative and professional occupations",59
E05013706,Holloway,12,Mixed or Multiple ethnic groups: Other Mixed or Multiple ethnic groups,4,L7: Intermediate occupations,21
E05013706,Holloway,12,Mixed or Multiple ethnic groups: Other Mixed or Multiple ethnic groups,5,L8 and L9: Small employers and own account workers,11
E05013706,Holloway,12,Mixed or Multiple ethnic groups: Other Mixed or Multiple ethnic groups,6,L10 and L11: Lower supervisory and technical occupations,4
E05013706,Holloway,12,Mixed or Multiple ethnic groups: Other Mixed or Multiple ethnic groups,7,L12: Semi-routine occupations,24
E05013706,Holloway,12,Mixed or Multiple ethnic groups: Other Mixed or Multiple ethnic groups,8,L13: Routine occupations,21
E05013706,Holloway,12,Mixed or Multiple ethnic groups: Other Mixed or Multiple ethnic groups,9,L14.1: Never worked,13
E05013706,Holloway,12,Mixed or Multiple ethnic groups: Other Mixed or Multiple ethnic groups,10,L14.2: Long-term unemployed,5
E05013706,Holloway,12,Mixed or Multiple ethnic groups: Other Mixed or Multiple ethnic groups,11,L15: Full-time students,58
E05013706,Holloway,13,"White: English, Welsh, Scottish, Northern Irish or British",-8,Does not apply,491
E05013706,Holloway,13,"White: English, Welsh, Scottish, Northern Irish or British",1,L1 and L2: Large employers and higher managerial and administrative occupations,177
E05013706,Holloway,13,"White: English, Welsh, Scottish, Northern Irish or British",2,L3: Higher professional occupations,617
E05013706,Holloway,13,"White: English, Welsh, Scottish, Northern Irish or British",3,"L4, L5 and L6: Lower managerial, administrative and professional occupations",975
E05013706,Holloway,13,"White: English, Welsh, Scottish, Northern Irish or British",4,L7: Intermediate occupations,353
E05013706,Holloway,13,"White: English, Welsh, Scottish, Northern Irish or British",5,L8 and L9: Small employers and own account workers,304
E05013706,Holloway,13,"White: English, Welsh, Scottish, Northern Irish or British",6,L10 and L11: Lower supervisory and technical occupations,142
E05013706,Holloway,13,"White: English, Welsh, Scottish, Northern Irish or British",7,L12: Semi-routine occupations,299
E05013706,Holloway,13,"White: English, Welsh, Scottish, Northern Irish or British",8,L13: Routine occupations,293
E05013706,Holloway,13,"White: English, Welsh, Scottish, Northern Irish or British",9,L14.1: Never worked,264
E05013706,Holloway,13,"White: English, Welsh, Scottish, Northern Irish or British",10,L14.2: Long-term unemployed,50
E05013706,Holloway,13,"White: English, Welsh, Scottish, Northern Irish or British",11,L15: Full-time students,394
E05013706,Holloway,14,White: Irish,-8,Does not apply,4
E05013706,Holloway,14,White: Irish,1,L1 and L2: Large employers and higher managerial and administrative occupations,13
E05013706,Holloway,14,White: Irish,2,L3: Higher professional occupations,63
E05013706,Holloway,14,White: Irish,3,"L4, L5 and L6: Lower managerial, administrative and professional occupations",86
E05013706,Holloway,14,White: Irish,4,L7: Intermediate occupations,30
E05013706,Holloway,14,White: Irish,5,L8 and L9: Small employers and own account workers,40
E05013706,Holloway,14,White: Irish,6,L10 and L11: Lower supervisory and technical occupations,14
E05013706,Holloway,14,White: Irish,7,L12: Semi-routine occupations,28
E05013706,Holloway,14,White: Irish,8,L13: Routine occupations,45
E05013706,Holloway,14,White: Irish,9,L14.1: Never worked,43
E05013706,Holloway,14,White: Irish,10,L14.2: Long-term unemployed,4
E05013706,Holloway,14,White: Irish,11,L15: Full-time students,12
E05013706,Holloway,15,White: Gypsy or Irish Traveller,-8,Does not apply,0
E05013706,Holloway,15,White: Gypsy or Irish Traveller,1,L1 and L2: Large employers and higher managerial and administrative occupations,0
E05013706,Holloway,15,White: Gypsy or Irish Traveller,2,L3: Higher professional occupations,0
E05013706,Holloway,15,White: Gypsy or Irish Traveller,3,"L4, L5 and L6: Lower managerial, administrative and professional occupations",0
E05013706,Holloway,15,White: Gypsy or Irish Traveller,4,L7: Intermediate occupations,0
E05013706,Holloway,15,White: Gypsy or Irish Traveller,5,L8 and L9: Small employers and own account workers,0
E05013706,Holloway,15,White: Gypsy or Irish Traveller,6,L10 and L11: Lower supervisory and technical occupations,0
E05013706,Holloway,15,White: Gypsy or Irish Traveller,7,L12: Semi-routine occupations,0
E05013706,Holloway,15,White: Gypsy or Irish Traveller,8,L13: Routine occupations,0
E05013706,Holloway,15,White: Gypsy or Irish Traveller,9,L14.1: Never worked,0
E05013706,Holloway,15,White: Gypsy or Irish Traveller,10,L14.2: Long-term unemployed,0
E05013706,Holloway,15,White: Gypsy or Irish Traveller,11,L15: Full-time students,0
E05013706,Holloway,16,White: Roma,-8,Does not apply,0
E05013706,Holloway,16,White: Roma,1,L1 and L2: Large employers and higher managerial and administrative occupations,2
E05013706,Holloway,16,White: Roma,2,L3: Higher professional occupations,1
E05013706,Holloway,16,White: Roma,3,"L4, L5 and L6: Lower managerial, administrative and professional occupations",23
E05013706,Holloway,16,White: Roma,4,L7: Intermediate occupations,8
E05013706,Holloway,16,White: Roma,5,L8 and L9: Small employers and own account workers,3
E05013706,Holloway,16,White: Roma,6,L10 and L11: Lower supervisory and technical occupations,7
E05013706,Holloway,16,White: Roma,7,L12: Semi-routine occupations,2
E05013706,Holloway,16,White: Roma,8,L13: Routine occupations,12
E05013706,Holloway,16,White: Roma,9,L14.1: Never worked,0
E05013706,Holloway,16,White: Roma,10,L14.2: Long-term unemployed,0
E05013706,Holloway,16,White: Roma,11,L15: Full-time students,6
E05013706,Holloway,17,White: Other White,-8,Does not apply,163
E05013706,Holloway,17,White: Other White,1,L1 and L2: Large employers and higher managerial and administrative occupations,134
E05013706,Holloway,17,White: Other White,2,L3: Higher professional occupations,518
E05013706,Holloway,17,White: Other White,3,"L4, L5 and L6: Lower managerial, administrative and professional occupations",510
E05013706,Holloway,17,White: Other White,4,L7: Intermediate occupations,126
E05013706,Holloway,17,White: Other White,5,L8 and L9: Small employers and own account workers,171
E05013706,Holloway,17,White: Other White,6,L10 and L11: Lower supervisory and technical occupations,75
E05013706,Holloway,17,White: Other White,7,L12: Semi-routine occupations,109
E05013706,Holloway,17,White: Other White,8,L13: Routine occupations,170
E05013706,Holloway,17,White: Other White,9,L14.1: Never worked,78
E05013706,Holloway,17,White: Other White,10,L14.2: Long-term unemployed,29
E05013706,Holloway,17,White: Other White,11,L15: Full-time students,331
E05013706,Holloway,18,Other ethnic group: Arab,-8,Does not apply,74
E05013706,Holloway,18,Other ethnic group: Arab,1,L1 and L2: Large employers and higher managerial and administrative occupations,3
E05013706,Holloway,18,Other ethnic group: Arab,2,L3: Higher professional occupations,26
E05013706,Holloway,18,Other ethnic group: Arab,3,"L4, L5 and L6: Lower managerial, administrative and professional occupations",28
E05013706,Holloway,18,Other ethnic group: Arab,4,L7: Intermediate occupations,23
E05013706,Holloway,18,Other ethnic group: Arab,5,L8 and L9: Small employers and own account workers,11
E05013706,Holloway,18,Other ethnic group: Arab,6,L10 and L11: Lower supervisory and technical occupations,4
E05013706,Holloway,18,Other ethnic group: Arab,7,L12: Semi-routine occupations,13
E05013706,Holloway,18,Other ethnic group: Arab,8,L13: Routine occupations,26
E05013706,Holloway,18,Other ethnic group: Arab,9,L14.1: Never worked,26
E05013706,Holloway,18,Other ethnic group: Arab,10,L14.2: Long-term unemployed,8
E05013706,Holloway,18,Other ethnic group: Arab,11,L15: Full-time students,41
E05013706,Holloway,19,Other ethnic group: Any other ethnic group,-8,Does not apply,87
E05013706,Holloway,19,Other ethnic group: Any other ethnic group,1,L1 and L2: Large employers and higher managerial and administrative occupations,16
E05013706,Holloway,19,Other ethnic group: Any other ethnic group,2,L3: Higher professional occupations,61
E05013706,Holloway,19,Other ethnic group: Any other ethnic group,3,"L4, L5 and L6: Lower managerial, administrative and professional occupations",86
E05013706,Holloway,19,Other ethnic group: Any other ethnic group,4,L7: Intermediate occupations,40
E05013706,Holloway,19,Other ethnic group: Any other ethnic group,5,L8 and L9: Small employers and own account workers,67
E05013706,Holloway,19,Other ethnic group: Any other ethnic group,6,L10 and L11: Lower supervisory and technical occupations,34
E05013706,Holloway,19,Other ethnic group: Any other ethnic group,7,L12: Semi-routine occupations,60
E05013706,Holloway,19,Other ethnic group: Any other ethnic group,8,L13: Routine occupations,78
E05013706,Holloway,19,Other ethnic group: Any other ethnic group,9,L14.1: Never worked,99
E05013706,Holloway,19,Other ethnic group: Any other ethnic group,10,L14.2: Long-term unemployed,12
E05013706,Holloway,19,Other ethnic group: Any other ethnic group,11,L15: Full-time students,80
E05013707,Junction,-8,Does not apply,-8,Does not apply,0
E05013707,Junction,-8,Does not apply,1,L1 and L2: Large employers and higher managerial and administrative occupations,0
E05013707,Junction,-8,Does not apply,2,L3: Higher professional occupations,0
E05013707,Junction,-8,Does not apply,3,"L4, L5 and L6: Lower managerial, administrative and professional occupations",0
E05013707,Junction,-8,Does not apply,4,L7: Intermediate occupations,0
E05013707,Junction,-8,Does not apply,5,L8 and L9: Small employers and own account workers,0
E05013707,Junction,-8,Does not apply,6,L10 and L11: Lower supervisory and technical occupations,0
E05013707,Junction,-8,Does not apply,7,L12: Semi-routine occupations,0
E05013707,Junction,-8,Does not apply,8,L13: Routine occupations,0
E05013707,Junction,-8,Does not apply,9,L14.1: Never worked,0
E05013707,Junction,-8,Does not apply,10,L14.2: Long-term unemployed,0
E05013707,Junction,-8,Does not apply,11,L15: Full-time students,0
E05013707,Junction,1,"Asian, Asian British or Asian Welsh: Bangladeshi",-8,Does not apply,40
E05013707,Junction,1,"Asian, Asian British or Asian Welsh: Bangladeshi",1,L1 and L2: Large employers and higher managerial and administrative occupations,1
E05013707,Junction,1,"Asian, Asian British or Asian Welsh: Bangladeshi",2,L3: Higher professional occupations,7
E05013707,Junction,1,"Asian, Asian British or Asian Welsh: Bangladeshi",3,"L4, L5 and L6: Lower managerial, administrative and professional occupations",16
E05013707,Junction,1,"Asian, Asian British or Asian Welsh: Bangladeshi",4,L7: Intermediate occupations,17
E05013707,Junction,1,"Asian, Asian British or Asian Welsh: Bangladeshi",5,L8 and L9: Small employers and own account workers,9
E05013707,Junction,1,"Asian, Asian British or Asian Welsh: Bangladeshi",6,L10 and L11: Lower supervisory and technical occupations,6
E05013707,Junction,1,"Asian, Asian British or Asian Welsh: Bangladeshi",7,L12: Semi-routine occupations,17
E05013707,Junction,1,"Asian, Asian British or Asian Welsh: Bangladeshi",8,L13: Routine occupations,12
E05013707,Junction,1,"Asian, Asian British or Asian Welsh: Bangladeshi",9,L14.1: Never worked,17
E05013707,Junction,1,"Asian, Asian British or Asian Welsh: Bangladeshi",10,L14.2: Long-term unemployed,4
E05013707,Junction,1,"Asian, Asian British or Asian Welsh: Bangladeshi",11,L15: Full-time students,27
E05013707,Junction,2,"Asian, Asian British or Asian Welsh: Chinese",-8,Does not apply,11
E05013707,Junction,2,"Asian, Asian British or Asian Welsh: Chinese",1,L1 and L2: Large employers and higher managerial and administrative occupations,7
E05013707,Junction,2,"Asian, Asian British or Asian Welsh: Chinese",2,L3: Higher professional occupations,55
E05013707,Junction,2,"Asian, Asian British or Asian Welsh: Chinese",3,"L4, L5 and L6: Lower managerial, administrative and professional occupations",42
E05013707,Junction,2,"Asian, Asian British or Asian Welsh: Chinese",4,L7: Intermediate occupations,3
E05013707,Junction,2,"Asian, Asian British or Asian Welsh: Chinese",5,L8 and L9: Small employers and own account workers,6
E05013707,Junction,2,"Asian, Asian British or Asian Welsh: Chinese",6,L10 and L11: Lower supervisory and technical occupations,3
E05013707,Junction,2,"Asian, Asian British or Asian Welsh: Chinese",7,L12: Semi-routine occupations,6
E05013707,Junction,2,"Asian, Asian British or Asian Welsh: Chinese",8,L13: Routine occupations,11
E05013707,Junction,2,"Asian, Asian British or Asian Welsh: Chinese",9,L14.1: Never worked,18
E05013707,Junction,2,"Asian, Asian British or Asian Welsh: Chinese",10,L14.2: Long-term unemployed,2
E05013707,Junction,2,"Asian, Asian British or Asian Welsh: Chinese",11,L15: Full-time students,92
E05013707,Junction,3,"Asian, Asian British or Asian Welsh: Indian",-8,Does not apply,24
E05013707,Junction,3,"Asian, Asian British or Asian Welsh: Indian",1,L1 and L2: Large employers and higher managerial and administrative occupations,29
E05013707,Junction,3,"Asian, Asian British or Asian Welsh: Indian",2,L3: Higher professional occupations,73
E05013707,Junction,3,"Asian, Asian British or Asian Welsh: Indian",3,"L4, L5 and L6: Lower managerial, administrative and professional occupations",51
E05013707,Junction,3,"Asian, Asian British or Asian Welsh: Indian",4,L7: Intermediate occupations,13
E05013707,Junction,3,"Asian, Asian British or Asian Welsh: Indian",5,L8 and L9: Small employers and own account workers,19
E05013707,Junction,3,"Asian, Asian British or Asian Welsh: Indian",6,L10 and L11: Lower supervisory and technical occupations,3
E05013707,Junction,3,"Asian, Asian British or Asian Welsh: Indian",7,L12: Semi-routine occupations,15
E05013707,Junction,3,"Asian, Asian British or Asian Welsh: Indian",8,L13: Routine occupations,8
E05013707,Junction,3,"Asian, Asian British or Asian Welsh: Indian",9,L14.1: Never worked,19
E05013707,Junction,3,"Asian, Asian British or Asian Welsh: Indian",10,L14.2: Long-term unemployed,2
E05013707,Junction,3,"Asian, Asian British or Asian Welsh: Indian",11,L15: Full-time students,33
E05013707,Junction,4,"Asian, Asian British or Asian Welsh: Pakistani",-8,Does not apply,9
E05013707,Junction,4,"Asian, Asian British or Asian Welsh: Pakistani",1,L1 and L2: Large employers and higher managerial and administrative occupations,2
E05013707,Junction,4,"Asian, Asian British or Asian Welsh: Pakistani",2,L3: Higher professional occupations,5
E05013707,Junction,4,"Asian, Asian British or Asian Welsh: Pakistani",3,"L4, L5 and L6: Lower managerial, administrative and professional occupations",8
E05013707,Junction,4,"Asian, Asian British or Asian Welsh: Pakistani",4,L7: Intermediate occupations,4
E05013707,Junction,4,"Asian, Asian British or Asian Welsh: Pakistani",5,L8 and L9: Small employers and own account workers,2
E05013707,Junction,4,"Asian, Asian British or Asian Welsh: Pakistani",6,L10 and L11: Lower supervisory and technical occupations,0
E05013707,Junction,4,"Asian, Asian British or Asian Welsh: Pakistani",7,L12: Semi-routine occupations,3
E05013707,Junction,4,"Asian, Asian British or Asian Welsh: Pakistani",8,L13: Routine occupations,2
E05013707,Junction,4,"Asian, Asian British or Asian Welsh: Pakistani",9,L14.1: Never worked,7
E05013707,Junction,4,"Asian, Asian British or Asian Welsh: Pakistani",10,L14.2: Long-term unemployed,1
E05013707,Junction,4,"Asian, Asian British or Asian Welsh: Pakistani",11,L15: Full-time students,8
E05013707,Junction,5,"Asian, Asian British or Asian Welsh: Other Asian",-8,Does not apply,54
E05013707,Junction,5,"Asian, Asian British or Asian Welsh: Other Asian",1,L1 and L2: Large employers and higher managerial and administrative occupations,10
E05013707,Junction,5,"Asian, Asian British or Asian Welsh: Other Asian",2,L3: Higher professional occupations,32
E05013707,Junction,5,"Asian, Asian British or Asian Welsh: Other Asian",3,"L4, L5 and L6: Lower managerial, administrative and professional occupations",65
E05013707,Junction,5,"Asian, Asian British or Asian Welsh: Other Asian",4,L7: Intermediate occupations,22
E05013707,Junction,5,"Asian, Asian British or Asian Welsh: Other Asian",5,L8 and L9: Small employers and own account workers,19
E05013707,Junction,5,"Asian, Asian British or Asian Welsh: Other Asian",6,L10 and L11: Lower supervisory and technical occupations,6
E05013707,Junction,5,"Asian, Asian British or Asian Welsh: Other Asian",7,L12: Semi-routine occupations,23
E05013707,Junction,5,"Asian, Asian British or Asian Welsh: Other Asian",8,L13: Routine occupations,17
E05013707,Junction,5,"Asian, Asian British or Asian Welsh: Other Asian",9,L14.1: Never worked,40
E05013707,Junction,5,"Asian, Asian British or Asian Welsh: Other Asian",10,L14.2: Long-term unemployed,4
E05013707,Junction,5,"Asian, Asian British or Asian Welsh: Other Asian",11,L15: Full-time students,29
E05013707,Junction,6,"Black, Black British, Black Welsh, Caribbean or African: African",-8,Does not apply,299
E05013707,Junction,6,"Black, Black British, Black Welsh, Caribbean or African: African",1,L1 and L2: Large employers and higher managerial and administrative occupations,15
E05013707,Junction,6,"Black, Black British, Black Welsh, Caribbean or African: African",2,L3: Higher professional occupations,57
E05013707,Junction,6,"Black, Black British, Black Welsh, Caribbean or African: African",3,"L4, L5 and L6: Lower managerial, administrative and professional occupations",105
E05013707,Junction,6,"Black, Black British, Black Welsh, Caribbean or African: African",4,L7: Intermediate occupations,65
E05013707,Junction,6,"Black, Black British, Black Welsh, Caribbean or African: African",5,L8 and L9: Small employers and own account workers,52
E05013707,Junction,6,"Black, Black British, Black Welsh, Caribbean or African: African",6,L10 and L11: Lower supervisory and technical occupations,27
E05013707,Junction,6,"Black, Black British, Black Welsh, Caribbean or African: African",7,L12: Semi-routine occupations,86
E05013707,Junction,6,"Black, Black British, Black Welsh, Caribbean or African: African",8,L13: Routine occupations,55
E05013707,Junction,6,"Black, Black British, Black Welsh, Caribbean or African: African",9,L14.1: Never worked,117
E05013707,Junction,6,"Black, Black British, Black Welsh, Caribbean or African: African",10,L14.2: Long-term unemployed,15
E05013707,Junction,6,"Black, Black British, Black Welsh, Caribbean or African: African",11,L15: Full-time students,166
E05013707,Junction,7,"Black, Black British, Black Welsh, Caribbean or African: Caribbean",-8,Does not apply,50
E05013707,Junction,7,"Black, Black British, Black Welsh, Caribbean or African: Caribbean",1,L1 and L2: Large employers and higher managerial and administrative occupations,8
E05013707,Junction,7,"Black, Black British, Black Welsh, Caribbean or African: Caribbean",2,L3: Higher professional occupations,34
E05013707,Junction,7,"Black, Black British, Black Welsh, Caribbean or African: Caribbean",3,"L4, L5 and L6: Lower managerial, administrative and professional occupations",78
E05013707,Junction,7,"Black, Black British, Black Welsh, Caribbean or African: Caribbean",4,L7: Intermediate occupations,48
E05013707,Junction,7,"Black, Black British, Black Welsh, Caribbean or African: Caribbean",5,L8 and L9: Small employers and own account workers,40
E05013707,Junction,7,"Black, Black British, Black Welsh, Caribbean or African: Caribbean",6,L10 and L11: Lower supervisory and technical occupations,18
E05013707,Junction,7,"Black, Black British, Black Welsh, Caribbean or African: Caribbean",7,L12: Semi-routine occupations,72
E05013707,Junction,7,"Black, Black British, Black Welsh, Caribbean or African: Caribbean",8,L13: Routine occupations,50
E05013707,Junction,7,"Black, Black British, Black Welsh, Caribbean or African: Caribbean",9,L14.1: Never worked,40
E05013707,Junction,7,"Black, Black British, Black Welsh, Caribbean or African: Caribbean",10,L14.2: Long-term unemployed,11
E05013707,Junction,7,"Black, Black British, Black Welsh, Caribbean or African: Caribbean",11,L15: Full-time students,21
E05013707,Junction,8,"Black, Black British, Black Welsh, Caribbean or African: Other Black",-8,Does not apply,90
E05013707,Junction,8,"Black, Black British, Black Welsh, Caribbean or African: Other Black",1,L1 and L2: Large employers and higher managerial and administrative occupations,0
E05013707,Junction,8,"Black, Black British, Black Welsh, Caribbean or African: Other Black",2,L3: Higher professional occupations,7
E05013707,Junction,8,"Black, Black British, Black Welsh, Caribbean or African: Other Black",3,"L4, L5 and L6: Lower managerial, administrative and professional occupations",26
E05013707,Junction,8,"Black, Black British, Black Welsh, Caribbean or African: Other Black",4,L7: Intermediate occupations,8
E05013707,Junction,8,"Black, Black British, Black Welsh, Caribbean or African: Other Black",5,L8 and L9: Small employers and own account workers,3
E05013707,Junction,8,"Black, Black British, Black Welsh, Caribbean or African: Other Black",6,L10 and L11: Lower supervisory and technical occupations,3
E05013707,Junction,8,"Black, Black British, Black Welsh, Caribbean or African: Other Black",7,L12: Semi-routine occupations,13
E05013707,Junction,8,"Black, Black British, Black Welsh, Caribbean or African: Other Black",8,L13: Routine occupations,15
E05013707,Junction,8,"Black, Black British, Black Welsh, Caribbean or African: Other Black",9,L14.1: Never worked,14
E05013707,Junction,8,"Black, Black British, Black Welsh, Caribbean or African: Other Black",10,L14.2: Long-term unemployed,3
E05013707,Junction,8,"Black, Black British, Black Welsh, Caribbean or African: Other Black",11,L15: Full-time students,14
E05013707,Junction,9,Mixed or Multiple ethnic groups: White and Asian,-8,Does not apply,101
E05013707,Junction,9,Mixed or Multiple ethnic groups: White and Asian,1,L1 and L2: Large employers and higher managerial and administrative occupations,11
E05013707,Junction,9,Mixed or Multiple ethnic groups: White and Asian,2,L3: Higher professional occupations,23
E05013707,Junction,9,Mixed or Multiple ethnic groups: White and Asian,3,"L4, L5 and L6: Lower managerial, administrative and professional occupations",36
E05013707,Junction,9,Mixed or Multiple ethnic groups: White and Asian,4,L7: Intermediate occupations,9
E05013707,Junction,9,Mixed or Multiple ethnic groups: White and Asian,5,L8 and L9: Small employers and own account workers,8
E05013707,Junction,9,Mixed or Multiple ethnic groups: White and Asian,6,L10 and L11: Lower supervisory and technical occupations,2
E05013707,Junction,9,Mixed or Multiple ethnic groups: White and Asian,7,L12: Semi-routine occupations,5
E05013707,Junction,9,Mixed or Multiple ethnic groups: White and Asian,8,L13: Routine occupations,4
E05013707,Junction,9,Mixed or Multiple ethnic groups: White and Asian,9,L14.1: Never worked,6
E05013707,Junction,9,Mixed or Multiple ethnic groups: White and Asian,10,L14.2: Long-term unemployed,4
E05013707,Junction,9,Mixed or Multiple ethnic groups: White and Asian,11,L15: Full-time students,32
E05013707,Junction,10,Mixed or Multiple ethnic groups: White and Black African,-8,Does not apply,83
E05013707,Junction,10,Mixed or Multiple ethnic groups: White and Black African,1,L1 and L2: Large employers and higher managerial and administrative occupations,4
E05013707,Junction,10,Mixed or Multiple ethnic groups: White and Black African,2,L3: Higher professional occupations,9
E05013707,Junction,10,Mixed or Multiple ethnic groups: White and Black African,3,"L4, L5 and L6: Lower managerial, administrative and professional occupations",38
E05013707,Junction,10,Mixed or Multiple ethnic groups: White and Black African,4,L7: Intermediate occupations,11
E05013707,Junction,10,Mixed or Multiple ethnic groups: White and Black African,5,L8 and L9: Small employers and own account workers,13
E05013707,Junction,10,Mixed or Multiple ethnic groups: White and Black African,6,L10 and L11: Lower supervisory and technical occupations,16
E05013707,Junction,10,Mixed or Multiple ethnic groups: White and Black African,7,L12: Semi-routine occupations,11
E05013707,Junction,10,Mixed or Multiple ethnic groups: White and Black African,8,L13: Routine occupations,30
E05013707,Junction,10,Mixed or Multiple ethnic groups: White and Black African,9,L14.1: Never worked,7
E05013707,Junction,10,Mixed or Multiple ethnic groups: White and Black African,10,L14.2: Long-term unemployed,3
E05013707,Junction,10,Mixed or Multiple ethnic groups: White and Black African,11,L15: Full-time students,36
E05013707,Junction,11,Mixed or Multiple ethnic groups: White and Black Caribbean,-8,Does not apply,80
E05013707,Junction,11,Mixed or Multiple ethnic groups: White and Black Caribbean,1,L1 and L2: Large employers and higher managerial and administrative occupations,4
E05013707,Junction,11,Mixed or Multiple ethnic groups: White and Black Caribbean,2,L3: Higher professional occupations,10
E05013707,Junction,11,Mixed or Multiple ethnic groups: White and Black Caribbean,3,"L4, L5 and L6: Lower managerial, administrative and professional occupations",24
E05013707,Junction,11,Mixed or Multiple ethnic groups: White and Black Caribbean,4,L7: Intermediate occupations,17
E05013707,Junction,11,Mixed or Multiple ethnic groups: White and Black Caribbean,5,L8 and L9: Small employers and own account workers,13
E05013707,Junction,11,Mixed or Multiple ethnic groups: White and Black Caribbean,6,L10 and L11: Lower supervisory and technical occupations,4
E05013707,Junction,11,Mixed or Multiple ethnic groups: White and Black Caribbean,7,L12: Semi-routine occupations,18
E05013707,Junction,11,Mixed or Multiple ethnic groups: White and Black Caribbean,8,L13: Routine occupations,9
E05013707,Junction,11,Mixed or Multiple ethnic groups: White and Black Caribbean,9,L14.1: Never worked,22
E05013707,Junction,11,Mixed or Multiple ethnic groups: White and Black Caribbean,10,L14.2: Long-term unemployed,8
E05013707,Junction,11,Mixed or Multiple ethnic groups: White and Black Caribbean,11,L15: Full-time students,24
E05013707,Junction,12,Mixed or Multiple ethnic groups: Other Mixed or Multiple ethnic groups,-8,Does not apply,87
E05013707,Junction,12,Mixed or Multiple ethnic groups: Other Mixed or Multiple ethnic groups,1,L1 and L2: Large employers and higher managerial and administrative occupations,16
E05013707,Junction,12,Mixed or Multiple ethnic groups: Other Mixed or Multiple ethnic groups,2,L3: Higher professional occupations,49
E05013707,Junction,12,Mixed or Multiple ethnic groups: Other Mixed or Multiple ethnic groups,3,"L4, L5 and L6: Lower managerial, administrative and professional occupations",73
E05013707,Junction,12,Mixed or Multiple ethnic groups: Other Mixed or Multiple ethnic groups,4,L7: Intermediate occupations,24
E05013707,Junction,12,Mixed or Multiple ethnic groups: Other Mixed or Multiple ethnic groups,5,L8 and L9: Small employers and own account workers,23
E05013707,Junction,12,Mixed or Multiple ethnic groups: Other Mixed or Multiple ethnic groups,6,L10 and L11: Lower supervisory and technical occupations,4
E05013707,Junction,12,Mixed or Multiple ethnic groups: Other Mixed or Multiple ethnic groups,7,L12: Semi-routine occupations,18
E05013707,Junction,12,Mixed or Multiple ethnic groups: Other Mixed or Multiple ethnic groups,8,L13: Routine occupations,14
E05013707,Junction,12,Mixed or Multiple ethnic groups: Other Mixed or Multiple ethnic groups,9,L14.1: Never worked,14
E05013707,Junction,12,Mixed or Multiple ethnic groups: Other Mixed or Multiple ethnic groups,10,L14.2: Long-term unemployed,9
E05013707,Junction,12,Mixed or Multiple ethnic groups: Other Mixed or Multiple ethnic groups,11,L15: Full-time students,37
E05013707,Junction,13,"White: English, Welsh, Scottish, Northern Irish or British",-8,Does not apply,691
E05013707,Junction,13,"White: English, Welsh, Scottish, Northern Irish or British",1,L1 and L2: Large employers and higher managerial and administrative occupations,254
E05013707,Junction,13,"White: English, Welsh, Scottish, Northern Irish or British",2,L3: Higher professional occupations,785
E05013707,Junction,13,"White: English, Welsh, Scottish, Northern Irish or British",3,"L4, L5 and L6: Lower managerial, administrative and professional occupations",1238
E05013707,Junction,13,"White: English, Welsh, Scottish, Northern Irish or British",4,L7: Intermediate occupations,457
E05013707,Junction,13,"White: English, Welsh, Scottish, Northern Irish or British",5,L8 and L9: Small employers and own account workers,402
E05013707,Junction,13,"White: English, Welsh, Scottish, Northern Irish or British",6,L10 and L11: Lower supervisory and technical occupations,117
E05013707,Junction,13,"White: English, Welsh, Scottish, Northern Irish or British",7,L12: Semi-routine occupations,282
E05013707,Junction,13,"White: English, Welsh, Scottish, Northern Irish or British",8,L13: Routine occupations,279
E05013707,Junction,13,"White: English, Welsh, Scottish, Northern Irish or British",9,L14.1: Never worked,363
E05013707,Junction,13,"White: English, Welsh, Scottish, Northern Irish or British",10,L14.2: Long-term unemployed,64
E05013707,Junction,13,"White: English, Welsh, Scottish, Northern Irish or British",11,L15: Full-time students,327
E05013707,Junction,14,White: Irish,-8,Does not apply,24
E05013707,Junction,14,White: Irish,1,L1 and L2: Large employers and higher managerial and administrative occupations,20
E05013707,Junction,14,White: Irish,2,L3: Higher professional occupations,72
E05013707,Junction,14,White: Irish,3,"L4, L5 and L6: Lower managerial, administrative and professional occupations",126
E05013707,Junction,14,White: Irish,4,L7: Intermediate occupations,52
E05013707,Junction,14,White: Irish,5,L8 and L9: Small employers and own account workers,54
E05013707,Junction,14,White: Irish,6,L10 and L11: Lower supervisory and technical occupations,26
E05013707,Junction,14,White: Irish,7,L12: Semi-routine occupations,41
E05013707,Junction,14,White: Irish,8,L13: Routine occupations,73
E05013707,Junction,14,White: Irish,9,L14.1: Never worked,61
E05013707,Junction,14,White: Irish,10,L14.2: Long-term unemployed,5
E05013707,Junction,14,White: Irish,11,L15: Full-time students,18
E05013707,Junction,15,White: Gypsy or Irish Traveller,-8,Does not apply,2
E05013707,Junction,15,White: Gypsy or Irish Traveller,1,L1 and L2: Large employers and higher managerial and administrative occupations,0
E05013707,Junction,15,White: Gypsy or Irish Traveller,2,L3: Higher professional occupations,1
E05013707,Junction,15,White: Gypsy or Irish Traveller,3,"L4, L5 and L6: Lower managerial, administrative and professional occupations",2
E05013707,Junction,15,White: Gypsy or Irish Traveller,4,L7: Intermediate occupations,0
E05013707,Junction,15,White: Gypsy or Irish Traveller,5,L8 and L9: Small employers and own account workers,1
E05013707,Junction,15,White: Gypsy or Irish Traveller,6,L10 and L11: Lower supervisory and technical occupations,0
E05013707,Junction,15,White: Gypsy or Irish Traveller,7,L12: Semi-routine occupations,0
E05013707,Junction,15,White: Gypsy or Irish Traveller,8,L13: Routine occupations,2
E05013707,Junction,15,White: Gypsy or Irish Traveller,9,L14.1: Never worked,1
E05013707,Junction,15,White: Gypsy or Irish Traveller,10,L14.2: Long-term unemployed,0
E05013707,Junction,15,White: Gypsy or Irish Traveller,11,L15: Full-time students,0
E05013707,Junction,16,White: Roma,-8,Does not apply,3
E05013707,Junction,16,White: Roma,1,L1 and L2: Large employers and higher managerial and administrative occupations,1
E05013707,Junction,16,White: Roma,2,L3: Higher professional occupations,6
E05013707,Junction,16,White: Roma,3,"L4, L5 and L6: Lower managerial, administrative and professional occupations",6
E05013707,Junction,16,White: Roma,4,L7: Intermediate occupations,3
E05013707,Junction,16,White: Roma,5,L8 and L9: Small employers and own account workers,5
E05013707,Junction,16,White: Roma,6,L10 and L11: Lower supervisory and technical occupations,5
E05013707,Junction,16,White: Roma,7,L12: Semi-routine occupations,2
E05013707,Junction,16,White: Roma,8,L13: Routine occupations,12
E05013707,Junction,16,White: Roma,9,L14.1: Never worked,1
E05013707,Junction,16,White: Roma,10,L14.2: Long-term unemployed,2
E05013707,Junction,16,White: Roma,11,L15: Full-time students,2
E05013707,Junction,17,White: Other White,-8,Does not apply,181
E05013707,Junction,17,White: Other White,1,L1 and L2: Large employers and higher managerial and administrative occupations,145
E05013707,Junction,17,White: Other White,2,L3: Higher professional occupations,478
E05013707,Junction,17,White: Other White,3,"L4, L5 and L6: Lower managerial, administrative and professional occupations",543
E05013707,Junction,17,White: Other White,4,L7: Intermediate occupations,153
E05013707,Junction,17,White: Other White,5,L8 and L9: Small employers and own account workers,211
E05013707,Junction,17,White: Other White,6,L10 and L11: Lower supervisory and technical occupations,83
E05013707,Junction,17,White: Other White,7,L12: Semi-routine occupations,104
E05013707,Junction,17,White: Other White,8,L13: Routine occupations,146
E05013707,Junction,17,White: Other White,9,L14.1: Never worked,72
E05013707,Junction,17,White: Other White,10,L14.2: Long-term unemployed,31
E05013707,Junction,17,White: Other White,11,L15: Full-time students,167
E05013707,Junction,18,Other ethnic group: Arab,-8,Does not apply,36
E05013707,Junction,18,Other ethnic group: Arab,1,L1 and L2: Large employers and higher managerial and administrative occupations,3
E05013707,Junction,18,Other ethnic group: Arab,2,L3: Higher professional occupations,10
E05013707,Junction,18,Other ethnic group: Arab,3,"L4, L5 and L6: Lower managerial, administrative and professional occupations",19
E05013707,Junction,18,Other ethnic group: Arab,4,L7: Intermediate occupations,4
E05013707,Junction,18,Other ethnic group: Arab,5,L8 and L9: Small employers and own account workers,12
E05013707,Junction,18,Other ethnic group: Arab,6,L10 and L11: Lower supervisory and technical occupations,6
E05013707,Junction,18,Other ethnic group: Arab,7,L12: Semi-routine occupations,9
E05013707,Junction,18,Other ethnic group: Arab,8,L13: Routine occupations,5
E05013707,Junction,18,Other ethnic group: Arab,9,L14.1: Never worked,26
E05013707,Junction,18,Other ethnic group: Arab,10,L14.2: Long-term unemployed,3
E05013707,Junction,18,Other ethnic group: Arab,11,L15: Full-time students,21
E05013707,Junction,19,Other ethnic group: Any other ethnic group,-8,Does not apply,71
E05013707,Junction,19,Other ethnic group: Any other ethnic group,1,L1 and L2: Large employers and higher managerial and administrative occupations,8
E05013707,Junction,19,Other ethnic group: Any other ethnic group,2,L3: Higher professional occupations,48
E05013707,Junction,19,Other ethnic group: Any other ethnic group,3,"L4, L5 and L6: Lower managerial, administrative and professional occupations",97
E05013707,Junction,19,Other ethnic group: Any other ethnic group,4,L7: Intermediate occupations,38
E05013707,Junction,19,Other ethnic group: Any other ethnic group,5,L8 and L9: Small employers and own account workers,42
E05013707,Junction,19,Other ethnic group: Any other ethnic group,6,L10 and L11: Lower supervisory and technical occupations,16
E05013707,Junction,19,Other ethnic group: Any other ethnic group,7,L12: Semi-routine occupations,41
E05013707,Junction,19,Other ethnic group: Any other ethnic group,8,L13: Routine occupations,75
E05013707,Junction,19,Other ethnic group: Any other ethnic group,9,L14.1: Never worked,84
E05013707,Junction,19,Other ethnic group: Any other ethnic group,10,L14.2: Long-term unemployed,13
E05013707,Junction,19,Other ethnic group: Any other ethnic group,11,L15: Full-time students,48
E05013708,Laycock,-8,Does not apply,-8,Does not apply,0
E05013708,Laycock,-8,Does not apply,1,L1 and L2: Large employers and higher managerial and administrative occupations,0
E05013708,Laycock,-8,Does not apply,2,L3: Higher professional occupations,0
E05013708,Laycock,-8,Does not apply,3,"L4, L5 and L6: Lower managerial, administrative and professional occupations",0
E05013708,Laycock,-8,Does not apply,4,L7: Intermediate occupations,0
E05013708,Laycock,-8,Does not apply,5,L8 and L9: Small employers and own account workers,0
E05013708,Laycock,-8,Does not apply,6,L10 and L11: Lower supervisory and technical occupations,0
E05013708,Laycock,-8,Does not apply,7,L12: Semi-routine occupations,0
E05013708,Laycock,-8,Does not apply,8,L13: Routine occupations,0
E05013708,Laycock,-8,Does not apply,9,L14.1: Never worked,0
E05013708,Laycock,-8,Does not apply,10,L14.2: Long-term unemployed,0
E05013708,Laycock,-8,Does not apply,11,L15: Full-time students,0
E05013708,Laycock,1,"Asian, Asian British or Asian Welsh: Bangladeshi",-8,Does not apply,130
E05013708,Laycock,1,"Asian, Asian British or Asian Welsh: Bangladeshi",1,L1 and L2: Large employers and higher managerial and administrative occupations,1
E05013708,Laycock,1,"Asian, Asian British or Asian Welsh: Bangladeshi",2,L3: Higher professional occupations,10
E05013708,Laycock,1,"Asian, Asian British or Asian Welsh: Bangladeshi",3,"L4, L5 and L6: Lower managerial, administrative and professional occupations",38
E05013708,Laycock,1,"Asian, Asian British or Asian Welsh: Bangladeshi",4,L7: Intermediate occupations,19
E05013708,Laycock,1,"Asian, Asian British or Asian Welsh: Bangladeshi",5,L8 and L9: Small employers and own account workers,33
E05013708,Laycock,1,"Asian, Asian British or Asian Welsh: Bangladeshi",6,L10 and L11: Lower supervisory and technical occupations,10
E05013708,Laycock,1,"Asian, Asian British or Asian Welsh: Bangladeshi",7,L12: Semi-routine occupations,71
E05013708,Laycock,1,"Asian, Asian British or Asian Welsh: Bangladeshi",8,L13: Routine occupations,38
E05013708,Laycock,1,"Asian, Asian British or Asian Welsh: Bangladeshi",9,L14.1: Never worked,94
E05013708,Laycock,1,"Asian, Asian British or Asian Welsh: Bangladeshi",10,L14.2: Long-term unemployed,30
E05013708,Laycock,1,"Asian, Asian British or Asian Welsh: Bangladeshi",11,L15: Full-time students,55
E05013708,Laycock,2,"Asian, Asian British or Asian Welsh: Chinese",-8,Does not apply,10
E05013708,Laycock,2,"Asian, Asian British or Asian Welsh: Chinese",1,L1 and L2: Large employers and higher managerial and administrative occupations,11
E05013708,Laycock,2,"Asian, Asian British or Asian Welsh: Chinese",2,L3: Higher professional occupations,44
E05013708,Laycock,2,"Asian, Asian British or Asian Welsh: Chinese",3,"L4, L5 and L6: Lower managerial, administrative and professional occupations",40
E05013708,Laycock,2,"Asian, Asian British or Asian Welsh: Chinese",4,L7: Intermediate occupations,10
E05013708,Laycock,2,"Asian, Asian British or Asian Welsh: Chinese",5,L8 and L9: Small employers and own account workers,12
E05013708,Laycock,2,"Asian, Asian British or Asian Welsh: Chinese",6,L10 and L11: Lower supervisory and technical occupations,4
E05013708,Laycock,2,"Asian, Asian British or Asian Welsh: Chinese",7,L12: Semi-routine occupations,5
E05013708,Laycock,2,"Asian, Asian British or Asian Welsh: Chinese",8,L13: Routine occupations,14
E05013708,Laycock,2,"Asian, Asian British or Asian Welsh: Chinese",9,L14.1: Never worked,18
E05013708,Laycock,2,"Asian, Asian British or Asian Welsh: Chinese",10,L14.2: Long-term unemployed,3
E05013708,Laycock,2,"Asian, Asian British or Asian Welsh: Chinese",11,L15: Full-time students,44
E05013708,Laycock,3,"Asian, Asian British or Asian Welsh: Indian",-8,Does not apply,12
E05013708,Laycock,3,"Asian, Asian British or Asian Welsh: Indian",1,L1 and L2: Large employers and higher managerial and administrative occupations,15
E05013708,Laycock,3,"Asian, Asian British or Asian Welsh: Indian",2,L3: Higher professional occupations,52
E05013708,Laycock,3,"Asian, Asian British or Asian Welsh: Indian",3,"L4, L5 and L6: Lower managerial, administrative and professional occupations",48
E05013708,Laycock,3,"Asian, Asian British or Asian Welsh: Indian",4,L7: Intermediate occupations,7
E05013708,Laycock,3,"Asian, Asian British or Asian Welsh: Indian",5,L8 and L9: Small employers and own account workers,23
E05013708,Laycock,3,"Asian, Asian British or Asian Welsh: Indian",6,L10 and L11: Lower supervisory and technical occupations,6
E05013708,Laycock,3,"Asian, Asian British or Asian Welsh: Indian",7,L12: Semi-routine occupations,6
E05013708,Laycock,3,"Asian, Asian British or Asian Welsh: Indian",8,L13: Routine occupations,7
E05013708,Laycock,3,"Asian, Asian British or Asian Welsh: Indian",9,L14.1: Never worked,9
E05013708,Laycock,3,"Asian, Asian British or Asian Welsh: Indian",10,L14.2: Long-term unemployed,2
E05013708,Laycock,3,"Asian, Asian British or Asian Welsh: Indian",11,L15: Full-time students,17
E05013708,Laycock,4,"Asian, Asian British or Asian Welsh: Pakistani",-8,Does not apply,10
E05013708,Laycock,4,"Asian, Asian British or Asian Welsh: Pakistani",1,L1 and L2: Large employers and higher managerial and administrative occupations,2
E05013708,Laycock,4,"Asian, Asian British or Asian Welsh: Pakistani",2,L3: Higher professional occupations,6
E05013708,Laycock,4,"Asian, Asian British or Asian Welsh: Pakistani",3,"L4, L5 and L6: Lower managerial, administrative and professional occupations",10
E05013708,Laycock,4,"Asian, Asian British or Asian Welsh: Pakistani",4,L7: Intermediate occupations,1
E05013708,Laycock,4,"Asian, Asian British or Asian Welsh: Pakistani",5,L8 and L9: Small employers and own account workers,3
E05013708,Laycock,4,"Asian, Asian British or Asian Welsh: Pakistani",6,L10 and L11: Lower supervisory and technical occupations,2
E05013708,Laycock,4,"Asian, Asian British or Asian Welsh: Pakistani",7,L12: Semi-routine occupations,4
E05013708,Laycock,4,"Asian, Asian British or Asian Welsh: Pakistani",8,L13: Routine occupations,1
E05013708,Laycock,4,"Asian, Asian British or Asian Welsh: Pakistani",9,L14.1: Never worked,3
E05013708,Laycock,4,"Asian, Asian British or Asian Welsh: Pakistani",10,L14.2: Long-term unemployed,6
E05013708,Laycock,4,"Asian, Asian British or Asian Welsh: Pakistani",11,L15: Full-time students,6
E05013708,Laycock,5,"Asian, Asian British or Asian Welsh: Other Asian",-8,Does not apply,26
E05013708,Laycock,5,"Asian, Asian British or Asian Welsh: Other Asian",1,L1 and L2: Large employers and higher managerial and administrative occupations,14
E05013708,Laycock,5,"Asian, Asian British or Asian Welsh: Other Asian",2,L3: Higher professional occupations,53
E05013708,Laycock,5,"Asian, Asian British or Asian Welsh: Other Asian",3,"L4, L5 and L6: Lower managerial, administrative and professional occupations",68
E05013708,Laycock,5,"Asian, Asian British or Asian Welsh: Other Asian",4,L7: Intermediate occupations,27
E05013708,Laycock,5,"Asian, Asian British or Asian Welsh: Other Asian",5,L8 and L9: Small employers and own account workers,11
E05013708,Laycock,5,"Asian, Asian British or Asian Welsh: Other Asian",6,L10 and L11: Lower supervisory and technical occupations,11
E05013708,Laycock,5,"Asian, Asian British or Asian Welsh: Other Asian",7,L12: Semi-routine occupations,20
E05013708,Laycock,5,"Asian, Asian British or Asian Welsh: Other Asian",8,L13: Routine occupations,10
E05013708,Laycock,5,"Asian, Asian British or Asian Welsh: Other Asian",9,L14.1: Never worked,30
E05013708,Laycock,5,"Asian, Asian British or Asian Welsh: Other Asian",10,L14.2: Long-term unemployed,2
E05013708,Laycock,5,"Asian, Asian British or Asian Welsh: Other Asian",11,L15: Full-time students,48
E05013708,Laycock,6,"Black, Black British, Black Welsh, Caribbean or African: African",-8,Does not apply,242
E05013708,Laycock,6,"Black, Black British, Black Welsh, Caribbean or African: African",1,L1 and L2: Large employers and higher managerial and administrative occupations,18
E05013708,Laycock,6,"Black, Black British, Black Welsh, Caribbean or African: African",2,L3: Higher professional occupations,32
E05013708,Laycock,6,"Black, Black British, Black Welsh, Caribbean or African: African",3,"L4, L5 and L6: Lower managerial, administrative and professional occupations",116
E05013708,Laycock,6,"Black, Black British, Black Welsh, Caribbean or African: African",4,L7: Intermediate occupations,71
E05013708,Laycock,6,"Black, Black British, Black Welsh, Caribbean or African: African",5,L8 and L9: Small employers and own account workers,63
E05013708,Laycock,6,"Black, Black British, Black Welsh, Caribbean or African: African",6,L10 and L11: Lower supervisory and technical occupations,37
E05013708,Laycock,6,"Black, Black British, Black Welsh, Caribbean or African: African",7,L12: Semi-routine occupations,89
E05013708,Laycock,6,"Black, Black British, Black Welsh, Caribbean or African: African",8,L13: Routine occupations,76
E05013708,Laycock,6,"Black, Black British, Black Welsh, Caribbean or African: African",9,L14.1: Never worked,133
E05013708,Laycock,6,"Black, Black British, Black Welsh, Caribbean or African: African",10,L14.2: Long-term unemployed,34
E05013708,Laycock,6,"Black, Black British, Black Welsh, Caribbean or African: African",11,L15: Full-time students,99
E05013708,Laycock,7,"Black, Black British, Black Welsh, Caribbean or African: Caribbean",-8,Does not apply,58
E05013708,Laycock,7,"Black, Black British, Black Welsh, Caribbean or African: Caribbean",1,L1 and L2: Large employers and higher managerial and administrative occupations,10
E05013708,Laycock,7,"Black, Black British, Black Welsh, Caribbean or African: Caribbean",2,L3: Higher professional occupations,15
E05013708,Laycock,7,"Black, Black British, Black Welsh, Caribbean or African: Caribbean",3,"L4, L5 and L6: Lower managerial, administrative and professional occupations",77
E05013708,Laycock,7,"Black, Black British, Black Welsh, Caribbean or African: Caribbean",4,L7: Intermediate occupations,36
E05013708,Laycock,7,"Black, Black British, Black Welsh, Caribbean or African: Caribbean",5,L8 and L9: Small employers and own account workers,34
E05013708,Laycock,7,"Black, Black British, Black Welsh, Caribbean or African: Caribbean",6,L10 and L11: Lower supervisory and technical occupations,28
E05013708,Laycock,7,"Black, Black British, Black Welsh, Caribbean or African: Caribbean",7,L12: Semi-routine occupations,48
E05013708,Laycock,7,"Black, Black British, Black Welsh, Caribbean or African: Caribbean",8,L13: Routine occupations,58
E05013708,Laycock,7,"Black, Black British, Black Welsh, Caribbean or African: Caribbean",9,L14.1: Never worked,65
E05013708,Laycock,7,"Black, Black British, Black Welsh, Caribbean or African: Caribbean",10,L14.2: Long-term unemployed,8
E05013708,Laycock,7,"Black, Black British, Black Welsh, Caribbean or African: Caribbean",11,L15: Full-time students,22
E05013708,Laycock,8,"Black, Black British, Black Welsh, Caribbean or African: Other Black",-8,Does not apply,58
E05013708,Laycock,8,"Black, Black British, Black Welsh, Caribbean or African: Other Black",1,L1 and L2: Large employers and higher managerial and administrative occupations,1
E05013708,Laycock,8,"Black, Black British, Black Welsh, Caribbean or African: Other Black",2,L3: Higher professional occupations,9
E05013708,Laycock,8,"Black, Black British, Black Welsh, Caribbean or African: Other Black",3,"L4, L5 and L6: Lower managerial, administrative and professional occupations",20
E05013708,Laycock,8,"Black, Black British, Black Welsh, Caribbean or African: Other Black",4,L7: Intermediate occupations,20
E05013708,Laycock,8,"Black, Black British, Black Welsh, Caribbean or African: Other Black",5,L8 and L9: Small employers and own account workers,17
E05013708,Laycock,8,"Black, Black British, Black Welsh, Caribbean or African: Other Black",6,L10 and L11: Lower supervisory and technical occupations,5
E05013708,Laycock,8,"Black, Black British, Black Welsh, Caribbean or African: Other Black",7,L12: Semi-routine occupations,11
E05013708,Laycock,8,"Black, Black British, Black Welsh, Caribbean or African: Other Black",8,L13: Routine occupations,39
E05013708,Laycock,8,"Black, Black British, Black Welsh, Caribbean or African: Other Black",9,L14.1: Never worked,18
E05013708,Laycock,8,"Black, Black British, Black Welsh, Caribbean or African: Other Black",10,L14.2: Long-term unemployed,10
E05013708,Laycock,8,"Black, Black British, Black Welsh, Caribbean or African: Other Black",11,L15: Full-time students,34
E05013708,Laycock,9,Mixed or Multiple ethnic groups: White and Asian,-8,Does not apply,74
E05013708,Laycock,9,Mixed or Multiple ethnic groups: White and Asian,1,L1 and L2: Large employers and higher managerial and administrative occupations,12
E05013708,Laycock,9,Mixed or Multiple ethnic groups: White and Asian,2,L3: Higher professional occupations,41
E05013708,Laycock,9,Mixed or Multiple ethnic groups: White and Asian,3,"L4, L5 and L6: Lower managerial, administrative and professional occupations",32
E05013708,Laycock,9,Mixed or Multiple ethnic groups: White and Asian,4,L7: Intermediate occupations,8
E05013708,Laycock,9,Mixed or Multiple ethnic groups: White and Asian,5,L8 and L9: Small employers and own account workers,9
E05013708,Laycock,9,Mixed or Multiple ethnic groups: White and Asian,6,L10 and L11: Lower supervisory and technical occupations,2
E05013708,Laycock,9,Mixed or Multiple ethnic groups: White and Asian,7,L12: Semi-routine occupations,5
E05013708,Laycock,9,Mixed or Multiple ethnic groups: White and Asian,8,L13: Routine occupations,6
E05013708,Laycock,9,Mixed or Multiple ethnic groups: White and Asian,9,L14.1: Never worked,5
E05013708,Laycock,9,Mixed or Multiple ethnic groups: White and Asian,10,L14.2: Long-term unemployed,4
E05013708,Laycock,9,Mixed or Multiple ethnic groups: White and Asian,11,L15: Full-time students,28
E05013708,Laycock,10,Mixed or Multiple ethnic groups: White and Black African,-8,Does not apply,38
E05013708,Laycock,10,Mixed or Multiple ethnic groups: White and Black African,1,L1 and L2: Large employers and higher managerial and administrative occupations,1
E05013708,Laycock,10,Mixed or Multiple ethnic groups: White and Black African,2,L3: Higher professional occupations,7
E05013708,Laycock,10,Mixed or Multiple ethnic groups: White and Black African,3,"L4, L5 and L6: Lower managerial, administrative and professional occupations",20
E05013708,Laycock,10,Mixed or Multiple ethnic groups: White and Black African,4,L7: Intermediate occupations,5
E05013708,Laycock,10,Mixed or Multiple ethnic groups: White and Black African,5,L8 and L9: Small employers and own account workers,6
E05013708,Laycock,10,Mixed or Multiple ethnic groups: White and Black African,6,L10 and L11: Lower supervisory and technical occupations,2
E05013708,Laycock,10,Mixed or Multiple ethnic groups: White and Black African,7,L12: Semi-routine occupations,8
E05013708,Laycock,10,Mixed or Multiple ethnic groups: White and Black African,8,L13: Routine occupations,5
E05013708,Laycock,10,Mixed or Multiple ethnic groups: White and Black African,9,L14.1: Never worked,3
E05013708,Laycock,10,Mixed or Multiple ethnic groups: White and Black African,10,L14.2: Long-term unemployed,3
E05013708,Laycock,10,Mixed or Multiple ethnic groups: White and Black African,11,L15: Full-time students,9
E05013708,Laycock,11,Mixed or Multiple ethnic groups: White and Black Caribbean,-8,Does not apply,129
E05013708,Laycock,11,Mixed or Multiple ethnic groups: White and Black Caribbean,1,L1 and L2: Large employers and higher managerial and administrative occupations,2
E05013708,Laycock,11,Mixed or Multiple ethnic groups: White and Black Caribbean,2,L3: Higher professional occupations,7
E05013708,Laycock,11,Mixed or Multiple ethnic groups: White and Black Caribbean,3,"L4, L5 and L6: Lower managerial, administrative and professional occupations",25
E05013708,Laycock,11,Mixed or Multiple ethnic groups: White and Black Caribbean,4,L7: Intermediate occupations,20
E05013708,Laycock,11,Mixed or Multiple ethnic groups: White and Black Caribbean,5,L8 and L9: Small employers and own account workers,11
E05013708,Laycock,11,Mixed or Multiple ethnic groups: White and Black Caribbean,6,L10 and L11: Lower supervisory and technical occupations,5
E05013708,Laycock,11,Mixed or Multiple ethnic groups: White and Black Caribbean,7,L12: Semi-routine occupations,23
E05013708,Laycock,11,Mixed or Multiple ethnic groups: White and Black Caribbean,8,L13: Routine occupations,13
E05013708,Laycock,11,Mixed or Multiple ethnic groups: White and Black Caribbean,9,L14.1: Never worked,35
E05013708,Laycock,11,Mixed or Multiple ethnic groups: White and Black Caribbean,10,L14.2: Long-term unemployed,6
E05013708,Laycock,11,Mixed or Multiple ethnic groups: White and Black Caribbean,11,L15: Full-time students,33
E05013708,Laycock,12,Mixed or Multiple ethnic groups: Other Mixed or Multiple ethnic groups,-8,Does not apply,139
E05013708,Laycock,12,Mixed or Multiple ethnic groups: Other Mixed or Multiple ethnic groups,1,L1 and L2: Large employers and higher managerial and administrative occupations,14
E05013708,Laycock,12,Mixed or Multiple ethnic groups: Other Mixed or Multiple ethnic groups,2,L3: Higher professional occupations,38
E05013708,Laycock,12,Mixed or Multiple ethnic groups: Other Mixed or Multiple ethnic groups,3,"L4, L5 and L6: Lower managerial, administrative and professional occupations",43
E05013708,Laycock,12,Mixed or Multiple ethnic groups: Other Mixed or Multiple ethnic groups,4,L7: Intermediate occupations,22
E05013708,Laycock,12,Mixed or Multiple ethnic groups: Other Mixed or Multiple ethnic groups,5,L8 and L9: Small employers and own account workers,28
E05013708,Laycock,12,Mixed or Multiple ethnic groups: Other Mixed or Multiple ethnic groups,6,L10 and L11: Lower supervisory and technical occupations,3
E05013708,Laycock,12,Mixed or Multiple ethnic groups: Other Mixed or Multiple ethnic groups,7,L12: Semi-routine occupations,17
E05013708,Laycock,12,Mixed or Multiple ethnic groups: Other Mixed or Multiple ethnic groups,8,L13: Routine occupations,19
E05013708,Laycock,12,Mixed or Multiple ethnic groups: Other Mixed or Multiple ethnic groups,9,L14.1: Never worked,20
E05013708,Laycock,12,Mixed or Multiple ethnic groups: Other Mixed or Multiple ethnic groups,10,L14.2: Long-term unemployed,6
E05013708,Laycock,12,Mixed or Multiple ethnic groups: Other Mixed or Multiple ethnic groups,11,L15: Full-time students,63
E05013708,Laycock,13,"White: English, Welsh, Scottish, Northern Irish or British",-8,Does not apply,614
E05013708,Laycock,13,"White: English, Welsh, Scottish, Northern Irish or British",1,L1 and L2: Large employers and higher managerial and administrative occupations,283
E05013708,Laycock,13,"White: English, Welsh, Scottish, Northern Irish or British",2,L3: Higher professional occupations,715
E05013708,Laycock,13,"White: English, Welsh, Scottish, Northern Irish or British",3,"L4, L5 and L6: Lower managerial, administrative and professional occupations",948
E05013708,Laycock,13,"White: English, Welsh, Scottish, Northern Irish or British",4,L7: Intermediate occupations,406
E05013708,Laycock,13,"White: English, Welsh, Scottish, Northern Irish or British",5,L8 and L9: Small employers and own account workers,370
E05013708,Laycock,13,"White: English, Welsh, Scottish, Northern Irish or British",6,L10 and L11: Lower supervisory and technical occupations,189
E05013708,Laycock,13,"White: English, Welsh, Scottish, Northern Irish or British",7,L12: Semi-routine occupations,353
E05013708,Laycock,13,"White: English, Welsh, Scottish, Northern Irish or British",8,L13: Routine occupations,427
E05013708,Laycock,13,"White: English, Welsh, Scottish, Northern Irish or British",9,L14.1: Never worked,369
E05013708,Laycock,13,"White: English, Welsh, Scottish, Northern Irish or British",10,L14.2: Long-term unemployed,71
E05013708,Laycock,13,"White: English, Welsh, Scottish, Northern Irish or British",11,L15: Full-time students,345
E05013708,Laycock,14,White: Irish,-8,Does not apply,21
E05013708,Laycock,14,White: Irish,1,L1 and L2: Large employers and higher managerial and administrative occupations,19
E05013708,Laycock,14,White: Irish,2,L3: Higher professional occupations,45
E05013708,Laycock,14,White: Irish,3,"L4, L5 and L6: Lower managerial, administrative and professional occupations",69
E05013708,Laycock,14,White: Irish,4,L7: Intermediate occupations,34
E05013708,Laycock,14,White: Irish,5,L8 and L9: Small employers and own account workers,27
E05013708,Laycock,14,White: Irish,6,L10 and L11: Lower supervisory and technical occupations,16
E05013708,Laycock,14,White: Irish,7,L12: Semi-routine occupations,24
E05013708,Laycock,14,White: Irish,8,L13: Routine occupations,47
E05013708,Laycock,14,White: Irish,9,L14.1: Never worked,46
E05013708,Laycock,14,White: Irish,10,L14.2: Long-term unemployed,7
E05013708,Laycock,14,White: Irish,11,L15: Full-time students,5
E05013708,Laycock,15,White: Gypsy or Irish Traveller,-8,Does not apply,1
E05013708,Laycock,15,White: Gypsy or Irish Traveller,1,L1 and L2: Large employers and higher managerial and administrative occupations,1
E05013708,Laycock,15,White: Gypsy or Irish Traveller,2,L3: Higher professional occupations,0
E05013708,Laycock,15,White: Gypsy or Irish Traveller,3,"L4, L5 and L6: Lower managerial, administrative and professional occupations",0
E05013708,Laycock,15,White: Gypsy or Irish Traveller,4,L7: Intermediate occupations,1
E05013708,Laycock,15,White: Gypsy or Irish Traveller,5,L8 and L9: Small employers and own account workers,0
E05013708,Laycock,15,White: Gypsy or Irish Traveller,6,L10 and L11: Lower supervisory and technical occupations,0
E05013708,Laycock,15,White: Gypsy or Irish Traveller,7,L12: Semi-routine occupations,5
E05013708,Laycock,15,White: Gypsy or Irish Traveller,8,L13: Routine occupations,1
E05013708,Laycock,15,White: Gypsy or Irish Traveller,9,L14.1: Never worked,1
E05013708,Laycock,15,White: Gypsy or Irish Traveller,10,L14.2: Long-term unemployed,1
E05013708,Laycock,15,White: Gypsy or Irish Traveller,11,L15: Full-time students,0
E05013708,Laycock,16,White: Roma,-8,Does not apply,7
E05013708,Laycock,16,White: Roma,1,L1 and L2: Large employers and higher managerial and administrative occupations,1
E05013708,Laycock,16,White: Roma,2,L3: Higher professional occupations,6
E05013708,Laycock,16,White: Roma,3,"L4, L5 and L6: Lower managerial, administrative and professional occupations",14
E05013708,Laycock,16,White: Roma,4,L7: Intermediate occupations,1
E05013708,Laycock,16,White: Roma,5,L8 and L9: Small employers and own account workers,8
E05013708,Laycock,16,White: Roma,6,L10 and L11: Lower supervisory and technical occupations,9
E05013708,Laycock,16,White: Roma,7,L12: Semi-routine occupations,10
E05013708,Laycock,16,White: Roma,8,L13: Routine occupations,16
E05013708,Laycock,16,White: Roma,9,L14.1: Never worked,3
E05013708,Laycock,16,White: Roma,10,L14.2: Long-term unemployed,0
E05013708,Laycock,16,White: Roma,11,L15: Full-time students,1
E05013708,Laycock,17,White: Other White,-8,Does not apply,198
E05013708,Laycock,17,White: Other White,1,L1 and L2: Large employers and higher managerial and administrative occupations,176
E05013708,Laycock,17,White: Other White,2,L3: Higher professional occupations,506
E05013708,Laycock,17,White: Other White,3,"L4, L5 and L6: Lower managerial, administrative and professional occupations",422
E05013708,Laycock,17,White: Other White,4,L7: Intermediate occupations,80
E05013708,Laycock,17,White: Other White,5,L8 and L9: Small employers and own account workers,150
E05013708,Laycock,17,White: Other White,6,L10 and L11: Lower supervisory and technical occupations,55
E05013708,Laycock,17,White: Other White,7,L12: Semi-routine occupations,87
E05013708,Laycock,17,White: Other White,8,L13: Routine occupations,77
E05013708,Laycock,17,White: Other White,9,L14.1: Never worked,94
E05013708,Laycock,17,White: Other White,10,L14.2: Long-term unemployed,38
E05013708,Laycock,17,White: Other White,11,L15: Full-time students,132
E05013708,Laycock,18,Other ethnic group: Arab,-8,Does not apply,49
E05013708,Laycock,18,Other ethnic group: Arab,1,L1 and L2: Large employers and higher managerial and administrative occupations,4
E05013708,Laycock,18,Other ethnic group: Arab,2,L3: Higher professional occupations,16
E05013708,Laycock,18,Other ethnic group: Arab,3,"L4, L5 and L6: Lower managerial, administrative and professional occupations",22
E05013708,Laycock,18,Other ethnic group: Arab,4,L7: Intermediate occupations,5
E05013708,Laycock,18,Other ethnic group: Arab,5,L8 and L9: Small employers and own account workers,9
E05013708,Laycock,18,Other ethnic group: Arab,6,L10 and L11: Lower supervisory and technical occupations,7
E05013708,Laycock,18,Other ethnic group: Arab,7,L12: Semi-routine occupations,11
E05013708,Laycock,18,Other ethnic group: Arab,8,L13: Routine occupations,6
E05013708,Laycock,18,Other ethnic group: Arab,9,L14.1: Never worked,26
E05013708,Laycock,18,Other ethnic group: Arab,10,L14.2: Long-term unemployed,3
E05013708,Laycock,18,Other ethnic group: Arab,11,L15: Full-time students,21
E05013708,Laycock,19,Other ethnic group: Any other ethnic group,-8,Does not apply,97
E05013708,Laycock,19,Other ethnic group: Any other ethnic group,1,L1 and L2: Large employers and higher managerial and administrative occupations,16
E05013708,Laycock,19,Other ethnic group: Any other ethnic group,2,L3: Higher professional occupations,49
E05013708,Laycock,19,Other ethnic group: Any other ethnic group,3,"L4, L5 and L6: Lower managerial, administrative and professional occupations",75
E05013708,Laycock,19,Other ethnic group: Any other ethnic group,4,L7: Intermediate occupations,32
E05013708,Laycock,19,Other ethnic group: Any other ethnic group,5,L8 and L9: Small employers and own account workers,53
E05013708,Laycock,19,Other ethnic group: Any other ethnic group,6,L10 and L11: Lower supervisory and technical occupations,24
E05013708,Laycock,19,Other ethnic group: Any other ethnic group,7,L12: Semi-routine occupations,50
E05013708,Laycock,19,Other ethnic group: Any other ethnic group,8,L13: Routine occupations,60
E05013708,Laycock,19,Other ethnic group: Any other ethnic group,9,L14.1: Never worked,110
E05013708,Laycock,19,Other ethnic group: Any other ethnic group,10,L14.2: Long-term unemployed,7
E05013708,Laycock,19,Other ethnic group: Any other ethnic group,11,L15: Full-time students,53
E05013709,Mildmay,-8,Does not apply,-8,Does not apply,0
E05013709,Mildmay,-8,Does not apply,1,L1 and L2: Large employers and higher managerial and administrative occupations,0
E05013709,Mildmay,-8,Does not apply,2,L3: Higher professional occupations,0
E05013709,Mildmay,-8,Does not apply,3,"L4, L5 and L6: Lower managerial, administrative and professional occupations",0
E05013709,Mildmay,-8,Does not apply,4,L7: Intermediate occupations,0
E05013709,Mildmay,-8,Does not apply,5,L8 and L9: Small employers and own account workers,0
E05013709,Mildmay,-8,Does not apply,6,L10 and L11: Lower supervisory and technical occupations,0
E05013709,Mildmay,-8,Does not apply,7,L12: Semi-routine occupations,0
E05013709,Mildmay,-8,Does not apply,8,L13: Routine occupations,0
E05013709,Mildmay,-8,Does not apply,9,L14.1: Never worked,0
E05013709,Mildmay,-8,Does not apply,10,L14.2: Long-term unemployed,0
E05013709,Mildmay,-8,Does not apply,11,L15: Full-time students,0
E05013709,Mildmay,1,"Asian, Asian British or Asian Welsh: Bangladeshi",-8,Does not apply,125
E05013709,Mildmay,1,"Asian, Asian British or Asian Welsh: Bangladeshi",1,L1 and L2: Large employers and higher managerial and administrative occupations,1
E05013709,Mildmay,1,"Asian, Asian British or Asian Welsh: Bangladeshi",2,L3: Higher professional occupations,5
E05013709,Mildmay,1,"Asian, Asian British or Asian Welsh: Bangladeshi",3,"L4, L5 and L6: Lower managerial, administrative and professional occupations",31
E05013709,Mildmay,1,"Asian, Asian British or Asian Welsh: Bangladeshi",4,L7: Intermediate occupations,25
E05013709,Mildmay,1,"Asian, Asian British or Asian Welsh: Bangladeshi",5,L8 and L9: Small employers and own account workers,30
E05013709,Mildmay,1,"Asian, Asian British or Asian Welsh: Bangladeshi",6,L10 and L11: Lower supervisory and technical occupations,12
E05013709,Mildmay,1,"Asian, Asian British or Asian Welsh: Bangladeshi",7,L12: Semi-routine occupations,38
E05013709,Mildmay,1,"Asian, Asian British or Asian Welsh: Bangladeshi",8,L13: Routine occupations,24
E05013709,Mildmay,1,"Asian, Asian British or Asian Welsh: Bangladeshi",9,L14.1: Never worked,46
E05013709,Mildmay,1,"Asian, Asian British or Asian Welsh: Bangladeshi",10,L14.2: Long-term unemployed,11
E05013709,Mildmay,1,"Asian, Asian British or Asian Welsh: Bangladeshi",11,L15: Full-time students,57
E05013709,Mildmay,2,"Asian, Asian British or Asian Welsh: Chinese",-8,Does not apply,8
E05013709,Mildmay,2,"Asian, Asian British or Asian Welsh: Chinese",1,L1 and L2: Large employers and higher managerial and administrative occupations,9
E05013709,Mildmay,2,"Asian, Asian British or Asian Welsh: Chinese",2,L3: Higher professional occupations,33
E05013709,Mildmay,2,"Asian, Asian British or Asian Welsh: Chinese",3,"L4, L5 and L6: Lower managerial, administrative and professional occupations",38
E05013709,Mildmay,2,"Asian, Asian British or Asian Welsh: Chinese",4,L7: Intermediate occupations,3
E05013709,Mildmay,2,"Asian, Asian British or Asian Welsh: Chinese",5,L8 and L9: Small employers and own account workers,7
E05013709,Mildmay,2,"Asian, Asian British or Asian Welsh: Chinese",6,L10 and L11: Lower supervisory and technical occupations,1
E05013709,Mildmay,2,"Asian, Asian British or Asian Welsh: Chinese",7,L12: Semi-routine occupations,6
E05013709,Mildmay,2,"Asian, Asian British or Asian Welsh: Chinese",8,L13: Routine occupations,9
E05013709,Mildmay,2,"Asian, Asian British or Asian Welsh: Chinese",9,L14.1: Never worked,8
E05013709,Mildmay,2,"Asian, Asian British or Asian Welsh: Chinese",10,L14.2: Long-term unemployed,4
E05013709,Mildmay,2,"Asian, Asian British or Asian Welsh: Chinese",11,L15: Full-time students,23
E05013709,Mildmay,3,"Asian, Asian British or Asian Welsh: Indian",-8,Does not apply,16
E05013709,Mildmay,3,"Asian, Asian British or Asian Welsh: Indian",1,L1 and L2: Large employers and higher managerial and administrative occupations,14
E05013709,Mildmay,3,"Asian, Asian British or Asian Welsh: Indian",2,L3: Higher professional occupations,46
E05013709,Mildmay,3,"Asian, Asian British or Asian Welsh: Indian",3,"L4, L5 and L6: Lower managerial, administrative and professional occupations",31
E05013709,Mildmay,3,"Asian, Asian British or Asian Welsh: Indian",4,L7: Intermediate occupations,18
E05013709,Mildmay,3,"Asian, Asian British or Asian Welsh: Indian",5,L8 and L9: Small employers and own account workers,11
E05013709,Mildmay,3,"Asian, Asian British or Asian Welsh: Indian",6,L10 and L11: Lower supervisory and technical occupations,1
E05013709,Mildmay,3,"Asian, Asian British or Asian Welsh: Indian",7,L12: Semi-routine occupations,14
E05013709,Mildmay,3,"Asian, Asian British or Asian Welsh: Indian",8,L13: Routine occupations,11
E05013709,Mildmay,3,"Asian, Asian British or Asian Welsh: Indian",9,L14.1: Never worked,15
E05013709,Mildmay,3,"Asian, Asian British or Asian Welsh: Indian",10,L14.2: Long-term unemployed,2
E05013709,Mildmay,3,"Asian, Asian British or Asian Welsh: Indian",11,L15: Full-time students,25
E05013709,Mildmay,4,"Asian, Asian British or Asian Welsh: Pakistani",-8,Does not apply,5
E05013709,Mildmay,4,"Asian, Asian British or Asian Welsh: Pakistani",1,L1 and L2: Large employers and higher managerial and administrative occupations,5
E05013709,Mildmay,4,"Asian, Asian British or Asian Welsh: Pakistani",2,L3: Higher professional occupations,3
E05013709,Mildmay,4,"Asian, Asian British or Asian Welsh: Pakistani",3,"L4, L5 and L6: Lower managerial, administrative and professional occupations",10
E05013709,Mildmay,4,"Asian, Asian British or Asian Welsh: Pakistani",4,L7: Intermediate occupations,2
E05013709,Mildmay,4,"Asian, Asian British or Asian Welsh: Pakistani",5,L8 and L9: Small employers and own account workers,2
E05013709,Mildmay,4,"Asian, Asian British or Asian Welsh: Pakistani",6,L10 and L11: Lower supervisory and technical occupations,0
E05013709,Mildmay,4,"Asian, Asian British or Asian Welsh: Pakistani",7,L12: Semi-routine occupations,4
E05013709,Mildmay,4,"Asian, Asian British or Asian Welsh: Pakistani",8,L13: Routine occupations,0
E05013709,Mildmay,4,"Asian, Asian British or Asian Welsh: Pakistani",9,L14.1: Never worked,2
E05013709,Mildmay,4,"Asian, Asian British or Asian Welsh: Pakistani",10,L14.2: Long-term unemployed,2
E05013709,Mildmay,4,"Asian, Asian British or Asian Welsh: Pakistani",11,L15: Full-time students,14
E05013709,Mildmay,5,"Asian, Asian British or Asian Welsh: Other Asian",-8,Does not apply,39
E05013709,Mildmay,5,"Asian, Asian British or Asian Welsh: Other Asian",1,L1 and L2: Large employers and higher managerial and administrative occupations,11
E05013709,Mildmay,5,"Asian, Asian British or Asian Welsh: Other Asian",2,L3: Higher professional occupations,30
E05013709,Mildmay,5,"Asian, Asian British or Asian Welsh: Other Asian",3,"L4, L5 and L6: Lower managerial, administrative and professional occupations",33
E05013709,Mildmay,5,"Asian, Asian British or Asian Welsh: Other Asian",4,L7: Intermediate occupations,18
E05013709,Mildmay,5,"Asian, Asian British or Asian Welsh: Other Asian",5,L8 and L9: Small employers and own account workers,17
E05013709,Mildmay,5,"Asian, Asian British or Asian Welsh: Other Asian",6,L10 and L11: Lower supervisory and technical occupations,5
E05013709,Mildmay,5,"Asian, Asian British or Asian Welsh: Other Asian",7,L12: Semi-routine occupations,13
E05013709,Mildmay,5,"Asian, Asian British or Asian Welsh: Other Asian",8,L13: Routine occupations,23
E05013709,Mildmay,5,"Asian, Asian British or Asian Welsh: Other Asian",9,L14.1: Never worked,29
E05013709,Mildmay,5,"Asian, Asian British or Asian Welsh: Other Asian",10,L14.2: Long-term unemployed,3
E05013709,Mildmay,5,"Asian, Asian British or Asian Welsh: Other Asian",11,L15: Full-time students,32
E05013709,Mildmay,6,"Black, Black British, Black Welsh, Caribbean or African: African",-8,Does not apply,394
E05013709,Mildmay,6,"Black, Black British, Black Welsh, Caribbean or African: African",1,L1 and L2: Large employers and higher managerial and administrative occupations,17
E05013709,Mildmay,6,"Black, Black British, Black Welsh, Caribbean or African: African",2,L3: Higher professional occupations,54
E05013709,Mildmay,6,"Black, Black British, Black Welsh, Caribbean or African: African",3,"L4, L5 and L6: Lower managerial, administrative and professional occupations",143
E05013709,Mildmay,6,"Black, Black British, Black Welsh, Caribbean or African: African",4,L7: Intermediate occupations,78
E05013709,Mildmay,6,"Black, Black British, Black Welsh, Caribbean or African: African",5,L8 and L9: Small employers and own account workers,64
E05013709,Mildmay,6,"Black, Black British, Black Welsh, Caribbean or African: African",6,L10 and L11: Lower supervisory and technical occupations,27
E05013709,Mildmay,6,"Black, Black British, Black Welsh, Caribbean or African: African",7,L12: Semi-routine occupations,97
E05013709,Mildmay,6,"Black, Black British, Black Welsh, Caribbean or African: African",8,L13: Routine occupations,110
E05013709,Mildmay,6,"Black, Black British, Black Welsh, Caribbean or African: African",9,L14.1: Never worked,200
E05013709,Mildmay,6,"Black, Black British, Black Welsh, Caribbean or African: African",10,L14.2: Long-term unemployed,46
E05013709,Mildmay,6,"Black, Black British, Black Welsh, Caribbean or African: African",11,L15: Full-time students,237
E05013709,Mildmay,7,"Black, Black British, Black Welsh, Caribbean or African: Caribbean",-8,Does not apply,60
E05013709,Mildmay,7,"Black, Black British, Black Welsh, Caribbean or African: Caribbean",1,L1 and L2: Large employers and higher managerial and administrative occupations,18
E05013709,Mildmay,7,"Black, Black British, Black Welsh, Caribbean or African: Caribbean",2,L3: Higher professional occupations,8
E05013709,Mildmay,7,"Black, Black British, Black Welsh, Caribbean or African: Caribbean",3,"L4, L5 and L6: Lower managerial, administrative and professional occupations",68
E05013709,Mildmay,7,"Black, Black British, Black Welsh, Caribbean or African: Caribbean",4,L7: Intermediate occupations,51
E05013709,Mildmay,7,"Black, Black British, Black Welsh, Caribbean or African: Caribbean",5,L8 and L9: Small employers and own account workers,36
E05013709,Mildmay,7,"Black, Black British, Black Welsh, Caribbean or African: Caribbean",6,L10 and L11: Lower supervisory and technical occupations,20
E05013709,Mildmay,7,"Black, Black British, Black Welsh, Caribbean or African: Caribbean",7,L12: Semi-routine occupations,65
E05013709,Mildmay,7,"Black, Black British, Black Welsh, Caribbean or African: Caribbean",8,L13: Routine occupations,65
E05013709,Mildmay,7,"Black, Black British, Black Welsh, Caribbean or African: Caribbean",9,L14.1: Never worked,52
E05013709,Mildmay,7,"Black, Black British, Black Welsh, Caribbean or African: Caribbean",10,L14.2: Long-term unemployed,28
E05013709,Mildmay,7,"Black, Black British, Black Welsh, Caribbean or African: Caribbean",11,L15: Full-time students,35
E05013709,Mildmay,8,"Black, Black British, Black Welsh, Caribbean or African: Other Black",-8,Does not apply,95
E05013709,Mildmay,8,"Black, Black British, Black Welsh, Caribbean or African: Other Black",1,L1 and L2: Large employers and higher managerial and administrative occupations,2
E05013709,Mildmay,8,"Black, Black British, Black Welsh, Caribbean or African: Other Black",2,L3: Higher professional occupations,10
E05013709,Mildmay,8,"Black, Black British, Black Welsh, Caribbean or African: Other Black",3,"L4, L5 and L6: Lower managerial, administrative and professional occupations",31
E05013709,Mildmay,8,"Black, Black British, Black Welsh, Caribbean or African: Other Black",4,L7: Intermediate occupations,24
E05013709,Mildmay,8,"Black, Black British, Black Welsh, Caribbean or African: Other Black",5,L8 and L9: Small employers and own account workers,8
E05013709,Mildmay,8,"Black, Black British, Black Welsh, Caribbean or African: Other Black",6,L10 and L11: Lower supervisory and technical occupations,5
E05013709,Mildmay,8,"Black, Black British, Black Welsh, Caribbean or African: Other Black",7,L12: Semi-routine occupations,26
E05013709,Mildmay,8,"Black, Black British, Black Welsh, Caribbean or African: Other Black",8,L13: Routine occupations,19
E05013709,Mildmay,8,"Black, Black British, Black Welsh, Caribbean or African: Other Black",9,L14.1: Never worked,25
E05013709,Mildmay,8,"Black, Black British, Black Welsh, Caribbean or African: Other Black",10,L14.2: Long-term unemployed,7
E05013709,Mildmay,8,"Black, Black British, Black Welsh, Caribbean or African: Other Black",11,L15: Full-time students,29
E05013709,Mildmay,9,Mixed or Multiple ethnic groups: White and Asian,-8,Does not apply,73
E05013709,Mildmay,9,Mixed or Multiple ethnic groups: White and Asian,1,L1 and L2: Large employers and higher managerial and administrative occupations,12
E05013709,Mildmay,9,Mixed or Multiple ethnic groups: White and Asian,2,L3: Higher professional occupations,37
E05013709,Mildmay,9,Mixed or Multiple ethnic groups: White and Asian,3,"L4, L5 and L6: Lower managerial, administrative and professional occupations",38
E05013709,Mildmay,9,Mixed or Multiple ethnic groups: White and Asian,4,L7: Intermediate occupations,5
E05013709,Mildmay,9,Mixed or Multiple ethnic groups: White and Asian,5,L8 and L9: Small employers and own account workers,15
E05013709,Mildmay,9,Mixed or Multiple ethnic groups: White and Asian,6,L10 and L11: Lower supervisory and technical occupations,3
E05013709,Mildmay,9,Mixed or Multiple ethnic groups: White and Asian,7,L12: Semi-routine occupations,4
E05013709,Mildmay,9,Mixed or Multiple ethnic groups: White and Asian,8,L13: Routine occupations,7
E05013709,Mildmay,9,Mixed or Multiple ethnic groups: White and Asian,9,L14.1: Never worked,9
E05013709,Mildmay,9,Mixed or Multiple ethnic groups: White and Asian,10,L14.2: Long-term unemployed,5
E05013709,Mildmay,9,Mixed or Multiple ethnic groups: White and Asian,11,L15: Full-time students,13
E05013709,Mildmay,10,Mixed or Multiple ethnic groups: White and Black African,-8,Does not apply,61
E05013709,Mildmay,10,Mixed or Multiple ethnic groups: White and Black African,1,L1 and L2: Large employers and higher managerial and administrative occupations,5
E05013709,Mildmay,10,Mixed or Multiple ethnic groups: White and Black African,2,L3: Higher professional occupations,8
E05013709,Mildmay,10,Mixed or Multiple ethnic groups: White and Black African,3,"L4, L5 and L6: Lower managerial, administrative and professional occupations",19
E05013709,Mildmay,10,Mixed or Multiple ethnic groups: White and Black African,4,L7: Intermediate occupations,4
E05013709,Mildmay,10,Mixed or Multiple ethnic groups: White and Black African,5,L8 and L9: Small employers and own account workers,13
E05013709,Mildmay,10,Mixed or Multiple ethnic groups: White and Black African,6,L10 and L11: Lower supervisory and technical occupations,3
E05013709,Mildmay,10,Mixed or Multiple ethnic groups: White and Black African,7,L12: Semi-routine occupations,6
E05013709,Mildmay,10,Mixed or Multiple ethnic groups: White and Black African,8,L13: Routine occupations,14
E05013709,Mildmay,10,Mixed or Multiple ethnic groups: White and Black African,9,L14.1: Never worked,8
E05013709,Mildmay,10,Mixed or Multiple ethnic groups: White and Black African,10,L14.2: Long-term unemployed,2
E05013709,Mildmay,10,Mixed or Multiple ethnic groups: White and Black African,11,L15: Full-time students,15
E05013709,Mildmay,11,Mixed or Multiple ethnic groups: White and Black Caribbean,-8,Does not apply,115
E05013709,Mildmay,11,Mixed or Multiple ethnic groups: White and Black Caribbean,1,L1 and L2: Large employers and higher managerial and administrative occupations,3
E05013709,Mildmay,11,Mixed or Multiple ethnic groups: White and Black Caribbean,2,L3: Higher professional occupations,11
E05013709,Mildmay,11,Mixed or Multiple ethnic groups: White and Black Caribbean,3,"L4, L5 and L6: Lower managerial, administrative and professional occupations",25
E05013709,Mildmay,11,Mixed or Multiple ethnic groups: White and Black Caribbean,4,L7: Intermediate occupations,16
E05013709,Mildmay,11,Mixed or Multiple ethnic groups: White and Black Caribbean,5,L8 and L9: Small employers and own account workers,12
E05013709,Mildmay,11,Mixed or Multiple ethnic groups: White and Black Caribbean,6,L10 and L11: Lower supervisory and technical occupations,11
E05013709,Mildmay,11,Mixed or Multiple ethnic groups: White and Black Caribbean,7,L12: Semi-routine occupations,30
E05013709,Mildmay,11,Mixed or Multiple ethnic groups: White and Black Caribbean,8,L13: Routine occupations,23
E05013709,Mildmay,11,Mixed or Multiple ethnic groups: White and Black Caribbean,9,L14.1: Never worked,23
E05013709,Mildmay,11,Mixed or Multiple ethnic groups: White and Black Caribbean,10,L14.2: Long-term unemployed,5
E05013709,Mildmay,11,Mixed or Multiple ethnic groups: White and Black Caribbean,11,L15: Full-time students,26
E05013709,Mildmay,12,Mixed or Multiple ethnic groups: Other Mixed or Multiple ethnic groups,-8,Does not apply,139
E05013709,Mildmay,12,Mixed or Multiple ethnic groups: Other Mixed or Multiple ethnic groups,1,L1 and L2: Large employers and higher managerial and administrative occupations,7
E05013709,Mildmay,12,Mixed or Multiple ethnic groups: Other Mixed or Multiple ethnic groups,2,L3: Higher professional occupations,43
E05013709,Mildmay,12,Mixed or Multiple ethnic groups: Other Mixed or Multiple ethnic groups,3,"L4, L5 and L6: Lower managerial, administrative and professional occupations",77
E05013709,Mildmay,12,Mixed or Multiple ethnic groups: Other Mixed or Multiple ethnic groups,4,L7: Intermediate occupations,15
E05013709,Mildmay,12,Mixed or Multiple ethnic groups: Other Mixed or Multiple ethnic groups,5,L8 and L9: Small employers and own account workers,36
E05013709,Mildmay,12,Mixed or Multiple ethnic groups: Other Mixed or Multiple ethnic groups,6,L10 and L11: Lower supervisory and technical occupations,7
E05013709,Mildmay,12,Mixed or Multiple ethnic groups: Other Mixed or Multiple ethnic groups,7,L12: Semi-routine occupations,20
E05013709,Mildmay,12,Mixed or Multiple ethnic groups: Other Mixed or Multiple ethnic groups,8,L13: Routine occupations,32
E05013709,Mildmay,12,Mixed or Multiple ethnic groups: Other Mixed or Multiple ethnic groups,9,L14.1: Never worked,41
E05013709,Mildmay,12,Mixed or Multiple ethnic groups: Other Mixed or Multiple ethnic groups,10,L14.2: Long-term unemployed,8
E05013709,Mildmay,12,Mixed or Multiple ethnic groups: Other Mixed or Multiple ethnic groups,11,L15: Full-time students,31
E05013709,Mildmay,13,"White: English, Welsh, Scottish, Northern Irish or British",-8,Does not apply,708
E05013709,Mildmay,13,"White: English, Welsh, Scottish, Northern Irish or British",1,L1 and L2: Large employers and higher managerial and administrative occupations,341
E05013709,Mildmay,13,"White: English, Welsh, Scottish, Northern Irish or British",2,L3: Higher professional occupations,990
E05013709,Mildmay,13,"White: English, Welsh, Scottish, Northern Irish or British",3,"L4, L5 and L6: Lower managerial, administrative and professional occupations",1452
E05013709,Mildmay,13,"White: English, Welsh, Scottish, Northern Irish or British",4,L7: Intermediate occupations,355
E05013709,Mildmay,13,"White: English, Welsh, Scottish, Northern Irish or British",5,L8 and L9: Small employers and own account workers,506
E05013709,Mildmay,13,"White: English, Welsh, Scottish, Northern Irish or British",6,L10 and L11: Lower supervisory and technical occupations,179
E05013709,Mildmay,13,"White: English, Welsh, Scottish, Northern Irish or British",7,L12: Semi-routine occupations,325
E05013709,Mildmay,13,"White: English, Welsh, Scottish, Northern Irish or British",8,L13: Routine occupations,315
E05013709,Mildmay,13,"White: English, Welsh, Scottish, Northern Irish or British",9,L14.1: Never worked,321
E05013709,Mildmay,13,"White: English, Welsh, Scottish, Northern Irish or British",10,L14.2: Long-term unemployed,75
E05013709,Mildmay,13,"White: English, Welsh, Scottish, Northern Irish or British",11,L15: Full-time students,287
E05013709,Mildmay,14,White: Irish,-8,Does not apply,20
E05013709,Mildmay,14,White: Irish,1,L1 and L2: Large employers and higher managerial and administrative occupations,28
E05013709,Mildmay,14,White: Irish,2,L3: Higher professional occupations,96
E05013709,Mildmay,14,White: Irish,3,"L4, L5 and L6: Lower managerial, administrative and professional occupations",114
E05013709,Mildmay,14,White: Irish,4,L7: Intermediate occupations,27
E05013709,Mildmay,14,White: Irish,5,L8 and L9: Small employers and own account workers,34
E05013709,Mildmay,14,White: Irish,6,L10 and L11: Lower supervisory and technical occupations,16
E05013709,Mildmay,14,White: Irish,7,L12: Semi-routine occupations,21
E05013709,Mildmay,14,White: Irish,8,L13: Routine occupations,48
E05013709,Mildmay,14,White: Irish,9,L14.1: Never worked,28
E05013709,Mildmay,14,White: Irish,10,L14.2: Long-term unemployed,8
E05013709,Mildmay,14,White: Irish,11,L15: Full-time students,10
E05013709,Mildmay,15,White: Gypsy or Irish Traveller,-8,Does not apply,5
E05013709,Mildmay,15,White: Gypsy or Irish Traveller,1,L1 and L2: Large employers and higher managerial and administrative occupations,0
E05013709,Mildmay,15,White: Gypsy or Irish Traveller,2,L3: Higher professional occupations,0
E05013709,Mildmay,15,White: Gypsy or Irish Traveller,3,"L4, L5 and L6: Lower managerial, administrative and professional occupations",0
E05013709,Mildmay,15,White: Gypsy or Irish Traveller,4,L7: Intermediate occupations,0
E05013709,Mildmay,15,White: Gypsy or Irish Traveller,5,L8 and L9: Small employers and own account workers,3
E05013709,Mildmay,15,White: Gypsy or Irish Traveller,6,L10 and L11: Lower supervisory and technical occupations,0
E05013709,Mildmay,15,White: Gypsy or Irish Traveller,7,L12: Semi-routine occupations,1
E05013709,Mildmay,15,White: Gypsy or Irish Traveller,8,L13: Routine occupations,1
E05013709,Mildmay,15,White: Gypsy or Irish Traveller,9,L14.1: Never worked,5
E05013709,Mildmay,15,White: Gypsy or Irish Traveller,10,L14.2: Long-term unemployed,0
E05013709,Mildmay,15,White: Gypsy or Irish Traveller,11,L15: Full-time students,0
E05013709,Mildmay,16,White: Roma,-8,Does not apply,1
E05013709,Mildmay,16,White: Roma,1,L1 and L2: Large employers and higher managerial and administrative occupations,1
E05013709,Mildmay,16,White: Roma,2,L3: Higher professional occupations,2
E05013709,Mildmay,16,White: Roma,3,"L4, L5 and L6: Lower managerial, administrative and professional occupations",13
E05013709,Mildmay,16,White: Roma,4,L7: Intermediate occupations,1
E05013709,Mildmay,16,White: Roma,5,L8 and L9: Small employers and own account workers,7
E05013709,Mildmay,16,White: Roma,6,L10 and L11: Lower supervisory and technical occupations,6
E05013709,Mildmay,16,White: Roma,7,L12: Semi-routine occupations,2
E05013709,Mildmay,16,White: Roma,8,L13: Routine occupations,8
E05013709,Mildmay,16,White: Roma,9,L14.1: Never worked,1
E05013709,Mildmay,16,White: Roma,10,L14.2: Long-term unemployed,0
E05013709,Mildmay,16,White: Roma,11,L15: Full-time students,2
E05013709,Mildmay,17,White: Other White,-8,Does not apply,229
E05013709,Mildmay,17,White: Other White,1,L1 and L2: Large employers and higher managerial and administrative occupations,180
E05013709,Mildmay,17,White: Other White,2,L3: Higher professional occupations,513
E05013709,Mildmay,17,White: Other White,3,"L4, L5 and L6: Lower managerial, administrative and professional occupations",594
E05013709,Mildmay,17,White: Other White,4,L7: Intermediate occupations,140
E05013709,Mildmay,17,White: Other White,5,L8 and L9: Small employers and own account workers,205
E05013709,Mildmay,17,White: Other White,6,L10 and L11: Lower supervisory and technical occupations,66
E05013709,Mildmay,17,White: Other White,7,L12: Semi-routine occupations,85
E05013709,Mildmay,17,White: Other White,8,L13: Routine occupations,138
E05013709,Mildmay,17,White: Other White,9,L14.1: Never worked,133
E05013709,Mildmay,17,White: Other White,10,L14.2: Long-term unemployed,37
E05013709,Mildmay,17,White: Other White,11,L15: Full-time students,128
E05013709,Mildmay,18,Other ethnic group: Arab,-8,Does not apply,35
E05013709,Mildmay,18,Other ethnic group: Arab,1,L1 and L2: Large employers and higher managerial and administrative occupations,2
E05013709,Mildmay,18,Other ethnic group: Arab,2,L3: Higher professional occupations,14
E05013709,Mildmay,18,Other ethnic group: Arab,3,"L4, L5 and L6: Lower managerial, administrative and professional occupations",20
E05013709,Mildmay,18,Other ethnic group: Arab,4,L7: Intermediate occupations,6
E05013709,Mildmay,18,Other ethnic group: Arab,5,L8 and L9: Small employers and own account workers,11
E05013709,Mildmay,18,Other ethnic group: Arab,6,L10 and L11: Lower supervisory and technical occupations,11
E05013709,Mildmay,18,Other ethnic group: Arab,7,L12: Semi-routine occupations,13
E05013709,Mildmay,18,Other ethnic group: Arab,8,L13: Routine occupations,4
E05013709,Mildmay,18,Other ethnic group: Arab,9,L14.1: Never worked,24
E05013709,Mildmay,18,Other ethnic group: Arab,10,L14.2: Long-term unemployed,6
E05013709,Mildmay,18,Other ethnic group: Arab,11,L15: Full-time students,20
E05013709,Mildmay,19,Other ethnic group: Any other ethnic group,-8,Does not apply,137
E05013709,Mildmay,19,Other ethnic group: Any other ethnic group,1,L1 and L2: Large employers and higher managerial and administrative occupations,19
E05013709,Mildmay,19,Other ethnic group: Any other ethnic group,2,L3: Higher professional occupations,64
E05013709,Mildmay,19,Other ethnic group: Any other ethnic group,3,"L4, L5 and L6: Lower managerial, administrative and professional occupations",121
E05013709,Mildmay,19,Other ethnic group: Any other ethnic group,4,L7: Intermediate occupations,35
E05013709,Mildmay,19,Other ethnic group: Any other ethnic group,5,L8 and L9: Small employers and own account workers,76
E05013709,Mildmay,19,Other ethnic group: Any other ethnic group,6,L10 and L11: Lower supervisory and technical occupations,25
E05013709,Mildmay,19,Other ethnic group: Any other ethnic group,7,L12: Semi-routine occupations,61
E05013709,Mildmay,19,Other ethnic group: Any other ethnic group,8,L13: Routine occupations,93
E05013709,Mildmay,19,Other ethnic group: Any other ethnic group,9,L14.1: Never worked,117
E05013709,Mildmay,19,Other ethnic group: Any other ethnic group,10,L14.2: Long-term unemployed,19
E05013709,Mildmay,19,Other ethnic group: Any other ethnic group,11,L15: Full-time students,82
E05013710,St Mary's & St James' (Islington),-8,Does not apply,-8,Does not apply,0
E05013710,St Mary's & St James' (Islington),-8,Does not apply,1,L1 and L2: Large employers and higher managerial and administrative occupations,0
E05013710,St Mary's & St James' (Islington),-8,Does not apply,2,L3: Higher professional occupations,0
E05013710,St Mary's & St James' (Islington),-8,Does not apply,3,"L4, L5 and L6: Lower managerial, administrative and professional occupations",0
E05013710,St Mary's & St James' (Islington),-8,Does not apply,4,L7: Intermediate occupations,0
E05013710,St Mary's & St James' (Islington),-8,Does not apply,5,L8 and L9: Small employers and own account workers,0
E05013710,St Mary's & St James' (Islington),-8,Does not apply,6,L10 and L11: Lower supervisory and technical occupations,0
E05013710,St Mary's & St James' (Islington),-8,Does not apply,7,L12: Semi-routine occupations,0
E05013710,St Mary's & St James' (Islington),-8,Does not apply,8,L13: Routine occupations,0
E05013710,St Mary's & St James' (Islington),-8,Does not apply,9,L14.1: Never worked,0
E05013710,St Mary's & St James' (Islington),-8,Does not apply,10,L14.2: Long-term unemployed,0
E05013710,St Mary's & St James' (Islington),-8,Does not apply,11,L15: Full-time students,0
E05013710,St Mary's & St James' (Islington),1,"Asian, Asian British or Asian Welsh: Bangladeshi",-8,Does not apply,60
E05013710,St Mary's & St James' (Islington),1,"Asian, Asian British or Asian Welsh: Bangladeshi",1,L1 and L2: Large employers and higher managerial and administrative occupations,1
E05013710,St Mary's & St James' (Islington),1,"Asian, Asian British or Asian Welsh: Bangladeshi",2,L3: Higher professional occupations,9
E05013710,St Mary's & St James' (Islington),1,"Asian, Asian British or Asian Welsh: Bangladeshi",3,"L4, L5 and L6: Lower managerial, administrative and professional occupations",21
E05013710,St Mary's & St James' (Islington),1,"Asian, Asian British or Asian Welsh: Bangladeshi",4,L7: Intermediate occupations,15
E05013710,St Mary's & St James' (Islington),1,"Asian, Asian British or Asian Welsh: Bangladeshi",5,L8 and L9: Small employers and own account workers,15
E05013710,St Mary's & St James' (Islington),1,"Asian, Asian British or Asian Welsh: Bangladeshi",6,L10 and L11: Lower supervisory and technical occupations,9
E05013710,St Mary's & St James' (Islington),1,"Asian, Asian British or Asian Welsh: Bangladeshi",7,L12: Semi-routine occupations,38
E05013710,St Mary's & St James' (Islington),1,"Asian, Asian British or Asian Welsh: Bangladeshi",8,L13: Routine occupations,15
E05013710,St Mary's & St James' (Islington),1,"Asian, Asian British or Asian Welsh: Bangladeshi",9,L14.1: Never worked,43
E05013710,St Mary's & St James' (Islington),1,"Asian, Asian British or Asian Welsh: Bangladeshi",10,L14.2: Long-term unemployed,12
E05013710,St Mary's & St James' (Islington),1,"Asian, Asian British or Asian Welsh: Bangladeshi",11,L15: Full-time students,35
E05013710,St Mary's & St James' (Islington),2,"Asian, Asian British or Asian Welsh: Chinese",-8,Does not apply,16
E05013710,St Mary's & St James' (Islington),2,"Asian, Asian British or Asian Welsh: Chinese",1,L1 and L2: Large employers and higher managerial and administrative occupations,22
E05013710,St Mary's & St James' (Islington),2,"Asian, Asian British or Asian Welsh: Chinese",2,L3: Higher professional occupations,62
E05013710,St Mary's & St James' (Islington),2,"Asian, Asian British or Asian Welsh: Chinese",3,"L4, L5 and L6: Lower managerial, administrative and professional occupations",47
E05013710,St Mary's & St James' (Islington),2,"Asian, Asian British or Asian Welsh: Chinese",4,L7: Intermediate occupations,6
E05013710,St Mary's & St James' (Islington),2,"Asian, Asian British or Asian Welsh: Chinese",5,L8 and L9: Small employers and own account workers,16
E05013710,St Mary's & St James' (Islington),2,"Asian, Asian British or Asian Welsh: Chinese",6,L10 and L11: Lower supervisory and technical occupations,8
E05013710,St Mary's & St James' (Islington),2,"Asian, Asian British or Asian Welsh: Chinese",7,L12: Semi-routine occupations,14
E05013710,St Mary's & St James' (Islington),2,"Asian, Asian British or Asian Welsh: Chinese",8,L13: Routine occupations,6
E05013710,St Mary's & St James' (Islington),2,"Asian, Asian British or Asian Welsh: Chinese",9,L14.1: Never worked,11
E05013710,St Mary's & St James' (Islington),2,"Asian, Asian British or Asian Welsh: Chinese",10,L14.2: Long-term unemployed,0
E05013710,St Mary's & St James' (Islington),2,"Asian, Asian British or Asian Welsh: Chinese",11,L15: Full-time students,18
E05013710,St Mary's & St James' (Islington),3,"Asian, Asian British or Asian Welsh: Indian",-8,Does not apply,15
E05013710,St Mary's & St James' (Islington),3,"Asian, Asian British or Asian Welsh: Indian",1,L1 and L2: Large employers and higher managerial and administrative occupations,27
E05013710,St Mary's & St James' (Islington),3,"Asian, Asian British or Asian Welsh: Indian",2,L3: Higher professional occupations,62
E05013710,St Mary's & St James' (Islington),3,"Asian, Asian British or Asian Welsh: Indian",3,"L4, L5 and L6: Lower managerial, administrative and professional occupations",44
E05013710,St Mary's & St James' (Islington),3,"Asian, Asian British or Asian Welsh: Indian",4,L7: Intermediate occupations,4
E05013710,St Mary's & St James' (Islington),3,"Asian, Asian British or Asian Welsh: Indian",5,L8 and L9: Small employers and own account workers,5
E05013710,St Mary's & St James' (Islington),3,"Asian, Asian British or Asian Welsh: Indian",6,L10 and L11: Lower supervisory and technical occupations,2
E05013710,St Mary's & St James' (Islington),3,"Asian, Asian British or Asian Welsh: Indian",7,L12: Semi-routine occupations,7
E05013710,St Mary's & St James' (Islington),3,"Asian, Asian British or Asian Welsh: Indian",8,L13: Routine occupations,5
E05013710,St Mary's & St James' (Islington),3,"Asian, Asian British or Asian Welsh: Indian",9,L14.1: Never worked,8
E05013710,St Mary's & St James' (Islington),3,"Asian, Asian British or Asian Welsh: Indian",10,L14.2: Long-term unemployed,4
E05013710,St Mary's & St James' (Islington),3,"Asian, Asian British or Asian Welsh: Indian",11,L15: Full-time students,18
E05013710,St Mary's & St James' (Islington),4,"Asian, Asian British or Asian Welsh: Pakistani",-8,Does not apply,0
E05013710,St Mary's & St James' (Islington),4,"Asian, Asian British or Asian Welsh: Pakistani",1,L1 and L2: Large employers and higher managerial and administrative occupations,1
E05013710,St Mary's & St James' (Islington),4,"Asian, Asian British or Asian Welsh: Pakistani",2,L3: Higher professional occupations,2
E05013710,St Mary's & St James' (Islington),4,"Asian, Asian British or Asian Welsh: Pakistani",3,"L4, L5 and L6: Lower managerial, administrative and professional occupations",11
E05013710,St Mary's & St James' (Islington),4,"Asian, Asian British or Asian Welsh: Pakistani",4,L7: Intermediate occupations,1
E05013710,St Mary's & St James' (Islington),4,"Asian, Asian British or Asian Welsh: Pakistani",5,L8 and L9: Small employers and own account workers,3
E05013710,St Mary's & St James' (Islington),4,"Asian, Asian British or Asian Welsh: Pakistani",6,L10 and L11: Lower supervisory and technical occupations,0
E05013710,St Mary's & St James' (Islington),4,"Asian, Asian British or Asian Welsh: Pakistani",7,L12: Semi-routine occupations,4
E05013710,St Mary's & St James' (Islington),4,"Asian, Asian British or Asian Welsh: Pakistani",8,L13: Routine occupations,1
E05013710,St Mary's & St James' (Islington),4,"Asian, Asian British or Asian Welsh: Pakistani",9,L14.1: Never worked,3
E05013710,St Mary's & St James' (Islington),4,"Asian, Asian British or Asian Welsh: Pakistani",10,L14.2: Long-term unemployed,0
E05013710,St Mary's & St James' (Islington),4,"Asian, Asian British or Asian Welsh: Pakistani",11,L15: Full-time students,3
E05013710,St Mary's & St James' (Islington),5,"Asian, Asian British or Asian Welsh: Other Asian",-8,Does not apply,25
E05013710,St Mary's & St James' (Islington),5,"Asian, Asian British or Asian Welsh: Other Asian",1,L1 and L2: Large employers and higher managerial and administrative occupations,20
E05013710,St Mary's & St James' (Islington),5,"Asian, Asian British or Asian Welsh: Other Asian",2,L3: Higher professional occupations,45
E05013710,St Mary's & St James' (Islington),5,"Asian, Asian British or Asian Welsh: Other Asian",3,"L4, L5 and L6: Lower managerial, administrative and professional occupations",42
E05013710,St Mary's & St James' (Islington),5,"Asian, Asian British or Asian Welsh: Other Asian",4,L7: Intermediate occupations,16
E05013710,St Mary's & St James' (Islington),5,"Asian, Asian British or Asian Welsh: Other Asian",5,L8 and L9: Small employers and own account workers,14
E05013710,St Mary's & St James' (Islington),5,"Asian, Asian British or Asian Welsh: Other Asian",6,L10 and L11: Lower supervisory and technical occupations,4
E05013710,St Mary's & St James' (Islington),5,"Asian, Asian British or Asian Welsh: Other Asian",7,L12: Semi-routine occupations,12
E05013710,St Mary's & St James' (Islington),5,"Asian, Asian British or Asian Welsh: Other Asian",8,L13: Routine occupations,16
E05013710,St Mary's & St James' (Islington),5,"Asian, Asian British or Asian Welsh: Other Asian",9,L14.1: Never worked,20
E05013710,St Mary's & St James' (Islington),5,"Asian, Asian British or Asian Welsh: Other Asian",10,L14.2: Long-term unemployed,2
E05013710,St Mary's & St James' (Islington),5,"Asian, Asian British or Asian Welsh: Other Asian",11,L15: Full-time students,22
E05013710,St Mary's & St James' (Islington),6,"Black, Black British, Black Welsh, Caribbean or African: African",-8,Does not apply,146
E05013710,St Mary's & St James' (Islington),6,"Black, Black British, Black Welsh, Caribbean or African: African",1,L1 and L2: Large employers and higher managerial and administrative occupations,9
E05013710,St Mary's & St James' (Islington),6,"Black, Black British, Black Welsh, Caribbean or African: African",2,L3: Higher professional occupations,41
E05013710,St Mary's & St James' (Islington),6,"Black, Black British, Black Welsh, Caribbean or African: African",3,"L4, L5 and L6: Lower managerial, administrative and professional occupations",85
E05013710,St Mary's & St James' (Islington),6,"Black, Black British, Black Welsh, Caribbean or African: African",4,L7: Intermediate occupations,41
E05013710,St Mary's & St James' (Islington),6,"Black, Black British, Black Welsh, Caribbean or African: African",5,L8 and L9: Small employers and own account workers,51
E05013710,St Mary's & St James' (Islington),6,"Black, Black British, Black Welsh, Caribbean or African: African",6,L10 and L11: Lower supervisory and technical occupations,17
E05013710,St Mary's & St James' (Islington),6,"Black, Black British, Black Welsh, Caribbean or African: African",7,L12: Semi-routine occupations,61
E05013710,St Mary's & St James' (Islington),6,"Black, Black British, Black Welsh, Caribbean or African: African",8,L13: Routine occupations,35
E05013710,St Mary's & St James' (Islington),6,"Black, Black British, Black Welsh, Caribbean or African: African",9,L14.1: Never worked,70
E05013710,St Mary's & St James' (Islington),6,"Black, Black British, Black Welsh, Caribbean or African: African",10,L14.2: Long-term unemployed,16
E05013710,St Mary's & St James' (Islington),6,"Black, Black British, Black Welsh, Caribbean or African: African",11,L15: Full-time students,80
E05013710,St Mary's & St James' (Islington),7,"Black, Black British, Black Welsh, Caribbean or African: Caribbean",-8,Does not apply,39
E05013710,St Mary's & St James' (Islington),7,"Black, Black British, Black Welsh, Caribbean or African: Caribbean",1,L1 and L2: Large employers and higher managerial and administrative occupations,4
E05013710,St Mary's & St James' (Islington),7,"Black, Black British, Black Welsh, Caribbean or African: Caribbean",2,L3: Higher professional occupations,14
E05013710,St Mary's & St James' (Islington),7,"Black, Black British, Black Welsh, Caribbean or African: Caribbean",3,"L4, L5 and L6: Lower managerial, administrative and professional occupations",53
E05013710,St Mary's & St James' (Islington),7,"Black, Black British, Black Welsh, Caribbean or African: Caribbean",4,L7: Intermediate occupations,32
E05013710,St Mary's & St James' (Islington),7,"Black, Black British, Black Welsh, Caribbean or African: Caribbean",5,L8 and L9: Small employers and own account workers,27
E05013710,St Mary's & St James' (Islington),7,"Black, Black British, Black Welsh, Caribbean or African: Caribbean",6,L10 and L11: Lower supervisory and technical occupations,9
E05013710,St Mary's & St James' (Islington),7,"Black, Black British, Black Welsh, Caribbean or African: Caribbean",7,L12: Semi-routine occupations,37
E05013710,St Mary's & St James' (Islington),7,"Black, Black British, Black Welsh, Caribbean or African: Caribbean",8,L13: Routine occupations,38
E05013710,St Mary's & St James' (Islington),7,"Black, Black British, Black Welsh, Caribbean or African: Caribbean",9,L14.1: Never worked,34
E05013710,St Mary's & St James' (Islington),7,"Black, Black British, Black Welsh, Caribbean or African: Caribbean",10,L14.2: Long-term unemployed,12
E05013710,St Mary's & St James' (Islington),7,"Black, Black British, Black Welsh, Caribbean or African: Caribbean",11,L15: Full-time students,26
E05013710,St Mary's & St James' (Islington),8,"Black, Black British, Black Welsh, Caribbean or African: Other Black",-8,Does not apply,41
E05013710,St Mary's & St James' (Islington),8,"Black, Black British, Black Welsh, Caribbean or African: Other Black",1,L1 and L2: Large employers and higher managerial and administrative occupations,1
E05013710,St Mary's & St James' (Islington),8,"Black, Black British, Black Welsh, Caribbean or African: Other Black",2,L3: Higher professional occupations,3
E05013710,St Mary's & St James' (Islington),8,"Black, Black British, Black Welsh, Caribbean or African: Other Black",3,"L4, L5 and L6: Lower managerial, administrative and professional occupations",13
E05013710,St Mary's & St James' (Islington),8,"Black, Black British, Black Welsh, Caribbean or African: Other Black",4,L7: Intermediate occupations,11
E05013710,St Mary's & St James' (Islington),8,"Black, Black British, Black Welsh, Caribbean or African: Other Black",5,L8 and L9: Small employers and own account workers,7
E05013710,St Mary's & St James' (Islington),8,"Black, Black British, Black Welsh, Caribbean or African: Other Black",6,L10 and L11: Lower supervisory and technical occupations,4
E05013710,St Mary's & St James' (Islington),8,"Black, Black British, Black Welsh, Caribbean or African: Other Black",7,L12: Semi-routine occupations,12
E05013710,St Mary's & St James' (Islington),8,"Black, Black British, Black Welsh, Caribbean or African: Other Black",8,L13: Routine occupations,11
E05013710,St Mary's & St James' (Islington),8,"Black, Black British, Black Welsh, Caribbean or African: Other Black",9,L14.1: Never worked,13
E05013710,St Mary's & St James' (Islington),8,"Black, Black British, Black Welsh, Caribbean or African: Other Black",10,L14.2: Long-term unemployed,1
E05013710,St Mary's & St James' (Islington),8,"Black, Black British, Black Welsh, Caribbean or African: Other Black",11,L15: Full-time students,13
E05013710,St Mary's & St James' (Islington),9,Mixed or Multiple ethnic groups: White and Asian,-8,Does not apply,82
E05013710,St Mary's & St James' (Islington),9,Mixed or Multiple ethnic groups: White and Asian,1,L1 and L2: Large employers and higher managerial and administrative occupations,15
E05013710,St Mary's & St James' (Islington),9,Mixed or Multiple ethnic groups: White and Asian,2,L3: Higher professional occupations,35
E05013710,St Mary's & St James' (Islington),9,Mixed or Multiple ethnic groups: White and Asian,3,"L4, L5 and L6: Lower managerial, administrative and professional occupations",40
E05013710,St Mary's & St James' (Islington),9,Mixed or Multiple ethnic groups: White and Asian,4,L7: Intermediate occupations,7
E05013710,St Mary's & St James' (Islington),9,Mixed or Multiple ethnic groups: White and Asian,5,L8 and L9: Small employers and own account workers,11
E05013710,St Mary's & St James' (Islington),9,Mixed or Multiple ethnic groups: White and Asian,6,L10 and L11: Lower supervisory and technical occupations,1
E05013710,St Mary's & St James' (Islington),9,Mixed or Multiple ethnic groups: White and Asian,7,L12: Semi-routine occupations,2
E05013710,St Mary's & St James' (Islington),9,Mixed or Multiple ethnic groups: White and Asian,8,L13: Routine occupations,4
E05013710,St Mary's & St James' (Islington),9,Mixed or Multiple ethnic groups: White and Asian,9,L14.1: Never worked,1
E05013710,St Mary's & St James' (Islington),9,Mixed or Multiple ethnic groups: White and Asian,10,L14.2: Long-term unemployed,2
E05013710,St Mary's & St James' (Islington),9,Mixed or Multiple ethnic groups: White and Asian,11,L15: Full-time students,20
E05013710,St Mary's & St James' (Islington),10,Mixed or Multiple ethnic groups: White and Black African,-8,Does not apply,45
E05013710,St Mary's & St James' (Islington),10,Mixed or Multiple ethnic groups: White and Black African,1,L1 and L2: Large employers and higher managerial and administrative occupations,1
E05013710,St Mary's & St James' (Islington),10,Mixed or Multiple ethnic groups: White and Black African,2,L3: Higher professional occupations,7
E05013710,St Mary's & St James' (Islington),10,Mixed or Multiple ethnic groups: White and Black African,3,"L4, L5 and L6: Lower managerial, administrative and professional occupations",9
E05013710,St Mary's & St James' (Islington),10,Mixed or Multiple ethnic groups: White and Black African,4,L7: Intermediate occupations,8
E05013710,St Mary's & St James' (Islington),10,Mixed or Multiple ethnic groups: White and Black African,5,L8 and L9: Small employers and own account workers,3
E05013710,St Mary's & St James' (Islington),10,Mixed or Multiple ethnic groups: White and Black African,6,L10 and L11: Lower supervisory and technical occupations,5
E05013710,St Mary's & St James' (Islington),10,Mixed or Multiple ethnic groups: White and Black African,7,L12: Semi-routine occupations,3
E05013710,St Mary's & St James' (Islington),10,Mixed or Multiple ethnic groups: White and Black African,8,L13: Routine occupations,5
E05013710,St Mary's & St James' (Islington),10,Mixed or Multiple ethnic groups: White and Black African,9,L14.1: Never worked,6
E05013710,St Mary's & St James' (Islington),10,Mixed or Multiple ethnic groups: White and Black African,10,L14.2: Long-term unemployed,4
E05013710,St Mary's & St James' (Islington),10,Mixed or Multiple ethnic groups: White and Black African,11,L15: Full-time students,6
E05013710,St Mary's & St James' (Islington),11,Mixed or Multiple ethnic groups: White and Black Caribbean,-8,Does not apply,84
E05013710,St Mary's & St James' (Islington),11,Mixed or Multiple ethnic groups: White and Black Caribbean,1,L1 and L2: Large employers and higher managerial and administrative occupations,3
E05013710,St Mary's & St James' (Islington),11,Mixed or Multiple ethnic groups: White and Black Caribbean,2,L3: Higher professional occupations,12
E05013710,St Mary's & St James' (Islington),11,Mixed or Multiple ethnic groups: White and Black Caribbean,3,"L4, L5 and L6: Lower managerial, administrative and professional occupations",21
E05013710,St Mary's & St James' (Islington),11,Mixed or Multiple ethnic groups: White and Black Caribbean,4,L7: Intermediate occupations,14
E05013710,St Mary's & St James' (Islington),11,Mixed or Multiple ethnic groups: White and Black Caribbean,5,L8 and L9: Small employers and own account workers,9
E05013710,St Mary's & St James' (Islington),11,Mixed or Multiple ethnic groups: White and Black Caribbean,6,L10 and L11: Lower supervisory and technical occupations,5
E05013710,St Mary's & St James' (Islington),11,Mixed or Multiple ethnic groups: White and Black Caribbean,7,L12: Semi-routine occupations,11
E05013710,St Mary's & St James' (Islington),11,Mixed or Multiple ethnic groups: White and Black Caribbean,8,L13: Routine occupations,7
E05013710,St Mary's & St James' (Islington),11,Mixed or Multiple ethnic groups: White and Black Caribbean,9,L14.1: Never worked,13
E05013710,St Mary's & St James' (Islington),11,Mixed or Multiple ethnic groups: White and Black Caribbean,10,L14.2: Long-term unemployed,4
E05013710,St Mary's & St James' (Islington),11,Mixed or Multiple ethnic groups: White and Black Caribbean,11,L15: Full-time students,16
E05013710,St Mary's & St James' (Islington),12,Mixed or Multiple ethnic groups: Other Mixed or Multiple ethnic groups,-8,Does not apply,95
E05013710,St Mary's & St James' (Islington),12,Mixed or Multiple ethnic groups: Other Mixed or Multiple ethnic groups,1,L1 and L2: Large employers and higher managerial and administrative occupations,13
E05013710,St Mary's & St James' (Islington),12,Mixed or Multiple ethnic groups: Other Mixed or Multiple ethnic groups,2,L3: Higher professional occupations,50
E05013710,St Mary's & St James' (Islington),12,Mixed or Multiple ethnic groups: Other Mixed or Multiple ethnic groups,3,"L4, L5 and L6: Lower managerial, administrative and professional occupations",47
E05013710,St Mary's & St James' (Islington),12,Mixed or Multiple ethnic groups: Other Mixed or Multiple ethnic groups,4,L7: Intermediate occupations,11
E05013710,St Mary's & St James' (Islington),12,Mixed or Multiple ethnic groups: Other Mixed or Multiple ethnic groups,5,L8 and L9: Small employers and own account workers,10
E05013710,St Mary's & St James' (Islington),12,Mixed or Multiple ethnic groups: Other Mixed or Multiple ethnic groups,6,L10 and L11: Lower supervisory and technical occupations,4
E05013710,St Mary's & St James' (Islington),12,Mixed or Multiple ethnic groups: Other Mixed or Multiple ethnic groups,7,L12: Semi-routine occupations,14
E05013710,St Mary's & St James' (Islington),12,Mixed or Multiple ethnic groups: Other Mixed or Multiple ethnic groups,8,L13: Routine occupations,7
E05013710,St Mary's & St James' (Islington),12,Mixed or Multiple ethnic groups: Other Mixed or Multiple ethnic groups,9,L14.1: Never worked,9
E05013710,St Mary's & St James' (Islington),12,Mixed or Multiple ethnic groups: Other Mixed or Multiple ethnic groups,10,L14.2: Long-term unemployed,8
E05013710,St Mary's & St James' (Islington),12,Mixed or Multiple ethnic groups: Other Mixed or Multiple ethnic groups,11,L15: Full-time students,21
E05013710,St Mary's & St James' (Islington),13,"White: English, Welsh, Scottish, Northern Irish or British",-8,Does not apply,718
E05013710,St Mary's & St James' (Islington),13,"White: English, Welsh, Scottish, Northern Irish or British",1,L1 and L2: Large employers and higher managerial and administrative occupations,415
E05013710,St Mary's & St James' (Islington),13,"White: English, Welsh, Scottish, Northern Irish or British",2,L3: Higher professional occupations,1002
E05013710,St Mary's & St James' (Islington),13,"White: English, Welsh, Scottish, Northern Irish or British",3,"L4, L5 and L6: Lower managerial, administrative and professional occupations",1058
E05013710,St Mary's & St James' (Islington),13,"White: English, Welsh, Scottish, Northern Irish or British",4,L7: Intermediate occupations,355
E05013710,St Mary's & St James' (Islington),13,"White: English, Welsh, Scottish, Northern Irish or British",5,L8 and L9: Small employers and own account workers,415
E05013710,St Mary's & St James' (Islington),13,"White: English, Welsh, Scottish, Northern Irish or British",6,L10 and L11: Lower supervisory and technical occupations,123
E05013710,St Mary's & St James' (Islington),13,"White: English, Welsh, Scottish, Northern Irish or British",7,L12: Semi-routine occupations,283
E05013710,St Mary's & St James' (Islington),13,"White: English, Welsh, Scottish, Northern Irish or British",8,L13: Routine occupations,275
E05013710,St Mary's & St James' (Islington),13,"White: English, Welsh, Scottish, Northern Irish or British",9,L14.1: Never worked,317
E05013710,St Mary's & St James' (Islington),13,"White: English, Welsh, Scottish, Northern Irish or British",10,L14.2: Long-term unemployed,56
E05013710,St Mary's & St James' (Islington),13,"White: English, Welsh, Scottish, Northern Irish or British",11,L15: Full-time students,248
E05013710,St Mary's & St James' (Islington),14,White: Irish,-8,Does not apply,14
E05013710,St Mary's & St James' (Islington),14,White: Irish,1,L1 and L2: Large employers and higher managerial and administrative occupations,31
E05013710,St Mary's & St James' (Islington),14,White: Irish,2,L3: Higher professional occupations,105
E05013710,St Mary's & St James' (Islington),14,White: Irish,3,"L4, L5 and L6: Lower managerial, administrative and professional occupations",83
E05013710,St Mary's & St James' (Islington),14,White: Irish,4,L7: Intermediate occupations,20
E05013710,St Mary's & St James' (Islington),14,White: Irish,5,L8 and L9: Small employers and own account workers,26
E05013710,St Mary's & St James' (Islington),14,White: Irish,6,L10 and L11: Lower supervisory and technical occupations,9
E05013710,St Mary's & St James' (Islington),14,White: Irish,7,L12: Semi-routine occupations,27
E05013710,St Mary's & St James' (Islington),14,White: Irish,8,L13: Routine occupations,24
E05013710,St Mary's & St James' (Islington),14,White: Irish,9,L14.1: Never worked,35
E05013710,St Mary's & St James' (Islington),14,White: Irish,10,L14.2: Long-term unemployed,3
E05013710,St Mary's & St James' (Islington),14,White: Irish,11,L15: Full-time students,9
E05013710,St Mary's & St James' (Islington),15,White: Gypsy or Irish Traveller,-8,Does not apply,0
E05013710,St Mary's & St James' (Islington),15,White: Gypsy or Irish Traveller,1,L1 and L2: Large employers and higher managerial and administrative occupations,0
E05013710,St Mary's & St James' (Islington),15,White: Gypsy or Irish Traveller,2,L3: Higher professional occupations,0
E05013710,St Mary's & St James' (Islington),15,White: Gypsy or Irish Traveller,3,"L4, L5 and L6: Lower managerial, administrative and professional occupations",1
E05013710,St Mary's & St James' (Islington),15,White: Gypsy or Irish Traveller,4,L7: Intermediate occupations,0
E05013710,St Mary's & St James' (Islington),15,White: Gypsy or Irish Traveller,5,L8 and L9: Small employers and own account workers,2
E05013710,St Mary's & St James' (Islington),15,White: Gypsy or Irish Traveller,6,L10 and L11: Lower supervisory and technical occupations,0
E05013710,St Mary's & St James' (Islington),15,White: Gypsy or Irish Traveller,7,L12: Semi-routine occupations,0
E05013710,St Mary's & St James' (Islington),15,White: Gypsy or Irish Traveller,8,L13: Routine occupations,0
E05013710,St Mary's & St James' (Islington),15,White: Gypsy or Irish Traveller,9,L14.1: Never worked,0
E05013710,St Mary's & St James' (Islington),15,White: Gypsy or Irish Traveller,10,L14.2: Long-term unemployed,1
E05013710,St Mary's & St James' (Islington),15,White: Gypsy or Irish Traveller,11,L15: Full-time students,0
E05013710,St Mary's & St James' (Islington),16,White: Roma,-8,Does not apply,0
E05013710,St Mary's & St James' (Islington),16,White: Roma,1,L1 and L2: Large employers and higher managerial and administrative occupations,5
E05013710,St Mary's & St James' (Islington),16,White: Roma,2,L3: Higher professional occupations,8
E05013710,St Mary's & St James' (Islington),16,White: Roma,3,"L4, L5 and L6: Lower managerial, administrative and professional occupations",15
E05013710,St Mary's & St James' (Islington),16,White: Roma,4,L7: Intermediate occupations,0
E05013710,St Mary's & St James' (Islington),16,White: Roma,5,L8 and L9: Small employers and own account workers,2
E05013710,St Mary's & St James' (Islington),16,White: Roma,6,L10 and L11: Lower supervisory and technical occupations,7
E05013710,St Mary's & St James' (Islington),16,White: Roma,7,L12: Semi-routine occupations,1
E05013710,St Mary's & St James' (Islington),16,White: Roma,8,L13: Routine occupations,5
E05013710,St Mary's & St James' (Islington),16,White: Roma,9,L14.1: Never worked,1
E05013710,St Mary's & St James' (Islington),16,White: Roma,10,L14.2: Long-term unemployed,0
E05013710,St Mary's & St James' (Islington),16,White: Roma,11,L15: Full-time students,2
E05013710,St Mary's & St James' (Islington),17,White: Other White,-8,Does not apply,225
E05013710,St Mary's & St James' (Islington),17,White: Other White,1,L1 and L2: Large employers and higher managerial and administrative occupations,251
E05013710,St Mary's & St James' (Islington),17,White: Other White,2,L3: Higher professional occupations,704
E05013710,St Mary's & St James' (Islington),17,White: Other White,3,"L4, L5 and L6: Lower managerial, administrative and professional occupations",603
E05013710,St Mary's & St James' (Islington),17,White: Other White,4,L7: Intermediate occupations,133
E05013710,St Mary's & St James' (Islington),17,White: Other White,5,L8 and L9: Small employers and own account workers,162
E05013710,St Mary's & St James' (Islington),17,White: Other White,6,L10 and L11: Lower supervisory and technical occupations,50
E05013710,St Mary's & St James' (Islington),17,White: Other White,7,L12: Semi-routine occupations,75
E05013710,St Mary's & St James' (Islington),17,White: Other White,8,L13: Routine occupations,92
E05013710,St Mary's & St James' (Islington),17,White: Other White,9,L14.1: Never worked,50
E05013710,St Mary's & St James' (Islington),17,White: Other White,10,L14.2: Long-term unemployed,23
E05013710,St Mary's & St James' (Islington),17,White: Other White,11,L15: Full-time students,231
E05013710,St Mary's & St James' (Islington),18,Other ethnic group: Arab,-8,Does not apply,18
E05013710,St Mary's & St James' (Islington),18,Other ethnic group: Arab,1,L1 and L2: Large employers and higher managerial and administrative occupations,5
E05013710,St Mary's & St James' (Islington),18,Other ethnic group: Arab,2,L3: Higher professional occupations,34
E05013710,St Mary's & St James' (Islington),18,Other ethnic group: Arab,3,"L4, L5 and L6: Lower managerial, administrative and professional occupations",15
E05013710,St Mary's & St James' (Islington),18,Other ethnic group: Arab,4,L7: Intermediate occupations,3
E05013710,St Mary's & St James' (Islington),18,Other ethnic group: Arab,5,L8 and L9: Small employers and own account workers,10
E05013710,St Mary's & St James' (Islington),18,Other ethnic group: Arab,6,L10 and L11: Lower supervisory and technical occupations,2
E05013710,St Mary's & St James' (Islington),18,Other ethnic group: Arab,7,L12: Semi-routine occupations,9
E05013710,St Mary's & St James' (Islington),18,Other ethnic group: Arab,8,L13: Routine occupations,5
E05013710,St Mary's & St James' (Islington),18,Other ethnic group: Arab,9,L14.1: Never worked,5
E05013710,St Mary's & St James' (Islington),18,Other ethnic group: Arab,10,L14.2: Long-term unemployed,4
E05013710,St Mary's & St James' (Islington),18,Other ethnic group: Arab,11,L15: Full-time students,9
E05013710,St Mary's & St James' (Islington),19,Other ethnic group: Any other ethnic group,-8,Does not apply,77
E05013710,St Mary's & St James' (Islington),19,Other ethnic group: Any other ethnic group,1,L1 and L2: Large employers and higher managerial and administrative occupations,13
E05013710,St Mary's & St James' (Islington),19,Other ethnic group: Any other ethnic group,2,L3: Higher professional occupations,63
E05013710,St Mary's & St James' (Islington),19,Other ethnic group: Any other ethnic group,3,"L4, L5 and L6: Lower managerial, administrative and professional occupations",87
E05013710,St Mary's & St James' (Islington),19,Other ethnic group: Any other ethnic group,4,L7: Intermediate occupations,22
E05013710,St Mary's & St James' (Islington),19,Other ethnic group: Any other ethnic group,5,L8 and L9: Small employers and own account workers,43
E05013710,St Mary's & St James' (Islington),19,Other ethnic group: Any other ethnic group,6,L10 and L11: Lower supervisory and technical occupations,21
E05013710,St Mary's & St James' (Islington),19,Other ethnic group: Any other ethnic group,7,L12: Semi-routine occupations,37
E05013710,St Mary's & St James' (Islington),19,Other ethnic group: Any other ethnic group,8,L13: Routine occupations,72
E05013710,St Mary's & St James' (Islington),19,Other ethnic group: Any other ethnic group,9,L14.1: Never worked,75
E05013710,St Mary's & St James' (Islington),19,Other ethnic group: Any other ethnic group,10,L14.2: Long-term unemployed,10
E05013710,St Mary's & St James' (Islington),19,Other ethnic group: Any other ethnic group,11,L15: Full-time students,65
E05013711,St Peter's & Canalside,-8,Does not apply,-8,Does not apply,0
E05013711,St Peter's & Canalside,-8,Does not apply,1,L1 and L2: Large employers and higher managerial and administrative occupations,0
E05013711,St Peter's & Canalside,-8,Does not apply,2,L3: Higher professional occupations,0
E05013711,St Peter's & Canalside,-8,Does not apply,3,"L4, L5 and L6: Lower managerial, administrative and professional occupations",0
E05013711,St Peter's & Canalside,-8,Does not apply,4,L7: Intermediate occupations,0
E05013711,St Peter's & Canalside,-8,Does not apply,5,L8 and L9: Small employers and own account workers,0
E05013711,St Peter's & Canalside,-8,Does not apply,6,L10 and L11: Lower supervisory and technical occupations,0
E05013711,St Peter's & Canalside,-8,Does not apply,7,L12: Semi-routine occupations,0
E05013711,St Peter's & Canalside,-8,Does not apply,8,L13: Routine occupations,0
E05013711,St Peter's & Canalside,-8,Does not apply,9,L14.1: Never worked,0
E05013711,St Peter's & Canalside,-8,Does not apply,10,L14.2: Long-term unemployed,0
E05013711,St Peter's & Canalside,-8,Does not apply,11,L15: Full-time students,0
E05013711,St Peter's & Canalside,1,"Asian, Asian British or Asian Welsh: Bangladeshi",-8,Does not apply,103
E05013711,St Peter's & Canalside,1,"Asian, Asian British or Asian Welsh: Bangladeshi",1,L1 and L2: Large employers and higher managerial and administrative occupations,1
E05013711,St Peter's & Canalside,1,"Asian, Asian British or Asian Welsh: Bangladeshi",2,L3: Higher professional occupations,7
E05013711,St Peter's & Canalside,1,"Asian, Asian British or Asian Welsh: Bangladeshi",3,"L4, L5 and L6: Lower managerial, administrative and professional occupations",55
E05013711,St Peter's & Canalside,1,"Asian, Asian British or Asian Welsh: Bangladeshi",4,L7: Intermediate occupations,36
E05013711,St Peter's & Canalside,1,"Asian, Asian British or Asian Welsh: Bangladeshi",5,L8 and L9: Small employers and own account workers,45
E05013711,St Peter's & Canalside,1,"Asian, Asian British or Asian Welsh: Bangladeshi",6,L10 and L11: Lower supervisory and technical occupations,17
E05013711,St Peter's & Canalside,1,"Asian, Asian British or Asian Welsh: Bangladeshi",7,L12: Semi-routine occupations,32
E05013711,St Peter's & Canalside,1,"Asian, Asian British or Asian Welsh: Bangladeshi",8,L13: Routine occupations,19
E05013711,St Peter's & Canalside,1,"Asian, Asian British or Asian Welsh: Bangladeshi",9,L14.1: Never worked,56
E05013711,St Peter's & Canalside,1,"Asian, Asian British or Asian Welsh: Bangladeshi",10,L14.2: Long-term unemployed,15
E05013711,St Peter's & Canalside,1,"Asian, Asian British or Asian Welsh: Bangladeshi",11,L15: Full-time students,38
E05013711,St Peter's & Canalside,2,"Asian, Asian British or Asian Welsh: Chinese",-8,Does not apply,11
E05013711,St Peter's & Canalside,2,"Asian, Asian British or Asian Welsh: Chinese",1,L1 and L2: Large employers and higher managerial and administrative occupations,33
E05013711,St Peter's & Canalside,2,"Asian, Asian British or Asian Welsh: Chinese",2,L3: Higher professional occupations,104
E05013711,St Peter's & Canalside,2,"Asian, Asian British or Asian Welsh: Chinese",3,"L4, L5 and L6: Lower managerial, administrative and professional occupations",61
E05013711,St Peter's & Canalside,2,"Asian, Asian British or Asian Welsh: Chinese",4,L7: Intermediate occupations,15
E05013711,St Peter's & Canalside,2,"Asian, Asian British or Asian Welsh: Chinese",5,L8 and L9: Small employers and own account workers,16
E05013711,St Peter's & Canalside,2,"Asian, Asian British or Asian Welsh: Chinese",6,L10 and L11: Lower supervisory and technical occupations,5
E05013711,St Peter's & Canalside,2,"Asian, Asian British or Asian Welsh: Chinese",7,L12: Semi-routine occupations,11
E05013711,St Peter's & Canalside,2,"Asian, Asian British or Asian Welsh: Chinese",8,L13: Routine occupations,9
E05013711,St Peter's & Canalside,2,"Asian, Asian British or Asian Welsh: Chinese",9,L14.1: Never worked,9
E05013711,St Peter's & Canalside,2,"Asian, Asian British or Asian Welsh: Chinese",10,L14.2: Long-term unemployed,2
E05013711,St Peter's & Canalside,2,"Asian, Asian British or Asian Welsh: Chinese",11,L15: Full-time students,90
E05013711,St Peter's & Canalside,3,"Asian, Asian British or Asian Welsh: Indian",-8,Does not apply,14
E05013711,St Peter's & Canalside,3,"Asian, Asian British or Asian Welsh: Indian",1,L1 and L2: Large employers and higher managerial and administrative occupations,29
E05013711,St Peter's & Canalside,3,"Asian, Asian British or Asian Welsh: Indian",2,L3: Higher professional occupations,105
E05013711,St Peter's & Canalside,3,"Asian, Asian British or Asian Welsh: Indian",3,"L4, L5 and L6: Lower managerial, administrative and professional occupations",44
E05013711,St Peter's & Canalside,3,"Asian, Asian British or Asian Welsh: Indian",4,L7: Intermediate occupations,6
E05013711,St Peter's & Canalside,3,"Asian, Asian British or Asian Welsh: Indian",5,L8 and L9: Small employers and own account workers,12
E05013711,St Peter's & Canalside,3,"Asian, Asian British or Asian Welsh: Indian",6,L10 and L11: Lower supervisory and technical occupations,4
E05013711,St Peter's & Canalside,3,"Asian, Asian British or Asian Welsh: Indian",7,L12: Semi-routine occupations,8
E05013711,St Peter's & Canalside,3,"Asian, Asian British or Asian Welsh: Indian",8,L13: Routine occupations,2
E05013711,St Peter's & Canalside,3,"Asian, Asian British or Asian Welsh: Indian",9,L14.1: Never worked,10
E05013711,St Peter's & Canalside,3,"Asian, Asian British or Asian Welsh: Indian",10,L14.2: Long-term unemployed,1
E05013711,St Peter's & Canalside,3,"Asian, Asian British or Asian Welsh: Indian",11,L15: Full-time students,49
E05013711,St Peter's & Canalside,4,"Asian, Asian British or Asian Welsh: Pakistani",-8,Does not apply,1
E05013711,St Peter's & Canalside,4,"Asian, Asian British or Asian Welsh: Pakistani",1,L1 and L2: Large employers and higher managerial and administrative occupations,5
E05013711,St Peter's & Canalside,4,"Asian, Asian British or Asian Welsh: Pakistani",2,L3: Higher professional occupations,15
E05013711,St Peter's & Canalside,4,"Asian, Asian British or Asian Welsh: Pakistani",3,"L4, L5 and L6: Lower managerial, administrative and professional occupations",9
E05013711,St Peter's & Canalside,4,"Asian, Asian British or Asian Welsh: Pakistani",4,L7: Intermediate occupations,3
E05013711,St Peter's & Canalside,4,"Asian, Asian British or Asian Welsh: Pakistani",5,L8 and L9: Small employers and own account workers,1
E05013711,St Peter's & Canalside,4,"Asian, Asian British or Asian Welsh: Pakistani",6,L10 and L11: Lower supervisory and technical occupations,0
E05013711,St Peter's & Canalside,4,"Asian, Asian British or Asian Welsh: Pakistani",7,L12: Semi-routine occupations,1
E05013711,St Peter's & Canalside,4,"Asian, Asian British or Asian Welsh: Pakistani",8,L13: Routine occupations,1
E05013711,St Peter's & Canalside,4,"Asian, Asian British or Asian Welsh: Pakistani",9,L14.1: Never worked,3
E05013711,St Peter's & Canalside,4,"Asian, Asian British or Asian Welsh: Pakistani",10,L14.2: Long-term unemployed,0
E05013711,St Peter's & Canalside,4,"Asian, Asian British or Asian Welsh: Pakistani",11,L15: Full-time students,13
E05013711,St Peter's & Canalside,5,"Asian, Asian British or Asian Welsh: Other Asian",-8,Does not apply,20
E05013711,St Peter's & Canalside,5,"Asian, Asian British or Asian Welsh: Other Asian",1,L1 and L2: Large employers and higher managerial and administrative occupations,25
E05013711,St Peter's & Canalside,5,"Asian, Asian British or Asian Welsh: Other Asian",2,L3: Higher professional occupations,61
E05013711,St Peter's & Canalside,5,"Asian, Asian British or Asian Welsh: Other Asian",3,"L4, L5 and L6: Lower managerial, administrative and professional occupations",47
E05013711,St Peter's & Canalside,5,"Asian, Asian British or Asian Welsh: Other Asian",4,L7: Intermediate occupations,15
E05013711,St Peter's & Canalside,5,"Asian, Asian British or Asian Welsh: Other Asian",5,L8 and L9: Small employers and own account workers,18
E05013711,St Peter's & Canalside,5,"Asian, Asian British or Asian Welsh: Other Asian",6,L10 and L11: Lower supervisory and technical occupations,5
E05013711,St Peter's & Canalside,5,"Asian, Asian British or Asian Welsh: Other Asian",7,L12: Semi-routine occupations,14
E05013711,St Peter's & Canalside,5,"Asian, Asian British or Asian Welsh: Other Asian",8,L13: Routine occupations,16
E05013711,St Peter's & Canalside,5,"Asian, Asian British or Asian Welsh: Other Asian",9,L14.1: Never worked,20
E05013711,St Peter's & Canalside,5,"Asian, Asian British or Asian Welsh: Other Asian",10,L14.2: Long-term unemployed,1
E05013711,St Peter's & Canalside,5,"Asian, Asian British or Asian Welsh: Other Asian",11,L15: Full-time students,66
E05013711,St Peter's & Canalside,6,"Black, Black British, Black Welsh, Caribbean or African: African",-8,Does not apply,246
E05013711,St Peter's & Canalside,6,"Black, Black British, Black Welsh, Caribbean or African: African",1,L1 and L2: Large employers and higher managerial and administrative occupations,9
E05013711,St Peter's & Canalside,6,"Black, Black British, Black Welsh, Caribbean or African: African",2,L3: Higher professional occupations,40
E05013711,St Peter's & Canalside,6,"Black, Black British, Black Welsh, Caribbean or African: African",3,"L4, L5 and L6: Lower managerial, administrative and professional occupations",89
E05013711,St Peter's & Canalside,6,"Black, Black British, Black Welsh, Caribbean or African: African",4,L7: Intermediate occupations,41
E05013711,St Peter's & Canalside,6,"Black, Black British, Black Welsh, Caribbean or African: African",5,L8 and L9: Small employers and own account workers,68
E05013711,St Peter's & Canalside,6,"Black, Black British, Black Welsh, Caribbean or African: African",6,L10 and L11: Lower supervisory and technical occupations,21
E05013711,St Peter's & Canalside,6,"Black, Black British, Black Welsh, Caribbean or African: African",7,L12: Semi-routine occupations,100
E05013711,St Peter's & Canalside,6,"Black, Black British, Black Welsh, Caribbean or African: African",8,L13: Routine occupations,74
E05013711,St Peter's & Canalside,6,"Black, Black British, Black Welsh, Caribbean or African: African",9,L14.1: Never worked,124
E05013711,St Peter's & Canalside,6,"Black, Black British, Black Welsh, Caribbean or African: African",10,L14.2: Long-term unemployed,17
E05013711,St Peter's & Canalside,6,"Black, Black British, Black Welsh, Caribbean or African: African",11,L15: Full-time students,129
E05013711,St Peter's & Canalside,7,"Black, Black British, Black Welsh, Caribbean or African: Caribbean",-8,Does not apply,43
E05013711,St Peter's & Canalside,7,"Black, Black British, Black Welsh, Caribbean or African: Caribbean",1,L1 and L2: Large employers and higher managerial and administrative occupations,8
E05013711,St Peter's & Canalside,7,"Black, Black British, Black Welsh, Caribbean or African: Caribbean",2,L3: Higher professional occupations,10
E05013711,St Peter's & Canalside,7,"Black, Black British, Black Welsh, Caribbean or African: Caribbean",3,"L4, L5 and L6: Lower managerial, administrative and professional occupations",42
E05013711,St Peter's & Canalside,7,"Black, Black British, Black Welsh, Caribbean or African: Caribbean",4,L7: Intermediate occupations,30
E05013711,St Peter's & Canalside,7,"Black, Black British, Black Welsh, Caribbean or African: Caribbean",5,L8 and L9: Small employers and own account workers,17
E05013711,St Peter's & Canalside,7,"Black, Black British, Black Welsh, Caribbean or African: Caribbean",6,L10 and L11: Lower supervisory and technical occupations,10
E05013711,St Peter's & Canalside,7,"Black, Black British, Black Welsh, Caribbean or African: Caribbean",7,L12: Semi-routine occupations,30
E05013711,St Peter's & Canalside,7,"Black, Black British, Black Welsh, Caribbean or African: Caribbean",8,L13: Routine occupations,27
E05013711,St Peter's & Canalside,7,"Black, Black British, Black Welsh, Caribbean or African: Caribbean",9,L14.1: Never worked,20
E05013711,St Peter's & Canalside,7,"Black, Black British, Black Welsh, Caribbean or African: Caribbean",10,L14.2: Long-term unemployed,9
E05013711,St Peter's & Canalside,7,"Black, Black British, Black Welsh, Caribbean or African: Caribbean",11,L15: Full-time students,27
E05013711,St Peter's & Canalside,8,"Black, Black British, Black Welsh, Caribbean or African: Other Black",-8,Does not apply,44
E05013711,St Peter's & Canalside,8,"Black, Black British, Black Welsh, Caribbean or African: Other Black",1,L1 and L2: Large employers and higher managerial and administrative occupations,1
E05013711,St Peter's & Canalside,8,"Black, Black British, Black Welsh, Caribbean or African: Other Black",2,L3: Higher professional occupations,3
E05013711,St Peter's & Canalside,8,"Black, Black British, Black Welsh, Caribbean or African: Other Black",3,"L4, L5 and L6: Lower managerial, administrative and professional occupations",7
E05013711,St Peter's & Canalside,8,"Black, Black British, Black Welsh, Caribbean or African: Other Black",4,L7: Intermediate occupations,7
E05013711,St Peter's & Canalside,8,"Black, Black British, Black Welsh, Caribbean or African: Other Black",5,L8 and L9: Small employers and own account workers,4
E05013711,St Peter's & Canalside,8,"Black, Black British, Black Welsh, Caribbean or African: Other Black",6,L10 and L11: Lower supervisory and technical occupations,2
E05013711,St Peter's & Canalside,8,"Black, Black British, Black Welsh, Caribbean or African: Other Black",7,L12: Semi-routine occupations,7
E05013711,St Peter's & Canalside,8,"Black, Black British, Black Welsh, Caribbean or African: Other Black",8,L13: Routine occupations,7
E05013711,St Peter's & Canalside,8,"Black, Black British, Black Welsh, Caribbean or African: Other Black",9,L14.1: Never worked,9
E05013711,St Peter's & Canalside,8,"Black, Black British, Black Welsh, Caribbean or African: Other Black",10,L14.2: Long-term unemployed,1
E05013711,St Peter's & Canalside,8,"Black, Black British, Black Welsh, Caribbean or African: Other Black",11,L15: Full-time students,12
E05013711,St Peter's & Canalside,9,Mixed or Multiple ethnic groups: White and Asian,-8,Does not apply,71
E05013711,St Peter's & Canalside,9,Mixed or Multiple ethnic groups: White and Asian,1,L1 and L2: Large employers and higher managerial and administrative occupations,21
E05013711,St Peter's & Canalside,9,Mixed or Multiple ethnic groups: White and Asian,2,L3: Higher professional occupations,45
E05013711,St Peter's & Canalside,9,Mixed or Multiple ethnic groups: White and Asian,3,"L4, L5 and L6: Lower managerial, administrative and professional occupations",25
E05013711,St Peter's & Canalside,9,Mixed or Multiple ethnic groups: White and Asian,4,L7: Intermediate occupations,5
E05013711,St Peter's & Canalside,9,Mixed or Multiple ethnic groups: White and Asian,5,L8 and L9: Small employers and own account workers,6
E05013711,St Peter's & Canalside,9,Mixed or Multiple ethnic groups: White and Asian,6,L10 and L11: Lower supervisory and technical occupations,5
E05013711,St Peter's & Canalside,9,Mixed or Multiple ethnic groups: White and Asian,7,L12: Semi-routine occupations,7
E05013711,St Peter's & Canalside,9,Mixed or Multiple ethnic groups: White and Asian,8,L13: Routine occupations,4
E05013711,St Peter's & Canalside,9,Mixed or Multiple ethnic groups: White and Asian,9,L14.1: Never worked,1
E05013711,St Peter's & Canalside,9,Mixed or Multiple ethnic groups: White and Asian,10,L14.2: Long-term unemployed,4
E05013711,St Peter's & Canalside,9,Mixed or Multiple ethnic groups: White and Asian,11,L15: Full-time students,23
E05013711,St Peter's & Canalside,10,Mixed or Multiple ethnic groups: White and Black African,-8,Does not apply,71
E05013711,St Peter's & Canalside,10,Mixed or Multiple ethnic groups: White and Black African,1,L1 and L2: Large employers and higher managerial and administrative occupations,1
E05013711,St Peter's & Canalside,10,Mixed or Multiple ethnic groups: White and Black African,2,L3: Higher professional occupations,8
E05013711,St Peter's & Canalside,10,Mixed or Multiple ethnic groups: White and Black African,3,"L4, L5 and L6: Lower managerial, administrative and professional occupations",7
E05013711,St Peter's & Canalside,10,Mixed or Multiple ethnic groups: White and Black African,4,L7: Intermediate occupations,7
E05013711,St Peter's & Canalside,10,Mixed or Multiple ethnic groups: White and Black African,5,L8 and L9: Small employers and own account workers,4
E05013711,St Peter's & Canalside,10,Mixed or Multiple ethnic groups: White and Black African,6,L10 and L11: Lower supervisory and technical occupations,2
E05013711,St Peter's & Canalside,10,Mixed or Multiple ethnic groups: White and Black African,7,L12: Semi-routine occupations,4
E05013711,St Peter's & Canalside,10,Mixed or Multiple ethnic groups: White and Black African,8,L13: Routine occupations,3
E05013711,St Peter's & Canalside,10,Mixed or Multiple ethnic groups: White and Black African,9,L14.1: Never worked,8
E05013711,St Peter's & Canalside,10,Mixed or Multiple ethnic groups: White and Black African,10,L14.2: Long-term unemployed,3
E05013711,St Peter's & Canalside,10,Mixed or Multiple ethnic groups: White and Black African,11,L15: Full-time students,9
E05013711,St Peter's & Canalside,11,Mixed or Multiple ethnic groups: White and Black Caribbean,-8,Does not apply,102
E05013711,St Peter's & Canalside,11,Mixed or Multiple ethnic groups: White and Black Caribbean,1,L1 and L2: Large employers and higher managerial and administrative occupations,5
E05013711,St Peter's & Canalside,11,Mixed or Multiple ethnic groups: White and Black Caribbean,2,L3: Higher professional occupations,12
E05013711,St Peter's & Canalside,11,Mixed or Multiple ethnic groups: White and Black Caribbean,3,"L4, L5 and L6: Lower managerial, administrative and professional occupations",14
E05013711,St Peter's & Canalside,11,Mixed or Multiple ethnic groups: White and Black Caribbean,4,L7: Intermediate occupations,16
E05013711,St Peter's & Canalside,11,Mixed or Multiple ethnic groups: White and Black Caribbean,5,L8 and L9: Small employers and own account workers,7
E05013711,St Peter's & Canalside,11,Mixed or Multiple ethnic groups: White and Black Caribbean,6,L10 and L11: Lower supervisory and technical occupations,5
E05013711,St Peter's & Canalside,11,Mixed or Multiple ethnic groups: White and Black Caribbean,7,L12: Semi-routine occupations,11
E05013711,St Peter's & Canalside,11,Mixed or Multiple ethnic groups: White and Black Caribbean,8,L13: Routine occupations,11
E05013711,St Peter's & Canalside,11,Mixed or Multiple ethnic groups: White and Black Caribbean,9,L14.1: Never worked,19
E05013711,St Peter's & Canalside,11,Mixed or Multiple ethnic groups: White and Black Caribbean,10,L14.2: Long-term unemployed,3
E05013711,St Peter's & Canalside,11,Mixed or Multiple ethnic groups: White and Black Caribbean,11,L15: Full-time students,25
E05013711,St Peter's & Canalside,12,Mixed or Multiple ethnic groups: Other Mixed or Multiple ethnic groups,-8,Does not apply,88
E05013711,St Peter's & Canalside,12,Mixed or Multiple ethnic groups: Other Mixed or Multiple ethnic groups,1,L1 and L2: Large employers and higher managerial and administrative occupations,13
E05013711,St Peter's & Canalside,12,Mixed or Multiple ethnic groups: Other Mixed or Multiple ethnic groups,2,L3: Higher professional occupations,45
E05013711,St Peter's & Canalside,12,Mixed or Multiple ethnic groups: Other Mixed or Multiple ethnic groups,3,"L4, L5 and L6: Lower managerial, administrative and professional occupations",47
E05013711,St Peter's & Canalside,12,Mixed or Multiple ethnic groups: Other Mixed or Multiple ethnic groups,4,L7: Intermediate occupations,24
E05013711,St Peter's & Canalside,12,Mixed or Multiple ethnic groups: Other Mixed or Multiple ethnic groups,5,L8 and L9: Small employers and own account workers,13
E05013711,St Peter's & Canalside,12,Mixed or Multiple ethnic groups: Other Mixed or Multiple ethnic groups,6,L10 and L11: Lower supervisory and technical occupations,1
E05013711,St Peter's & Canalside,12,Mixed or Multiple ethnic groups: Other Mixed or Multiple ethnic groups,7,L12: Semi-routine occupations,9
E05013711,St Peter's & Canalside,12,Mixed or Multiple ethnic groups: Other Mixed or Multiple ethnic groups,8,L13: Routine occupations,6
E05013711,St Peter's & Canalside,12,Mixed or Multiple ethnic groups: Other Mixed or Multiple ethnic groups,9,L14.1: Never worked,11
E05013711,St Peter's & Canalside,12,Mixed or Multiple ethnic groups: Other Mixed or Multiple ethnic groups,10,L14.2: Long-term unemployed,3
E05013711,St Peter's & Canalside,12,Mixed or Multiple ethnic groups: Other Mixed or Multiple ethnic groups,11,L15: Full-time students,51
E05013711,St Peter's & Canalside,13,"White: English, Welsh, Scottish, Northern Irish or British",-8,Does not apply,623
E05013711,St Peter's & Canalside,13,"White: English, Welsh, Scottish, Northern Irish or British",1,L1 and L2: Large employers and higher managerial and administrative occupations,331
E05013711,St Peter's & Canalside,13,"White: English, Welsh, Scottish, Northern Irish or British",2,L3: Higher professional occupations,759
E05013711,St Peter's & Canalside,13,"White: English, Welsh, Scottish, Northern Irish or British",3,"L4, L5 and L6: Lower managerial, administrative and professional occupations",863
E05013711,St Peter's & Canalside,13,"White: English, Welsh, Scottish, Northern Irish or British",4,L7: Intermediate occupations,294
E05013711,St Peter's & Canalside,13,"White: English, Welsh, Scottish, Northern Irish or British",5,L8 and L9: Small employers and own account workers,338
E05013711,St Peter's & Canalside,13,"White: English, Welsh, Scottish, Northern Irish or British",6,L10 and L11: Lower supervisory and technical occupations,95
E05013711,St Peter's & Canalside,13,"White: English, Welsh, Scottish, Northern Irish or British",7,L12: Semi-routine occupations,259
E05013711,St Peter's & Canalside,13,"White: English, Welsh, Scottish, Northern Irish or British",8,L13: Routine occupations,261
E05013711,St Peter's & Canalside,13,"White: English, Welsh, Scottish, Northern Irish or British",9,L14.1: Never worked,297
E05013711,St Peter's & Canalside,13,"White: English, Welsh, Scottish, Northern Irish or British",10,L14.2: Long-term unemployed,55
E05013711,St Peter's & Canalside,13,"White: English, Welsh, Scottish, Northern Irish or British",11,L15: Full-time students,285
E05013711,St Peter's & Canalside,14,White: Irish,-8,Does not apply,11
E05013711,St Peter's & Canalside,14,White: Irish,1,L1 and L2: Large employers and higher managerial and administrative occupations,22
E05013711,St Peter's & Canalside,14,White: Irish,2,L3: Higher professional occupations,52
E05013711,St Peter's & Canalside,14,White: Irish,3,"L4, L5 and L6: Lower managerial, administrative and professional occupations",49
E05013711,St Peter's & Canalside,14,White: Irish,4,L7: Intermediate occupations,27
E05013711,St Peter's & Canalside,14,White: Irish,5,L8 and L9: Small employers and own account workers,15
E05013711,St Peter's & Canalside,14,White: Irish,6,L10 and L11: Lower supervisory and technical occupations,7
E05013711,St Peter's & Canalside,14,White: Irish,7,L12: Semi-routine occupations,25
E05013711,St Peter's & Canalside,14,White: Irish,8,L13: Routine occupations,18
E05013711,St Peter's & Canalside,14,White: Irish,9,L14.1: Never worked,26
E05013711,St Peter's & Canalside,14,White: Irish,10,L14.2: Long-term unemployed,3
E05013711,St Peter's & Canalside,14,White: Irish,11,L15: Full-time students,15
E05013711,St Peter's & Canalside,15,White: Gypsy or Irish Traveller,-8,Does not apply,0
E05013711,St Peter's & Canalside,15,White: Gypsy or Irish Traveller,1,L1 and L2: Large employers and higher managerial and administrative occupations,0
E05013711,St Peter's & Canalside,15,White: Gypsy or Irish Traveller,2,L3: Higher professional occupations,0
E05013711,St Peter's & Canalside,15,White: Gypsy or Irish Traveller,3,"L4, L5 and L6: Lower managerial, administrative and professional occupations",0
E05013711,St Peter's & Canalside,15,White: Gypsy or Irish Traveller,4,L7: Intermediate occupations,0
E05013711,St Peter's & Canalside,15,White: Gypsy or Irish Traveller,5,L8 and L9: Small employers and own account workers,0
E05013711,St Peter's & Canalside,15,White: Gypsy or Irish Traveller,6,L10 and L11: Lower supervisory and technical occupations,0
E05013711,St Peter's & Canalside,15,White: Gypsy or Irish Traveller,7,L12: Semi-routine occupations,0
E05013711,St Peter's & Canalside,15,White: Gypsy or Irish Traveller,8,L13: Routine occupations,0
E05013711,St Peter's & Canalside,15,White: Gypsy or Irish Traveller,9,L14.1: Never worked,0
E05013711,St Peter's & Canalside,15,White: Gypsy or Irish Traveller,10,L14.2: Long-term unemployed,0
E05013711,St Peter's & Canalside,15,White: Gypsy or Irish Traveller,11,L15: Full-time students,1
E05013711,St Peter's & Canalside,16,White: Roma,-8,Does not apply,0
E05013711,St Peter's & Canalside,16,White: Roma,1,L1 and L2: Large employers and higher managerial and administrative occupations,3
E05013711,St Peter's & Canalside,16,White: Roma,2,L3: Higher professional occupations,5
E05013711,St Peter's & Canalside,16,White: Roma,3,"L4, L5 and L6: Lower managerial, administrative and professional occupations",8
E05013711,St Peter's & Canalside,16,White: Roma,4,L7: Intermediate occupations,2
E05013711,St Peter's & Canalside,16,White: Roma,5,L8 and L9: Small employers and own account workers,4
E05013711,St Peter's & Canalside,16,White: Roma,6,L10 and L11: Lower supervisory and technical occupations,2
E05013711,St Peter's & Canalside,16,White: Roma,7,L12: Semi-routine occupations,2
E05013711,St Peter's & Canalside,16,White: Roma,8,L13: Routine occupations,8
E05013711,St Peter's & Canalside,16,White: Roma,9,L14.1: Never worked,0
E05013711,St Peter's & Canalside,16,White: Roma,10,L14.2: Long-term unemployed,0
E05013711,St Peter's & Canalside,16,White: Roma,11,L15: Full-time students,10
E05013711,St Peter's & Canalside,17,White: Other White,-8,Does not apply,165
E05013711,St Peter's & Canalside,17,White: Other White,1,L1 and L2: Large employers and higher managerial and administrative occupations,238
E05013711,St Peter's & Canalside,17,White: Other White,2,L3: Higher professional occupations,670
E05013711,St Peter's & Canalside,17,White: Other White,3,"L4, L5 and L6: Lower managerial, administrative and professional occupations",504
E05013711,St Peter's & Canalside,17,White: Other White,4,L7: Intermediate occupations,109
E05013711,St Peter's & Canalside,17,White: Other White,5,L8 and L9: Small employers and own account workers,132
E05013711,St Peter's & Canalside,17,White: Other White,6,L10 and L11: Lower supervisory and technical occupations,52
E05013711,St Peter's & Canalside,17,White: Other White,7,L12: Semi-routine occupations,85
E05013711,St Peter's & Canalside,17,White: Other White,8,L13: Routine occupations,104
E05013711,St Peter's & Canalside,17,White: Other White,9,L14.1: Never worked,67
E05013711,St Peter's & Canalside,17,White: Other White,10,L14.2: Long-term unemployed,30
E05013711,St Peter's & Canalside,17,White: Other White,11,L15: Full-time students,260
E05013711,St Peter's & Canalside,18,Other ethnic group: Arab,-8,Does not apply,36
E05013711,St Peter's & Canalside,18,Other ethnic group: Arab,1,L1 and L2: Large employers and higher managerial and administrative occupations,7
E05013711,St Peter's & Canalside,18,Other ethnic group: Arab,2,L3: Higher professional occupations,28
E05013711,St Peter's & Canalside,18,Other ethnic group: Arab,3,"L4, L5 and L6: Lower managerial, administrative and professional occupations",13
E05013711,St Peter's & Canalside,18,Other ethnic group: Arab,4,L7: Intermediate occupations,7
E05013711,St Peter's & Canalside,18,Other ethnic group: Arab,5,L8 and L9: Small employers and own account workers,6
E05013711,St Peter's & Canalside,18,Other ethnic group: Arab,6,L10 and L11: Lower supervisory and technical occupations,10
E05013711,St Peter's & Canalside,18,Other ethnic group: Arab,7,L12: Semi-routine occupations,6
E05013711,St Peter's & Canalside,18,Other ethnic group: Arab,8,L13: Routine occupations,7
E05013711,St Peter's & Canalside,18,Other ethnic group: Arab,9,L14.1: Never worked,22
E05013711,St Peter's & Canalside,18,Other ethnic group: Arab,10,L14.2: Long-term unemployed,3
E05013711,St Peter's & Canalside,18,Other ethnic group: Arab,11,L15: Full-time students,34
E05013711,St Peter's & Canalside,19,Other ethnic group: Any other ethnic group,-8,Does not apply,95
E05013711,St Peter's & Canalside,19,Other ethnic group: Any other ethnic group,1,L1 and L2: Large employers and higher managerial and administrative occupations,25
E05013711,St Peter's & Canalside,19,Other ethnic group: Any other ethnic group,2,L3: Higher professional occupations,57
E05013711,St Peter's & Canalside,19,Other ethnic group: Any other ethnic group,3,"L4, L5 and L6: Lower managerial, administrative and professional occupations",62
E05013711,St Peter's & Canalside,19,Other ethnic group: Any other ethnic group,4,L7: Intermediate occupations,31
E05013711,St Peter's & Canalside,19,Other ethnic group: Any other ethnic group,5,L8 and L9: Small employers and own account workers,45
E05013711,St Peter's & Canalside,19,Other ethnic group: Any other ethnic group,6,L10 and L11: Lower supervisory and technical occupations,18
E05013711,St Peter's & Canalside,19,Other ethnic group: Any other ethnic group,7,L12: Semi-routine occupations,38
E05013711,St Peter's & Canalside,19,Other ethnic group: Any other ethnic group,8,L13: Routine occupations,50
E05013711,St Peter's & Canalside,19,Other ethnic group: Any other ethnic group,9,L14.1: Never worked,91
E05013711,St Peter's & Canalside,19,Other ethnic group: Any other ethnic group,10,L14.2: Long-term unemployed,3
E05013711,St Peter's & Canalside,19,Other ethnic group: Any other ethnic group,11,L15: Full-time students,74
E05013712,Tollington,-8,Does not apply,-8,Does not apply,0
E05013712,Tollington,-8,Does not apply,1,L1 and L2: Large employers and higher managerial and administrative occupations,0
E05013712,Tollington,-8,Does not apply,2,L3: Higher professional occupations,0
E05013712,Tollington,-8,Does not apply,3,"L4, L5 and L6: Lower managerial, administrative and professional occupations",0
E05013712,Tollington,-8,Does not apply,4,L7: Intermediate occupations,0
E05013712,Tollington,-8,Does not apply,5,L8 and L9: Small employers and own account workers,0
E05013712,Tollington,-8,Does not apply,6,L10 and L11: Lower supervisory and technical occupations,0
E05013712,Tollington,-8,Does not apply,7,L12: Semi-routine occupations,0
E05013712,Tollington,-8,Does not apply,8,L13: Routine occupations,0
E05013712,Tollington,-8,Does not apply,9,L14.1: Never worked,0
E05013712,Tollington,-8,Does not apply,10,L14.2: Long-term unemployed,0
E05013712,Tollington,-8,Does not apply,11,L15: Full-time students,0
E05013712,Tollington,1,"Asian, Asian British or Asian Welsh: Bangladeshi",-8,Does not apply,141
E05013712,Tollington,1,"Asian, Asian British or Asian Welsh: Bangladeshi",1,L1 and L2: Large employers and higher managerial and administrative occupations,4
E05013712,Tollington,1,"Asian, Asian British or Asian Welsh: Bangladeshi",2,L3: Higher professional occupations,18
E05013712,Tollington,1,"Asian, Asian British or Asian Welsh: Bangladeshi",3,"L4, L5 and L6: Lower managerial, administrative and professional occupations",55
E05013712,Tollington,1,"Asian, Asian British or Asian Welsh: Bangladeshi",4,L7: Intermediate occupations,43
E05013712,Tollington,1,"Asian, Asian British or Asian Welsh: Bangladeshi",5,L8 and L9: Small employers and own account workers,24
E05013712,Tollington,1,"Asian, Asian British or Asian Welsh: Bangladeshi",6,L10 and L11: Lower supervisory and technical occupations,21
E05013712,Tollington,1,"Asian, Asian British or Asian Welsh: Bangladeshi",7,L12: Semi-routine occupations,80
E05013712,Tollington,1,"Asian, Asian British or Asian Welsh: Bangladeshi",8,L13: Routine occupations,20
E05013712,Tollington,1,"Asian, Asian British or Asian Welsh: Bangladeshi",9,L14.1: Never worked,104
E05013712,Tollington,1,"Asian, Asian British or Asian Welsh: Bangladeshi",10,L14.2: Long-term unemployed,8
E05013712,Tollington,1,"Asian, Asian British or Asian Welsh: Bangladeshi",11,L15: Full-time students,33
E05013712,Tollington,2,"Asian, Asian British or Asian Welsh: Chinese",-8,Does not apply,23
E05013712,Tollington,2,"Asian, Asian British or Asian Welsh: Chinese",1,L1 and L2: Large employers and higher managerial and administrative occupations,11
E05013712,Tollington,2,"Asian, Asian British or Asian Welsh: Chinese",2,L3: Higher professional occupations,33
E05013712,Tollington,2,"Asian, Asian British or Asian Welsh: Chinese",3,"L4, L5 and L6: Lower managerial, administrative and professional occupations",36
E05013712,Tollington,2,"Asian, Asian British or Asian Welsh: Chinese",4,L7: Intermediate occupations,15
E05013712,Tollington,2,"Asian, Asian British or Asian Welsh: Chinese",5,L8 and L9: Small employers and own account workers,10
E05013712,Tollington,2,"Asian, Asian British or Asian Welsh: Chinese",6,L10 and L11: Lower supervisory and technical occupations,6
E05013712,Tollington,2,"Asian, Asian British or Asian Welsh: Chinese",7,L12: Semi-routine occupations,8
E05013712,Tollington,2,"Asian, Asian British or Asian Welsh: Chinese",8,L13: Routine occupations,9
E05013712,Tollington,2,"Asian, Asian British or Asian Welsh: Chinese",9,L14.1: Never worked,11
E05013712,Tollington,2,"Asian, Asian British or Asian Welsh: Chinese",10,L14.2: Long-term unemployed,2
E05013712,Tollington,2,"Asian, Asian British or Asian Welsh: Chinese",11,L15: Full-time students,29
E05013712,Tollington,3,"Asian, Asian British or Asian Welsh: Indian",-8,Does not apply,10
E05013712,Tollington,3,"Asian, Asian British or Asian Welsh: Indian",1,L1 and L2: Large employers and higher managerial and administrative occupations,17
E05013712,Tollington,3,"Asian, Asian British or Asian Welsh: Indian",2,L3: Higher professional occupations,65
E05013712,Tollington,3,"Asian, Asian British or Asian Welsh: Indian",3,"L4, L5 and L6: Lower managerial, administrative and professional occupations",59
E05013712,Tollington,3,"Asian, Asian British or Asian Welsh: Indian",4,L7: Intermediate occupations,12
E05013712,Tollington,3,"Asian, Asian British or Asian Welsh: Indian",5,L8 and L9: Small employers and own account workers,13
E05013712,Tollington,3,"Asian, Asian British or Asian Welsh: Indian",6,L10 and L11: Lower supervisory and technical occupations,3
E05013712,Tollington,3,"Asian, Asian British or Asian Welsh: Indian",7,L12: Semi-routine occupations,5
E05013712,Tollington,3,"Asian, Asian British or Asian Welsh: Indian",8,L13: Routine occupations,6
E05013712,Tollington,3,"Asian, Asian British or Asian Welsh: Indian",9,L14.1: Never worked,7
E05013712,Tollington,3,"Asian, Asian British or Asian Welsh: Indian",10,L14.2: Long-term unemployed,4
E05013712,Tollington,3,"Asian, Asian British or Asian Welsh: Indian",11,L15: Full-time students,27
E05013712,Tollington,4,"Asian, Asian British or Asian Welsh: Pakistani",-8,Does not apply,4
E05013712,Tollington,4,"Asian, Asian British or Asian Welsh: Pakistani",1,L1 and L2: Large employers and higher managerial and administrative occupations,5
E05013712,Tollington,4,"Asian, Asian British or Asian Welsh: Pakistani",2,L3: Higher professional occupations,11
E05013712,Tollington,4,"Asian, Asian British or Asian Welsh: Pakistani",3,"L4, L5 and L6: Lower managerial, administrative and professional occupations",15
E05013712,Tollington,4,"Asian, Asian British or Asian Welsh: Pakistani",4,L7: Intermediate occupations,3
E05013712,Tollington,4,"Asian, Asian British or Asian Welsh: Pakistani",5,L8 and L9: Small employers and own account workers,4
E05013712,Tollington,4,"Asian, Asian British or Asian Welsh: Pakistani",6,L10 and L11: Lower supervisory and technical occupations,2
E05013712,Tollington,4,"Asian, Asian British or Asian Welsh: Pakistani",7,L12: Semi-routine occupations,4
E05013712,Tollington,4,"Asian, Asian British or Asian Welsh: Pakistani",8,L13: Routine occupations,1
E05013712,Tollington,4,"Asian, Asian British or Asian Welsh: Pakistani",9,L14.1: Never worked,9
E05013712,Tollington,4,"Asian, Asian British or Asian Welsh: Pakistani",10,L14.2: Long-term unemployed,5
E05013712,Tollington,4,"Asian, Asian British or Asian Welsh: Pakistani",11,L15: Full-time students,13
E05013712,Tollington,5,"Asian, Asian British or Asian Welsh: Other Asian",-8,Does not apply,27
E05013712,Tollington,5,"Asian, Asian British or Asian Welsh: Other Asian",1,L1 and L2: Large employers and higher managerial and administrative occupations,11
E05013712,Tollington,5,"Asian, Asian British or Asian Welsh: Other Asian",2,L3: Higher professional occupations,45
E05013712,Tollington,5,"Asian, Asian British or Asian Welsh: Other Asian",3,"L4, L5 and L6: Lower managerial, administrative and professional occupations",60
E05013712,Tollington,5,"Asian, Asian British or Asian Welsh: Other Asian",4,L7: Intermediate occupations,19
E05013712,Tollington,5,"Asian, Asian British or Asian Welsh: Other Asian",5,L8 and L9: Small employers and own account workers,18
E05013712,Tollington,5,"Asian, Asian British or Asian Welsh: Other Asian",6,L10 and L11: Lower supervisory and technical occupations,12
E05013712,Tollington,5,"Asian, Asian British or Asian Welsh: Other Asian",7,L12: Semi-routine occupations,22
E05013712,Tollington,5,"Asian, Asian British or Asian Welsh: Other Asian",8,L13: Routine occupations,17
E05013712,Tollington,5,"Asian, Asian British or Asian Welsh: Other Asian",9,L14.1: Never worked,26
E05013712,Tollington,5,"Asian, Asian British or Asian Welsh: Other Asian",10,L14.2: Long-term unemployed,3
E05013712,Tollington,5,"Asian, Asian British or Asian Welsh: Other Asian",11,L15: Full-time students,18
E05013712,Tollington,6,"Black, Black British, Black Welsh, Caribbean or African: African",-8,Does not apply,310
E05013712,Tollington,6,"Black, Black British, Black Welsh, Caribbean or African: African",1,L1 and L2: Large employers and higher managerial and administrative occupations,11
E05013712,Tollington,6,"Black, Black British, Black Welsh, Caribbean or African: African",2,L3: Higher professional occupations,50
E05013712,Tollington,6,"Black, Black British, Black Welsh, Caribbean or African: African",3,"L4, L5 and L6: Lower managerial, administrative and professional occupations",120
E05013712,Tollington,6,"Black, Black British, Black Welsh, Caribbean or African: African",4,L7: Intermediate occupations,77
E05013712,Tollington,6,"Black, Black British, Black Welsh, Caribbean or African: African",5,L8 and L9: Small employers and own account workers,75
E05013712,Tollington,6,"Black, Black British, Black Welsh, Caribbean or African: African",6,L10 and L11: Lower supervisory and technical occupations,26
E05013712,Tollington,6,"Black, Black British, Black Welsh, Caribbean or African: African",7,L12: Semi-routine occupations,96
E05013712,Tollington,6,"Black, Black British, Black Welsh, Caribbean or African: African",8,L13: Routine occupations,88
E05013712,Tollington,6,"Black, Black British, Black Welsh, Caribbean or African: African",9,L14.1: Never worked,132
E05013712,Tollington,6,"Black, Black British, Black Welsh, Caribbean or African: African",10,L14.2: Long-term unemployed,18
E05013712,Tollington,6,"Black, Black British, Black Welsh, Caribbean or African: African",11,L15: Full-time students,140
E05013712,Tollington,7,"Black, Black British, Black Welsh, Caribbean or African: Caribbean",-8,Does not apply,76
E05013712,Tollington,7,"Black, Black British, Black Welsh, Caribbean or African: Caribbean",1,L1 and L2: Large employers and higher managerial and administrative occupations,23
E05013712,Tollington,7,"Black, Black British, Black Welsh, Caribbean or African: Caribbean",2,L3: Higher professional occupations,42
E05013712,Tollington,7,"Black, Black British, Black Welsh, Caribbean or African: Caribbean",3,"L4, L5 and L6: Lower managerial, administrative and professional occupations",113
E05013712,Tollington,7,"Black, Black British, Black Welsh, Caribbean or African: Caribbean",4,L7: Intermediate occupations,68
E05013712,Tollington,7,"Black, Black British, Black Welsh, Caribbean or African: Caribbean",5,L8 and L9: Small employers and own account workers,33
E05013712,Tollington,7,"Black, Black British, Black Welsh, Caribbean or African: Caribbean",6,L10 and L11: Lower supervisory and technical occupations,21
E05013712,Tollington,7,"Black, Black British, Black Welsh, Caribbean or African: Caribbean",7,L12: Semi-routine occupations,77
E05013712,Tollington,7,"Black, Black British, Black Welsh, Caribbean or African: Caribbean",8,L13: Routine occupations,72
E05013712,Tollington,7,"Black, Black British, Black Welsh, Caribbean or African: Caribbean",9,L14.1: Never worked,103
E05013712,Tollington,7,"Black, Black British, Black Welsh, Caribbean or African: Caribbean",10,L14.2: Long-term unemployed,19
E05013712,Tollington,7,"Black, Black British, Black Welsh, Caribbean or African: Caribbean",11,L15: Full-time students,36
E05013712,Tollington,8,"Black, Black British, Black Welsh, Caribbean or African: Other Black",-8,Does not apply,77
E05013712,Tollington,8,"Black, Black British, Black Welsh, Caribbean or African: Other Black",1,L1 and L2: Large employers and higher managerial and administrative occupations,3
E05013712,Tollington,8,"Black, Black British, Black Welsh, Caribbean or African: Other Black",2,L3: Higher professional occupations,6
E05013712,Tollington,8,"Black, Black British, Black Welsh, Caribbean or African: Other Black",3,"L4, L5 and L6: Lower managerial, administrative and professional occupations",24
E05013712,Tollington,8,"Black, Black British, Black Welsh, Caribbean or African: Other Black",4,L7: Intermediate occupations,18
E05013712,Tollington,8,"Black, Black British, Black Welsh, Caribbean or African: Other Black",5,L8 and L9: Small employers and own account workers,8
E05013712,Tollington,8,"Black, Black British, Black Welsh, Caribbean or African: Other Black",6,L10 and L11: Lower supervisory and technical occupations,3
E05013712,Tollington,8,"Black, Black British, Black Welsh, Caribbean or African: Other Black",7,L12: Semi-routine occupations,15
E05013712,Tollington,8,"Black, Black British, Black Welsh, Caribbean or African: Other Black",8,L13: Routine occupations,16
E05013712,Tollington,8,"Black, Black British, Black Welsh, Caribbean or African: Other Black",9,L14.1: Never worked,20
E05013712,Tollington,8,"Black, Black British, Black Welsh, Caribbean or African: Other Black",10,L14.2: Long-term unemployed,5
E05013712,Tollington,8,"Black, Black British, Black Welsh, Caribbean or African: Other Black",11,L15: Full-time students,17
E05013712,Tollington,9,Mixed or Multiple ethnic groups: White and Asian,-8,Does not apply,68
E05013712,Tollington,9,Mixed or Multiple ethnic groups: White and Asian,1,L1 and L2: Large employers and higher managerial and administrative occupations,10
E05013712,Tollington,9,Mixed or Multiple ethnic groups: White and Asian,2,L3: Higher professional occupations,44
E05013712,Tollington,9,Mixed or Multiple ethnic groups: White and Asian,3,"L4, L5 and L6: Lower managerial, administrative and professional occupations",43
E05013712,Tollington,9,Mixed or Multiple ethnic groups: White and Asian,4,L7: Intermediate occupations,13
E05013712,Tollington,9,Mixed or Multiple ethnic groups: White and Asian,5,L8 and L9: Small employers and own account workers,7
E05013712,Tollington,9,Mixed or Multiple ethnic groups: White and Asian,6,L10 and L11: Lower supervisory and technical occupations,3
E05013712,Tollington,9,Mixed or Multiple ethnic groups: White and Asian,7,L12: Semi-routine occupations,6
E05013712,Tollington,9,Mixed or Multiple ethnic groups: White and Asian,8,L13: Routine occupations,8
E05013712,Tollington,9,Mixed or Multiple ethnic groups: White and Asian,9,L14.1: Never worked,11
E05013712,Tollington,9,Mixed or Multiple ethnic groups: White and Asian,10,L14.2: Long-term unemployed,3
E05013712,Tollington,9,Mixed or Multiple ethnic groups: White and Asian,11,L15: Full-time students,18
E05013712,Tollington,10,Mixed or Multiple ethnic groups: White and Black African,-8,Does not apply,45
E05013712,Tollington,10,Mixed or Multiple ethnic groups: White and Black African,1,L1 and L2: Large employers and higher managerial and administrative occupations,5
E05013712,Tollington,10,Mixed or Multiple ethnic groups: White and Black African,2,L3: Higher professional occupations,10
E05013712,Tollington,10,Mixed or Multiple ethnic groups: White and Black African,3,"L4, L5 and L6: Lower managerial, administrative and professional occupations",17
E05013712,Tollington,10,Mixed or Multiple ethnic groups: White and Black African,4,L7: Intermediate occupations,5
E05013712,Tollington,10,Mixed or Multiple ethnic groups: White and Black African,5,L8 and L9: Small employers and own account workers,6
E05013712,Tollington,10,Mixed or Multiple ethnic groups: White and Black African,6,L10 and L11: Lower supervisory and technical occupations,5
E05013712,Tollington,10,Mixed or Multiple ethnic groups: White and Black African,7,L12: Semi-routine occupations,7
E05013712,Tollington,10,Mixed or Multiple ethnic groups: White and Black African,8,L13: Routine occupations,9
E05013712,Tollington,10,Mixed or Multiple ethnic groups: White and Black African,9,L14.1: Never worked,5
E05013712,Tollington,10,Mixed or Multiple ethnic groups: White and Black African,10,L14.2: Long-term unemployed,3
E05013712,Tollington,10,Mixed or Multiple ethnic groups: White and Black African,11,L15: Full-time students,11
E05013712,Tollington,11,Mixed or Multiple ethnic groups: White and Black Caribbean,-8,Does not apply,102
E05013712,Tollington,11,Mixed or Multiple ethnic groups: White and Black Caribbean,1,L1 and L2: Large employers and higher managerial and administrative occupations,5
E05013712,Tollington,11,Mixed or Multiple ethnic groups: White and Black Caribbean,2,L3: Higher professional occupations,17
E05013712,Tollington,11,Mixed or Multiple ethnic groups: White and Black Caribbean,3,"L4, L5 and L6: Lower managerial, administrative and professional occupations",35
E05013712,Tollington,11,Mixed or Multiple ethnic groups: White and Black Caribbean,4,L7: Intermediate occupations,23
E05013712,Tollington,11,Mixed or Multiple ethnic groups: White and Black Caribbean,5,L8 and L9: Small employers and own account workers,11
E05013712,Tollington,11,Mixed or Multiple ethnic groups: White and Black Caribbean,6,L10 and L11: Lower supervisory and technical occupations,7
E05013712,Tollington,11,Mixed or Multiple ethnic groups: White and Black Caribbean,7,L12: Semi-routine occupations,18
E05013712,Tollington,11,Mixed or Multiple ethnic groups: White and Black Caribbean,8,L13: Routine occupations,19
E05013712,Tollington,11,Mixed or Multiple ethnic groups: White and Black Caribbean,9,L14.1: Never worked,17
E05013712,Tollington,11,Mixed or Multiple ethnic groups: White and Black Caribbean,10,L14.2: Long-term unemployed,9
E05013712,Tollington,11,Mixed or Multiple ethnic groups: White and Black Caribbean,11,L15: Full-time students,19
E05013712,Tollington,12,Mixed or Multiple ethnic groups: Other Mixed or Multiple ethnic groups,-8,Does not apply,111
E05013712,Tollington,12,Mixed or Multiple ethnic groups: Other Mixed or Multiple ethnic groups,1,L1 and L2: Large employers and higher managerial and administrative occupations,10
E05013712,Tollington,12,Mixed or Multiple ethnic groups: Other Mixed or Multiple ethnic groups,2,L3: Higher professional occupations,43
E05013712,Tollington,12,Mixed or Multiple ethnic groups: Other Mixed or Multiple ethnic groups,3,"L4, L5 and L6: Lower managerial, administrative and professional occupations",50
E05013712,Tollington,12,Mixed or Multiple ethnic groups: Other Mixed or Multiple ethnic groups,4,L7: Intermediate occupations,30
E05013712,Tollington,12,Mixed or Multiple ethnic groups: Other Mixed or Multiple ethnic groups,5,L8 and L9: Small employers and own account workers,29
E05013712,Tollington,12,Mixed or Multiple ethnic groups: Other Mixed or Multiple ethnic groups,6,L10 and L11: Lower supervisory and technical occupations,12
E05013712,Tollington,12,Mixed or Multiple ethnic groups: Other Mixed or Multiple ethnic groups,7,L12: Semi-routine occupations,18
E05013712,Tollington,12,Mixed or Multiple ethnic groups: Other Mixed or Multiple ethnic groups,8,L13: Routine occupations,25
E05013712,Tollington,12,Mixed or Multiple ethnic groups: Other Mixed or Multiple ethnic groups,9,L14.1: Never worked,17
E05013712,Tollington,12,Mixed or Multiple ethnic groups: Other Mixed or Multiple ethnic groups,10,L14.2: Long-term unemployed,3
E05013712,Tollington,12,Mixed or Multiple ethnic groups: Other Mixed or Multiple ethnic groups,11,L15: Full-time students,32
E05013712,Tollington,13,"White: English, Welsh, Scottish, Northern Irish or British",-8,Does not apply,698
E05013712,Tollington,13,"White: English, Welsh, Scottish, Northern Irish or British",1,L1 and L2: Large employers and higher managerial and administrative occupations,265
E05013712,Tollington,13,"White: English, Welsh, Scottish, Northern Irish or British",2,L3: Higher professional occupations,930
E05013712,Tollington,13,"White: English, Welsh, Scottish, Northern Irish or British",3,"L4, L5 and L6: Lower managerial, administrative and professional occupations",1397
E05013712,Tollington,13,"White: English, Welsh, Scottish, Northern Irish or British",4,L7: Intermediate occupations,342
E05013712,Tollington,13,"White: English, Welsh, Scottish, Northern Irish or British",5,L8 and L9: Small employers and own account workers,339
E05013712,Tollington,13,"White: English, Welsh, Scottish, Northern Irish or British",6,L10 and L11: Lower supervisory and technical occupations,128
E05013712,Tollington,13,"White: English, Welsh, Scottish, Northern Irish or British",7,L12: Semi-routine occupations,237
E05013712,Tollington,13,"White: English, Welsh, Scottish, Northern Irish or British",8,L13: Routine occupations,246
E05013712,Tollington,13,"White: English, Welsh, Scottish, Northern Irish or British",9,L14.1: Never worked,253
E05013712,Tollington,13,"White: English, Welsh, Scottish, Northern Irish or British",10,L14.2: Long-term unemployed,66
E05013712,Tollington,13,"White: English, Welsh, Scottish, Northern Irish or British",11,L15: Full-time students,311
E05013712,Tollington,14,White: Irish,-8,Does not apply,28
E05013712,Tollington,14,White: Irish,1,L1 and L2: Large employers and higher managerial and administrative occupations,25
E05013712,Tollington,14,White: Irish,2,L3: Higher professional occupations,73
E05013712,Tollington,14,White: Irish,3,"L4, L5 and L6: Lower managerial, administrative and professional occupations",130
E05013712,Tollington,14,White: Irish,4,L7: Intermediate occupations,47
E05013712,Tollington,14,White: Irish,5,L8 and L9: Small employers and own account workers,55
E05013712,Tollington,14,White: Irish,6,L10 and L11: Lower supervisory and technical occupations,23
E05013712,Tollington,14,White: Irish,7,L12: Semi-routine occupations,32
E05013712,Tollington,14,White: Irish,8,L13: Routine occupations,54
E05013712,Tollington,14,White: Irish,9,L14.1: Never worked,52
E05013712,Tollington,14,White: Irish,10,L14.2: Long-term unemployed,9
E05013712,Tollington,14,White: Irish,11,L15: Full-time students,18
E05013712,Tollington,15,White: Gypsy or Irish Traveller,-8,Does not apply,3
E05013712,Tollington,15,White: Gypsy or Irish Traveller,1,L1 and L2: Large employers and higher managerial and administrative occupations,0
E05013712,Tollington,15,White: Gypsy or Irish Traveller,2,L3: Higher professional occupations,0
E05013712,Tollington,15,White: Gypsy or Irish Traveller,3,"L4, L5 and L6: Lower managerial, administrative and professional occupations",0
E05013712,Tollington,15,White: Gypsy or Irish Traveller,4,L7: Intermediate occupations,0
E05013712,Tollington,15,White: Gypsy or Irish Traveller,5,L8 and L9: Small employers and own account workers,1
E05013712,Tollington,15,White: Gypsy or Irish Traveller,6,L10 and L11: Lower supervisory and technical occupations,0
E05013712,Tollington,15,White: Gypsy or Irish Traveller,7,L12: Semi-routine occupations,0
E05013712,Tollington,15,White: Gypsy or Irish Traveller,8,L13: Routine occupations,1
E05013712,Tollington,15,White: Gypsy or Irish Traveller,9,L14.1: Never worked,5
E05013712,Tollington,15,White: Gypsy or Irish Traveller,10,L14.2: Long-term unemployed,1
E05013712,Tollington,15,White: Gypsy or Irish Traveller,11,L15: Full-time students,0
E05013712,Tollington,16,White: Roma,-8,Does not apply,4
E05013712,Tollington,16,White: Roma,1,L1 and L2: Large employers and higher managerial and administrative occupations,0
E05013712,Tollington,16,White: Roma,2,L3: Higher professional occupations,2
E05013712,Tollington,16,White: Roma,3,"L4, L5 and L6: Lower managerial, administrative and professional occupations",12
E05013712,Tollington,16,White: Roma,4,L7: Intermediate occupations,3
E05013712,Tollington,16,White: Roma,5,L8 and L9: Small employers and own account workers,5
E05013712,Tollington,16,White: Roma,6,L10 and L11: Lower supervisory and technical occupations,10
E05013712,Tollington,16,White: Roma,7,L12: Semi-routine occupations,4
E05013712,Tollington,16,White: Roma,8,L13: Routine occupations,12
E05013712,Tollington,16,White: Roma,9,L14.1: Never worked,3
E05013712,Tollington,16,White: Roma,10,L14.2: Long-term unemployed,1
E05013712,Tollington,16,White: Roma,11,L15: Full-time students,5
E05013712,Tollington,17,White: Other White,-8,Does not apply,208
E05013712,Tollington,17,White: Other White,1,L1 and L2: Large employers and higher managerial and administrative occupations,109
E05013712,Tollington,17,White: Other White,2,L3: Higher professional occupations,448
E05013712,Tollington,17,White: Other White,3,"L4, L5 and L6: Lower managerial, administrative and professional occupations",626
E05013712,Tollington,17,White: Other White,4,L7: Intermediate occupations,154
E05013712,Tollington,17,White: Other White,5,L8 and L9: Small employers and own account workers,239
E05013712,Tollington,17,White: Other White,6,L10 and L11: Lower supervisory and technical occupations,104
E05013712,Tollington,17,White: Other White,7,L12: Semi-routine occupations,130
E05013712,Tollington,17,White: Other White,8,L13: Routine occupations,187
E05013712,Tollington,17,White: Other White,9,L14.1: Never worked,113
E05013712,Tollington,17,White: Other White,10,L14.2: Long-term unemployed,29
E05013712,Tollington,17,White: Other White,11,L15: Full-time students,174
E05013712,Tollington,18,Other ethnic group: Arab,-8,Does not apply,43
E05013712,Tollington,18,Other ethnic group: Arab,1,L1 and L2: Large employers and higher managerial and administrative occupations,3
E05013712,Tollington,18,Other ethnic group: Arab,2,L3: Higher professional occupations,14
E05013712,Tollington,18,Other ethnic group: Arab,3,"L4, L5 and L6: Lower managerial, administrative and professional occupations",20
E05013712,Tollington,18,Other ethnic group: Arab,4,L7: Intermediate occupations,10
E05013712,Tollington,18,Other ethnic group: Arab,5,L8 and L9: Small employers and own account workers,11
E05013712,Tollington,18,Other ethnic group: Arab,6,L10 and L11: Lower supervisory and technical occupations,7
E05013712,Tollington,18,Other ethnic group: Arab,7,L12: Semi-routine occupations,5
E05013712,Tollington,18,Other ethnic group: Arab,8,L13: Routine occupations,23
E05013712,Tollington,18,Other ethnic group: Arab,9,L14.1: Never worked,31
E05013712,Tollington,18,Other ethnic group: Arab,10,L14.2: Long-term unemployed,2
E05013712,Tollington,18,Other ethnic group: Arab,11,L15: Full-time students,20
E05013712,Tollington,19,Other ethnic group: Any other ethnic group,-8,Does not apply,135
E05013712,Tollington,19,Other ethnic group: Any other ethnic group,1,L1 and L2: Large employers and higher managerial and administrative occupations,21
E05013712,Tollington,19,Other ethnic group: Any other ethnic group,2,L3: Higher professional occupations,71
E05013712,Tollington,19,Other ethnic group: Any other ethnic group,3,"L4, L5 and L6: Lower managerial, administrative and professional occupations",110
E05013712,Tollington,19,Other ethnic group: Any other ethnic group,4,L7: Intermediate occupations,48
E05013712,Tollington,19,Other ethnic group: Any other ethnic group,5,L8 and L9: Small employers and own account workers,77
E05013712,Tollington,19,Other ethnic group: Any other ethnic group,6,L10 and L11: Lower supervisory and technical occupations,32
E05013712,Tollington,19,Other ethnic group: Any other ethnic group,7,L12: Semi-routine occupations,60
E05013712,Tollington,19,Other ethnic group: Any other ethnic group,8,L13: Routine occupations,92
E05013712,Tollington,19,Other ethnic group: Any other ethnic group,9,L14.1: Never worked,121
E05013712,Tollington,19,Other ethnic group: Any other ethnic group,10,L14.2: Long-term unemployed,8
E05013712,Tollington,19,Other ethnic group: Any other ethnic group,11,L15: Full-time students,57
E05013713,Tufnell Park,-8,Does not apply,-8,Does not apply,0
E05013713,Tufnell Park,-8,Does not apply,1,L1 and L2: Large employers and higher managerial and administrative occupations,0
E05013713,Tufnell Park,-8,Does not apply,2,L3: Higher professional occupations,0
E05013713,Tufnell Park,-8,Does not apply,3,"L4, L5 and L6: Lower managerial, administrative and professional occupations",0
E05013713,Tufnell Park,-8,Does not apply,4,L7: Intermediate occupations,0
E05013713,Tufnell Park,-8,Does not apply,5,L8 and L9: Small employers and own account workers,0
E05013713,Tufnell Park,-8,Does not apply,6,L10 and L11: Lower supervisory and technical occupations,0
E05013713,Tufnell Park,-8,Does not apply,7,L12: Semi-routine occupations,0
E05013713,Tufnell Park,-8,Does not apply,8,L13: Routine occupations,0
E05013713,Tufnell Park,-8,Does not apply,9,L14.1: Never worked,0
E05013713,Tufnell Park,-8,Does not apply,10,L14.2: Long-term unemployed,0
E05013713,Tufnell Park,-8,Does not apply,11,L15: Full-time students,0
E05013713,Tufnell Park,1,"Asian, Asian British or Asian Welsh: Bangladeshi",-8,Does not apply,49
E05013713,Tufnell Park,1,"Asian, Asian British or Asian Welsh: Bangladeshi",1,L1 and L2: Large employers and higher managerial and administrative occupations,4
E05013713,Tufnell Park,1,"Asian, Asian British or Asian Welsh: Bangladeshi",2,L3: Higher professional occupations,12
E05013713,Tufnell Park,1,"Asian, Asian British or Asian Welsh: Bangladeshi",3,"L4, L5 and L6: Lower managerial, administrative and professional occupations",14
E05013713,Tufnell Park,1,"Asian, Asian British or Asian Welsh: Bangladeshi",4,L7: Intermediate occupations,17
E05013713,Tufnell Park,1,"Asian, Asian British or Asian Welsh: Bangladeshi",5,L8 and L9: Small employers and own account workers,9
E05013713,Tufnell Park,1,"Asian, Asian British or Asian Welsh: Bangladeshi",6,L10 and L11: Lower supervisory and technical occupations,6
E05013713,Tufnell Park,1,"Asian, Asian British or Asian Welsh: Bangladeshi",7,L12: Semi-routine occupations,19
E05013713,Tufnell Park,1,"Asian, Asian British or Asian Welsh: Bangladeshi",8,L13: Routine occupations,13
E05013713,Tufnell Park,1,"Asian, Asian British or Asian Welsh: Bangladeshi",9,L14.1: Never worked,27
E05013713,Tufnell Park,1,"Asian, Asian British or Asian Welsh: Bangladeshi",10,L14.2: Long-term unemployed,7
E05013713,Tufnell Park,1,"Asian, Asian British or Asian Welsh: Bangladeshi",11,L15: Full-time students,27
E05013713,Tufnell Park,2,"Asian, Asian British or Asian Welsh: Chinese",-8,Does not apply,15
E05013713,Tufnell Park,2,"Asian, Asian British or Asian Welsh: Chinese",1,L1 and L2: Large employers and higher managerial and administrative occupations,10
E05013713,Tufnell Park,2,"Asian, Asian British or Asian Welsh: Chinese",2,L3: Higher professional occupations,47
E05013713,Tufnell Park,2,"Asian, Asian British or Asian Welsh: Chinese",3,"L4, L5 and L6: Lower managerial, administrative and professional occupations",30
E05013713,Tufnell Park,2,"Asian, Asian British or Asian Welsh: Chinese",4,L7: Intermediate occupations,12
E05013713,Tufnell Park,2,"Asian, Asian British or Asian Welsh: Chinese",5,L8 and L9: Small employers and own account workers,9
E05013713,Tufnell Park,2,"Asian, Asian British or Asian Welsh: Chinese",6,L10 and L11: Lower supervisory and technical occupations,4
E05013713,Tufnell Park,2,"Asian, Asian British or Asian Welsh: Chinese",7,L12: Semi-routine occupations,9
E05013713,Tufnell Park,2,"Asian, Asian British or Asian Welsh: Chinese",8,L13: Routine occupations,10
E05013713,Tufnell Park,2,"Asian, Asian British or Asian Welsh: Chinese",9,L14.1: Never worked,15
E05013713,Tufnell Park,2,"Asian, Asian British or Asian Welsh: Chinese",10,L14.2: Long-term unemployed,5
E05013713,Tufnell Park,2,"Asian, Asian British or Asian Welsh: Chinese",11,L15: Full-time students,25
E05013713,Tufnell Park,3,"Asian, Asian British or Asian Welsh: Indian",-8,Does not apply,8
E05013713,Tufnell Park,3,"Asian, Asian British or Asian Welsh: Indian",1,L1 and L2: Large employers and higher managerial and administrative occupations,13
E05013713,Tufnell Park,3,"Asian, Asian British or Asian Welsh: Indian",2,L3: Higher professional occupations,64
E05013713,Tufnell Park,3,"Asian, Asian British or Asian Welsh: Indian",3,"L4, L5 and L6: Lower managerial, administrative and professional occupations",42
E05013713,Tufnell Park,3,"Asian, Asian British or Asian Welsh: Indian",4,L7: Intermediate occupations,19
E05013713,Tufnell Park,3,"Asian, Asian British or Asian Welsh: Indian",5,L8 and L9: Small employers and own account workers,7
E05013713,Tufnell Park,3,"Asian, Asian British or Asian Welsh: Indian",6,L10 and L11: Lower supervisory and technical occupations,1
E05013713,Tufnell Park,3,"Asian, Asian British or Asian Welsh: Indian",7,L12: Semi-routine occupations,11
E05013713,Tufnell Park,3,"Asian, Asian British or Asian Welsh: Indian",8,L13: Routine occupations,5
E05013713,Tufnell Park,3,"Asian, Asian British or Asian Welsh: Indian",9,L14.1: Never worked,11
E05013713,Tufnell Park,3,"Asian, Asian British or Asian Welsh: Indian",10,L14.2: Long-term unemployed,1
E05013713,Tufnell Park,3,"Asian, Asian British or Asian Welsh: Indian",11,L15: Full-time students,19
E05013713,Tufnell Park,4,"Asian, Asian British or Asian Welsh: Pakistani",-8,Does not apply,7
E05013713,Tufnell Park,4,"Asian, Asian British or Asian Welsh: Pakistani",1,L1 and L2: Large employers and higher managerial and administrative occupations,1
E05013713,Tufnell Park,4,"Asian, Asian British or Asian Welsh: Pakistani",2,L3: Higher professional occupations,6
E05013713,Tufnell Park,4,"Asian, Asian British or Asian Welsh: Pakistani",3,"L4, L5 and L6: Lower managerial, administrative and professional occupations",5
E05013713,Tufnell Park,4,"Asian, Asian British or Asian Welsh: Pakistani",4,L7: Intermediate occupations,5
E05013713,Tufnell Park,4,"Asian, Asian British or Asian Welsh: Pakistani",5,L8 and L9: Small employers and own account workers,3
E05013713,Tufnell Park,4,"Asian, Asian British or Asian Welsh: Pakistani",6,L10 and L11: Lower supervisory and technical occupations,0
E05013713,Tufnell Park,4,"Asian, Asian British or Asian Welsh: Pakistani",7,L12: Semi-routine occupations,1
E05013713,Tufnell Park,4,"Asian, Asian British or Asian Welsh: Pakistani",8,L13: Routine occupations,5
E05013713,Tufnell Park,4,"Asian, Asian British or Asian Welsh: Pakistani",9,L14.1: Never worked,4
E05013713,Tufnell Park,4,"Asian, Asian British or Asian Welsh: Pakistani",10,L14.2: Long-term unemployed,0
E05013713,Tufnell Park,4,"Asian, Asian British or Asian Welsh: Pakistani",11,L15: Full-time students,3
E05013713,Tufnell Park,5,"Asian, Asian British or Asian Welsh: Other Asian",-8,Does not apply,23
E05013713,Tufnell Park,5,"Asian, Asian British or Asian Welsh: Other Asian",1,L1 and L2: Large employers and higher managerial and administrative occupations,6
E05013713,Tufnell Park,5,"Asian, Asian British or Asian Welsh: Other Asian",2,L3: Higher professional occupations,24
E05013713,Tufnell Park,5,"Asian, Asian British or Asian Welsh: Other Asian",3,"L4, L5 and L6: Lower managerial, administrative and professional occupations",42
E05013713,Tufnell Park,5,"Asian, Asian British or Asian Welsh: Other Asian",4,L7: Intermediate occupations,14
E05013713,Tufnell Park,5,"Asian, Asian British or Asian Welsh: Other Asian",5,L8 and L9: Small employers and own account workers,19
E05013713,Tufnell Park,5,"Asian, Asian British or Asian Welsh: Other Asian",6,L10 and L11: Lower supervisory and technical occupations,1
E05013713,Tufnell Park,5,"Asian, Asian British or Asian Welsh: Other Asian",7,L12: Semi-routine occupations,12
E05013713,Tufnell Park,5,"Asian, Asian British or Asian Welsh: Other Asian",8,L13: Routine occupations,24
E05013713,Tufnell Park,5,"Asian, Asian British or Asian Welsh: Other Asian",9,L14.1: Never worked,20
E05013713,Tufnell Park,5,"Asian, Asian British or Asian Welsh: Other Asian",10,L14.2: Long-term unemployed,2
E05013713,Tufnell Park,5,"Asian, Asian British or Asian Welsh: Other Asian",11,L15: Full-time students,28
E05013713,Tufnell Park,6,"Black, Black British, Black Welsh, Caribbean or African: African",-8,Does not apply,191
E05013713,Tufnell Park,6,"Black, Black British, Black Welsh, Caribbean or African: African",1,L1 and L2: Large employers and higher managerial and administrative occupations,13
E05013713,Tufnell Park,6,"Black, Black British, Black Welsh, Caribbean or African: African",2,L3: Higher professional occupations,40
E05013713,Tufnell Park,6,"Black, Black British, Black Welsh, Caribbean or African: African",3,"L4, L5 and L6: Lower managerial, administrative and professional occupations",112
E05013713,Tufnell Park,6,"Black, Black British, Black Welsh, Caribbean or African: African",4,L7: Intermediate occupations,48
E05013713,Tufnell Park,6,"Black, Black British, Black Welsh, Caribbean or African: African",5,L8 and L9: Small employers and own account workers,57
E05013713,Tufnell Park,6,"Black, Black British, Black Welsh, Caribbean or African: African",6,L10 and L11: Lower supervisory and technical occupations,16
E05013713,Tufnell Park,6,"Black, Black British, Black Welsh, Caribbean or African: African",7,L12: Semi-routine occupations,79
E05013713,Tufnell Park,6,"Black, Black British, Black Welsh, Caribbean or African: African",8,L13: Routine occupations,65
E05013713,Tufnell Park,6,"Black, Black British, Black Welsh, Caribbean or African: African",9,L14.1: Never worked,96
E05013713,Tufnell Park,6,"Black, Black British, Black Welsh, Caribbean or African: African",10,L14.2: Long-term unemployed,23
E05013713,Tufnell Park,6,"Black, Black British, Black Welsh, Caribbean or African: African",11,L15: Full-time students,124
E05013713,Tufnell Park,7,"Black, Black British, Black Welsh, Caribbean or African: Caribbean",-8,Does not apply,43
E05013713,Tufnell Park,7,"Black, Black British, Black Welsh, Caribbean or African: Caribbean",1,L1 and L2: Large employers and higher managerial and administrative occupations,8
E05013713,Tufnell Park,7,"Black, Black British, Black Welsh, Caribbean or African: Caribbean",2,L3: Higher professional occupations,21
E05013713,Tufnell Park,7,"Black, Black British, Black Welsh, Caribbean or African: Caribbean",3,"L4, L5 and L6: Lower managerial, administrative and professional occupations",55
E05013713,Tufnell Park,7,"Black, Black British, Black Welsh, Caribbean or African: Caribbean",4,L7: Intermediate occupations,51
E05013713,Tufnell Park,7,"Black, Black British, Black Welsh, Caribbean or African: Caribbean",5,L8 and L9: Small employers and own account workers,30
E05013713,Tufnell Park,7,"Black, Black British, Black Welsh, Caribbean or African: Caribbean",6,L10 and L11: Lower supervisory and technical occupations,24
E05013713,Tufnell Park,7,"Black, Black British, Black Welsh, Caribbean or African: Caribbean",7,L12: Semi-routine occupations,44
E05013713,Tufnell Park,7,"Black, Black British, Black Welsh, Caribbean or African: Caribbean",8,L13: Routine occupations,55
E05013713,Tufnell Park,7,"Black, Black British, Black Welsh, Caribbean or African: Caribbean",9,L14.1: Never worked,45
E05013713,Tufnell Park,7,"Black, Black British, Black Welsh, Caribbean or African: Caribbean",10,L14.2: Long-term unemployed,12
E05013713,Tufnell Park,7,"Black, Black British, Black Welsh, Caribbean or African: Caribbean",11,L15: Full-time students,47
E05013713,Tufnell Park,8,"Black, Black British, Black Welsh, Caribbean or African: Other Black",-8,Does not apply,55
E05013713,Tufnell Park,8,"Black, Black British, Black Welsh, Caribbean or African: Other Black",1,L1 and L2: Large employers and higher managerial and administrative occupations,3
E05013713,Tufnell Park,8,"Black, Black British, Black Welsh, Caribbean or African: Other Black",2,L3: Higher professional occupations,8
E05013713,Tufnell Park,8,"Black, Black British, Black Welsh, Caribbean or African: Other Black",3,"L4, L5 and L6: Lower managerial, administrative and professional occupations",20
E05013713,Tufnell Park,8,"Black, Black British, Black Welsh, Caribbean or African: Other Black",4,L7: Intermediate occupations,16
E05013713,Tufnell Park,8,"Black, Black British, Black Welsh, Caribbean or African: Other Black",5,L8 and L9: Small employers and own account workers,10
E05013713,Tufnell Park,8,"Black, Black British, Black Welsh, Caribbean or African: Other Black",6,L10 and L11: Lower supervisory and technical occupations,4
E05013713,Tufnell Park,8,"Black, Black British, Black Welsh, Caribbean or African: Other Black",7,L12: Semi-routine occupations,17
E05013713,Tufnell Park,8,"Black, Black British, Black Welsh, Caribbean or African: Other Black",8,L13: Routine occupations,12
E05013713,Tufnell Park,8,"Black, Black British, Black Welsh, Caribbean or African: Other Black",9,L14.1: Never worked,17
E05013713,Tufnell Park,8,"Black, Black British, Black Welsh, Caribbean or African: Other Black",10,L14.2: Long-term unemployed,3
E05013713,Tufnell Park,8,"Black, Black British, Black Welsh, Caribbean or African: Other Black",11,L15: Full-time students,15
E05013713,Tufnell Park,9,Mixed or Multiple ethnic groups: White and Asian,-8,Does not apply,83
E05013713,Tufnell Park,9,Mixed or Multiple ethnic groups: White and Asian,1,L1 and L2: Large employers and higher managerial and administrative occupations,8
E05013713,Tufnell Park,9,Mixed or Multiple ethnic groups: White and Asian,2,L3: Higher professional occupations,27
E05013713,Tufnell Park,9,Mixed or Multiple ethnic groups: White and Asian,3,"L4, L5 and L6: Lower managerial, administrative and professional occupations",41
E05013713,Tufnell Park,9,Mixed or Multiple ethnic groups: White and Asian,4,L7: Intermediate occupations,11
E05013713,Tufnell Park,9,Mixed or Multiple ethnic groups: White and Asian,5,L8 and L9: Small employers and own account workers,9
E05013713,Tufnell Park,9,Mixed or Multiple ethnic groups: White and Asian,6,L10 and L11: Lower supervisory and technical occupations,8
E05013713,Tufnell Park,9,Mixed or Multiple ethnic groups: White and Asian,7,L12: Semi-routine occupations,6
E05013713,Tufnell Park,9,Mixed or Multiple ethnic groups: White and Asian,8,L13: Routine occupations,8
E05013713,Tufnell Park,9,Mixed or Multiple ethnic groups: White and Asian,9,L14.1: Never worked,10
E05013713,Tufnell Park,9,Mixed or Multiple ethnic groups: White and Asian,10,L14.2: Long-term unemployed,4
E05013713,Tufnell Park,9,Mixed or Multiple ethnic groups: White and Asian,11,L15: Full-time students,31
E05013713,Tufnell Park,10,Mixed or Multiple ethnic groups: White and Black African,-8,Does not apply,38
E05013713,Tufnell Park,10,Mixed or Multiple ethnic groups: White and Black African,1,L1 and L2: Large employers and higher managerial and administrative occupations,2
E05013713,Tufnell Park,10,Mixed or Multiple ethnic groups: White and Black African,2,L3: Higher professional occupations,10
E05013713,Tufnell Park,10,Mixed or Multiple ethnic groups: White and Black African,3,"L4, L5 and L6: Lower managerial, administrative and professional occupations",20
E05013713,Tufnell Park,10,Mixed or Multiple ethnic groups: White and Black African,4,L7: Intermediate occupations,8
E05013713,Tufnell Park,10,Mixed or Multiple ethnic groups: White and Black African,5,L8 and L9: Small employers and own account workers,4
E05013713,Tufnell Park,10,Mixed or Multiple ethnic groups: White and Black African,6,L10 and L11: Lower supervisory and technical occupations,1
E05013713,Tufnell Park,10,Mixed or Multiple ethnic groups: White and Black African,7,L12: Semi-routine occupations,6
E05013713,Tufnell Park,10,Mixed or Multiple ethnic groups: White and Black African,8,L13: Routine occupations,6
E05013713,Tufnell Park,10,Mixed or Multiple ethnic groups: White and Black African,9,L14.1: Never worked,4
E05013713,Tufnell Park,10,Mixed or Multiple ethnic groups: White and Black African,10,L14.2: Long-term unemployed,2
E05013713,Tufnell Park,10,Mixed or Multiple ethnic groups: White and Black African,11,L15: Full-time students,11
E05013713,Tufnell Park,11,Mixed or Multiple ethnic groups: White and Black Caribbean,-8,Does not apply,93
E05013713,Tufnell Park,11,Mixed or Multiple ethnic groups: White and Black Caribbean,1,L1 and L2: Large employers and higher managerial and administrative occupations,7
E05013713,Tufnell Park,11,Mixed or Multiple ethnic groups: White and Black Caribbean,2,L3: Higher professional occupations,14
E05013713,Tufnell Park,11,Mixed or Multiple ethnic groups: White and Black Caribbean,3,"L4, L5 and L6: Lower managerial, administrative and professional occupations",28
E05013713,Tufnell Park,11,Mixed or Multiple ethnic groups: White and Black Caribbean,4,L7: Intermediate occupations,12
E05013713,Tufnell Park,11,Mixed or Multiple ethnic groups: White and Black Caribbean,5,L8 and L9: Small employers and own account workers,21
E05013713,Tufnell Park,11,Mixed or Multiple ethnic groups: White and Black Caribbean,6,L10 and L11: Lower supervisory and technical occupations,14
E05013713,Tufnell Park,11,Mixed or Multiple ethnic groups: White and Black Caribbean,7,L12: Semi-routine occupations,12
E05013713,Tufnell Park,11,Mixed or Multiple ethnic groups: White and Black Caribbean,8,L13: Routine occupations,31
E05013713,Tufnell Park,11,Mixed or Multiple ethnic groups: White and Black Caribbean,9,L14.1: Never worked,30
E05013713,Tufnell Park,11,Mixed or Multiple ethnic groups: White and Black Caribbean,10,L14.2: Long-term unemployed,5
E05013713,Tufnell Park,11,Mixed or Multiple ethnic groups: White and Black Caribbean,11,L15: Full-time students,38
E05013713,Tufnell Park,12,Mixed or Multiple ethnic groups: Other Mixed or Multiple ethnic groups,-8,Does not apply,118
E05013713,Tufnell Park,12,Mixed or Multiple ethnic groups: Other Mixed or Multiple ethnic groups,1,L1 and L2: Large employers and higher managerial and administrative occupations,7
E05013713,Tufnell Park,12,Mixed or Multiple ethnic groups: Other Mixed or Multiple ethnic groups,2,L3: Higher professional occupations,48
E05013713,Tufnell Park,12,Mixed or Multiple ethnic groups: Other Mixed or Multiple ethnic groups,3,"L4, L5 and L6: Lower managerial, administrative and professional occupations",70
E05013713,Tufnell Park,12,Mixed or Multiple ethnic groups: Other Mixed or Multiple ethnic groups,4,L7: Intermediate occupations,16
E05013713,Tufnell Park,12,Mixed or Multiple ethnic groups: Other Mixed or Multiple ethnic groups,5,L8 and L9: Small employers and own account workers,21
E05013713,Tufnell Park,12,Mixed or Multiple ethnic groups: Other Mixed or Multiple ethnic groups,6,L10 and L11: Lower supervisory and technical occupations,19
E05013713,Tufnell Park,12,Mixed or Multiple ethnic groups: Other Mixed or Multiple ethnic groups,7,L12: Semi-routine occupations,22
E05013713,Tufnell Park,12,Mixed or Multiple ethnic groups: Other Mixed or Multiple ethnic groups,8,L13: Routine occupations,49
E05013713,Tufnell Park,12,Mixed or Multiple ethnic groups: Other Mixed or Multiple ethnic groups,9,L14.1: Never worked,10
E05013713,Tufnell Park,12,Mixed or Multiple ethnic groups: Other Mixed or Multiple ethnic groups,10,L14.2: Long-term unemployed,12
E05013713,Tufnell Park,12,Mixed or Multiple ethnic groups: Other Mixed or Multiple ethnic groups,11,L15: Full-time students,34
E05013713,Tufnell Park,13,"White: English, Welsh, Scottish, Northern Irish or British",-8,Does not apply,802
E05013713,Tufnell Park,13,"White: English, Welsh, Scottish, Northern Irish or British",1,L1 and L2: Large employers and higher managerial and administrative occupations,261
E05013713,Tufnell Park,13,"White: English, Welsh, Scottish, Northern Irish or British",2,L3: Higher professional occupations,851
E05013713,Tufnell Park,13,"White: English, Welsh, Scottish, Northern Irish or British",3,"L4, L5 and L6: Lower managerial, administrative and professional occupations",1279
E05013713,Tufnell Park,13,"White: English, Welsh, Scottish, Northern Irish or British",4,L7: Intermediate occupations,350
E05013713,Tufnell Park,13,"White: English, Welsh, Scottish, Northern Irish or British",5,L8 and L9: Small employers and own account workers,398
E05013713,Tufnell Park,13,"White: English, Welsh, Scottish, Northern Irish or British",6,L10 and L11: Lower supervisory and technical occupations,127
E05013713,Tufnell Park,13,"White: English, Welsh, Scottish, Northern Irish or British",7,L12: Semi-routine occupations,239
E05013713,Tufnell Park,13,"White: English, Welsh, Scottish, Northern Irish or British",8,L13: Routine occupations,264
E05013713,Tufnell Park,13,"White: English, Welsh, Scottish, Northern Irish or British",9,L14.1: Never worked,288
E05013713,Tufnell Park,13,"White: English, Welsh, Scottish, Northern Irish or British",10,L14.2: Long-term unemployed,66
E05013713,Tufnell Park,13,"White: English, Welsh, Scottish, Northern Irish or British",11,L15: Full-time students,338
E05013713,Tufnell Park,14,White: Irish,-8,Does not apply,10
E05013713,Tufnell Park,14,White: Irish,1,L1 and L2: Large employers and higher managerial and administrative occupations,12
E05013713,Tufnell Park,14,White: Irish,2,L3: Higher professional occupations,44
E05013713,Tufnell Park,14,White: Irish,3,"L4, L5 and L6: Lower managerial, administrative and professional occupations",95
E05013713,Tufnell Park,14,White: Irish,4,L7: Intermediate occupations,33
E05013713,Tufnell Park,14,White: Irish,5,L8 and L9: Small employers and own account workers,40
E05013713,Tufnell Park,14,White: Irish,6,L10 and L11: Lower supervisory and technical occupations,12
E05013713,Tufnell Park,14,White: Irish,7,L12: Semi-routine occupations,30
E05013713,Tufnell Park,14,White: Irish,8,L13: Routine occupations,47
E05013713,Tufnell Park,14,White: Irish,9,L14.1: Never worked,42
E05013713,Tufnell Park,14,White: Irish,10,L14.2: Long-term unemployed,6
E05013713,Tufnell Park,14,White: Irish,11,L15: Full-time students,14
E05013713,Tufnell Park,15,White: Gypsy or Irish Traveller,-8,Does not apply,4
E05013713,Tufnell Park,15,White: Gypsy or Irish Traveller,1,L1 and L2: Large employers and higher managerial and administrative occupations,1
E05013713,Tufnell Park,15,White: Gypsy or Irish Traveller,2,L3: Higher professional occupations,0
E05013713,Tufnell Park,15,White: Gypsy or Irish Traveller,3,"L4, L5 and L6: Lower managerial, administrative and professional occupations",0
E05013713,Tufnell Park,15,White: Gypsy or Irish Traveller,4,L7: Intermediate occupations,1
E05013713,Tufnell Park,15,White: Gypsy or Irish Traveller,5,L8 and L9: Small employers and own account workers,0
E05013713,Tufnell Park,15,White: Gypsy or Irish Traveller,6,L10 and L11: Lower supervisory and technical occupations,0
E05013713,Tufnell Park,15,White: Gypsy or Irish Traveller,7,L12: Semi-routine occupations,0
E05013713,Tufnell Park,15,White: Gypsy or Irish Traveller,8,L13: Routine occupations,0
E05013713,Tufnell Park,15,White: Gypsy or Irish Traveller,9,L14.1: Never worked,3
E05013713,Tufnell Park,15,White: Gypsy or Irish Traveller,10,L14.2: Long-term unemployed,0
E05013713,Tufnell Park,15,White: Gypsy or Irish Traveller,11,L15: Full-time students,0
E05013713,Tufnell Park,16,White: Roma,-8,Does not apply,3
E05013713,Tufnell Park,16,White: Roma,1,L1 and L2: Large employers and higher managerial and administrative occupations,2
E05013713,Tufnell Park,16,White: Roma,2,L3: Higher professional occupations,8
E05013713,Tufnell Park,16,White: Roma,3,"L4, L5 and L6: Lower managerial, administrative and professional occupations",14
E05013713,Tufnell Park,16,White: Roma,4,L7: Intermediate occupations,3
E05013713,Tufnell Park,16,White: Roma,5,L8 and L9: Small employers and own account workers,6
E05013713,Tufnell Park,16,White: Roma,6,L10 and L11: Lower supervisory and technical occupations,10
E05013713,Tufnell Park,16,White: Roma,7,L12: Semi-routine occupations,7
E05013713,Tufnell Park,16,White: Roma,8,L13: Routine occupations,11
E05013713,Tufnell Park,16,White: Roma,9,L14.1: Never worked,2
E05013713,Tufnell Park,16,White: Roma,10,L14.2: Long-term unemployed,3
E05013713,Tufnell Park,16,White: Roma,11,L15: Full-time students,5
E05013713,Tufnell Park,17,White: Other White,-8,Does not apply,227
E05013713,Tufnell Park,17,White: Other White,1,L1 and L2: Large employers and higher managerial and administrative occupations,127
E05013713,Tufnell Park,17,White: Other White,2,L3: Higher professional occupations,502
E05013713,Tufnell Park,17,White: Other White,3,"L4, L5 and L6: Lower managerial, administrative and professional occupations",562
E05013713,Tufnell Park,17,White: Other White,4,L7: Intermediate occupations,124
E05013713,Tufnell Park,17,White: Other White,5,L8 and L9: Small employers and own account workers,191
E05013713,Tufnell Park,17,White: Other White,6,L10 and L11: Lower supervisory and technical occupations,73
E05013713,Tufnell Park,17,White: Other White,7,L12: Semi-routine occupations,103
E05013713,Tufnell Park,17,White: Other White,8,L13: Routine occupations,162
E05013713,Tufnell Park,17,White: Other White,9,L14.1: Never worked,86
E05013713,Tufnell Park,17,White: Other White,10,L14.2: Long-term unemployed,24
E05013713,Tufnell Park,17,White: Other White,11,L15: Full-time students,175
E05013713,Tufnell Park,18,Other ethnic group: Arab,-8,Does not apply,42
E05013713,Tufnell Park,18,Other ethnic group: Arab,1,L1 and L2: Large employers and higher managerial and administrative occupations,6
E05013713,Tufnell Park,18,Other ethnic group: Arab,2,L3: Higher professional occupations,14
E05013713,Tufnell Park,18,Other ethnic group: Arab,3,"L4, L5 and L6: Lower managerial, administrative and professional occupations",22
E05013713,Tufnell Park,18,Other ethnic group: Arab,4,L7: Intermediate occupations,4
E05013713,Tufnell Park,18,Other ethnic group: Arab,5,L8 and L9: Small employers and own account workers,17
E05013713,Tufnell Park,18,Other ethnic group: Arab,6,L10 and L11: Lower supervisory and technical occupations,5
E05013713,Tufnell Park,18,Other ethnic group: Arab,7,L12: Semi-routine occupations,6
E05013713,Tufnell Park,18,Other ethnic group: Arab,8,L13: Routine occupations,6
E05013713,Tufnell Park,18,Other ethnic group: Arab,9,L14.1: Never worked,18
E05013713,Tufnell Park,18,Other ethnic group: Arab,10,L14.2: Long-term unemployed,3
E05013713,Tufnell Park,18,Other ethnic group: Arab,11,L15: Full-time students,17
E05013713,Tufnell Park,19,Other ethnic group: Any other ethnic group,-8,Does not apply,117
E05013713,Tufnell Park,19,Other ethnic group: Any other ethnic group,1,L1 and L2: Large employers and higher managerial and administrative occupations,23
E05013713,Tufnell Park,19,Other ethnic group: Any other ethnic group,2,L3: Higher professional occupations,63
E05013713,Tufnell Park,19,Other ethnic group: Any other ethnic group,3,"L4, L5 and L6: Lower managerial, administrative and professional occupations",87
E05013713,Tufnell Park,19,Other ethnic group: Any other ethnic group,4,L7: Intermediate occupations,32
E05013713,Tufnell Park,19,Other ethnic group: Any other ethnic group,5,L8 and L9: Small employers and own account workers,53
E05013713,Tufnell Park,19,Other ethnic group: Any other ethnic group,6,L10 and L11: Lower supervisory and technical occupations,23
E05013713,Tufnell Park,19,Other ethnic group: Any other ethnic group,7,L12: Semi-routine occupations,57
E05013713,Tufnell Park,19,Other ethnic group: Any other ethnic group,8,L13: Routine occupations,88
E05013713,Tufnell Park,19,Other ethnic group: Any other ethnic group,9,L14.1: Never worked,98
E05013713,Tufnell Park,19,Other ethnic group: Any other ethnic group,10,L14.2: Long-term unemployed,10
E05013713,Tufnell Park,19,Other ethnic group: Any other ethnic group,11,L15: Full-time students,81
