Electoral wards and divisions Code,Electoral wards and divisions,Ethnic group (20 categories) Code,Ethnic group (20 categories),National Statistics Socio-economic Classification (NS-SeC) (12 categories) Code,National Statistics Socio-economic Classification (NS-SeC) (12 categories),Observation
E05014072,Abbey Wood,-8,Does not apply,-8,Does not apply,0
E05014072,Abbey Wood,-8,Does not apply,1,L1 and L2: Large employers and higher managerial and administrative occupations,0
E05014072,Abbey Wood,-8,Does not apply,2,L3: Higher professional occupations,0
E05014072,Abbey Wood,-8,Does not apply,3,"L4, L5 and L6: Lower managerial, administrative and professional occupations",0
E05014072,Abbey Wood,-8,Does not apply,4,L7: Intermediate occupations,0
E05014072,Abbey Wood,-8,Does not apply,5,L8 and L9: Small employers and own account workers,0
E05014072,Abbey Wood,-8,Does not apply,6,L10 and L11: Lower supervisory and technical occupations,0
E05014072,Abbey Wood,-8,Does not apply,7,L12: Semi-routine occupations,0
E05014072,Abbey Wood,-8,Does not apply,8,L13: Routine occupations,0
E05014072,Abbey Wood,-8,Does not apply,9,L14.1: Never worked,0
E05014072,Abbey Wood,-8,Does not apply,10,L14.2: Long-term unemployed,0
E05014072,Abbey Wood,-8,Does not apply,11,L15: Full-time students,0
E05014072,Abbey Wood,1,"Asian, Asian British or Asian Welsh: Bangladeshi",-8,Does not apply,65
E05014072,Abbey Wood,1,"Asian, Asian British or Asian Welsh: Bangladeshi",1,L1 and L2: Large employers and higher managerial and administrative occupations,5
E05014072,Abbey Wood,1,"Asian, Asian British or Asian Welsh: Bangladeshi",2,L3: Higher professional occupations,12
E05014072,Abbey Wood,1,"Asian, Asian British or Asian Welsh: Bangladeshi",3,"L4, L5 and L6: Lower managerial, administrative and professional occupations",18
E05014072,Abbey Wood,1,"Asian, Asian British or Asian Welsh: Bangladeshi",4,L7: Intermediate occupations,13
E05014072,Abbey Wood,1,"Asian, Asian British or Asian Welsh: Bangladeshi",5,L8 and L9: Small employers and own account workers,11
E05014072,Abbey Wood,1,"Asian, Asian British or Asian Welsh: Bangladeshi",6,L10 and L11: Lower supervisory and technical occupations,10
E05014072,Abbey Wood,1,"Asian, Asian British or Asian Welsh: Bangladeshi",7,L12: Semi-routine occupations,14
E05014072,Abbey Wood,1,"Asian, Asian British or Asian Welsh: Bangladeshi",8,L13: Routine occupations,10
E05014072,Abbey Wood,1,"Asian, Asian British or Asian Welsh: Bangladeshi",9,L14.1: Never worked,19
E05014072,Abbey Wood,1,"Asian, Asian British or Asian Welsh: Bangladeshi",10,L14.2: Long-term unemployed,4
E05014072,Abbey Wood,1,"Asian, Asian British or Asian Welsh: Bangladeshi",11,L15: Full-time students,14
E05014072,Abbey Wood,2,"Asian, Asian British or Asian Welsh: Chinese",-8,Does not apply,40
E05014072,Abbey Wood,2,"Asian, Asian British or Asian Welsh: Chinese",1,L1 and L2: Large employers and higher managerial and administrative occupations,5
E05014072,Abbey Wood,2,"Asian, Asian British or Asian Welsh: Chinese",2,L3: Higher professional occupations,18
E05014072,Abbey Wood,2,"Asian, Asian British or Asian Welsh: Chinese",3,"L4, L5 and L6: Lower managerial, administrative and professional occupations",24
E05014072,Abbey Wood,2,"Asian, Asian British or Asian Welsh: Chinese",4,L7: Intermediate occupations,8
E05014072,Abbey Wood,2,"Asian, Asian British or Asian Welsh: Chinese",5,L8 and L9: Small employers and own account workers,20
E05014072,Abbey Wood,2,"Asian, Asian British or Asian Welsh: Chinese",6,L10 and L11: Lower supervisory and technical occupations,24
E05014072,Abbey Wood,2,"Asian, Asian British or Asian Welsh: Chinese",7,L12: Semi-routine occupations,16
E05014072,Abbey Wood,2,"Asian, Asian British or Asian Welsh: Chinese",8,L13: Routine occupations,10
E05014072,Abbey Wood,2,"Asian, Asian British or Asian Welsh: Chinese",9,L14.1: Never worked,19
E05014072,Abbey Wood,2,"Asian, Asian British or Asian Welsh: Chinese",10,L14.2: Long-term unemployed,0
E05014072,Abbey Wood,2,"Asian, Asian British or Asian Welsh: Chinese",11,L15: Full-time students,4
E05014072,Abbey Wood,3,"Asian, Asian British or Asian Welsh: Indian",-8,Does not apply,68
E05014072,Abbey Wood,3,"Asian, Asian British or Asian Welsh: Indian",1,L1 and L2: Large employers and higher managerial and administrative occupations,10
E05014072,Abbey Wood,3,"Asian, Asian British or Asian Welsh: Indian",2,L3: Higher professional occupations,40
E05014072,Abbey Wood,3,"Asian, Asian British or Asian Welsh: Indian",3,"L4, L5 and L6: Lower managerial, administrative and professional occupations",73
E05014072,Abbey Wood,3,"Asian, Asian British or Asian Welsh: Indian",4,L7: Intermediate occupations,48
E05014072,Abbey Wood,3,"Asian, Asian British or Asian Welsh: Indian",5,L8 and L9: Small employers and own account workers,37
E05014072,Abbey Wood,3,"Asian, Asian British or Asian Welsh: Indian",6,L10 and L11: Lower supervisory and technical occupations,12
E05014072,Abbey Wood,3,"Asian, Asian British or Asian Welsh: Indian",7,L12: Semi-routine occupations,53
E05014072,Abbey Wood,3,"Asian, Asian British or Asian Welsh: Indian",8,L13: Routine occupations,54
E05014072,Abbey Wood,3,"Asian, Asian British or Asian Welsh: Indian",9,L14.1: Never worked,40
E05014072,Abbey Wood,3,"Asian, Asian British or Asian Welsh: Indian",10,L14.2: Long-term unemployed,5
E05014072,Abbey Wood,3,"Asian, Asian British or Asian Welsh: Indian",11,L15: Full-time students,22
E05014072,Abbey Wood,4,"Asian, Asian British or Asian Welsh: Pakistani",-8,Does not apply,40
E05014072,Abbey Wood,4,"Asian, Asian British or Asian Welsh: Pakistani",1,L1 and L2: Large employers and higher managerial and administrative occupations,6
E05014072,Abbey Wood,4,"Asian, Asian British or Asian Welsh: Pakistani",2,L3: Higher professional occupations,13
E05014072,Abbey Wood,4,"Asian, Asian British or Asian Welsh: Pakistani",3,"L4, L5 and L6: Lower managerial, administrative and professional occupations",13
E05014072,Abbey Wood,4,"Asian, Asian British or Asian Welsh: Pakistani",4,L7: Intermediate occupations,13
E05014072,Abbey Wood,4,"Asian, Asian British or Asian Welsh: Pakistani",5,L8 and L9: Small employers and own account workers,17
E05014072,Abbey Wood,4,"Asian, Asian British or Asian Welsh: Pakistani",6,L10 and L11: Lower supervisory and technical occupations,4
E05014072,Abbey Wood,4,"Asian, Asian British or Asian Welsh: Pakistani",7,L12: Semi-routine occupations,9
E05014072,Abbey Wood,4,"Asian, Asian British or Asian Welsh: Pakistani",8,L13: Routine occupations,16
E05014072,Abbey Wood,4,"Asian, Asian British or Asian Welsh: Pakistani",9,L14.1: Never worked,31
E05014072,Abbey Wood,4,"Asian, Asian British or Asian Welsh: Pakistani",10,L14.2: Long-term unemployed,0
E05014072,Abbey Wood,4,"Asian, Asian British or Asian Welsh: Pakistani",11,L15: Full-time students,21
E05014072,Abbey Wood,5,"Asian, Asian British or Asian Welsh: Other Asian",-8,Does not apply,244
E05014072,Abbey Wood,5,"Asian, Asian British or Asian Welsh: Other Asian",1,L1 and L2: Large employers and higher managerial and administrative occupations,12
E05014072,Abbey Wood,5,"Asian, Asian British or Asian Welsh: Other Asian",2,L3: Higher professional occupations,47
E05014072,Abbey Wood,5,"Asian, Asian British or Asian Welsh: Other Asian",3,"L4, L5 and L6: Lower managerial, administrative and professional occupations",90
E05014072,Abbey Wood,5,"Asian, Asian British or Asian Welsh: Other Asian",4,L7: Intermediate occupations,51
E05014072,Abbey Wood,5,"Asian, Asian British or Asian Welsh: Other Asian",5,L8 and L9: Small employers and own account workers,47
E05014072,Abbey Wood,5,"Asian, Asian British or Asian Welsh: Other Asian",6,L10 and L11: Lower supervisory and technical occupations,47
E05014072,Abbey Wood,5,"Asian, Asian British or Asian Welsh: Other Asian",7,L12: Semi-routine occupations,155
E05014072,Abbey Wood,5,"Asian, Asian British or Asian Welsh: Other Asian",8,L13: Routine occupations,127
E05014072,Abbey Wood,5,"Asian, Asian British or Asian Welsh: Other Asian",9,L14.1: Never worked,100
E05014072,Abbey Wood,5,"Asian, Asian British or Asian Welsh: Other Asian",10,L14.2: Long-term unemployed,12
E05014072,Abbey Wood,5,"Asian, Asian British or Asian Welsh: Other Asian",11,L15: Full-time students,86
E05014072,Abbey Wood,6,"Black, Black British, Black Welsh, Caribbean or African: African",-8,Does not apply,1183
E05014072,Abbey Wood,6,"Black, Black British, Black Welsh, Caribbean or African: African",1,L1 and L2: Large employers and higher managerial and administrative occupations,68
E05014072,Abbey Wood,6,"Black, Black British, Black Welsh, Caribbean or African: African",2,L3: Higher professional occupations,180
E05014072,Abbey Wood,6,"Black, Black British, Black Welsh, Caribbean or African: African",3,"L4, L5 and L6: Lower managerial, administrative and professional occupations",582
E05014072,Abbey Wood,6,"Black, Black British, Black Welsh, Caribbean or African: African",4,L7: Intermediate occupations,313
E05014072,Abbey Wood,6,"Black, Black British, Black Welsh, Caribbean or African: African",5,L8 and L9: Small employers and own account workers,296
E05014072,Abbey Wood,6,"Black, Black British, Black Welsh, Caribbean or African: African",6,L10 and L11: Lower supervisory and technical occupations,122
E05014072,Abbey Wood,6,"Black, Black British, Black Welsh, Caribbean or African: African",7,L12: Semi-routine occupations,496
E05014072,Abbey Wood,6,"Black, Black British, Black Welsh, Caribbean or African: African",8,L13: Routine occupations,269
E05014072,Abbey Wood,6,"Black, Black British, Black Welsh, Caribbean or African: African",9,L14.1: Never worked,292
E05014072,Abbey Wood,6,"Black, Black British, Black Welsh, Caribbean or African: African",10,L14.2: Long-term unemployed,66
E05014072,Abbey Wood,6,"Black, Black British, Black Welsh, Caribbean or African: African",11,L15: Full-time students,646
E05014072,Abbey Wood,7,"Black, Black British, Black Welsh, Caribbean or African: Caribbean",-8,Does not apply,95
E05014072,Abbey Wood,7,"Black, Black British, Black Welsh, Caribbean or African: Caribbean",1,L1 and L2: Large employers and higher managerial and administrative occupations,18
E05014072,Abbey Wood,7,"Black, Black British, Black Welsh, Caribbean or African: Caribbean",2,L3: Higher professional occupations,33
E05014072,Abbey Wood,7,"Black, Black British, Black Welsh, Caribbean or African: Caribbean",3,"L4, L5 and L6: Lower managerial, administrative and professional occupations",117
E05014072,Abbey Wood,7,"Black, Black British, Black Welsh, Caribbean or African: Caribbean",4,L7: Intermediate occupations,81
E05014072,Abbey Wood,7,"Black, Black British, Black Welsh, Caribbean or African: Caribbean",5,L8 and L9: Small employers and own account workers,42
E05014072,Abbey Wood,7,"Black, Black British, Black Welsh, Caribbean or African: Caribbean",6,L10 and L11: Lower supervisory and technical occupations,30
E05014072,Abbey Wood,7,"Black, Black British, Black Welsh, Caribbean or African: Caribbean",7,L12: Semi-routine occupations,51
E05014072,Abbey Wood,7,"Black, Black British, Black Welsh, Caribbean or African: Caribbean",8,L13: Routine occupations,55
E05014072,Abbey Wood,7,"Black, Black British, Black Welsh, Caribbean or African: Caribbean",9,L14.1: Never worked,44
E05014072,Abbey Wood,7,"Black, Black British, Black Welsh, Caribbean or African: Caribbean",10,L14.2: Long-term unemployed,20
E05014072,Abbey Wood,7,"Black, Black British, Black Welsh, Caribbean or African: Caribbean",11,L15: Full-time students,41
E05014072,Abbey Wood,8,"Black, Black British, Black Welsh, Caribbean or African: Other Black",-8,Does not apply,420
E05014072,Abbey Wood,8,"Black, Black British, Black Welsh, Caribbean or African: Other Black",1,L1 and L2: Large employers and higher managerial and administrative occupations,8
E05014072,Abbey Wood,8,"Black, Black British, Black Welsh, Caribbean or African: Other Black",2,L3: Higher professional occupations,15
E05014072,Abbey Wood,8,"Black, Black British, Black Welsh, Caribbean or African: Other Black",3,"L4, L5 and L6: Lower managerial, administrative and professional occupations",51
E05014072,Abbey Wood,8,"Black, Black British, Black Welsh, Caribbean or African: Other Black",4,L7: Intermediate occupations,38
E05014072,Abbey Wood,8,"Black, Black British, Black Welsh, Caribbean or African: Other Black",5,L8 and L9: Small employers and own account workers,26
E05014072,Abbey Wood,8,"Black, Black British, Black Welsh, Caribbean or African: Other Black",6,L10 and L11: Lower supervisory and technical occupations,12
E05014072,Abbey Wood,8,"Black, Black British, Black Welsh, Caribbean or African: Other Black",7,L12: Semi-routine occupations,31
E05014072,Abbey Wood,8,"Black, Black British, Black Welsh, Caribbean or African: Other Black",8,L13: Routine occupations,23
E05014072,Abbey Wood,8,"Black, Black British, Black Welsh, Caribbean or African: Other Black",9,L14.1: Never worked,16
E05014072,Abbey Wood,8,"Black, Black British, Black Welsh, Caribbean or African: Other Black",10,L14.2: Long-term unemployed,4
E05014072,Abbey Wood,8,"Black, Black British, Black Welsh, Caribbean or African: Other Black",11,L15: Full-time students,75
E05014072,Abbey Wood,9,Mixed or Multiple ethnic groups: White and Asian,-8,Does not apply,79
E05014072,Abbey Wood,9,Mixed or Multiple ethnic groups: White and Asian,1,L1 and L2: Large employers and higher managerial and administrative occupations,1
E05014072,Abbey Wood,9,Mixed or Multiple ethnic groups: White and Asian,2,L3: Higher professional occupations,8
E05014072,Abbey Wood,9,Mixed or Multiple ethnic groups: White and Asian,3,"L4, L5 and L6: Lower managerial, administrative and professional occupations",8
E05014072,Abbey Wood,9,Mixed or Multiple ethnic groups: White and Asian,4,L7: Intermediate occupations,12
E05014072,Abbey Wood,9,Mixed or Multiple ethnic groups: White and Asian,5,L8 and L9: Small employers and own account workers,8
E05014072,Abbey Wood,9,Mixed or Multiple ethnic groups: White and Asian,6,L10 and L11: Lower supervisory and technical occupations,5
E05014072,Abbey Wood,9,Mixed or Multiple ethnic groups: White and Asian,7,L12: Semi-routine occupations,5
E05014072,Abbey Wood,9,Mixed or Multiple ethnic groups: White and Asian,8,L13: Routine occupations,9
E05014072,Abbey Wood,9,Mixed or Multiple ethnic groups: White and Asian,9,L14.1: Never worked,7
E05014072,Abbey Wood,9,Mixed or Multiple ethnic groups: White and Asian,10,L14.2: Long-term unemployed,3
E05014072,Abbey Wood,9,Mixed or Multiple ethnic groups: White and Asian,11,L15: Full-time students,10
E05014072,Abbey Wood,10,Mixed or Multiple ethnic groups: White and Black African,-8,Does not apply,134
E05014072,Abbey Wood,10,Mixed or Multiple ethnic groups: White and Black African,1,L1 and L2: Large employers and higher managerial and administrative occupations,3
E05014072,Abbey Wood,10,Mixed or Multiple ethnic groups: White and Black African,2,L3: Higher professional occupations,9
E05014072,Abbey Wood,10,Mixed or Multiple ethnic groups: White and Black African,3,"L4, L5 and L6: Lower managerial, administrative and professional occupations",14
E05014072,Abbey Wood,10,Mixed or Multiple ethnic groups: White and Black African,4,L7: Intermediate occupations,2
E05014072,Abbey Wood,10,Mixed or Multiple ethnic groups: White and Black African,5,L8 and L9: Small employers and own account workers,3
E05014072,Abbey Wood,10,Mixed or Multiple ethnic groups: White and Black African,6,L10 and L11: Lower supervisory and technical occupations,5
E05014072,Abbey Wood,10,Mixed or Multiple ethnic groups: White and Black African,7,L12: Semi-routine occupations,10
E05014072,Abbey Wood,10,Mixed or Multiple ethnic groups: White and Black African,8,L13: Routine occupations,11
E05014072,Abbey Wood,10,Mixed or Multiple ethnic groups: White and Black African,9,L14.1: Never worked,6
E05014072,Abbey Wood,10,Mixed or Multiple ethnic groups: White and Black African,10,L14.2: Long-term unemployed,3
E05014072,Abbey Wood,10,Mixed or Multiple ethnic groups: White and Black African,11,L15: Full-time students,20
E05014072,Abbey Wood,11,Mixed or Multiple ethnic groups: White and Black Caribbean,-8,Does not apply,121
E05014072,Abbey Wood,11,Mixed or Multiple ethnic groups: White and Black Caribbean,1,L1 and L2: Large employers and higher managerial and administrative occupations,3
E05014072,Abbey Wood,11,Mixed or Multiple ethnic groups: White and Black Caribbean,2,L3: Higher professional occupations,3
E05014072,Abbey Wood,11,Mixed or Multiple ethnic groups: White and Black Caribbean,3,"L4, L5 and L6: Lower managerial, administrative and professional occupations",22
E05014072,Abbey Wood,11,Mixed or Multiple ethnic groups: White and Black Caribbean,4,L7: Intermediate occupations,15
E05014072,Abbey Wood,11,Mixed or Multiple ethnic groups: White and Black Caribbean,5,L8 and L9: Small employers and own account workers,8
E05014072,Abbey Wood,11,Mixed or Multiple ethnic groups: White and Black Caribbean,6,L10 and L11: Lower supervisory and technical occupations,11
E05014072,Abbey Wood,11,Mixed or Multiple ethnic groups: White and Black Caribbean,7,L12: Semi-routine occupations,15
E05014072,Abbey Wood,11,Mixed or Multiple ethnic groups: White and Black Caribbean,8,L13: Routine occupations,17
E05014072,Abbey Wood,11,Mixed or Multiple ethnic groups: White and Black Caribbean,9,L14.1: Never worked,11
E05014072,Abbey Wood,11,Mixed or Multiple ethnic groups: White and Black Caribbean,10,L14.2: Long-term unemployed,2
E05014072,Abbey Wood,11,Mixed or Multiple ethnic groups: White and Black Caribbean,11,L15: Full-time students,22
E05014072,Abbey Wood,12,Mixed or Multiple ethnic groups: Other Mixed or Multiple ethnic groups,-8,Does not apply,106
E05014072,Abbey Wood,12,Mixed or Multiple ethnic groups: Other Mixed or Multiple ethnic groups,1,L1 and L2: Large employers and higher managerial and administrative occupations,5
E05014072,Abbey Wood,12,Mixed or Multiple ethnic groups: Other Mixed or Multiple ethnic groups,2,L3: Higher professional occupations,8
E05014072,Abbey Wood,12,Mixed or Multiple ethnic groups: Other Mixed or Multiple ethnic groups,3,"L4, L5 and L6: Lower managerial, administrative and professional occupations",24
E05014072,Abbey Wood,12,Mixed or Multiple ethnic groups: Other Mixed or Multiple ethnic groups,4,L7: Intermediate occupations,16
E05014072,Abbey Wood,12,Mixed or Multiple ethnic groups: Other Mixed or Multiple ethnic groups,5,L8 and L9: Small employers and own account workers,7
E05014072,Abbey Wood,12,Mixed or Multiple ethnic groups: Other Mixed or Multiple ethnic groups,6,L10 and L11: Lower supervisory and technical occupations,4
E05014072,Abbey Wood,12,Mixed or Multiple ethnic groups: Other Mixed or Multiple ethnic groups,7,L12: Semi-routine occupations,17
E05014072,Abbey Wood,12,Mixed or Multiple ethnic groups: Other Mixed or Multiple ethnic groups,8,L13: Routine occupations,12
E05014072,Abbey Wood,12,Mixed or Multiple ethnic groups: Other Mixed or Multiple ethnic groups,9,L14.1: Never worked,13
E05014072,Abbey Wood,12,Mixed or Multiple ethnic groups: Other Mixed or Multiple ethnic groups,10,L14.2: Long-term unemployed,5
E05014072,Abbey Wood,12,Mixed or Multiple ethnic groups: Other Mixed or Multiple ethnic groups,11,L15: Full-time students,23
E05014072,Abbey Wood,13,"White: English, Welsh, Scottish, Northern Irish or British",-8,Does not apply,1164
E05014072,Abbey Wood,13,"White: English, Welsh, Scottish, Northern Irish or British",1,L1 and L2: Large employers and higher managerial and administrative occupations,111
E05014072,Abbey Wood,13,"White: English, Welsh, Scottish, Northern Irish or British",2,L3: Higher professional occupations,277
E05014072,Abbey Wood,13,"White: English, Welsh, Scottish, Northern Irish or British",3,"L4, L5 and L6: Lower managerial, administrative and professional occupations",742
E05014072,Abbey Wood,13,"White: English, Welsh, Scottish, Northern Irish or British",4,L7: Intermediate occupations,649
E05014072,Abbey Wood,13,"White: English, Welsh, Scottish, Northern Irish or British",5,L8 and L9: Small employers and own account workers,389
E05014072,Abbey Wood,13,"White: English, Welsh, Scottish, Northern Irish or British",6,L10 and L11: Lower supervisory and technical occupations,322
E05014072,Abbey Wood,13,"White: English, Welsh, Scottish, Northern Irish or British",7,L12: Semi-routine occupations,689
E05014072,Abbey Wood,13,"White: English, Welsh, Scottish, Northern Irish or British",8,L13: Routine occupations,760
E05014072,Abbey Wood,13,"White: English, Welsh, Scottish, Northern Irish or British",9,L14.1: Never worked,620
E05014072,Abbey Wood,13,"White: English, Welsh, Scottish, Northern Irish or British",10,L14.2: Long-term unemployed,96
E05014072,Abbey Wood,13,"White: English, Welsh, Scottish, Northern Irish or British",11,L15: Full-time students,212
E05014072,Abbey Wood,14,White: Irish,-8,Does not apply,7
E05014072,Abbey Wood,14,White: Irish,1,L1 and L2: Large employers and higher managerial and administrative occupations,6
E05014072,Abbey Wood,14,White: Irish,2,L3: Higher professional occupations,22
E05014072,Abbey Wood,14,White: Irish,3,"L4, L5 and L6: Lower managerial, administrative and professional occupations",28
E05014072,Abbey Wood,14,White: Irish,4,L7: Intermediate occupations,14
E05014072,Abbey Wood,14,White: Irish,5,L8 and L9: Small employers and own account workers,8
E05014072,Abbey Wood,14,White: Irish,6,L10 and L11: Lower supervisory and technical occupations,8
E05014072,Abbey Wood,14,White: Irish,7,L12: Semi-routine occupations,14
E05014072,Abbey Wood,14,White: Irish,8,L13: Routine occupations,19
E05014072,Abbey Wood,14,White: Irish,9,L14.1: Never worked,12
E05014072,Abbey Wood,14,White: Irish,10,L14.2: Long-term unemployed,1
E05014072,Abbey Wood,14,White: Irish,11,L15: Full-time students,3
E05014072,Abbey Wood,15,White: Gypsy or Irish Traveller,-8,Does not apply,39
E05014072,Abbey Wood,15,White: Gypsy or Irish Traveller,1,L1 and L2: Large employers and higher managerial and administrative occupations,2
E05014072,Abbey Wood,15,White: Gypsy or Irish Traveller,2,L3: Higher professional occupations,2
E05014072,Abbey Wood,15,White: Gypsy or Irish Traveller,3,"L4, L5 and L6: Lower managerial, administrative and professional occupations",4
E05014072,Abbey Wood,15,White: Gypsy or Irish Traveller,4,L7: Intermediate occupations,2
E05014072,Abbey Wood,15,White: Gypsy or Irish Traveller,5,L8 and L9: Small employers and own account workers,4
E05014072,Abbey Wood,15,White: Gypsy or Irish Traveller,6,L10 and L11: Lower supervisory and technical occupations,1
E05014072,Abbey Wood,15,White: Gypsy or Irish Traveller,7,L12: Semi-routine occupations,11
E05014072,Abbey Wood,15,White: Gypsy or Irish Traveller,8,L13: Routine occupations,8
E05014072,Abbey Wood,15,White: Gypsy or Irish Traveller,9,L14.1: Never worked,36
E05014072,Abbey Wood,15,White: Gypsy or Irish Traveller,10,L14.2: Long-term unemployed,1
E05014072,Abbey Wood,15,White: Gypsy or Irish Traveller,11,L15: Full-time students,1
E05014072,Abbey Wood,16,White: Roma,-8,Does not apply,16
E05014072,Abbey Wood,16,White: Roma,1,L1 and L2: Large employers and higher managerial and administrative occupations,0
E05014072,Abbey Wood,16,White: Roma,2,L3: Higher professional occupations,2
E05014072,Abbey Wood,16,White: Roma,3,"L4, L5 and L6: Lower managerial, administrative and professional occupations",4
E05014072,Abbey Wood,16,White: Roma,4,L7: Intermediate occupations,3
E05014072,Abbey Wood,16,White: Roma,5,L8 and L9: Small employers and own account workers,10
E05014072,Abbey Wood,16,White: Roma,6,L10 and L11: Lower supervisory and technical occupations,3
E05014072,Abbey Wood,16,White: Roma,7,L12: Semi-routine occupations,2
E05014072,Abbey Wood,16,White: Roma,8,L13: Routine occupations,15
E05014072,Abbey Wood,16,White: Roma,9,L14.1: Never worked,3
E05014072,Abbey Wood,16,White: Roma,10,L14.2: Long-term unemployed,0
E05014072,Abbey Wood,16,White: Roma,11,L15: Full-time students,4
E05014072,Abbey Wood,17,White: Other White,-8,Does not apply,349
E05014072,Abbey Wood,17,White: Other White,1,L1 and L2: Large employers and higher managerial and administrative occupations,37
E05014072,Abbey Wood,17,White: Other White,2,L3: Higher professional occupations,82
E05014072,Abbey Wood,17,White: Other White,3,"L4, L5 and L6: Lower managerial, administrative and professional occupations",199
E05014072,Abbey Wood,17,White: Other White,4,L7: Intermediate occupations,111
E05014072,Abbey Wood,17,White: Other White,5,L8 and L9: Small employers and own account workers,387
E05014072,Abbey Wood,17,White: Other White,6,L10 and L11: Lower supervisory and technical occupations,96
E05014072,Abbey Wood,17,White: Other White,7,L12: Semi-routine occupations,131
E05014072,Abbey Wood,17,White: Other White,8,L13: Routine occupations,254
E05014072,Abbey Wood,17,White: Other White,9,L14.1: Never worked,58
E05014072,Abbey Wood,17,White: Other White,10,L14.2: Long-term unemployed,18
E05014072,Abbey Wood,17,White: Other White,11,L15: Full-time students,112
E05014072,Abbey Wood,18,Other ethnic group: Arab,-8,Does not apply,20
E05014072,Abbey Wood,18,Other ethnic group: Arab,1,L1 and L2: Large employers and higher managerial and administrative occupations,1
E05014072,Abbey Wood,18,Other ethnic group: Arab,2,L3: Higher professional occupations,3
E05014072,Abbey Wood,18,Other ethnic group: Arab,3,"L4, L5 and L6: Lower managerial, administrative and professional occupations",5
E05014072,Abbey Wood,18,Other ethnic group: Arab,4,L7: Intermediate occupations,6
E05014072,Abbey Wood,18,Other ethnic group: Arab,5,L8 and L9: Small employers and own account workers,4
E05014072,Abbey Wood,18,Other ethnic group: Arab,6,L10 and L11: Lower supervisory and technical occupations,2
E05014072,Abbey Wood,18,Other ethnic group: Arab,7,L12: Semi-routine occupations,6
E05014072,Abbey Wood,18,Other ethnic group: Arab,8,L13: Routine occupations,2
E05014072,Abbey Wood,18,Other ethnic group: Arab,9,L14.1: Never worked,7
E05014072,Abbey Wood,18,Other ethnic group: Arab,10,L14.2: Long-term unemployed,0
E05014072,Abbey Wood,18,Other ethnic group: Arab,11,L15: Full-time students,10
E05014072,Abbey Wood,19,Other ethnic group: Any other ethnic group,-8,Does not apply,122
E05014072,Abbey Wood,19,Other ethnic group: Any other ethnic group,1,L1 and L2: Large employers and higher managerial and administrative occupations,12
E05014072,Abbey Wood,19,Other ethnic group: Any other ethnic group,2,L3: Higher professional occupations,27
E05014072,Abbey Wood,19,Other ethnic group: Any other ethnic group,3,"L4, L5 and L6: Lower managerial, administrative and professional occupations",75
E05014072,Abbey Wood,19,Other ethnic group: Any other ethnic group,4,L7: Intermediate occupations,30
E05014072,Abbey Wood,19,Other ethnic group: Any other ethnic group,5,L8 and L9: Small employers and own account workers,61
E05014072,Abbey Wood,19,Other ethnic group: Any other ethnic group,6,L10 and L11: Lower supervisory and technical occupations,28
E05014072,Abbey Wood,19,Other ethnic group: Any other ethnic group,7,L12: Semi-routine occupations,47
E05014072,Abbey Wood,19,Other ethnic group: Any other ethnic group,8,L13: Routine occupations,97
E05014072,Abbey Wood,19,Other ethnic group: Any other ethnic group,9,L14.1: Never worked,89
E05014072,Abbey Wood,19,Other ethnic group: Any other ethnic group,10,L14.2: Long-term unemployed,11
E05014072,Abbey Wood,19,Other ethnic group: Any other ethnic group,11,L15: Full-time students,68
E05014073,Blackheath Westcombe,-8,Does not apply,-8,Does not apply,0
E05014073,Blackheath Westcombe,-8,Does not apply,1,L1 and L2: Large employers and higher managerial and administrative occupations,0
E05014073,Blackheath Westcombe,-8,Does not apply,2,L3: Higher professional occupations,0
E05014073,Blackheath Westcombe,-8,Does not apply,3,"L4, L5 and L6: Lower managerial, administrative and professional occupations",0
E05014073,Blackheath Westcombe,-8,Does not apply,4,L7: Intermediate occupations,0
E05014073,Blackheath Westcombe,-8,Does not apply,5,L8 and L9: Small employers and own account workers,0
E05014073,Blackheath Westcombe,-8,Does not apply,6,L10 and L11: Lower supervisory and technical occupations,0
E05014073,Blackheath Westcombe,-8,Does not apply,7,L12: Semi-routine occupations,0
E05014073,Blackheath Westcombe,-8,Does not apply,8,L13: Routine occupations,0
E05014073,Blackheath Westcombe,-8,Does not apply,9,L14.1: Never worked,0
E05014073,Blackheath Westcombe,-8,Does not apply,10,L14.2: Long-term unemployed,0
E05014073,Blackheath Westcombe,-8,Does not apply,11,L15: Full-time students,0
E05014073,Blackheath Westcombe,1,"Asian, Asian British or Asian Welsh: Bangladeshi",-8,Does not apply,2
E05014073,Blackheath Westcombe,1,"Asian, Asian British or Asian Welsh: Bangladeshi",1,L1 and L2: Large employers and higher managerial and administrative occupations,3
E05014073,Blackheath Westcombe,1,"Asian, Asian British or Asian Welsh: Bangladeshi",2,L3: Higher professional occupations,6
E05014073,Blackheath Westcombe,1,"Asian, Asian British or Asian Welsh: Bangladeshi",3,"L4, L5 and L6: Lower managerial, administrative and professional occupations",5
E05014073,Blackheath Westcombe,1,"Asian, Asian British or Asian Welsh: Bangladeshi",4,L7: Intermediate occupations,0
E05014073,Blackheath Westcombe,1,"Asian, Asian British or Asian Welsh: Bangladeshi",5,L8 and L9: Small employers and own account workers,0
E05014073,Blackheath Westcombe,1,"Asian, Asian British or Asian Welsh: Bangladeshi",6,L10 and L11: Lower supervisory and technical occupations,0
E05014073,Blackheath Westcombe,1,"Asian, Asian British or Asian Welsh: Bangladeshi",7,L12: Semi-routine occupations,5
E05014073,Blackheath Westcombe,1,"Asian, Asian British or Asian Welsh: Bangladeshi",8,L13: Routine occupations,8
E05014073,Blackheath Westcombe,1,"Asian, Asian British or Asian Welsh: Bangladeshi",9,L14.1: Never worked,4
E05014073,Blackheath Westcombe,1,"Asian, Asian British or Asian Welsh: Bangladeshi",10,L14.2: Long-term unemployed,0
E05014073,Blackheath Westcombe,1,"Asian, Asian British or Asian Welsh: Bangladeshi",11,L15: Full-time students,3
E05014073,Blackheath Westcombe,2,"Asian, Asian British or Asian Welsh: Chinese",-8,Does not apply,26
E05014073,Blackheath Westcombe,2,"Asian, Asian British or Asian Welsh: Chinese",1,L1 and L2: Large employers and higher managerial and administrative occupations,19
E05014073,Blackheath Westcombe,2,"Asian, Asian British or Asian Welsh: Chinese",2,L3: Higher professional occupations,63
E05014073,Blackheath Westcombe,2,"Asian, Asian British or Asian Welsh: Chinese",3,"L4, L5 and L6: Lower managerial, administrative and professional occupations",58
E05014073,Blackheath Westcombe,2,"Asian, Asian British or Asian Welsh: Chinese",4,L7: Intermediate occupations,14
E05014073,Blackheath Westcombe,2,"Asian, Asian British or Asian Welsh: Chinese",5,L8 and L9: Small employers and own account workers,12
E05014073,Blackheath Westcombe,2,"Asian, Asian British or Asian Welsh: Chinese",6,L10 and L11: Lower supervisory and technical occupations,2
E05014073,Blackheath Westcombe,2,"Asian, Asian British or Asian Welsh: Chinese",7,L12: Semi-routine occupations,11
E05014073,Blackheath Westcombe,2,"Asian, Asian British or Asian Welsh: Chinese",8,L13: Routine occupations,5
E05014073,Blackheath Westcombe,2,"Asian, Asian British or Asian Welsh: Chinese",9,L14.1: Never worked,20
E05014073,Blackheath Westcombe,2,"Asian, Asian British or Asian Welsh: Chinese",10,L14.2: Long-term unemployed,3
E05014073,Blackheath Westcombe,2,"Asian, Asian British or Asian Welsh: Chinese",11,L15: Full-time students,8
E05014073,Blackheath Westcombe,3,"Asian, Asian British or Asian Welsh: Indian",-8,Does not apply,91
E05014073,Blackheath Westcombe,3,"Asian, Asian British or Asian Welsh: Indian",1,L1 and L2: Large employers and higher managerial and administrative occupations,53
E05014073,Blackheath Westcombe,3,"Asian, Asian British or Asian Welsh: Indian",2,L3: Higher professional occupations,94
E05014073,Blackheath Westcombe,3,"Asian, Asian British or Asian Welsh: Indian",3,"L4, L5 and L6: Lower managerial, administrative and professional occupations",71
E05014073,Blackheath Westcombe,3,"Asian, Asian British or Asian Welsh: Indian",4,L7: Intermediate occupations,24
E05014073,Blackheath Westcombe,3,"Asian, Asian British or Asian Welsh: Indian",5,L8 and L9: Small employers and own account workers,47
E05014073,Blackheath Westcombe,3,"Asian, Asian British or Asian Welsh: Indian",6,L10 and L11: Lower supervisory and technical occupations,10
E05014073,Blackheath Westcombe,3,"Asian, Asian British or Asian Welsh: Indian",7,L12: Semi-routine occupations,28
E05014073,Blackheath Westcombe,3,"Asian, Asian British or Asian Welsh: Indian",8,L13: Routine occupations,13
E05014073,Blackheath Westcombe,3,"Asian, Asian British or Asian Welsh: Indian",9,L14.1: Never worked,13
E05014073,Blackheath Westcombe,3,"Asian, Asian British or Asian Welsh: Indian",10,L14.2: Long-term unemployed,8
E05014073,Blackheath Westcombe,3,"Asian, Asian British or Asian Welsh: Indian",11,L15: Full-time students,15
E05014073,Blackheath Westcombe,4,"Asian, Asian British or Asian Welsh: Pakistani",-8,Does not apply,13
E05014073,Blackheath Westcombe,4,"Asian, Asian British or Asian Welsh: Pakistani",1,L1 and L2: Large employers and higher managerial and administrative occupations,5
E05014073,Blackheath Westcombe,4,"Asian, Asian British or Asian Welsh: Pakistani",2,L3: Higher professional occupations,12
E05014073,Blackheath Westcombe,4,"Asian, Asian British or Asian Welsh: Pakistani",3,"L4, L5 and L6: Lower managerial, administrative and professional occupations",11
E05014073,Blackheath Westcombe,4,"Asian, Asian British or Asian Welsh: Pakistani",4,L7: Intermediate occupations,8
E05014073,Blackheath Westcombe,4,"Asian, Asian British or Asian Welsh: Pakistani",5,L8 and L9: Small employers and own account workers,7
E05014073,Blackheath Westcombe,4,"Asian, Asian British or Asian Welsh: Pakistani",6,L10 and L11: Lower supervisory and technical occupations,0
E05014073,Blackheath Westcombe,4,"Asian, Asian British or Asian Welsh: Pakistani",7,L12: Semi-routine occupations,3
E05014073,Blackheath Westcombe,4,"Asian, Asian British or Asian Welsh: Pakistani",8,L13: Routine occupations,0
E05014073,Blackheath Westcombe,4,"Asian, Asian British or Asian Welsh: Pakistani",9,L14.1: Never worked,5
E05014073,Blackheath Westcombe,4,"Asian, Asian British or Asian Welsh: Pakistani",10,L14.2: Long-term unemployed,1
E05014073,Blackheath Westcombe,4,"Asian, Asian British or Asian Welsh: Pakistani",11,L15: Full-time students,4
E05014073,Blackheath Westcombe,5,"Asian, Asian British or Asian Welsh: Other Asian",-8,Does not apply,53
E05014073,Blackheath Westcombe,5,"Asian, Asian British or Asian Welsh: Other Asian",1,L1 and L2: Large employers and higher managerial and administrative occupations,16
E05014073,Blackheath Westcombe,5,"Asian, Asian British or Asian Welsh: Other Asian",2,L3: Higher professional occupations,53
E05014073,Blackheath Westcombe,5,"Asian, Asian British or Asian Welsh: Other Asian",3,"L4, L5 and L6: Lower managerial, administrative and professional occupations",81
E05014073,Blackheath Westcombe,5,"Asian, Asian British or Asian Welsh: Other Asian",4,L7: Intermediate occupations,15
E05014073,Blackheath Westcombe,5,"Asian, Asian British or Asian Welsh: Other Asian",5,L8 and L9: Small employers and own account workers,18
E05014073,Blackheath Westcombe,5,"Asian, Asian British or Asian Welsh: Other Asian",6,L10 and L11: Lower supervisory and technical occupations,16
E05014073,Blackheath Westcombe,5,"Asian, Asian British or Asian Welsh: Other Asian",7,L12: Semi-routine occupations,21
E05014073,Blackheath Westcombe,5,"Asian, Asian British or Asian Welsh: Other Asian",8,L13: Routine occupations,20
E05014073,Blackheath Westcombe,5,"Asian, Asian British or Asian Welsh: Other Asian",9,L14.1: Never worked,31
E05014073,Blackheath Westcombe,5,"Asian, Asian British or Asian Welsh: Other Asian",10,L14.2: Long-term unemployed,7
E05014073,Blackheath Westcombe,5,"Asian, Asian British or Asian Welsh: Other Asian",11,L15: Full-time students,25
E05014073,Blackheath Westcombe,6,"Black, Black British, Black Welsh, Caribbean or African: African",-8,Does not apply,155
E05014073,Blackheath Westcombe,6,"Black, Black British, Black Welsh, Caribbean or African: African",1,L1 and L2: Large employers and higher managerial and administrative occupations,9
E05014073,Blackheath Westcombe,6,"Black, Black British, Black Welsh, Caribbean or African: African",2,L3: Higher professional occupations,36
E05014073,Blackheath Westcombe,6,"Black, Black British, Black Welsh, Caribbean or African: African",3,"L4, L5 and L6: Lower managerial, administrative and professional occupations",90
E05014073,Blackheath Westcombe,6,"Black, Black British, Black Welsh, Caribbean or African: African",4,L7: Intermediate occupations,62
E05014073,Blackheath Westcombe,6,"Black, Black British, Black Welsh, Caribbean or African: African",5,L8 and L9: Small employers and own account workers,42
E05014073,Blackheath Westcombe,6,"Black, Black British, Black Welsh, Caribbean or African: African",6,L10 and L11: Lower supervisory and technical occupations,11
E05014073,Blackheath Westcombe,6,"Black, Black British, Black Welsh, Caribbean or African: African",7,L12: Semi-routine occupations,76
E05014073,Blackheath Westcombe,6,"Black, Black British, Black Welsh, Caribbean or African: African",8,L13: Routine occupations,49
E05014073,Blackheath Westcombe,6,"Black, Black British, Black Welsh, Caribbean or African: African",9,L14.1: Never worked,41
E05014073,Blackheath Westcombe,6,"Black, Black British, Black Welsh, Caribbean or African: African",10,L14.2: Long-term unemployed,16
E05014073,Blackheath Westcombe,6,"Black, Black British, Black Welsh, Caribbean or African: African",11,L15: Full-time students,86
E05014073,Blackheath Westcombe,7,"Black, Black British, Black Welsh, Caribbean or African: Caribbean",-8,Does not apply,22
E05014073,Blackheath Westcombe,7,"Black, Black British, Black Welsh, Caribbean or African: Caribbean",1,L1 and L2: Large employers and higher managerial and administrative occupations,10
E05014073,Blackheath Westcombe,7,"Black, Black British, Black Welsh, Caribbean or African: Caribbean",2,L3: Higher professional occupations,18
E05014073,Blackheath Westcombe,7,"Black, Black British, Black Welsh, Caribbean or African: Caribbean",3,"L4, L5 and L6: Lower managerial, administrative and professional occupations",42
E05014073,Blackheath Westcombe,7,"Black, Black British, Black Welsh, Caribbean or African: Caribbean",4,L7: Intermediate occupations,21
E05014073,Blackheath Westcombe,7,"Black, Black British, Black Welsh, Caribbean or African: Caribbean",5,L8 and L9: Small employers and own account workers,9
E05014073,Blackheath Westcombe,7,"Black, Black British, Black Welsh, Caribbean or African: Caribbean",6,L10 and L11: Lower supervisory and technical occupations,5
E05014073,Blackheath Westcombe,7,"Black, Black British, Black Welsh, Caribbean or African: Caribbean",7,L12: Semi-routine occupations,22
E05014073,Blackheath Westcombe,7,"Black, Black British, Black Welsh, Caribbean or African: Caribbean",8,L13: Routine occupations,25
E05014073,Blackheath Westcombe,7,"Black, Black British, Black Welsh, Caribbean or African: Caribbean",9,L14.1: Never worked,14
E05014073,Blackheath Westcombe,7,"Black, Black British, Black Welsh, Caribbean or African: Caribbean",10,L14.2: Long-term unemployed,6
E05014073,Blackheath Westcombe,7,"Black, Black British, Black Welsh, Caribbean or African: Caribbean",11,L15: Full-time students,11
E05014073,Blackheath Westcombe,8,"Black, Black British, Black Welsh, Caribbean or African: Other Black",-8,Does not apply,45
E05014073,Blackheath Westcombe,8,"Black, Black British, Black Welsh, Caribbean or African: Other Black",1,L1 and L2: Large employers and higher managerial and administrative occupations,2
E05014073,Blackheath Westcombe,8,"Black, Black British, Black Welsh, Caribbean or African: Other Black",2,L3: Higher professional occupations,9
E05014073,Blackheath Westcombe,8,"Black, Black British, Black Welsh, Caribbean or African: Other Black",3,"L4, L5 and L6: Lower managerial, administrative and professional occupations",15
E05014073,Blackheath Westcombe,8,"Black, Black British, Black Welsh, Caribbean or African: Other Black",4,L7: Intermediate occupations,10
E05014073,Blackheath Westcombe,8,"Black, Black British, Black Welsh, Caribbean or African: Other Black",5,L8 and L9: Small employers and own account workers,2
E05014073,Blackheath Westcombe,8,"Black, Black British, Black Welsh, Caribbean or African: Other Black",6,L10 and L11: Lower supervisory and technical occupations,1
E05014073,Blackheath Westcombe,8,"Black, Black British, Black Welsh, Caribbean or African: Other Black",7,L12: Semi-routine occupations,3
E05014073,Blackheath Westcombe,8,"Black, Black British, Black Welsh, Caribbean or African: Other Black",8,L13: Routine occupations,4
E05014073,Blackheath Westcombe,8,"Black, Black British, Black Welsh, Caribbean or African: Other Black",9,L14.1: Never worked,3
E05014073,Blackheath Westcombe,8,"Black, Black British, Black Welsh, Caribbean or African: Other Black",10,L14.2: Long-term unemployed,1
E05014073,Blackheath Westcombe,8,"Black, Black British, Black Welsh, Caribbean or African: Other Black",11,L15: Full-time students,11
E05014073,Blackheath Westcombe,9,Mixed or Multiple ethnic groups: White and Asian,-8,Does not apply,171
E05014073,Blackheath Westcombe,9,Mixed or Multiple ethnic groups: White and Asian,1,L1 and L2: Large employers and higher managerial and administrative occupations,13
E05014073,Blackheath Westcombe,9,Mixed or Multiple ethnic groups: White and Asian,2,L3: Higher professional occupations,41
E05014073,Blackheath Westcombe,9,Mixed or Multiple ethnic groups: White and Asian,3,"L4, L5 and L6: Lower managerial, administrative and professional occupations",44
E05014073,Blackheath Westcombe,9,Mixed or Multiple ethnic groups: White and Asian,4,L7: Intermediate occupations,11
E05014073,Blackheath Westcombe,9,Mixed or Multiple ethnic groups: White and Asian,5,L8 and L9: Small employers and own account workers,7
E05014073,Blackheath Westcombe,9,Mixed or Multiple ethnic groups: White and Asian,6,L10 and L11: Lower supervisory and technical occupations,4
E05014073,Blackheath Westcombe,9,Mixed or Multiple ethnic groups: White and Asian,7,L12: Semi-routine occupations,3
E05014073,Blackheath Westcombe,9,Mixed or Multiple ethnic groups: White and Asian,8,L13: Routine occupations,1
E05014073,Blackheath Westcombe,9,Mixed or Multiple ethnic groups: White and Asian,9,L14.1: Never worked,5
E05014073,Blackheath Westcombe,9,Mixed or Multiple ethnic groups: White and Asian,10,L14.2: Long-term unemployed,3
E05014073,Blackheath Westcombe,9,Mixed or Multiple ethnic groups: White and Asian,11,L15: Full-time students,25
E05014073,Blackheath Westcombe,10,Mixed or Multiple ethnic groups: White and Black African,-8,Does not apply,65
E05014073,Blackheath Westcombe,10,Mixed or Multiple ethnic groups: White and Black African,1,L1 and L2: Large employers and higher managerial and administrative occupations,6
E05014073,Blackheath Westcombe,10,Mixed or Multiple ethnic groups: White and Black African,2,L3: Higher professional occupations,3
E05014073,Blackheath Westcombe,10,Mixed or Multiple ethnic groups: White and Black African,3,"L4, L5 and L6: Lower managerial, administrative and professional occupations",9
E05014073,Blackheath Westcombe,10,Mixed or Multiple ethnic groups: White and Black African,4,L7: Intermediate occupations,3
E05014073,Blackheath Westcombe,10,Mixed or Multiple ethnic groups: White and Black African,5,L8 and L9: Small employers and own account workers,9
E05014073,Blackheath Westcombe,10,Mixed or Multiple ethnic groups: White and Black African,6,L10 and L11: Lower supervisory and technical occupations,1
E05014073,Blackheath Westcombe,10,Mixed or Multiple ethnic groups: White and Black African,7,L12: Semi-routine occupations,5
E05014073,Blackheath Westcombe,10,Mixed or Multiple ethnic groups: White and Black African,8,L13: Routine occupations,4
E05014073,Blackheath Westcombe,10,Mixed or Multiple ethnic groups: White and Black African,9,L14.1: Never worked,5
E05014073,Blackheath Westcombe,10,Mixed or Multiple ethnic groups: White and Black African,10,L14.2: Long-term unemployed,1
E05014073,Blackheath Westcombe,10,Mixed or Multiple ethnic groups: White and Black African,11,L15: Full-time students,3
E05014073,Blackheath Westcombe,11,Mixed or Multiple ethnic groups: White and Black Caribbean,-8,Does not apply,78
E05014073,Blackheath Westcombe,11,Mixed or Multiple ethnic groups: White and Black Caribbean,1,L1 and L2: Large employers and higher managerial and administrative occupations,0
E05014073,Blackheath Westcombe,11,Mixed or Multiple ethnic groups: White and Black Caribbean,2,L3: Higher professional occupations,16
E05014073,Blackheath Westcombe,11,Mixed or Multiple ethnic groups: White and Black Caribbean,3,"L4, L5 and L6: Lower managerial, administrative and professional occupations",28
E05014073,Blackheath Westcombe,11,Mixed or Multiple ethnic groups: White and Black Caribbean,4,L7: Intermediate occupations,7
E05014073,Blackheath Westcombe,11,Mixed or Multiple ethnic groups: White and Black Caribbean,5,L8 and L9: Small employers and own account workers,2
E05014073,Blackheath Westcombe,11,Mixed or Multiple ethnic groups: White and Black Caribbean,6,L10 and L11: Lower supervisory and technical occupations,4
E05014073,Blackheath Westcombe,11,Mixed or Multiple ethnic groups: White and Black Caribbean,7,L12: Semi-routine occupations,7
E05014073,Blackheath Westcombe,11,Mixed or Multiple ethnic groups: White and Black Caribbean,8,L13: Routine occupations,13
E05014073,Blackheath Westcombe,11,Mixed or Multiple ethnic groups: White and Black Caribbean,9,L14.1: Never worked,6
E05014073,Blackheath Westcombe,11,Mixed or Multiple ethnic groups: White and Black Caribbean,10,L14.2: Long-term unemployed,6
E05014073,Blackheath Westcombe,11,Mixed or Multiple ethnic groups: White and Black Caribbean,11,L15: Full-time students,15
E05014073,Blackheath Westcombe,12,Mixed or Multiple ethnic groups: Other Mixed or Multiple ethnic groups,-8,Does not apply,111
E05014073,Blackheath Westcombe,12,Mixed or Multiple ethnic groups: Other Mixed or Multiple ethnic groups,1,L1 and L2: Large employers and higher managerial and administrative occupations,9
E05014073,Blackheath Westcombe,12,Mixed or Multiple ethnic groups: Other Mixed or Multiple ethnic groups,2,L3: Higher professional occupations,42
E05014073,Blackheath Westcombe,12,Mixed or Multiple ethnic groups: Other Mixed or Multiple ethnic groups,3,"L4, L5 and L6: Lower managerial, administrative and professional occupations",62
E05014073,Blackheath Westcombe,12,Mixed or Multiple ethnic groups: Other Mixed or Multiple ethnic groups,4,L7: Intermediate occupations,11
E05014073,Blackheath Westcombe,12,Mixed or Multiple ethnic groups: Other Mixed or Multiple ethnic groups,5,L8 and L9: Small employers and own account workers,17
E05014073,Blackheath Westcombe,12,Mixed or Multiple ethnic groups: Other Mixed or Multiple ethnic groups,6,L10 and L11: Lower supervisory and technical occupations,2
E05014073,Blackheath Westcombe,12,Mixed or Multiple ethnic groups: Other Mixed or Multiple ethnic groups,7,L12: Semi-routine occupations,14
E05014073,Blackheath Westcombe,12,Mixed or Multiple ethnic groups: Other Mixed or Multiple ethnic groups,8,L13: Routine occupations,7
E05014073,Blackheath Westcombe,12,Mixed or Multiple ethnic groups: Other Mixed or Multiple ethnic groups,9,L14.1: Never worked,7
E05014073,Blackheath Westcombe,12,Mixed or Multiple ethnic groups: Other Mixed or Multiple ethnic groups,10,L14.2: Long-term unemployed,4
E05014073,Blackheath Westcombe,12,Mixed or Multiple ethnic groups: Other Mixed or Multiple ethnic groups,11,L15: Full-time students,20
E05014073,Blackheath Westcombe,13,"White: English, Welsh, Scottish, Northern Irish or British",-8,Does not apply,1496
E05014073,Blackheath Westcombe,13,"White: English, Welsh, Scottish, Northern Irish or British",1,L1 and L2: Large employers and higher managerial and administrative occupations,742
E05014073,Blackheath Westcombe,13,"White: English, Welsh, Scottish, Northern Irish or British",2,L3: Higher professional occupations,1601
E05014073,Blackheath Westcombe,13,"White: English, Welsh, Scottish, Northern Irish or British",3,"L4, L5 and L6: Lower managerial, administrative and professional occupations",2158
E05014073,Blackheath Westcombe,13,"White: English, Welsh, Scottish, Northern Irish or British",4,L7: Intermediate occupations,631
E05014073,Blackheath Westcombe,13,"White: English, Welsh, Scottish, Northern Irish or British",5,L8 and L9: Small employers and own account workers,660
E05014073,Blackheath Westcombe,13,"White: English, Welsh, Scottish, Northern Irish or British",6,L10 and L11: Lower supervisory and technical occupations,172
E05014073,Blackheath Westcombe,13,"White: English, Welsh, Scottish, Northern Irish or British",7,L12: Semi-routine occupations,443
E05014073,Blackheath Westcombe,13,"White: English, Welsh, Scottish, Northern Irish or British",8,L13: Routine occupations,344
E05014073,Blackheath Westcombe,13,"White: English, Welsh, Scottish, Northern Irish or British",9,L14.1: Never worked,384
E05014073,Blackheath Westcombe,13,"White: English, Welsh, Scottish, Northern Irish or British",10,L14.2: Long-term unemployed,60
E05014073,Blackheath Westcombe,13,"White: English, Welsh, Scottish, Northern Irish or British",11,L15: Full-time students,332
E05014073,Blackheath Westcombe,14,White: Irish,-8,Does not apply,25
E05014073,Blackheath Westcombe,14,White: Irish,1,L1 and L2: Large employers and higher managerial and administrative occupations,31
E05014073,Blackheath Westcombe,14,White: Irish,2,L3: Higher professional occupations,96
E05014073,Blackheath Westcombe,14,White: Irish,3,"L4, L5 and L6: Lower managerial, administrative and professional occupations",116
E05014073,Blackheath Westcombe,14,White: Irish,4,L7: Intermediate occupations,33
E05014073,Blackheath Westcombe,14,White: Irish,5,L8 and L9: Small employers and own account workers,33
E05014073,Blackheath Westcombe,14,White: Irish,6,L10 and L11: Lower supervisory and technical occupations,5
E05014073,Blackheath Westcombe,14,White: Irish,7,L12: Semi-routine occupations,28
E05014073,Blackheath Westcombe,14,White: Irish,8,L13: Routine occupations,21
E05014073,Blackheath Westcombe,14,White: Irish,9,L14.1: Never worked,11
E05014073,Blackheath Westcombe,14,White: Irish,10,L14.2: Long-term unemployed,6
E05014073,Blackheath Westcombe,14,White: Irish,11,L15: Full-time students,10
E05014073,Blackheath Westcombe,15,White: Gypsy or Irish Traveller,-8,Does not apply,0
E05014073,Blackheath Westcombe,15,White: Gypsy or Irish Traveller,1,L1 and L2: Large employers and higher managerial and administrative occupations,0
E05014073,Blackheath Westcombe,15,White: Gypsy or Irish Traveller,2,L3: Higher professional occupations,0
E05014073,Blackheath Westcombe,15,White: Gypsy or Irish Traveller,3,"L4, L5 and L6: Lower managerial, administrative and professional occupations",2
E05014073,Blackheath Westcombe,15,White: Gypsy or Irish Traveller,4,L7: Intermediate occupations,1
E05014073,Blackheath Westcombe,15,White: Gypsy or Irish Traveller,5,L8 and L9: Small employers and own account workers,0
E05014073,Blackheath Westcombe,15,White: Gypsy or Irish Traveller,6,L10 and L11: Lower supervisory and technical occupations,1
E05014073,Blackheath Westcombe,15,White: Gypsy or Irish Traveller,7,L12: Semi-routine occupations,0
E05014073,Blackheath Westcombe,15,White: Gypsy or Irish Traveller,8,L13: Routine occupations,1
E05014073,Blackheath Westcombe,15,White: Gypsy or Irish Traveller,9,L14.1: Never worked,0
E05014073,Blackheath Westcombe,15,White: Gypsy or Irish Traveller,10,L14.2: Long-term unemployed,0
E05014073,Blackheath Westcombe,15,White: Gypsy or Irish Traveller,11,L15: Full-time students,0
E05014073,Blackheath Westcombe,16,White: Roma,-8,Does not apply,4
E05014073,Blackheath Westcombe,16,White: Roma,1,L1 and L2: Large employers and higher managerial and administrative occupations,1
E05014073,Blackheath Westcombe,16,White: Roma,2,L3: Higher professional occupations,3
E05014073,Blackheath Westcombe,16,White: Roma,3,"L4, L5 and L6: Lower managerial, administrative and professional occupations",8
E05014073,Blackheath Westcombe,16,White: Roma,4,L7: Intermediate occupations,1
E05014073,Blackheath Westcombe,16,White: Roma,5,L8 and L9: Small employers and own account workers,1
E05014073,Blackheath Westcombe,16,White: Roma,6,L10 and L11: Lower supervisory and technical occupations,1
E05014073,Blackheath Westcombe,16,White: Roma,7,L12: Semi-routine occupations,1
E05014073,Blackheath Westcombe,16,White: Roma,8,L13: Routine occupations,4
E05014073,Blackheath Westcombe,16,White: Roma,9,L14.1: Never worked,4
E05014073,Blackheath Westcombe,16,White: Roma,10,L14.2: Long-term unemployed,0
E05014073,Blackheath Westcombe,16,White: Roma,11,L15: Full-time students,4
E05014073,Blackheath Westcombe,17,White: Other White,-8,Does not apply,328
E05014073,Blackheath Westcombe,17,White: Other White,1,L1 and L2: Large employers and higher managerial and administrative occupations,157
E05014073,Blackheath Westcombe,17,White: Other White,2,L3: Higher professional occupations,435
E05014073,Blackheath Westcombe,17,White: Other White,3,"L4, L5 and L6: Lower managerial, administrative and professional occupations",473
E05014073,Blackheath Westcombe,17,White: Other White,4,L7: Intermediate occupations,134
E05014073,Blackheath Westcombe,17,White: Other White,5,L8 and L9: Small employers and own account workers,189
E05014073,Blackheath Westcombe,17,White: Other White,6,L10 and L11: Lower supervisory and technical occupations,54
E05014073,Blackheath Westcombe,17,White: Other White,7,L12: Semi-routine occupations,70
E05014073,Blackheath Westcombe,17,White: Other White,8,L13: Routine occupations,78
E05014073,Blackheath Westcombe,17,White: Other White,9,L14.1: Never worked,40
E05014073,Blackheath Westcombe,17,White: Other White,10,L14.2: Long-term unemployed,19
E05014073,Blackheath Westcombe,17,White: Other White,11,L15: Full-time students,84
E05014073,Blackheath Westcombe,18,Other ethnic group: Arab,-8,Does not apply,5
E05014073,Blackheath Westcombe,18,Other ethnic group: Arab,1,L1 and L2: Large employers and higher managerial and administrative occupations,3
E05014073,Blackheath Westcombe,18,Other ethnic group: Arab,2,L3: Higher professional occupations,6
E05014073,Blackheath Westcombe,18,Other ethnic group: Arab,3,"L4, L5 and L6: Lower managerial, administrative and professional occupations",12
E05014073,Blackheath Westcombe,18,Other ethnic group: Arab,4,L7: Intermediate occupations,1
E05014073,Blackheath Westcombe,18,Other ethnic group: Arab,5,L8 and L9: Small employers and own account workers,3
E05014073,Blackheath Westcombe,18,Other ethnic group: Arab,6,L10 and L11: Lower supervisory and technical occupations,2
E05014073,Blackheath Westcombe,18,Other ethnic group: Arab,7,L12: Semi-routine occupations,3
E05014073,Blackheath Westcombe,18,Other ethnic group: Arab,8,L13: Routine occupations,1
E05014073,Blackheath Westcombe,18,Other ethnic group: Arab,9,L14.1: Never worked,10
E05014073,Blackheath Westcombe,18,Other ethnic group: Arab,10,L14.2: Long-term unemployed,0
E05014073,Blackheath Westcombe,18,Other ethnic group: Arab,11,L15: Full-time students,5
E05014073,Blackheath Westcombe,19,Other ethnic group: Any other ethnic group,-8,Does not apply,51
E05014073,Blackheath Westcombe,19,Other ethnic group: Any other ethnic group,1,L1 and L2: Large employers and higher managerial and administrative occupations,18
E05014073,Blackheath Westcombe,19,Other ethnic group: Any other ethnic group,2,L3: Higher professional occupations,51
E05014073,Blackheath Westcombe,19,Other ethnic group: Any other ethnic group,3,"L4, L5 and L6: Lower managerial, administrative and professional occupations",62
E05014073,Blackheath Westcombe,19,Other ethnic group: Any other ethnic group,4,L7: Intermediate occupations,16
E05014073,Blackheath Westcombe,19,Other ethnic group: Any other ethnic group,5,L8 and L9: Small employers and own account workers,32
E05014073,Blackheath Westcombe,19,Other ethnic group: Any other ethnic group,6,L10 and L11: Lower supervisory and technical occupations,11
E05014073,Blackheath Westcombe,19,Other ethnic group: Any other ethnic group,7,L12: Semi-routine occupations,17
E05014073,Blackheath Westcombe,19,Other ethnic group: Any other ethnic group,8,L13: Routine occupations,38
E05014073,Blackheath Westcombe,19,Other ethnic group: Any other ethnic group,9,L14.1: Never worked,36
E05014073,Blackheath Westcombe,19,Other ethnic group: Any other ethnic group,10,L14.2: Long-term unemployed,9
E05014073,Blackheath Westcombe,19,Other ethnic group: Any other ethnic group,11,L15: Full-time students,19
E05014074,Charlton Hornfair,-8,Does not apply,-8,Does not apply,0
E05014074,Charlton Hornfair,-8,Does not apply,1,L1 and L2: Large employers and higher managerial and administrative occupations,0
E05014074,Charlton Hornfair,-8,Does not apply,2,L3: Higher professional occupations,0
E05014074,Charlton Hornfair,-8,Does not apply,3,"L4, L5 and L6: Lower managerial, administrative and professional occupations",0
E05014074,Charlton Hornfair,-8,Does not apply,4,L7: Intermediate occupations,0
E05014074,Charlton Hornfair,-8,Does not apply,5,L8 and L9: Small employers and own account workers,0
E05014074,Charlton Hornfair,-8,Does not apply,6,L10 and L11: Lower supervisory and technical occupations,0
E05014074,Charlton Hornfair,-8,Does not apply,7,L12: Semi-routine occupations,0
E05014074,Charlton Hornfair,-8,Does not apply,8,L13: Routine occupations,0
E05014074,Charlton Hornfair,-8,Does not apply,9,L14.1: Never worked,0
E05014074,Charlton Hornfair,-8,Does not apply,10,L14.2: Long-term unemployed,0
E05014074,Charlton Hornfair,-8,Does not apply,11,L15: Full-time students,0
E05014074,Charlton Hornfair,1,"Asian, Asian British or Asian Welsh: Bangladeshi",-8,Does not apply,13
E05014074,Charlton Hornfair,1,"Asian, Asian British or Asian Welsh: Bangladeshi",1,L1 and L2: Large employers and higher managerial and administrative occupations,1
E05014074,Charlton Hornfair,1,"Asian, Asian British or Asian Welsh: Bangladeshi",2,L3: Higher professional occupations,4
E05014074,Charlton Hornfair,1,"Asian, Asian British or Asian Welsh: Bangladeshi",3,"L4, L5 and L6: Lower managerial, administrative and professional occupations",15
E05014074,Charlton Hornfair,1,"Asian, Asian British or Asian Welsh: Bangladeshi",4,L7: Intermediate occupations,4
E05014074,Charlton Hornfair,1,"Asian, Asian British or Asian Welsh: Bangladeshi",5,L8 and L9: Small employers and own account workers,9
E05014074,Charlton Hornfair,1,"Asian, Asian British or Asian Welsh: Bangladeshi",6,L10 and L11: Lower supervisory and technical occupations,3
E05014074,Charlton Hornfair,1,"Asian, Asian British or Asian Welsh: Bangladeshi",7,L12: Semi-routine occupations,7
E05014074,Charlton Hornfair,1,"Asian, Asian British or Asian Welsh: Bangladeshi",8,L13: Routine occupations,3
E05014074,Charlton Hornfair,1,"Asian, Asian British or Asian Welsh: Bangladeshi",9,L14.1: Never worked,9
E05014074,Charlton Hornfair,1,"Asian, Asian British or Asian Welsh: Bangladeshi",10,L14.2: Long-term unemployed,1
E05014074,Charlton Hornfair,1,"Asian, Asian British or Asian Welsh: Bangladeshi",11,L15: Full-time students,7
E05014074,Charlton Hornfair,2,"Asian, Asian British or Asian Welsh: Chinese",-8,Does not apply,45
E05014074,Charlton Hornfair,2,"Asian, Asian British or Asian Welsh: Chinese",1,L1 and L2: Large employers and higher managerial and administrative occupations,12
E05014074,Charlton Hornfair,2,"Asian, Asian British or Asian Welsh: Chinese",2,L3: Higher professional occupations,44
E05014074,Charlton Hornfair,2,"Asian, Asian British or Asian Welsh: Chinese",3,"L4, L5 and L6: Lower managerial, administrative and professional occupations",29
E05014074,Charlton Hornfair,2,"Asian, Asian British or Asian Welsh: Chinese",4,L7: Intermediate occupations,14
E05014074,Charlton Hornfair,2,"Asian, Asian British or Asian Welsh: Chinese",5,L8 and L9: Small employers and own account workers,27
E05014074,Charlton Hornfair,2,"Asian, Asian British or Asian Welsh: Chinese",6,L10 and L11: Lower supervisory and technical occupations,12
E05014074,Charlton Hornfair,2,"Asian, Asian British or Asian Welsh: Chinese",7,L12: Semi-routine occupations,16
E05014074,Charlton Hornfair,2,"Asian, Asian British or Asian Welsh: Chinese",8,L13: Routine occupations,8
E05014074,Charlton Hornfair,2,"Asian, Asian British or Asian Welsh: Chinese",9,L14.1: Never worked,27
E05014074,Charlton Hornfair,2,"Asian, Asian British or Asian Welsh: Chinese",10,L14.2: Long-term unemployed,3
E05014074,Charlton Hornfair,2,"Asian, Asian British or Asian Welsh: Chinese",11,L15: Full-time students,10
E05014074,Charlton Hornfair,3,"Asian, Asian British or Asian Welsh: Indian",-8,Does not apply,63
E05014074,Charlton Hornfair,3,"Asian, Asian British or Asian Welsh: Indian",1,L1 and L2: Large employers and higher managerial and administrative occupations,25
E05014074,Charlton Hornfair,3,"Asian, Asian British or Asian Welsh: Indian",2,L3: Higher professional occupations,93
E05014074,Charlton Hornfair,3,"Asian, Asian British or Asian Welsh: Indian",3,"L4, L5 and L6: Lower managerial, administrative and professional occupations",81
E05014074,Charlton Hornfair,3,"Asian, Asian British or Asian Welsh: Indian",4,L7: Intermediate occupations,28
E05014074,Charlton Hornfair,3,"Asian, Asian British or Asian Welsh: Indian",5,L8 and L9: Small employers and own account workers,52
E05014074,Charlton Hornfair,3,"Asian, Asian British or Asian Welsh: Indian",6,L10 and L11: Lower supervisory and technical occupations,9
E05014074,Charlton Hornfair,3,"Asian, Asian British or Asian Welsh: Indian",7,L12: Semi-routine occupations,19
E05014074,Charlton Hornfair,3,"Asian, Asian British or Asian Welsh: Indian",8,L13: Routine occupations,22
E05014074,Charlton Hornfair,3,"Asian, Asian British or Asian Welsh: Indian",9,L14.1: Never worked,29
E05014074,Charlton Hornfair,3,"Asian, Asian British or Asian Welsh: Indian",10,L14.2: Long-term unemployed,5
E05014074,Charlton Hornfair,3,"Asian, Asian British or Asian Welsh: Indian",11,L15: Full-time students,20
E05014074,Charlton Hornfair,4,"Asian, Asian British or Asian Welsh: Pakistani",-8,Does not apply,37
E05014074,Charlton Hornfair,4,"Asian, Asian British or Asian Welsh: Pakistani",1,L1 and L2: Large employers and higher managerial and administrative occupations,5
E05014074,Charlton Hornfair,4,"Asian, Asian British or Asian Welsh: Pakistani",2,L3: Higher professional occupations,15
E05014074,Charlton Hornfair,4,"Asian, Asian British or Asian Welsh: Pakistani",3,"L4, L5 and L6: Lower managerial, administrative and professional occupations",8
E05014074,Charlton Hornfair,4,"Asian, Asian British or Asian Welsh: Pakistani",4,L7: Intermediate occupations,6
E05014074,Charlton Hornfair,4,"Asian, Asian British or Asian Welsh: Pakistani",5,L8 and L9: Small employers and own account workers,11
E05014074,Charlton Hornfair,4,"Asian, Asian British or Asian Welsh: Pakistani",6,L10 and L11: Lower supervisory and technical occupations,1
E05014074,Charlton Hornfair,4,"Asian, Asian British or Asian Welsh: Pakistani",7,L12: Semi-routine occupations,8
E05014074,Charlton Hornfair,4,"Asian, Asian British or Asian Welsh: Pakistani",8,L13: Routine occupations,5
E05014074,Charlton Hornfair,4,"Asian, Asian British or Asian Welsh: Pakistani",9,L14.1: Never worked,14
E05014074,Charlton Hornfair,4,"Asian, Asian British or Asian Welsh: Pakistani",10,L14.2: Long-term unemployed,1
E05014074,Charlton Hornfair,4,"Asian, Asian British or Asian Welsh: Pakistani",11,L15: Full-time students,6
E05014074,Charlton Hornfair,5,"Asian, Asian British or Asian Welsh: Other Asian",-8,Does not apply,164
E05014074,Charlton Hornfair,5,"Asian, Asian British or Asian Welsh: Other Asian",1,L1 and L2: Large employers and higher managerial and administrative occupations,9
E05014074,Charlton Hornfair,5,"Asian, Asian British or Asian Welsh: Other Asian",2,L3: Higher professional occupations,60
E05014074,Charlton Hornfair,5,"Asian, Asian British or Asian Welsh: Other Asian",3,"L4, L5 and L6: Lower managerial, administrative and professional occupations",99
E05014074,Charlton Hornfair,5,"Asian, Asian British or Asian Welsh: Other Asian",4,L7: Intermediate occupations,41
E05014074,Charlton Hornfair,5,"Asian, Asian British or Asian Welsh: Other Asian",5,L8 and L9: Small employers and own account workers,56
E05014074,Charlton Hornfair,5,"Asian, Asian British or Asian Welsh: Other Asian",6,L10 and L11: Lower supervisory and technical occupations,45
E05014074,Charlton Hornfair,5,"Asian, Asian British or Asian Welsh: Other Asian",7,L12: Semi-routine occupations,111
E05014074,Charlton Hornfair,5,"Asian, Asian British or Asian Welsh: Other Asian",8,L13: Routine occupations,63
E05014074,Charlton Hornfair,5,"Asian, Asian British or Asian Welsh: Other Asian",9,L14.1: Never worked,64
E05014074,Charlton Hornfair,5,"Asian, Asian British or Asian Welsh: Other Asian",10,L14.2: Long-term unemployed,8
E05014074,Charlton Hornfair,5,"Asian, Asian British or Asian Welsh: Other Asian",11,L15: Full-time students,66
E05014074,Charlton Hornfair,6,"Black, Black British, Black Welsh, Caribbean or African: African",-8,Does not apply,457
E05014074,Charlton Hornfair,6,"Black, Black British, Black Welsh, Caribbean or African: African",1,L1 and L2: Large employers and higher managerial and administrative occupations,33
E05014074,Charlton Hornfair,6,"Black, Black British, Black Welsh, Caribbean or African: African",2,L3: Higher professional occupations,97
E05014074,Charlton Hornfair,6,"Black, Black British, Black Welsh, Caribbean or African: African",3,"L4, L5 and L6: Lower managerial, administrative and professional occupations",301
E05014074,Charlton Hornfair,6,"Black, Black British, Black Welsh, Caribbean or African: African",4,L7: Intermediate occupations,120
E05014074,Charlton Hornfair,6,"Black, Black British, Black Welsh, Caribbean or African: African",5,L8 and L9: Small employers and own account workers,129
E05014074,Charlton Hornfair,6,"Black, Black British, Black Welsh, Caribbean or African: African",6,L10 and L11: Lower supervisory and technical occupations,30
E05014074,Charlton Hornfair,6,"Black, Black British, Black Welsh, Caribbean or African: African",7,L12: Semi-routine occupations,195
E05014074,Charlton Hornfair,6,"Black, Black British, Black Welsh, Caribbean or African: African",8,L13: Routine occupations,102
E05014074,Charlton Hornfair,6,"Black, Black British, Black Welsh, Caribbean or African: African",9,L14.1: Never worked,79
E05014074,Charlton Hornfair,6,"Black, Black British, Black Welsh, Caribbean or African: African",10,L14.2: Long-term unemployed,29
E05014074,Charlton Hornfair,6,"Black, Black British, Black Welsh, Caribbean or African: African",11,L15: Full-time students,209
E05014074,Charlton Hornfair,7,"Black, Black British, Black Welsh, Caribbean or African: Caribbean",-8,Does not apply,36
E05014074,Charlton Hornfair,7,"Black, Black British, Black Welsh, Caribbean or African: Caribbean",1,L1 and L2: Large employers and higher managerial and administrative occupations,18
E05014074,Charlton Hornfair,7,"Black, Black British, Black Welsh, Caribbean or African: Caribbean",2,L3: Higher professional occupations,15
E05014074,Charlton Hornfair,7,"Black, Black British, Black Welsh, Caribbean or African: Caribbean",3,"L4, L5 and L6: Lower managerial, administrative and professional occupations",55
E05014074,Charlton Hornfair,7,"Black, Black British, Black Welsh, Caribbean or African: Caribbean",4,L7: Intermediate occupations,28
E05014074,Charlton Hornfair,7,"Black, Black British, Black Welsh, Caribbean or African: Caribbean",5,L8 and L9: Small employers and own account workers,14
E05014074,Charlton Hornfair,7,"Black, Black British, Black Welsh, Caribbean or African: Caribbean",6,L10 and L11: Lower supervisory and technical occupations,18
E05014074,Charlton Hornfair,7,"Black, Black British, Black Welsh, Caribbean or African: Caribbean",7,L12: Semi-routine occupations,29
E05014074,Charlton Hornfair,7,"Black, Black British, Black Welsh, Caribbean or African: Caribbean",8,L13: Routine occupations,41
E05014074,Charlton Hornfair,7,"Black, Black British, Black Welsh, Caribbean or African: Caribbean",9,L14.1: Never worked,9
E05014074,Charlton Hornfair,7,"Black, Black British, Black Welsh, Caribbean or African: Caribbean",10,L14.2: Long-term unemployed,6
E05014074,Charlton Hornfair,7,"Black, Black British, Black Welsh, Caribbean or African: Caribbean",11,L15: Full-time students,14
E05014074,Charlton Hornfair,8,"Black, Black British, Black Welsh, Caribbean or African: Other Black",-8,Does not apply,192
E05014074,Charlton Hornfair,8,"Black, Black British, Black Welsh, Caribbean or African: Other Black",1,L1 and L2: Large employers and higher managerial and administrative occupations,3
E05014074,Charlton Hornfair,8,"Black, Black British, Black Welsh, Caribbean or African: Other Black",2,L3: Higher professional occupations,12
E05014074,Charlton Hornfair,8,"Black, Black British, Black Welsh, Caribbean or African: Other Black",3,"L4, L5 and L6: Lower managerial, administrative and professional occupations",16
E05014074,Charlton Hornfair,8,"Black, Black British, Black Welsh, Caribbean or African: Other Black",4,L7: Intermediate occupations,17
E05014074,Charlton Hornfair,8,"Black, Black British, Black Welsh, Caribbean or African: Other Black",5,L8 and L9: Small employers and own account workers,11
E05014074,Charlton Hornfair,8,"Black, Black British, Black Welsh, Caribbean or African: Other Black",6,L10 and L11: Lower supervisory and technical occupations,1
E05014074,Charlton Hornfair,8,"Black, Black British, Black Welsh, Caribbean or African: Other Black",7,L12: Semi-routine occupations,9
E05014074,Charlton Hornfair,8,"Black, Black British, Black Welsh, Caribbean or African: Other Black",8,L13: Routine occupations,15
E05014074,Charlton Hornfair,8,"Black, Black British, Black Welsh, Caribbean or African: Other Black",9,L14.1: Never worked,24
E05014074,Charlton Hornfair,8,"Black, Black British, Black Welsh, Caribbean or African: Other Black",10,L14.2: Long-term unemployed,5
E05014074,Charlton Hornfair,8,"Black, Black British, Black Welsh, Caribbean or African: Other Black",11,L15: Full-time students,24
E05014074,Charlton Hornfair,9,Mixed or Multiple ethnic groups: White and Asian,-8,Does not apply,116
E05014074,Charlton Hornfair,9,Mixed or Multiple ethnic groups: White and Asian,1,L1 and L2: Large employers and higher managerial and administrative occupations,9
E05014074,Charlton Hornfair,9,Mixed or Multiple ethnic groups: White and Asian,2,L3: Higher professional occupations,9
E05014074,Charlton Hornfair,9,Mixed or Multiple ethnic groups: White and Asian,3,"L4, L5 and L6: Lower managerial, administrative and professional occupations",21
E05014074,Charlton Hornfair,9,Mixed or Multiple ethnic groups: White and Asian,4,L7: Intermediate occupations,12
E05014074,Charlton Hornfair,9,Mixed or Multiple ethnic groups: White and Asian,5,L8 and L9: Small employers and own account workers,7
E05014074,Charlton Hornfair,9,Mixed or Multiple ethnic groups: White and Asian,6,L10 and L11: Lower supervisory and technical occupations,0
E05014074,Charlton Hornfair,9,Mixed or Multiple ethnic groups: White and Asian,7,L12: Semi-routine occupations,11
E05014074,Charlton Hornfair,9,Mixed or Multiple ethnic groups: White and Asian,8,L13: Routine occupations,7
E05014074,Charlton Hornfair,9,Mixed or Multiple ethnic groups: White and Asian,9,L14.1: Never worked,5
E05014074,Charlton Hornfair,9,Mixed or Multiple ethnic groups: White and Asian,10,L14.2: Long-term unemployed,0
E05014074,Charlton Hornfair,9,Mixed or Multiple ethnic groups: White and Asian,11,L15: Full-time students,16
E05014074,Charlton Hornfair,10,Mixed or Multiple ethnic groups: White and Black African,-8,Does not apply,95
E05014074,Charlton Hornfair,10,Mixed or Multiple ethnic groups: White and Black African,1,L1 and L2: Large employers and higher managerial and administrative occupations,0
E05014074,Charlton Hornfair,10,Mixed or Multiple ethnic groups: White and Black African,2,L3: Higher professional occupations,3
E05014074,Charlton Hornfair,10,Mixed or Multiple ethnic groups: White and Black African,3,"L4, L5 and L6: Lower managerial, administrative and professional occupations",9
E05014074,Charlton Hornfair,10,Mixed or Multiple ethnic groups: White and Black African,4,L7: Intermediate occupations,2
E05014074,Charlton Hornfair,10,Mixed or Multiple ethnic groups: White and Black African,5,L8 and L9: Small employers and own account workers,3
E05014074,Charlton Hornfair,10,Mixed or Multiple ethnic groups: White and Black African,6,L10 and L11: Lower supervisory and technical occupations,4
E05014074,Charlton Hornfair,10,Mixed or Multiple ethnic groups: White and Black African,7,L12: Semi-routine occupations,3
E05014074,Charlton Hornfair,10,Mixed or Multiple ethnic groups: White and Black African,8,L13: Routine occupations,4
E05014074,Charlton Hornfair,10,Mixed or Multiple ethnic groups: White and Black African,9,L14.1: Never worked,3
E05014074,Charlton Hornfair,10,Mixed or Multiple ethnic groups: White and Black African,10,L14.2: Long-term unemployed,3
E05014074,Charlton Hornfair,10,Mixed or Multiple ethnic groups: White and Black African,11,L15: Full-time students,11
E05014074,Charlton Hornfair,11,Mixed or Multiple ethnic groups: White and Black Caribbean,-8,Does not apply,74
E05014074,Charlton Hornfair,11,Mixed or Multiple ethnic groups: White and Black Caribbean,1,L1 and L2: Large employers and higher managerial and administrative occupations,1
E05014074,Charlton Hornfair,11,Mixed or Multiple ethnic groups: White and Black Caribbean,2,L3: Higher professional occupations,27
E05014074,Charlton Hornfair,11,Mixed or Multiple ethnic groups: White and Black Caribbean,3,"L4, L5 and L6: Lower managerial, administrative and professional occupations",43
E05014074,Charlton Hornfair,11,Mixed or Multiple ethnic groups: White and Black Caribbean,4,L7: Intermediate occupations,18
E05014074,Charlton Hornfair,11,Mixed or Multiple ethnic groups: White and Black Caribbean,5,L8 and L9: Small employers and own account workers,2
E05014074,Charlton Hornfair,11,Mixed or Multiple ethnic groups: White and Black Caribbean,6,L10 and L11: Lower supervisory and technical occupations,3
E05014074,Charlton Hornfair,11,Mixed or Multiple ethnic groups: White and Black Caribbean,7,L12: Semi-routine occupations,21
E05014074,Charlton Hornfair,11,Mixed or Multiple ethnic groups: White and Black Caribbean,8,L13: Routine occupations,6
E05014074,Charlton Hornfair,11,Mixed or Multiple ethnic groups: White and Black Caribbean,9,L14.1: Never worked,13
E05014074,Charlton Hornfair,11,Mixed or Multiple ethnic groups: White and Black Caribbean,10,L14.2: Long-term unemployed,4
E05014074,Charlton Hornfair,11,Mixed or Multiple ethnic groups: White and Black Caribbean,11,L15: Full-time students,17
E05014074,Charlton Hornfair,12,Mixed or Multiple ethnic groups: Other Mixed or Multiple ethnic groups,-8,Does not apply,61
E05014074,Charlton Hornfair,12,Mixed or Multiple ethnic groups: Other Mixed or Multiple ethnic groups,1,L1 and L2: Large employers and higher managerial and administrative occupations,4
E05014074,Charlton Hornfair,12,Mixed or Multiple ethnic groups: Other Mixed or Multiple ethnic groups,2,L3: Higher professional occupations,15
E05014074,Charlton Hornfair,12,Mixed or Multiple ethnic groups: Other Mixed or Multiple ethnic groups,3,"L4, L5 and L6: Lower managerial, administrative and professional occupations",23
E05014074,Charlton Hornfair,12,Mixed or Multiple ethnic groups: Other Mixed or Multiple ethnic groups,4,L7: Intermediate occupations,17
E05014074,Charlton Hornfair,12,Mixed or Multiple ethnic groups: Other Mixed or Multiple ethnic groups,5,L8 and L9: Small employers and own account workers,10
E05014074,Charlton Hornfair,12,Mixed or Multiple ethnic groups: Other Mixed or Multiple ethnic groups,6,L10 and L11: Lower supervisory and technical occupations,1
E05014074,Charlton Hornfair,12,Mixed or Multiple ethnic groups: Other Mixed or Multiple ethnic groups,7,L12: Semi-routine occupations,7
E05014074,Charlton Hornfair,12,Mixed or Multiple ethnic groups: Other Mixed or Multiple ethnic groups,8,L13: Routine occupations,6
E05014074,Charlton Hornfair,12,Mixed or Multiple ethnic groups: Other Mixed or Multiple ethnic groups,9,L14.1: Never worked,10
E05014074,Charlton Hornfair,12,Mixed or Multiple ethnic groups: Other Mixed or Multiple ethnic groups,10,L14.2: Long-term unemployed,3
E05014074,Charlton Hornfair,12,Mixed or Multiple ethnic groups: Other Mixed or Multiple ethnic groups,11,L15: Full-time students,15
E05014074,Charlton Hornfair,13,"White: English, Welsh, Scottish, Northern Irish or British",-8,Does not apply,1065
E05014074,Charlton Hornfair,13,"White: English, Welsh, Scottish, Northern Irish or British",1,L1 and L2: Large employers and higher managerial and administrative occupations,227
E05014074,Charlton Hornfair,13,"White: English, Welsh, Scottish, Northern Irish or British",2,L3: Higher professional occupations,499
E05014074,Charlton Hornfair,13,"White: English, Welsh, Scottish, Northern Irish or British",3,"L4, L5 and L6: Lower managerial, administrative and professional occupations",996
E05014074,Charlton Hornfair,13,"White: English, Welsh, Scottish, Northern Irish or British",4,L7: Intermediate occupations,542
E05014074,Charlton Hornfair,13,"White: English, Welsh, Scottish, Northern Irish or British",5,L8 and L9: Small employers and own account workers,405
E05014074,Charlton Hornfair,13,"White: English, Welsh, Scottish, Northern Irish or British",6,L10 and L11: Lower supervisory and technical occupations,180
E05014074,Charlton Hornfair,13,"White: English, Welsh, Scottish, Northern Irish or British",7,L12: Semi-routine occupations,390
E05014074,Charlton Hornfair,13,"White: English, Welsh, Scottish, Northern Irish or British",8,L13: Routine occupations,408
E05014074,Charlton Hornfair,13,"White: English, Welsh, Scottish, Northern Irish or British",9,L14.1: Never worked,365
E05014074,Charlton Hornfair,13,"White: English, Welsh, Scottish, Northern Irish or British",10,L14.2: Long-term unemployed,62
E05014074,Charlton Hornfair,13,"White: English, Welsh, Scottish, Northern Irish or British",11,L15: Full-time students,217
E05014074,Charlton Hornfair,14,White: Irish,-8,Does not apply,21
E05014074,Charlton Hornfair,14,White: Irish,1,L1 and L2: Large employers and higher managerial and administrative occupations,15
E05014074,Charlton Hornfair,14,White: Irish,2,L3: Higher professional occupations,23
E05014074,Charlton Hornfair,14,White: Irish,3,"L4, L5 and L6: Lower managerial, administrative and professional occupations",45
E05014074,Charlton Hornfair,14,White: Irish,4,L7: Intermediate occupations,18
E05014074,Charlton Hornfair,14,White: Irish,5,L8 and L9: Small employers and own account workers,27
E05014074,Charlton Hornfair,14,White: Irish,6,L10 and L11: Lower supervisory and technical occupations,13
E05014074,Charlton Hornfair,14,White: Irish,7,L12: Semi-routine occupations,18
E05014074,Charlton Hornfair,14,White: Irish,8,L13: Routine occupations,14
E05014074,Charlton Hornfair,14,White: Irish,9,L14.1: Never worked,9
E05014074,Charlton Hornfair,14,White: Irish,10,L14.2: Long-term unemployed,4
E05014074,Charlton Hornfair,14,White: Irish,11,L15: Full-time students,6
E05014074,Charlton Hornfair,15,White: Gypsy or Irish Traveller,-8,Does not apply,2
E05014074,Charlton Hornfair,15,White: Gypsy or Irish Traveller,1,L1 and L2: Large employers and higher managerial and administrative occupations,0
E05014074,Charlton Hornfair,15,White: Gypsy or Irish Traveller,2,L3: Higher professional occupations,0
E05014074,Charlton Hornfair,15,White: Gypsy or Irish Traveller,3,"L4, L5 and L6: Lower managerial, administrative and professional occupations",0
E05014074,Charlton Hornfair,15,White: Gypsy or Irish Traveller,4,L7: Intermediate occupations,0
E05014074,Charlton Hornfair,15,White: Gypsy or Irish Traveller,5,L8 and L9: Small employers and own account workers,0
E05014074,Charlton Hornfair,15,White: Gypsy or Irish Traveller,6,L10 and L11: Lower supervisory and technical occupations,0
E05014074,Charlton Hornfair,15,White: Gypsy or Irish Traveller,7,L12: Semi-routine occupations,0
E05014074,Charlton Hornfair,15,White: Gypsy or Irish Traveller,8,L13: Routine occupations,0
E05014074,Charlton Hornfair,15,White: Gypsy or Irish Traveller,9,L14.1: Never worked,2
E05014074,Charlton Hornfair,15,White: Gypsy or Irish Traveller,10,L14.2: Long-term unemployed,0
E05014074,Charlton Hornfair,15,White: Gypsy or Irish Traveller,11,L15: Full-time students,0
E05014074,Charlton Hornfair,16,White: Roma,-8,Does not apply,3
E05014074,Charlton Hornfair,16,White: Roma,1,L1 and L2: Large employers and higher managerial and administrative occupations,0
E05014074,Charlton Hornfair,16,White: Roma,2,L3: Higher professional occupations,3
E05014074,Charlton Hornfair,16,White: Roma,3,"L4, L5 and L6: Lower managerial, administrative and professional occupations",3
E05014074,Charlton Hornfair,16,White: Roma,4,L7: Intermediate occupations,0
E05014074,Charlton Hornfair,16,White: Roma,5,L8 and L9: Small employers and own account workers,1
E05014074,Charlton Hornfair,16,White: Roma,6,L10 and L11: Lower supervisory and technical occupations,0
E05014074,Charlton Hornfair,16,White: Roma,7,L12: Semi-routine occupations,0
E05014074,Charlton Hornfair,16,White: Roma,8,L13: Routine occupations,4
E05014074,Charlton Hornfair,16,White: Roma,9,L14.1: Never worked,0
E05014074,Charlton Hornfair,16,White: Roma,10,L14.2: Long-term unemployed,0
E05014074,Charlton Hornfair,16,White: Roma,11,L15: Full-time students,1
E05014074,Charlton Hornfair,17,White: Other White,-8,Does not apply,211
E05014074,Charlton Hornfair,17,White: Other White,1,L1 and L2: Large employers and higher managerial and administrative occupations,63
E05014074,Charlton Hornfair,17,White: Other White,2,L3: Higher professional occupations,174
E05014074,Charlton Hornfair,17,White: Other White,3,"L4, L5 and L6: Lower managerial, administrative and professional occupations",218
E05014074,Charlton Hornfair,17,White: Other White,4,L7: Intermediate occupations,89
E05014074,Charlton Hornfair,17,White: Other White,5,L8 and L9: Small employers and own account workers,245
E05014074,Charlton Hornfair,17,White: Other White,6,L10 and L11: Lower supervisory and technical occupations,51
E05014074,Charlton Hornfair,17,White: Other White,7,L12: Semi-routine occupations,83
E05014074,Charlton Hornfair,17,White: Other White,8,L13: Routine occupations,113
E05014074,Charlton Hornfair,17,White: Other White,9,L14.1: Never worked,34
E05014074,Charlton Hornfair,17,White: Other White,10,L14.2: Long-term unemployed,11
E05014074,Charlton Hornfair,17,White: Other White,11,L15: Full-time students,68
E05014074,Charlton Hornfair,18,Other ethnic group: Arab,-8,Does not apply,5
E05014074,Charlton Hornfair,18,Other ethnic group: Arab,1,L1 and L2: Large employers and higher managerial and administrative occupations,2
E05014074,Charlton Hornfair,18,Other ethnic group: Arab,2,L3: Higher professional occupations,5
E05014074,Charlton Hornfair,18,Other ethnic group: Arab,3,"L4, L5 and L6: Lower managerial, administrative and professional occupations",6
E05014074,Charlton Hornfair,18,Other ethnic group: Arab,4,L7: Intermediate occupations,3
E05014074,Charlton Hornfair,18,Other ethnic group: Arab,5,L8 and L9: Small employers and own account workers,3
E05014074,Charlton Hornfair,18,Other ethnic group: Arab,6,L10 and L11: Lower supervisory and technical occupations,2
E05014074,Charlton Hornfair,18,Other ethnic group: Arab,7,L12: Semi-routine occupations,2
E05014074,Charlton Hornfair,18,Other ethnic group: Arab,8,L13: Routine occupations,1
E05014074,Charlton Hornfair,18,Other ethnic group: Arab,9,L14.1: Never worked,6
E05014074,Charlton Hornfair,18,Other ethnic group: Arab,10,L14.2: Long-term unemployed,1
E05014074,Charlton Hornfair,18,Other ethnic group: Arab,11,L15: Full-time students,3
E05014074,Charlton Hornfair,19,Other ethnic group: Any other ethnic group,-8,Does not apply,119
E05014074,Charlton Hornfair,19,Other ethnic group: Any other ethnic group,1,L1 and L2: Large employers and higher managerial and administrative occupations,11
E05014074,Charlton Hornfair,19,Other ethnic group: Any other ethnic group,2,L3: Higher professional occupations,28
E05014074,Charlton Hornfair,19,Other ethnic group: Any other ethnic group,3,"L4, L5 and L6: Lower managerial, administrative and professional occupations",63
E05014074,Charlton Hornfair,19,Other ethnic group: Any other ethnic group,4,L7: Intermediate occupations,21
E05014074,Charlton Hornfair,19,Other ethnic group: Any other ethnic group,5,L8 and L9: Small employers and own account workers,43
E05014074,Charlton Hornfair,19,Other ethnic group: Any other ethnic group,6,L10 and L11: Lower supervisory and technical occupations,32
E05014074,Charlton Hornfair,19,Other ethnic group: Any other ethnic group,7,L12: Semi-routine occupations,34
E05014074,Charlton Hornfair,19,Other ethnic group: Any other ethnic group,8,L13: Routine occupations,48
E05014074,Charlton Hornfair,19,Other ethnic group: Any other ethnic group,9,L14.1: Never worked,52
E05014074,Charlton Hornfair,19,Other ethnic group: Any other ethnic group,10,L14.2: Long-term unemployed,9
E05014074,Charlton Hornfair,19,Other ethnic group: Any other ethnic group,11,L15: Full-time students,42
E05014075,Charlton Village & Riverside,-8,Does not apply,-8,Does not apply,0
E05014075,Charlton Village & Riverside,-8,Does not apply,1,L1 and L2: Large employers and higher managerial and administrative occupations,0
E05014075,Charlton Village & Riverside,-8,Does not apply,2,L3: Higher professional occupations,0
E05014075,Charlton Village & Riverside,-8,Does not apply,3,"L4, L5 and L6: Lower managerial, administrative and professional occupations",0
E05014075,Charlton Village & Riverside,-8,Does not apply,4,L7: Intermediate occupations,0
E05014075,Charlton Village & Riverside,-8,Does not apply,5,L8 and L9: Small employers and own account workers,0
E05014075,Charlton Village & Riverside,-8,Does not apply,6,L10 and L11: Lower supervisory and technical occupations,0
E05014075,Charlton Village & Riverside,-8,Does not apply,7,L12: Semi-routine occupations,0
E05014075,Charlton Village & Riverside,-8,Does not apply,8,L13: Routine occupations,0
E05014075,Charlton Village & Riverside,-8,Does not apply,9,L14.1: Never worked,0
E05014075,Charlton Village & Riverside,-8,Does not apply,10,L14.2: Long-term unemployed,0
E05014075,Charlton Village & Riverside,-8,Does not apply,11,L15: Full-time students,0
E05014075,Charlton Village & Riverside,1,"Asian, Asian British or Asian Welsh: Bangladeshi",-8,Does not apply,24
E05014075,Charlton Village & Riverside,1,"Asian, Asian British or Asian Welsh: Bangladeshi",1,L1 and L2: Large employers and higher managerial and administrative occupations,1
E05014075,Charlton Village & Riverside,1,"Asian, Asian British or Asian Welsh: Bangladeshi",2,L3: Higher professional occupations,3
E05014075,Charlton Village & Riverside,1,"Asian, Asian British or Asian Welsh: Bangladeshi",3,"L4, L5 and L6: Lower managerial, administrative and professional occupations",10
E05014075,Charlton Village & Riverside,1,"Asian, Asian British or Asian Welsh: Bangladeshi",4,L7: Intermediate occupations,10
E05014075,Charlton Village & Riverside,1,"Asian, Asian British or Asian Welsh: Bangladeshi",5,L8 and L9: Small employers and own account workers,10
E05014075,Charlton Village & Riverside,1,"Asian, Asian British or Asian Welsh: Bangladeshi",6,L10 and L11: Lower supervisory and technical occupations,2
E05014075,Charlton Village & Riverside,1,"Asian, Asian British or Asian Welsh: Bangladeshi",7,L12: Semi-routine occupations,7
E05014075,Charlton Village & Riverside,1,"Asian, Asian British or Asian Welsh: Bangladeshi",8,L13: Routine occupations,6
E05014075,Charlton Village & Riverside,1,"Asian, Asian British or Asian Welsh: Bangladeshi",9,L14.1: Never worked,13
E05014075,Charlton Village & Riverside,1,"Asian, Asian British or Asian Welsh: Bangladeshi",10,L14.2: Long-term unemployed,0
E05014075,Charlton Village & Riverside,1,"Asian, Asian British or Asian Welsh: Bangladeshi",11,L15: Full-time students,8
E05014075,Charlton Village & Riverside,2,"Asian, Asian British or Asian Welsh: Chinese",-8,Does not apply,48
E05014075,Charlton Village & Riverside,2,"Asian, Asian British or Asian Welsh: Chinese",1,L1 and L2: Large employers and higher managerial and administrative occupations,10
E05014075,Charlton Village & Riverside,2,"Asian, Asian British or Asian Welsh: Chinese",2,L3: Higher professional occupations,29
E05014075,Charlton Village & Riverside,2,"Asian, Asian British or Asian Welsh: Chinese",3,"L4, L5 and L6: Lower managerial, administrative and professional occupations",35
E05014075,Charlton Village & Riverside,2,"Asian, Asian British or Asian Welsh: Chinese",4,L7: Intermediate occupations,11
E05014075,Charlton Village & Riverside,2,"Asian, Asian British or Asian Welsh: Chinese",5,L8 and L9: Small employers and own account workers,21
E05014075,Charlton Village & Riverside,2,"Asian, Asian British or Asian Welsh: Chinese",6,L10 and L11: Lower supervisory and technical occupations,14
E05014075,Charlton Village & Riverside,2,"Asian, Asian British or Asian Welsh: Chinese",7,L12: Semi-routine occupations,15
E05014075,Charlton Village & Riverside,2,"Asian, Asian British or Asian Welsh: Chinese",8,L13: Routine occupations,21
E05014075,Charlton Village & Riverside,2,"Asian, Asian British or Asian Welsh: Chinese",9,L14.1: Never worked,28
E05014075,Charlton Village & Riverside,2,"Asian, Asian British or Asian Welsh: Chinese",10,L14.2: Long-term unemployed,6
E05014075,Charlton Village & Riverside,2,"Asian, Asian British or Asian Welsh: Chinese",11,L15: Full-time students,12
E05014075,Charlton Village & Riverside,3,"Asian, Asian British or Asian Welsh: Indian",-8,Does not apply,42
E05014075,Charlton Village & Riverside,3,"Asian, Asian British or Asian Welsh: Indian",1,L1 and L2: Large employers and higher managerial and administrative occupations,15
E05014075,Charlton Village & Riverside,3,"Asian, Asian British or Asian Welsh: Indian",2,L3: Higher professional occupations,42
E05014075,Charlton Village & Riverside,3,"Asian, Asian British or Asian Welsh: Indian",3,"L4, L5 and L6: Lower managerial, administrative and professional occupations",56
E05014075,Charlton Village & Riverside,3,"Asian, Asian British or Asian Welsh: Indian",4,L7: Intermediate occupations,26
E05014075,Charlton Village & Riverside,3,"Asian, Asian British or Asian Welsh: Indian",5,L8 and L9: Small employers and own account workers,26
E05014075,Charlton Village & Riverside,3,"Asian, Asian British or Asian Welsh: Indian",6,L10 and L11: Lower supervisory and technical occupations,9
E05014075,Charlton Village & Riverside,3,"Asian, Asian British or Asian Welsh: Indian",7,L12: Semi-routine occupations,29
E05014075,Charlton Village & Riverside,3,"Asian, Asian British or Asian Welsh: Indian",8,L13: Routine occupations,34
E05014075,Charlton Village & Riverside,3,"Asian, Asian British or Asian Welsh: Indian",9,L14.1: Never worked,26
E05014075,Charlton Village & Riverside,3,"Asian, Asian British or Asian Welsh: Indian",10,L14.2: Long-term unemployed,4
E05014075,Charlton Village & Riverside,3,"Asian, Asian British or Asian Welsh: Indian",11,L15: Full-time students,14
E05014075,Charlton Village & Riverside,4,"Asian, Asian British or Asian Welsh: Pakistani",-8,Does not apply,21
E05014075,Charlton Village & Riverside,4,"Asian, Asian British or Asian Welsh: Pakistani",1,L1 and L2: Large employers and higher managerial and administrative occupations,4
E05014075,Charlton Village & Riverside,4,"Asian, Asian British or Asian Welsh: Pakistani",2,L3: Higher professional occupations,7
E05014075,Charlton Village & Riverside,4,"Asian, Asian British or Asian Welsh: Pakistani",3,"L4, L5 and L6: Lower managerial, administrative and professional occupations",10
E05014075,Charlton Village & Riverside,4,"Asian, Asian British or Asian Welsh: Pakistani",4,L7: Intermediate occupations,12
E05014075,Charlton Village & Riverside,4,"Asian, Asian British or Asian Welsh: Pakistani",5,L8 and L9: Small employers and own account workers,11
E05014075,Charlton Village & Riverside,4,"Asian, Asian British or Asian Welsh: Pakistani",6,L10 and L11: Lower supervisory and technical occupations,4
E05014075,Charlton Village & Riverside,4,"Asian, Asian British or Asian Welsh: Pakistani",7,L12: Semi-routine occupations,10
E05014075,Charlton Village & Riverside,4,"Asian, Asian British or Asian Welsh: Pakistani",8,L13: Routine occupations,9
E05014075,Charlton Village & Riverside,4,"Asian, Asian British or Asian Welsh: Pakistani",9,L14.1: Never worked,18
E05014075,Charlton Village & Riverside,4,"Asian, Asian British or Asian Welsh: Pakistani",10,L14.2: Long-term unemployed,6
E05014075,Charlton Village & Riverside,4,"Asian, Asian British or Asian Welsh: Pakistani",11,L15: Full-time students,8
E05014075,Charlton Village & Riverside,5,"Asian, Asian British or Asian Welsh: Other Asian",-8,Does not apply,90
E05014075,Charlton Village & Riverside,5,"Asian, Asian British or Asian Welsh: Other Asian",1,L1 and L2: Large employers and higher managerial and administrative occupations,14
E05014075,Charlton Village & Riverside,5,"Asian, Asian British or Asian Welsh: Other Asian",2,L3: Higher professional occupations,22
E05014075,Charlton Village & Riverside,5,"Asian, Asian British or Asian Welsh: Other Asian",3,"L4, L5 and L6: Lower managerial, administrative and professional occupations",69
E05014075,Charlton Village & Riverside,5,"Asian, Asian British or Asian Welsh: Other Asian",4,L7: Intermediate occupations,29
E05014075,Charlton Village & Riverside,5,"Asian, Asian British or Asian Welsh: Other Asian",5,L8 and L9: Small employers and own account workers,24
E05014075,Charlton Village & Riverside,5,"Asian, Asian British or Asian Welsh: Other Asian",6,L10 and L11: Lower supervisory and technical occupations,22
E05014075,Charlton Village & Riverside,5,"Asian, Asian British or Asian Welsh: Other Asian",7,L12: Semi-routine occupations,51
E05014075,Charlton Village & Riverside,5,"Asian, Asian British or Asian Welsh: Other Asian",8,L13: Routine occupations,48
E05014075,Charlton Village & Riverside,5,"Asian, Asian British or Asian Welsh: Other Asian",9,L14.1: Never worked,50
E05014075,Charlton Village & Riverside,5,"Asian, Asian British or Asian Welsh: Other Asian",10,L14.2: Long-term unemployed,15
E05014075,Charlton Village & Riverside,5,"Asian, Asian British or Asian Welsh: Other Asian",11,L15: Full-time students,61
E05014075,Charlton Village & Riverside,6,"Black, Black British, Black Welsh, Caribbean or African: African",-8,Does not apply,435
E05014075,Charlton Village & Riverside,6,"Black, Black British, Black Welsh, Caribbean or African: African",1,L1 and L2: Large employers and higher managerial and administrative occupations,18
E05014075,Charlton Village & Riverside,6,"Black, Black British, Black Welsh, Caribbean or African: African",2,L3: Higher professional occupations,50
E05014075,Charlton Village & Riverside,6,"Black, Black British, Black Welsh, Caribbean or African: African",3,"L4, L5 and L6: Lower managerial, administrative and professional occupations",182
E05014075,Charlton Village & Riverside,6,"Black, Black British, Black Welsh, Caribbean or African: African",4,L7: Intermediate occupations,101
E05014075,Charlton Village & Riverside,6,"Black, Black British, Black Welsh, Caribbean or African: African",5,L8 and L9: Small employers and own account workers,81
E05014075,Charlton Village & Riverside,6,"Black, Black British, Black Welsh, Caribbean or African: African",6,L10 and L11: Lower supervisory and technical occupations,36
E05014075,Charlton Village & Riverside,6,"Black, Black British, Black Welsh, Caribbean or African: African",7,L12: Semi-routine occupations,190
E05014075,Charlton Village & Riverside,6,"Black, Black British, Black Welsh, Caribbean or African: African",8,L13: Routine occupations,85
E05014075,Charlton Village & Riverside,6,"Black, Black British, Black Welsh, Caribbean or African: African",9,L14.1: Never worked,138
E05014075,Charlton Village & Riverside,6,"Black, Black British, Black Welsh, Caribbean or African: African",10,L14.2: Long-term unemployed,30
E05014075,Charlton Village & Riverside,6,"Black, Black British, Black Welsh, Caribbean or African: African",11,L15: Full-time students,212
E05014075,Charlton Village & Riverside,7,"Black, Black British, Black Welsh, Caribbean or African: Caribbean",-8,Does not apply,74
E05014075,Charlton Village & Riverside,7,"Black, Black British, Black Welsh, Caribbean or African: Caribbean",1,L1 and L2: Large employers and higher managerial and administrative occupations,12
E05014075,Charlton Village & Riverside,7,"Black, Black British, Black Welsh, Caribbean or African: Caribbean",2,L3: Higher professional occupations,15
E05014075,Charlton Village & Riverside,7,"Black, Black British, Black Welsh, Caribbean or African: Caribbean",3,"L4, L5 and L6: Lower managerial, administrative and professional occupations",56
E05014075,Charlton Village & Riverside,7,"Black, Black British, Black Welsh, Caribbean or African: Caribbean",4,L7: Intermediate occupations,37
E05014075,Charlton Village & Riverside,7,"Black, Black British, Black Welsh, Caribbean or African: Caribbean",5,L8 and L9: Small employers and own account workers,40
E05014075,Charlton Village & Riverside,7,"Black, Black British, Black Welsh, Caribbean or African: Caribbean",6,L10 and L11: Lower supervisory and technical occupations,21
E05014075,Charlton Village & Riverside,7,"Black, Black British, Black Welsh, Caribbean or African: Caribbean",7,L12: Semi-routine occupations,42
E05014075,Charlton Village & Riverside,7,"Black, Black British, Black Welsh, Caribbean or African: Caribbean",8,L13: Routine occupations,35
E05014075,Charlton Village & Riverside,7,"Black, Black British, Black Welsh, Caribbean or African: Caribbean",9,L14.1: Never worked,26
E05014075,Charlton Village & Riverside,7,"Black, Black British, Black Welsh, Caribbean or African: Caribbean",10,L14.2: Long-term unemployed,6
E05014075,Charlton Village & Riverside,7,"Black, Black British, Black Welsh, Caribbean or African: Caribbean",11,L15: Full-time students,26
E05014075,Charlton Village & Riverside,8,"Black, Black British, Black Welsh, Caribbean or African: Other Black",-8,Does not apply,99
E05014075,Charlton Village & Riverside,8,"Black, Black British, Black Welsh, Caribbean or African: Other Black",1,L1 and L2: Large employers and higher managerial and administrative occupations,4
E05014075,Charlton Village & Riverside,8,"Black, Black British, Black Welsh, Caribbean or African: Other Black",2,L3: Higher professional occupations,10
E05014075,Charlton Village & Riverside,8,"Black, Black British, Black Welsh, Caribbean or African: Other Black",3,"L4, L5 and L6: Lower managerial, administrative and professional occupations",26
E05014075,Charlton Village & Riverside,8,"Black, Black British, Black Welsh, Caribbean or African: Other Black",4,L7: Intermediate occupations,19
E05014075,Charlton Village & Riverside,8,"Black, Black British, Black Welsh, Caribbean or African: Other Black",5,L8 and L9: Small employers and own account workers,7
E05014075,Charlton Village & Riverside,8,"Black, Black British, Black Welsh, Caribbean or African: Other Black",6,L10 and L11: Lower supervisory and technical occupations,3
E05014075,Charlton Village & Riverside,8,"Black, Black British, Black Welsh, Caribbean or African: Other Black",7,L12: Semi-routine occupations,11
E05014075,Charlton Village & Riverside,8,"Black, Black British, Black Welsh, Caribbean or African: Other Black",8,L13: Routine occupations,43
E05014075,Charlton Village & Riverside,8,"Black, Black British, Black Welsh, Caribbean or African: Other Black",9,L14.1: Never worked,12
E05014075,Charlton Village & Riverside,8,"Black, Black British, Black Welsh, Caribbean or African: Other Black",10,L14.2: Long-term unemployed,6
E05014075,Charlton Village & Riverside,8,"Black, Black British, Black Welsh, Caribbean or African: Other Black",11,L15: Full-time students,52
E05014075,Charlton Village & Riverside,9,Mixed or Multiple ethnic groups: White and Asian,-8,Does not apply,45
E05014075,Charlton Village & Riverside,9,Mixed or Multiple ethnic groups: White and Asian,1,L1 and L2: Large employers and higher managerial and administrative occupations,8
E05014075,Charlton Village & Riverside,9,Mixed or Multiple ethnic groups: White and Asian,2,L3: Higher professional occupations,12
E05014075,Charlton Village & Riverside,9,Mixed or Multiple ethnic groups: White and Asian,3,"L4, L5 and L6: Lower managerial, administrative and professional occupations",10
E05014075,Charlton Village & Riverside,9,Mixed or Multiple ethnic groups: White and Asian,4,L7: Intermediate occupations,5
E05014075,Charlton Village & Riverside,9,Mixed or Multiple ethnic groups: White and Asian,5,L8 and L9: Small employers and own account workers,1
E05014075,Charlton Village & Riverside,9,Mixed or Multiple ethnic groups: White and Asian,6,L10 and L11: Lower supervisory and technical occupations,0
E05014075,Charlton Village & Riverside,9,Mixed or Multiple ethnic groups: White and Asian,7,L12: Semi-routine occupations,4
E05014075,Charlton Village & Riverside,9,Mixed or Multiple ethnic groups: White and Asian,8,L13: Routine occupations,2
E05014075,Charlton Village & Riverside,9,Mixed or Multiple ethnic groups: White and Asian,9,L14.1: Never worked,0
E05014075,Charlton Village & Riverside,9,Mixed or Multiple ethnic groups: White and Asian,10,L14.2: Long-term unemployed,0
E05014075,Charlton Village & Riverside,9,Mixed or Multiple ethnic groups: White and Asian,11,L15: Full-time students,7
E05014075,Charlton Village & Riverside,10,Mixed or Multiple ethnic groups: White and Black African,-8,Does not apply,64
E05014075,Charlton Village & Riverside,10,Mixed or Multiple ethnic groups: White and Black African,1,L1 and L2: Large employers and higher managerial and administrative occupations,1
E05014075,Charlton Village & Riverside,10,Mixed or Multiple ethnic groups: White and Black African,2,L3: Higher professional occupations,1
E05014075,Charlton Village & Riverside,10,Mixed or Multiple ethnic groups: White and Black African,3,"L4, L5 and L6: Lower managerial, administrative and professional occupations",7
E05014075,Charlton Village & Riverside,10,Mixed or Multiple ethnic groups: White and Black African,4,L7: Intermediate occupations,1
E05014075,Charlton Village & Riverside,10,Mixed or Multiple ethnic groups: White and Black African,5,L8 and L9: Small employers and own account workers,3
E05014075,Charlton Village & Riverside,10,Mixed or Multiple ethnic groups: White and Black African,6,L10 and L11: Lower supervisory and technical occupations,2
E05014075,Charlton Village & Riverside,10,Mixed or Multiple ethnic groups: White and Black African,7,L12: Semi-routine occupations,8
E05014075,Charlton Village & Riverside,10,Mixed or Multiple ethnic groups: White and Black African,8,L13: Routine occupations,9
E05014075,Charlton Village & Riverside,10,Mixed or Multiple ethnic groups: White and Black African,9,L14.1: Never worked,5
E05014075,Charlton Village & Riverside,10,Mixed or Multiple ethnic groups: White and Black African,10,L14.2: Long-term unemployed,2
E05014075,Charlton Village & Riverside,10,Mixed or Multiple ethnic groups: White and Black African,11,L15: Full-time students,8
E05014075,Charlton Village & Riverside,11,Mixed or Multiple ethnic groups: White and Black Caribbean,-8,Does not apply,91
E05014075,Charlton Village & Riverside,11,Mixed or Multiple ethnic groups: White and Black Caribbean,1,L1 and L2: Large employers and higher managerial and administrative occupations,5
E05014075,Charlton Village & Riverside,11,Mixed or Multiple ethnic groups: White and Black Caribbean,2,L3: Higher professional occupations,8
E05014075,Charlton Village & Riverside,11,Mixed or Multiple ethnic groups: White and Black Caribbean,3,"L4, L5 and L6: Lower managerial, administrative and professional occupations",31
E05014075,Charlton Village & Riverside,11,Mixed or Multiple ethnic groups: White and Black Caribbean,4,L7: Intermediate occupations,30
E05014075,Charlton Village & Riverside,11,Mixed or Multiple ethnic groups: White and Black Caribbean,5,L8 and L9: Small employers and own account workers,12
E05014075,Charlton Village & Riverside,11,Mixed or Multiple ethnic groups: White and Black Caribbean,6,L10 and L11: Lower supervisory and technical occupations,26
E05014075,Charlton Village & Riverside,11,Mixed or Multiple ethnic groups: White and Black Caribbean,7,L12: Semi-routine occupations,14
E05014075,Charlton Village & Riverside,11,Mixed or Multiple ethnic groups: White and Black Caribbean,8,L13: Routine occupations,18
E05014075,Charlton Village & Riverside,11,Mixed or Multiple ethnic groups: White and Black Caribbean,9,L14.1: Never worked,44
E05014075,Charlton Village & Riverside,11,Mixed or Multiple ethnic groups: White and Black Caribbean,10,L14.2: Long-term unemployed,13
E05014075,Charlton Village & Riverside,11,Mixed or Multiple ethnic groups: White and Black Caribbean,11,L15: Full-time students,12
E05014075,Charlton Village & Riverside,12,Mixed or Multiple ethnic groups: Other Mixed or Multiple ethnic groups,-8,Does not apply,135
E05014075,Charlton Village & Riverside,12,Mixed or Multiple ethnic groups: Other Mixed or Multiple ethnic groups,1,L1 and L2: Large employers and higher managerial and administrative occupations,4
E05014075,Charlton Village & Riverside,12,Mixed or Multiple ethnic groups: Other Mixed or Multiple ethnic groups,2,L3: Higher professional occupations,11
E05014075,Charlton Village & Riverside,12,Mixed or Multiple ethnic groups: Other Mixed or Multiple ethnic groups,3,"L4, L5 and L6: Lower managerial, administrative and professional occupations",34
E05014075,Charlton Village & Riverside,12,Mixed or Multiple ethnic groups: Other Mixed or Multiple ethnic groups,4,L7: Intermediate occupations,7
E05014075,Charlton Village & Riverside,12,Mixed or Multiple ethnic groups: Other Mixed or Multiple ethnic groups,5,L8 and L9: Small employers and own account workers,10
E05014075,Charlton Village & Riverside,12,Mixed or Multiple ethnic groups: Other Mixed or Multiple ethnic groups,6,L10 and L11: Lower supervisory and technical occupations,2
E05014075,Charlton Village & Riverside,12,Mixed or Multiple ethnic groups: Other Mixed or Multiple ethnic groups,7,L12: Semi-routine occupations,13
E05014075,Charlton Village & Riverside,12,Mixed or Multiple ethnic groups: Other Mixed or Multiple ethnic groups,8,L13: Routine occupations,5
E05014075,Charlton Village & Riverside,12,Mixed or Multiple ethnic groups: Other Mixed or Multiple ethnic groups,9,L14.1: Never worked,9
E05014075,Charlton Village & Riverside,12,Mixed or Multiple ethnic groups: Other Mixed or Multiple ethnic groups,10,L14.2: Long-term unemployed,0
E05014075,Charlton Village & Riverside,12,Mixed or Multiple ethnic groups: Other Mixed or Multiple ethnic groups,11,L15: Full-time students,14
E05014075,Charlton Village & Riverside,13,"White: English, Welsh, Scottish, Northern Irish or British",-8,Does not apply,715
E05014075,Charlton Village & Riverside,13,"White: English, Welsh, Scottish, Northern Irish or British",1,L1 and L2: Large employers and higher managerial and administrative occupations,162
E05014075,Charlton Village & Riverside,13,"White: English, Welsh, Scottish, Northern Irish or British",2,L3: Higher professional occupations,379
E05014075,Charlton Village & Riverside,13,"White: English, Welsh, Scottish, Northern Irish or British",3,"L4, L5 and L6: Lower managerial, administrative and professional occupations",769
E05014075,Charlton Village & Riverside,13,"White: English, Welsh, Scottish, Northern Irish or British",4,L7: Intermediate occupations,346
E05014075,Charlton Village & Riverside,13,"White: English, Welsh, Scottish, Northern Irish or British",5,L8 and L9: Small employers and own account workers,340
E05014075,Charlton Village & Riverside,13,"White: English, Welsh, Scottish, Northern Irish or British",6,L10 and L11: Lower supervisory and technical occupations,169
E05014075,Charlton Village & Riverside,13,"White: English, Welsh, Scottish, Northern Irish or British",7,L12: Semi-routine occupations,371
E05014075,Charlton Village & Riverside,13,"White: English, Welsh, Scottish, Northern Irish or British",8,L13: Routine occupations,428
E05014075,Charlton Village & Riverside,13,"White: English, Welsh, Scottish, Northern Irish or British",9,L14.1: Never worked,376
E05014075,Charlton Village & Riverside,13,"White: English, Welsh, Scottish, Northern Irish or British",10,L14.2: Long-term unemployed,61
E05014075,Charlton Village & Riverside,13,"White: English, Welsh, Scottish, Northern Irish or British",11,L15: Full-time students,165
E05014075,Charlton Village & Riverside,14,White: Irish,-8,Does not apply,0
E05014075,Charlton Village & Riverside,14,White: Irish,1,L1 and L2: Large employers and higher managerial and administrative occupations,10
E05014075,Charlton Village & Riverside,14,White: Irish,2,L3: Higher professional occupations,22
E05014075,Charlton Village & Riverside,14,White: Irish,3,"L4, L5 and L6: Lower managerial, administrative and professional occupations",43
E05014075,Charlton Village & Riverside,14,White: Irish,4,L7: Intermediate occupations,11
E05014075,Charlton Village & Riverside,14,White: Irish,5,L8 and L9: Small employers and own account workers,21
E05014075,Charlton Village & Riverside,14,White: Irish,6,L10 and L11: Lower supervisory and technical occupations,8
E05014075,Charlton Village & Riverside,14,White: Irish,7,L12: Semi-routine occupations,11
E05014075,Charlton Village & Riverside,14,White: Irish,8,L13: Routine occupations,15
E05014075,Charlton Village & Riverside,14,White: Irish,9,L14.1: Never worked,18
E05014075,Charlton Village & Riverside,14,White: Irish,10,L14.2: Long-term unemployed,3
E05014075,Charlton Village & Riverside,14,White: Irish,11,L15: Full-time students,9
E05014075,Charlton Village & Riverside,15,White: Gypsy or Irish Traveller,-8,Does not apply,1
E05014075,Charlton Village & Riverside,15,White: Gypsy or Irish Traveller,1,L1 and L2: Large employers and higher managerial and administrative occupations,0
E05014075,Charlton Village & Riverside,15,White: Gypsy or Irish Traveller,2,L3: Higher professional occupations,0
E05014075,Charlton Village & Riverside,15,White: Gypsy or Irish Traveller,3,"L4, L5 and L6: Lower managerial, administrative and professional occupations",0
E05014075,Charlton Village & Riverside,15,White: Gypsy or Irish Traveller,4,L7: Intermediate occupations,0
E05014075,Charlton Village & Riverside,15,White: Gypsy or Irish Traveller,5,L8 and L9: Small employers and own account workers,0
E05014075,Charlton Village & Riverside,15,White: Gypsy or Irish Traveller,6,L10 and L11: Lower supervisory and technical occupations,0
E05014075,Charlton Village & Riverside,15,White: Gypsy or Irish Traveller,7,L12: Semi-routine occupations,0
E05014075,Charlton Village & Riverside,15,White: Gypsy or Irish Traveller,8,L13: Routine occupations,0
E05014075,Charlton Village & Riverside,15,White: Gypsy or Irish Traveller,9,L14.1: Never worked,3
E05014075,Charlton Village & Riverside,15,White: Gypsy or Irish Traveller,10,L14.2: Long-term unemployed,0
E05014075,Charlton Village & Riverside,15,White: Gypsy or Irish Traveller,11,L15: Full-time students,1
E05014075,Charlton Village & Riverside,16,White: Roma,-8,Does not apply,1
E05014075,Charlton Village & Riverside,16,White: Roma,1,L1 and L2: Large employers and higher managerial and administrative occupations,1
E05014075,Charlton Village & Riverside,16,White: Roma,2,L3: Higher professional occupations,3
E05014075,Charlton Village & Riverside,16,White: Roma,3,"L4, L5 and L6: Lower managerial, administrative and professional occupations",4
E05014075,Charlton Village & Riverside,16,White: Roma,4,L7: Intermediate occupations,4
E05014075,Charlton Village & Riverside,16,White: Roma,5,L8 and L9: Small employers and own account workers,0
E05014075,Charlton Village & Riverside,16,White: Roma,6,L10 and L11: Lower supervisory and technical occupations,5
E05014075,Charlton Village & Riverside,16,White: Roma,7,L12: Semi-routine occupations,0
E05014075,Charlton Village & Riverside,16,White: Roma,8,L13: Routine occupations,5
E05014075,Charlton Village & Riverside,16,White: Roma,9,L14.1: Never worked,2
E05014075,Charlton Village & Riverside,16,White: Roma,10,L14.2: Long-term unemployed,0
E05014075,Charlton Village & Riverside,16,White: Roma,11,L15: Full-time students,1
E05014075,Charlton Village & Riverside,17,White: Other White,-8,Does not apply,167
E05014075,Charlton Village & Riverside,17,White: Other White,1,L1 and L2: Large employers and higher managerial and administrative occupations,47
E05014075,Charlton Village & Riverside,17,White: Other White,2,L3: Higher professional occupations,149
E05014075,Charlton Village & Riverside,17,White: Other White,3,"L4, L5 and L6: Lower managerial, administrative and professional occupations",240
E05014075,Charlton Village & Riverside,17,White: Other White,4,L7: Intermediate occupations,74
E05014075,Charlton Village & Riverside,17,White: Other White,5,L8 and L9: Small employers and own account workers,244
E05014075,Charlton Village & Riverside,17,White: Other White,6,L10 and L11: Lower supervisory and technical occupations,56
E05014075,Charlton Village & Riverside,17,White: Other White,7,L12: Semi-routine occupations,84
E05014075,Charlton Village & Riverside,17,White: Other White,8,L13: Routine occupations,132
E05014075,Charlton Village & Riverside,17,White: Other White,9,L14.1: Never worked,39
E05014075,Charlton Village & Riverside,17,White: Other White,10,L14.2: Long-term unemployed,18
E05014075,Charlton Village & Riverside,17,White: Other White,11,L15: Full-time students,101
E05014075,Charlton Village & Riverside,18,Other ethnic group: Arab,-8,Does not apply,25
E05014075,Charlton Village & Riverside,18,Other ethnic group: Arab,1,L1 and L2: Large employers and higher managerial and administrative occupations,2
E05014075,Charlton Village & Riverside,18,Other ethnic group: Arab,2,L3: Higher professional occupations,7
E05014075,Charlton Village & Riverside,18,Other ethnic group: Arab,3,"L4, L5 and L6: Lower managerial, administrative and professional occupations",9
E05014075,Charlton Village & Riverside,18,Other ethnic group: Arab,4,L7: Intermediate occupations,2
E05014075,Charlton Village & Riverside,18,Other ethnic group: Arab,5,L8 and L9: Small employers and own account workers,6
E05014075,Charlton Village & Riverside,18,Other ethnic group: Arab,6,L10 and L11: Lower supervisory and technical occupations,0
E05014075,Charlton Village & Riverside,18,Other ethnic group: Arab,7,L12: Semi-routine occupations,0
E05014075,Charlton Village & Riverside,18,Other ethnic group: Arab,8,L13: Routine occupations,3
E05014075,Charlton Village & Riverside,18,Other ethnic group: Arab,9,L14.1: Never worked,12
E05014075,Charlton Village & Riverside,18,Other ethnic group: Arab,10,L14.2: Long-term unemployed,0
E05014075,Charlton Village & Riverside,18,Other ethnic group: Arab,11,L15: Full-time students,5
E05014075,Charlton Village & Riverside,19,Other ethnic group: Any other ethnic group,-8,Does not apply,66
E05014075,Charlton Village & Riverside,19,Other ethnic group: Any other ethnic group,1,L1 and L2: Large employers and higher managerial and administrative occupations,1
E05014075,Charlton Village & Riverside,19,Other ethnic group: Any other ethnic group,2,L3: Higher professional occupations,15
E05014075,Charlton Village & Riverside,19,Other ethnic group: Any other ethnic group,3,"L4, L5 and L6: Lower managerial, administrative and professional occupations",49
E05014075,Charlton Village & Riverside,19,Other ethnic group: Any other ethnic group,4,L7: Intermediate occupations,21
E05014075,Charlton Village & Riverside,19,Other ethnic group: Any other ethnic group,5,L8 and L9: Small employers and own account workers,22
E05014075,Charlton Village & Riverside,19,Other ethnic group: Any other ethnic group,6,L10 and L11: Lower supervisory and technical occupations,17
E05014075,Charlton Village & Riverside,19,Other ethnic group: Any other ethnic group,7,L12: Semi-routine occupations,35
E05014075,Charlton Village & Riverside,19,Other ethnic group: Any other ethnic group,8,L13: Routine occupations,31
E05014075,Charlton Village & Riverside,19,Other ethnic group: Any other ethnic group,9,L14.1: Never worked,37
E05014075,Charlton Village & Riverside,19,Other ethnic group: Any other ethnic group,10,L14.2: Long-term unemployed,3
E05014075,Charlton Village & Riverside,19,Other ethnic group: Any other ethnic group,11,L15: Full-time students,41
E05014076,East Greenwich,-8,Does not apply,-8,Does not apply,0
E05014076,East Greenwich,-8,Does not apply,1,L1 and L2: Large employers and higher managerial and administrative occupations,0
E05014076,East Greenwich,-8,Does not apply,2,L3: Higher professional occupations,0
E05014076,East Greenwich,-8,Does not apply,3,"L4, L5 and L6: Lower managerial, administrative and professional occupations",0
E05014076,East Greenwich,-8,Does not apply,4,L7: Intermediate occupations,0
E05014076,East Greenwich,-8,Does not apply,5,L8 and L9: Small employers and own account workers,0
E05014076,East Greenwich,-8,Does not apply,6,L10 and L11: Lower supervisory and technical occupations,0
E05014076,East Greenwich,-8,Does not apply,7,L12: Semi-routine occupations,0
E05014076,East Greenwich,-8,Does not apply,8,L13: Routine occupations,0
E05014076,East Greenwich,-8,Does not apply,9,L14.1: Never worked,0
E05014076,East Greenwich,-8,Does not apply,10,L14.2: Long-term unemployed,0
E05014076,East Greenwich,-8,Does not apply,11,L15: Full-time students,0
E05014076,East Greenwich,1,"Asian, Asian British or Asian Welsh: Bangladeshi",-8,Does not apply,19
E05014076,East Greenwich,1,"Asian, Asian British or Asian Welsh: Bangladeshi",1,L1 and L2: Large employers and higher managerial and administrative occupations,6
E05014076,East Greenwich,1,"Asian, Asian British or Asian Welsh: Bangladeshi",2,L3: Higher professional occupations,6
E05014076,East Greenwich,1,"Asian, Asian British or Asian Welsh: Bangladeshi",3,"L4, L5 and L6: Lower managerial, administrative and professional occupations",16
E05014076,East Greenwich,1,"Asian, Asian British or Asian Welsh: Bangladeshi",4,L7: Intermediate occupations,7
E05014076,East Greenwich,1,"Asian, Asian British or Asian Welsh: Bangladeshi",5,L8 and L9: Small employers and own account workers,5
E05014076,East Greenwich,1,"Asian, Asian British or Asian Welsh: Bangladeshi",6,L10 and L11: Lower supervisory and technical occupations,0
E05014076,East Greenwich,1,"Asian, Asian British or Asian Welsh: Bangladeshi",7,L12: Semi-routine occupations,10
E05014076,East Greenwich,1,"Asian, Asian British or Asian Welsh: Bangladeshi",8,L13: Routine occupations,6
E05014076,East Greenwich,1,"Asian, Asian British or Asian Welsh: Bangladeshi",9,L14.1: Never worked,16
E05014076,East Greenwich,1,"Asian, Asian British or Asian Welsh: Bangladeshi",10,L14.2: Long-term unemployed,0
E05014076,East Greenwich,1,"Asian, Asian British or Asian Welsh: Bangladeshi",11,L15: Full-time students,15
E05014076,East Greenwich,2,"Asian, Asian British or Asian Welsh: Chinese",-8,Does not apply,64
E05014076,East Greenwich,2,"Asian, Asian British or Asian Welsh: Chinese",1,L1 and L2: Large employers and higher managerial and administrative occupations,36
E05014076,East Greenwich,2,"Asian, Asian British or Asian Welsh: Chinese",2,L3: Higher professional occupations,124
E05014076,East Greenwich,2,"Asian, Asian British or Asian Welsh: Chinese",3,"L4, L5 and L6: Lower managerial, administrative and professional occupations",75
E05014076,East Greenwich,2,"Asian, Asian British or Asian Welsh: Chinese",4,L7: Intermediate occupations,32
E05014076,East Greenwich,2,"Asian, Asian British or Asian Welsh: Chinese",5,L8 and L9: Small employers and own account workers,28
E05014076,East Greenwich,2,"Asian, Asian British or Asian Welsh: Chinese",6,L10 and L11: Lower supervisory and technical occupations,10
E05014076,East Greenwich,2,"Asian, Asian British or Asian Welsh: Chinese",7,L12: Semi-routine occupations,15
E05014076,East Greenwich,2,"Asian, Asian British or Asian Welsh: Chinese",8,L13: Routine occupations,10
E05014076,East Greenwich,2,"Asian, Asian British or Asian Welsh: Chinese",9,L14.1: Never worked,32
E05014076,East Greenwich,2,"Asian, Asian British or Asian Welsh: Chinese",10,L14.2: Long-term unemployed,4
E05014076,East Greenwich,2,"Asian, Asian British or Asian Welsh: Chinese",11,L15: Full-time students,23
E05014076,East Greenwich,3,"Asian, Asian British or Asian Welsh: Indian",-8,Does not apply,62
E05014076,East Greenwich,3,"Asian, Asian British or Asian Welsh: Indian",1,L1 and L2: Large employers and higher managerial and administrative occupations,58
E05014076,East Greenwich,3,"Asian, Asian British or Asian Welsh: Indian",2,L3: Higher professional occupations,148
E05014076,East Greenwich,3,"Asian, Asian British or Asian Welsh: Indian",3,"L4, L5 and L6: Lower managerial, administrative and professional occupations",76
E05014076,East Greenwich,3,"Asian, Asian British or Asian Welsh: Indian",4,L7: Intermediate occupations,24
E05014076,East Greenwich,3,"Asian, Asian British or Asian Welsh: Indian",5,L8 and L9: Small employers and own account workers,13
E05014076,East Greenwich,3,"Asian, Asian British or Asian Welsh: Indian",6,L10 and L11: Lower supervisory and technical occupations,7
E05014076,East Greenwich,3,"Asian, Asian British or Asian Welsh: Indian",7,L12: Semi-routine occupations,11
E05014076,East Greenwich,3,"Asian, Asian British or Asian Welsh: Indian",8,L13: Routine occupations,8
E05014076,East Greenwich,3,"Asian, Asian British or Asian Welsh: Indian",9,L14.1: Never worked,24
E05014076,East Greenwich,3,"Asian, Asian British or Asian Welsh: Indian",10,L14.2: Long-term unemployed,8
E05014076,East Greenwich,3,"Asian, Asian British or Asian Welsh: Indian",11,L15: Full-time students,29
E05014076,East Greenwich,4,"Asian, Asian British or Asian Welsh: Pakistani",-8,Does not apply,12
E05014076,East Greenwich,4,"Asian, Asian British or Asian Welsh: Pakistani",1,L1 and L2: Large employers and higher managerial and administrative occupations,5
E05014076,East Greenwich,4,"Asian, Asian British or Asian Welsh: Pakistani",2,L3: Higher professional occupations,25
E05014076,East Greenwich,4,"Asian, Asian British or Asian Welsh: Pakistani",3,"L4, L5 and L6: Lower managerial, administrative and professional occupations",16
E05014076,East Greenwich,4,"Asian, Asian British or Asian Welsh: Pakistani",4,L7: Intermediate occupations,4
E05014076,East Greenwich,4,"Asian, Asian British or Asian Welsh: Pakistani",5,L8 and L9: Small employers and own account workers,3
E05014076,East Greenwich,4,"Asian, Asian British or Asian Welsh: Pakistani",6,L10 and L11: Lower supervisory and technical occupations,1
E05014076,East Greenwich,4,"Asian, Asian British or Asian Welsh: Pakistani",7,L12: Semi-routine occupations,2
E05014076,East Greenwich,4,"Asian, Asian British or Asian Welsh: Pakistani",8,L13: Routine occupations,2
E05014076,East Greenwich,4,"Asian, Asian British or Asian Welsh: Pakistani",9,L14.1: Never worked,4
E05014076,East Greenwich,4,"Asian, Asian British or Asian Welsh: Pakistani",10,L14.2: Long-term unemployed,3
E05014076,East Greenwich,4,"Asian, Asian British or Asian Welsh: Pakistani",11,L15: Full-time students,5
E05014076,East Greenwich,5,"Asian, Asian British or Asian Welsh: Other Asian",-8,Does not apply,62
E05014076,East Greenwich,5,"Asian, Asian British or Asian Welsh: Other Asian",1,L1 and L2: Large employers and higher managerial and administrative occupations,33
E05014076,East Greenwich,5,"Asian, Asian British or Asian Welsh: Other Asian",2,L3: Higher professional occupations,59
E05014076,East Greenwich,5,"Asian, Asian British or Asian Welsh: Other Asian",3,"L4, L5 and L6: Lower managerial, administrative and professional occupations",53
E05014076,East Greenwich,5,"Asian, Asian British or Asian Welsh: Other Asian",4,L7: Intermediate occupations,27
E05014076,East Greenwich,5,"Asian, Asian British or Asian Welsh: Other Asian",5,L8 and L9: Small employers and own account workers,24
E05014076,East Greenwich,5,"Asian, Asian British or Asian Welsh: Other Asian",6,L10 and L11: Lower supervisory and technical occupations,17
E05014076,East Greenwich,5,"Asian, Asian British or Asian Welsh: Other Asian",7,L12: Semi-routine occupations,55
E05014076,East Greenwich,5,"Asian, Asian British or Asian Welsh: Other Asian",8,L13: Routine occupations,36
E05014076,East Greenwich,5,"Asian, Asian British or Asian Welsh: Other Asian",9,L14.1: Never worked,27
E05014076,East Greenwich,5,"Asian, Asian British or Asian Welsh: Other Asian",10,L14.2: Long-term unemployed,5
E05014076,East Greenwich,5,"Asian, Asian British or Asian Welsh: Other Asian",11,L15: Full-time students,25
E05014076,East Greenwich,6,"Black, Black British, Black Welsh, Caribbean or African: African",-8,Does not apply,358
E05014076,East Greenwich,6,"Black, Black British, Black Welsh, Caribbean or African: African",1,L1 and L2: Large employers and higher managerial and administrative occupations,29
E05014076,East Greenwich,6,"Black, Black British, Black Welsh, Caribbean or African: African",2,L3: Higher professional occupations,71
E05014076,East Greenwich,6,"Black, Black British, Black Welsh, Caribbean or African: African",3,"L4, L5 and L6: Lower managerial, administrative and professional occupations",160
E05014076,East Greenwich,6,"Black, Black British, Black Welsh, Caribbean or African: African",4,L7: Intermediate occupations,115
E05014076,East Greenwich,6,"Black, Black British, Black Welsh, Caribbean or African: African",5,L8 and L9: Small employers and own account workers,114
E05014076,East Greenwich,6,"Black, Black British, Black Welsh, Caribbean or African: African",6,L10 and L11: Lower supervisory and technical occupations,35
E05014076,East Greenwich,6,"Black, Black British, Black Welsh, Caribbean or African: African",7,L12: Semi-routine occupations,166
E05014076,East Greenwich,6,"Black, Black British, Black Welsh, Caribbean or African: African",8,L13: Routine occupations,64
E05014076,East Greenwich,6,"Black, Black British, Black Welsh, Caribbean or African: African",9,L14.1: Never worked,41
E05014076,East Greenwich,6,"Black, Black British, Black Welsh, Caribbean or African: African",10,L14.2: Long-term unemployed,27
E05014076,East Greenwich,6,"Black, Black British, Black Welsh, Caribbean or African: African",11,L15: Full-time students,225
E05014076,East Greenwich,7,"Black, Black British, Black Welsh, Caribbean or African: Caribbean",-8,Does not apply,60
E05014076,East Greenwich,7,"Black, Black British, Black Welsh, Caribbean or African: Caribbean",1,L1 and L2: Large employers and higher managerial and administrative occupations,12
E05014076,East Greenwich,7,"Black, Black British, Black Welsh, Caribbean or African: Caribbean",2,L3: Higher professional occupations,27
E05014076,East Greenwich,7,"Black, Black British, Black Welsh, Caribbean or African: Caribbean",3,"L4, L5 and L6: Lower managerial, administrative and professional occupations",85
E05014076,East Greenwich,7,"Black, Black British, Black Welsh, Caribbean or African: Caribbean",4,L7: Intermediate occupations,34
E05014076,East Greenwich,7,"Black, Black British, Black Welsh, Caribbean or African: Caribbean",5,L8 and L9: Small employers and own account workers,36
E05014076,East Greenwich,7,"Black, Black British, Black Welsh, Caribbean or African: Caribbean",6,L10 and L11: Lower supervisory and technical occupations,14
E05014076,East Greenwich,7,"Black, Black British, Black Welsh, Caribbean or African: Caribbean",7,L12: Semi-routine occupations,37
E05014076,East Greenwich,7,"Black, Black British, Black Welsh, Caribbean or African: Caribbean",8,L13: Routine occupations,38
E05014076,East Greenwich,7,"Black, Black British, Black Welsh, Caribbean or African: Caribbean",9,L14.1: Never worked,37
E05014076,East Greenwich,7,"Black, Black British, Black Welsh, Caribbean or African: Caribbean",10,L14.2: Long-term unemployed,11
E05014076,East Greenwich,7,"Black, Black British, Black Welsh, Caribbean or African: Caribbean",11,L15: Full-time students,35
E05014076,East Greenwich,8,"Black, Black British, Black Welsh, Caribbean or African: Other Black",-8,Does not apply,111
E05014076,East Greenwich,8,"Black, Black British, Black Welsh, Caribbean or African: Other Black",1,L1 and L2: Large employers and higher managerial and administrative occupations,2
E05014076,East Greenwich,8,"Black, Black British, Black Welsh, Caribbean or African: Other Black",2,L3: Higher professional occupations,8
E05014076,East Greenwich,8,"Black, Black British, Black Welsh, Caribbean or African: Other Black",3,"L4, L5 and L6: Lower managerial, administrative and professional occupations",19
E05014076,East Greenwich,8,"Black, Black British, Black Welsh, Caribbean or African: Other Black",4,L7: Intermediate occupations,17
E05014076,East Greenwich,8,"Black, Black British, Black Welsh, Caribbean or African: Other Black",5,L8 and L9: Small employers and own account workers,29
E05014076,East Greenwich,8,"Black, Black British, Black Welsh, Caribbean or African: Other Black",6,L10 and L11: Lower supervisory and technical occupations,3
E05014076,East Greenwich,8,"Black, Black British, Black Welsh, Caribbean or African: Other Black",7,L12: Semi-routine occupations,10
E05014076,East Greenwich,8,"Black, Black British, Black Welsh, Caribbean or African: Other Black",8,L13: Routine occupations,5
E05014076,East Greenwich,8,"Black, Black British, Black Welsh, Caribbean or African: Other Black",9,L14.1: Never worked,36
E05014076,East Greenwich,8,"Black, Black British, Black Welsh, Caribbean or African: Other Black",10,L14.2: Long-term unemployed,3
E05014076,East Greenwich,8,"Black, Black British, Black Welsh, Caribbean or African: Other Black",11,L15: Full-time students,63
E05014076,East Greenwich,9,Mixed or Multiple ethnic groups: White and Asian,-8,Does not apply,129
E05014076,East Greenwich,9,Mixed or Multiple ethnic groups: White and Asian,1,L1 and L2: Large employers and higher managerial and administrative occupations,12
E05014076,East Greenwich,9,Mixed or Multiple ethnic groups: White and Asian,2,L3: Higher professional occupations,35
E05014076,East Greenwich,9,Mixed or Multiple ethnic groups: White and Asian,3,"L4, L5 and L6: Lower managerial, administrative and professional occupations",38
E05014076,East Greenwich,9,Mixed or Multiple ethnic groups: White and Asian,4,L7: Intermediate occupations,7
E05014076,East Greenwich,9,Mixed or Multiple ethnic groups: White and Asian,5,L8 and L9: Small employers and own account workers,11
E05014076,East Greenwich,9,Mixed or Multiple ethnic groups: White and Asian,6,L10 and L11: Lower supervisory and technical occupations,0
E05014076,East Greenwich,9,Mixed or Multiple ethnic groups: White and Asian,7,L12: Semi-routine occupations,6
E05014076,East Greenwich,9,Mixed or Multiple ethnic groups: White and Asian,8,L13: Routine occupations,1
E05014076,East Greenwich,9,Mixed or Multiple ethnic groups: White and Asian,9,L14.1: Never worked,0
E05014076,East Greenwich,9,Mixed or Multiple ethnic groups: White and Asian,10,L14.2: Long-term unemployed,2
E05014076,East Greenwich,9,Mixed or Multiple ethnic groups: White and Asian,11,L15: Full-time students,12
E05014076,East Greenwich,10,Mixed or Multiple ethnic groups: White and Black African,-8,Does not apply,74
E05014076,East Greenwich,10,Mixed or Multiple ethnic groups: White and Black African,1,L1 and L2: Large employers and higher managerial and administrative occupations,5
E05014076,East Greenwich,10,Mixed or Multiple ethnic groups: White and Black African,2,L3: Higher professional occupations,16
E05014076,East Greenwich,10,Mixed or Multiple ethnic groups: White and Black African,3,"L4, L5 and L6: Lower managerial, administrative and professional occupations",11
E05014076,East Greenwich,10,Mixed or Multiple ethnic groups: White and Black African,4,L7: Intermediate occupations,7
E05014076,East Greenwich,10,Mixed or Multiple ethnic groups: White and Black African,5,L8 and L9: Small employers and own account workers,5
E05014076,East Greenwich,10,Mixed or Multiple ethnic groups: White and Black African,6,L10 and L11: Lower supervisory and technical occupations,0
E05014076,East Greenwich,10,Mixed or Multiple ethnic groups: White and Black African,7,L12: Semi-routine occupations,8
E05014076,East Greenwich,10,Mixed or Multiple ethnic groups: White and Black African,8,L13: Routine occupations,5
E05014076,East Greenwich,10,Mixed or Multiple ethnic groups: White and Black African,9,L14.1: Never worked,4
E05014076,East Greenwich,10,Mixed or Multiple ethnic groups: White and Black African,10,L14.2: Long-term unemployed,2
E05014076,East Greenwich,10,Mixed or Multiple ethnic groups: White and Black African,11,L15: Full-time students,11
E05014076,East Greenwich,11,Mixed or Multiple ethnic groups: White and Black Caribbean,-8,Does not apply,83
E05014076,East Greenwich,11,Mixed or Multiple ethnic groups: White and Black Caribbean,1,L1 and L2: Large employers and higher managerial and administrative occupations,6
E05014076,East Greenwich,11,Mixed or Multiple ethnic groups: White and Black Caribbean,2,L3: Higher professional occupations,9
E05014076,East Greenwich,11,Mixed or Multiple ethnic groups: White and Black Caribbean,3,"L4, L5 and L6: Lower managerial, administrative and professional occupations",19
E05014076,East Greenwich,11,Mixed or Multiple ethnic groups: White and Black Caribbean,4,L7: Intermediate occupations,19
E05014076,East Greenwich,11,Mixed or Multiple ethnic groups: White and Black Caribbean,5,L8 and L9: Small employers and own account workers,8
E05014076,East Greenwich,11,Mixed or Multiple ethnic groups: White and Black Caribbean,6,L10 and L11: Lower supervisory and technical occupations,10
E05014076,East Greenwich,11,Mixed or Multiple ethnic groups: White and Black Caribbean,7,L12: Semi-routine occupations,10
E05014076,East Greenwich,11,Mixed or Multiple ethnic groups: White and Black Caribbean,8,L13: Routine occupations,20
E05014076,East Greenwich,11,Mixed or Multiple ethnic groups: White and Black Caribbean,9,L14.1: Never worked,18
E05014076,East Greenwich,11,Mixed or Multiple ethnic groups: White and Black Caribbean,10,L14.2: Long-term unemployed,5
E05014076,East Greenwich,11,Mixed or Multiple ethnic groups: White and Black Caribbean,11,L15: Full-time students,23
E05014076,East Greenwich,12,Mixed or Multiple ethnic groups: Other Mixed or Multiple ethnic groups,-8,Does not apply,116
E05014076,East Greenwich,12,Mixed or Multiple ethnic groups: Other Mixed or Multiple ethnic groups,1,L1 and L2: Large employers and higher managerial and administrative occupations,15
E05014076,East Greenwich,12,Mixed or Multiple ethnic groups: Other Mixed or Multiple ethnic groups,2,L3: Higher professional occupations,32
E05014076,East Greenwich,12,Mixed or Multiple ethnic groups: Other Mixed or Multiple ethnic groups,3,"L4, L5 and L6: Lower managerial, administrative and professional occupations",37
E05014076,East Greenwich,12,Mixed or Multiple ethnic groups: Other Mixed or Multiple ethnic groups,4,L7: Intermediate occupations,15
E05014076,East Greenwich,12,Mixed or Multiple ethnic groups: Other Mixed or Multiple ethnic groups,5,L8 and L9: Small employers and own account workers,13
E05014076,East Greenwich,12,Mixed or Multiple ethnic groups: Other Mixed or Multiple ethnic groups,6,L10 and L11: Lower supervisory and technical occupations,6
E05014076,East Greenwich,12,Mixed or Multiple ethnic groups: Other Mixed or Multiple ethnic groups,7,L12: Semi-routine occupations,25
E05014076,East Greenwich,12,Mixed or Multiple ethnic groups: Other Mixed or Multiple ethnic groups,8,L13: Routine occupations,6
E05014076,East Greenwich,12,Mixed or Multiple ethnic groups: Other Mixed or Multiple ethnic groups,9,L14.1: Never worked,20
E05014076,East Greenwich,12,Mixed or Multiple ethnic groups: Other Mixed or Multiple ethnic groups,10,L14.2: Long-term unemployed,8
E05014076,East Greenwich,12,Mixed or Multiple ethnic groups: Other Mixed or Multiple ethnic groups,11,L15: Full-time students,22
E05014076,East Greenwich,13,"White: English, Welsh, Scottish, Northern Irish or British",-8,Does not apply,924
E05014076,East Greenwich,13,"White: English, Welsh, Scottish, Northern Irish or British",1,L1 and L2: Large employers and higher managerial and administrative occupations,531
E05014076,East Greenwich,13,"White: English, Welsh, Scottish, Northern Irish or British",2,L3: Higher professional occupations,1246
E05014076,East Greenwich,13,"White: English, Welsh, Scottish, Northern Irish or British",3,"L4, L5 and L6: Lower managerial, administrative and professional occupations",1471
E05014076,East Greenwich,13,"White: English, Welsh, Scottish, Northern Irish or British",4,L7: Intermediate occupations,445
E05014076,East Greenwich,13,"White: English, Welsh, Scottish, Northern Irish or British",5,L8 and L9: Small employers and own account workers,409
E05014076,East Greenwich,13,"White: English, Welsh, Scottish, Northern Irish or British",6,L10 and L11: Lower supervisory and technical occupations,180
E05014076,East Greenwich,13,"White: English, Welsh, Scottish, Northern Irish or British",7,L12: Semi-routine occupations,351
E05014076,East Greenwich,13,"White: English, Welsh, Scottish, Northern Irish or British",8,L13: Routine occupations,309
E05014076,East Greenwich,13,"White: English, Welsh, Scottish, Northern Irish or British",9,L14.1: Never worked,316
E05014076,East Greenwich,13,"White: English, Welsh, Scottish, Northern Irish or British",10,L14.2: Long-term unemployed,71
E05014076,East Greenwich,13,"White: English, Welsh, Scottish, Northern Irish or British",11,L15: Full-time students,228
E05014076,East Greenwich,14,White: Irish,-8,Does not apply,22
E05014076,East Greenwich,14,White: Irish,1,L1 and L2: Large employers and higher managerial and administrative occupations,28
E05014076,East Greenwich,14,White: Irish,2,L3: Higher professional occupations,68
E05014076,East Greenwich,14,White: Irish,3,"L4, L5 and L6: Lower managerial, administrative and professional occupations",101
E05014076,East Greenwich,14,White: Irish,4,L7: Intermediate occupations,18
E05014076,East Greenwich,14,White: Irish,5,L8 and L9: Small employers and own account workers,22
E05014076,East Greenwich,14,White: Irish,6,L10 and L11: Lower supervisory and technical occupations,4
E05014076,East Greenwich,14,White: Irish,7,L12: Semi-routine occupations,13
E05014076,East Greenwich,14,White: Irish,8,L13: Routine occupations,15
E05014076,East Greenwich,14,White: Irish,9,L14.1: Never worked,24
E05014076,East Greenwich,14,White: Irish,10,L14.2: Long-term unemployed,4
E05014076,East Greenwich,14,White: Irish,11,L15: Full-time students,8
E05014076,East Greenwich,15,White: Gypsy or Irish Traveller,-8,Does not apply,12
E05014076,East Greenwich,15,White: Gypsy or Irish Traveller,1,L1 and L2: Large employers and higher managerial and administrative occupations,0
E05014076,East Greenwich,15,White: Gypsy or Irish Traveller,2,L3: Higher professional occupations,0
E05014076,East Greenwich,15,White: Gypsy or Irish Traveller,3,"L4, L5 and L6: Lower managerial, administrative and professional occupations",1
E05014076,East Greenwich,15,White: Gypsy or Irish Traveller,4,L7: Intermediate occupations,0
E05014076,East Greenwich,15,White: Gypsy or Irish Traveller,5,L8 and L9: Small employers and own account workers,0
E05014076,East Greenwich,15,White: Gypsy or Irish Traveller,6,L10 and L11: Lower supervisory and technical occupations,0
E05014076,East Greenwich,15,White: Gypsy or Irish Traveller,7,L12: Semi-routine occupations,2
E05014076,East Greenwich,15,White: Gypsy or Irish Traveller,8,L13: Routine occupations,0
E05014076,East Greenwich,15,White: Gypsy or Irish Traveller,9,L14.1: Never worked,3
E05014076,East Greenwich,15,White: Gypsy or Irish Traveller,10,L14.2: Long-term unemployed,0
E05014076,East Greenwich,15,White: Gypsy or Irish Traveller,11,L15: Full-time students,0
E05014076,East Greenwich,16,White: Roma,-8,Does not apply,4
E05014076,East Greenwich,16,White: Roma,1,L1 and L2: Large employers and higher managerial and administrative occupations,1
E05014076,East Greenwich,16,White: Roma,2,L3: Higher professional occupations,6
E05014076,East Greenwich,16,White: Roma,3,"L4, L5 and L6: Lower managerial, administrative and professional occupations",7
E05014076,East Greenwich,16,White: Roma,4,L7: Intermediate occupations,2
E05014076,East Greenwich,16,White: Roma,5,L8 and L9: Small employers and own account workers,4
E05014076,East Greenwich,16,White: Roma,6,L10 and L11: Lower supervisory and technical occupations,2
E05014076,East Greenwich,16,White: Roma,7,L12: Semi-routine occupations,5
E05014076,East Greenwich,16,White: Roma,8,L13: Routine occupations,5
E05014076,East Greenwich,16,White: Roma,9,L14.1: Never worked,0
E05014076,East Greenwich,16,White: Roma,10,L14.2: Long-term unemployed,0
E05014076,East Greenwich,16,White: Roma,11,L15: Full-time students,6
E05014076,East Greenwich,17,White: Other White,-8,Does not apply,308
E05014076,East Greenwich,17,White: Other White,1,L1 and L2: Large employers and higher managerial and administrative occupations,232
E05014076,East Greenwich,17,White: Other White,2,L3: Higher professional occupations,619
E05014076,East Greenwich,17,White: Other White,3,"L4, L5 and L6: Lower managerial, administrative and professional occupations",541
E05014076,East Greenwich,17,White: Other White,4,L7: Intermediate occupations,138
E05014076,East Greenwich,17,White: Other White,5,L8 and L9: Small employers and own account workers,193
E05014076,East Greenwich,17,White: Other White,6,L10 and L11: Lower supervisory and technical occupations,61
E05014076,East Greenwich,17,White: Other White,7,L12: Semi-routine occupations,93
E05014076,East Greenwich,17,White: Other White,8,L13: Routine occupations,93
E05014076,East Greenwich,17,White: Other White,9,L14.1: Never worked,35
E05014076,East Greenwich,17,White: Other White,10,L14.2: Long-term unemployed,32
E05014076,East Greenwich,17,White: Other White,11,L15: Full-time students,153
E05014076,East Greenwich,18,Other ethnic group: Arab,-8,Does not apply,14
E05014076,East Greenwich,18,Other ethnic group: Arab,1,L1 and L2: Large employers and higher managerial and administrative occupations,4
E05014076,East Greenwich,18,Other ethnic group: Arab,2,L3: Higher professional occupations,23
E05014076,East Greenwich,18,Other ethnic group: Arab,3,"L4, L5 and L6: Lower managerial, administrative and professional occupations",19
E05014076,East Greenwich,18,Other ethnic group: Arab,4,L7: Intermediate occupations,3
E05014076,East Greenwich,18,Other ethnic group: Arab,5,L8 and L9: Small employers and own account workers,2
E05014076,East Greenwich,18,Other ethnic group: Arab,6,L10 and L11: Lower supervisory and technical occupations,3
E05014076,East Greenwich,18,Other ethnic group: Arab,7,L12: Semi-routine occupations,1
E05014076,East Greenwich,18,Other ethnic group: Arab,8,L13: Routine occupations,5
E05014076,East Greenwich,18,Other ethnic group: Arab,9,L14.1: Never worked,2
E05014076,East Greenwich,18,Other ethnic group: Arab,10,L14.2: Long-term unemployed,1
E05014076,East Greenwich,18,Other ethnic group: Arab,11,L15: Full-time students,13
E05014076,East Greenwich,19,Other ethnic group: Any other ethnic group,-8,Does not apply,67
E05014076,East Greenwich,19,Other ethnic group: Any other ethnic group,1,L1 and L2: Large employers and higher managerial and administrative occupations,21
E05014076,East Greenwich,19,Other ethnic group: Any other ethnic group,2,L3: Higher professional occupations,54
E05014076,East Greenwich,19,Other ethnic group: Any other ethnic group,3,"L4, L5 and L6: Lower managerial, administrative and professional occupations",51
E05014076,East Greenwich,19,Other ethnic group: Any other ethnic group,4,L7: Intermediate occupations,31
E05014076,East Greenwich,19,Other ethnic group: Any other ethnic group,5,L8 and L9: Small employers and own account workers,31
E05014076,East Greenwich,19,Other ethnic group: Any other ethnic group,6,L10 and L11: Lower supervisory and technical occupations,9
E05014076,East Greenwich,19,Other ethnic group: Any other ethnic group,7,L12: Semi-routine occupations,24
E05014076,East Greenwich,19,Other ethnic group: Any other ethnic group,8,L13: Routine occupations,31
E05014076,East Greenwich,19,Other ethnic group: Any other ethnic group,9,L14.1: Never worked,40
E05014076,East Greenwich,19,Other ethnic group: Any other ethnic group,10,L14.2: Long-term unemployed,6
E05014076,East Greenwich,19,Other ethnic group: Any other ethnic group,11,L15: Full-time students,41
E05014077,Eltham Page,-8,Does not apply,-8,Does not apply,0
E05014077,Eltham Page,-8,Does not apply,1,L1 and L2: Large employers and higher managerial and administrative occupations,0
E05014077,Eltham Page,-8,Does not apply,2,L3: Higher professional occupations,0
E05014077,Eltham Page,-8,Does not apply,3,"L4, L5 and L6: Lower managerial, administrative and professional occupations",0
E05014077,Eltham Page,-8,Does not apply,4,L7: Intermediate occupations,0
E05014077,Eltham Page,-8,Does not apply,5,L8 and L9: Small employers and own account workers,0
E05014077,Eltham Page,-8,Does not apply,6,L10 and L11: Lower supervisory and technical occupations,0
E05014077,Eltham Page,-8,Does not apply,7,L12: Semi-routine occupations,0
E05014077,Eltham Page,-8,Does not apply,8,L13: Routine occupations,0
E05014077,Eltham Page,-8,Does not apply,9,L14.1: Never worked,0
E05014077,Eltham Page,-8,Does not apply,10,L14.2: Long-term unemployed,0
E05014077,Eltham Page,-8,Does not apply,11,L15: Full-time students,0
E05014077,Eltham Page,1,"Asian, Asian British or Asian Welsh: Bangladeshi",-8,Does not apply,3
E05014077,Eltham Page,1,"Asian, Asian British or Asian Welsh: Bangladeshi",1,L1 and L2: Large employers and higher managerial and administrative occupations,0
E05014077,Eltham Page,1,"Asian, Asian British or Asian Welsh: Bangladeshi",2,L3: Higher professional occupations,0
E05014077,Eltham Page,1,"Asian, Asian British or Asian Welsh: Bangladeshi",3,"L4, L5 and L6: Lower managerial, administrative and professional occupations",2
E05014077,Eltham Page,1,"Asian, Asian British or Asian Welsh: Bangladeshi",4,L7: Intermediate occupations,5
E05014077,Eltham Page,1,"Asian, Asian British or Asian Welsh: Bangladeshi",5,L8 and L9: Small employers and own account workers,2
E05014077,Eltham Page,1,"Asian, Asian British or Asian Welsh: Bangladeshi",6,L10 and L11: Lower supervisory and technical occupations,1
E05014077,Eltham Page,1,"Asian, Asian British or Asian Welsh: Bangladeshi",7,L12: Semi-routine occupations,3
E05014077,Eltham Page,1,"Asian, Asian British or Asian Welsh: Bangladeshi",8,L13: Routine occupations,1
E05014077,Eltham Page,1,"Asian, Asian British or Asian Welsh: Bangladeshi",9,L14.1: Never worked,3
E05014077,Eltham Page,1,"Asian, Asian British or Asian Welsh: Bangladeshi",10,L14.2: Long-term unemployed,0
E05014077,Eltham Page,1,"Asian, Asian British or Asian Welsh: Bangladeshi",11,L15: Full-time students,2
E05014077,Eltham Page,2,"Asian, Asian British or Asian Welsh: Chinese",-8,Does not apply,61
E05014077,Eltham Page,2,"Asian, Asian British or Asian Welsh: Chinese",1,L1 and L2: Large employers and higher managerial and administrative occupations,6
E05014077,Eltham Page,2,"Asian, Asian British or Asian Welsh: Chinese",2,L3: Higher professional occupations,31
E05014077,Eltham Page,2,"Asian, Asian British or Asian Welsh: Chinese",3,"L4, L5 and L6: Lower managerial, administrative and professional occupations",50
E05014077,Eltham Page,2,"Asian, Asian British or Asian Welsh: Chinese",4,L7: Intermediate occupations,20
E05014077,Eltham Page,2,"Asian, Asian British or Asian Welsh: Chinese",5,L8 and L9: Small employers and own account workers,28
E05014077,Eltham Page,2,"Asian, Asian British or Asian Welsh: Chinese",6,L10 and L11: Lower supervisory and technical occupations,23
E05014077,Eltham Page,2,"Asian, Asian British or Asian Welsh: Chinese",7,L12: Semi-routine occupations,17
E05014077,Eltham Page,2,"Asian, Asian British or Asian Welsh: Chinese",8,L13: Routine occupations,13
E05014077,Eltham Page,2,"Asian, Asian British or Asian Welsh: Chinese",9,L14.1: Never worked,26
E05014077,Eltham Page,2,"Asian, Asian British or Asian Welsh: Chinese",10,L14.2: Long-term unemployed,3
E05014077,Eltham Page,2,"Asian, Asian British or Asian Welsh: Chinese",11,L15: Full-time students,10
E05014077,Eltham Page,3,"Asian, Asian British or Asian Welsh: Indian",-8,Does not apply,37
E05014077,Eltham Page,3,"Asian, Asian British or Asian Welsh: Indian",1,L1 and L2: Large employers and higher managerial and administrative occupations,13
E05014077,Eltham Page,3,"Asian, Asian British or Asian Welsh: Indian",2,L3: Higher professional occupations,28
E05014077,Eltham Page,3,"Asian, Asian British or Asian Welsh: Indian",3,"L4, L5 and L6: Lower managerial, administrative and professional occupations",28
E05014077,Eltham Page,3,"Asian, Asian British or Asian Welsh: Indian",4,L7: Intermediate occupations,14
E05014077,Eltham Page,3,"Asian, Asian British or Asian Welsh: Indian",5,L8 and L9: Small employers and own account workers,9
E05014077,Eltham Page,3,"Asian, Asian British or Asian Welsh: Indian",6,L10 and L11: Lower supervisory and technical occupations,4
E05014077,Eltham Page,3,"Asian, Asian British or Asian Welsh: Indian",7,L12: Semi-routine occupations,8
E05014077,Eltham Page,3,"Asian, Asian British or Asian Welsh: Indian",8,L13: Routine occupations,13
E05014077,Eltham Page,3,"Asian, Asian British or Asian Welsh: Indian",9,L14.1: Never worked,15
E05014077,Eltham Page,3,"Asian, Asian British or Asian Welsh: Indian",10,L14.2: Long-term unemployed,1
E05014077,Eltham Page,3,"Asian, Asian British or Asian Welsh: Indian",11,L15: Full-time students,12
E05014077,Eltham Page,4,"Asian, Asian British or Asian Welsh: Pakistani",-8,Does not apply,14
E05014077,Eltham Page,4,"Asian, Asian British or Asian Welsh: Pakistani",1,L1 and L2: Large employers and higher managerial and administrative occupations,2
E05014077,Eltham Page,4,"Asian, Asian British or Asian Welsh: Pakistani",2,L3: Higher professional occupations,1
E05014077,Eltham Page,4,"Asian, Asian British or Asian Welsh: Pakistani",3,"L4, L5 and L6: Lower managerial, administrative and professional occupations",10
E05014077,Eltham Page,4,"Asian, Asian British or Asian Welsh: Pakistani",4,L7: Intermediate occupations,3
E05014077,Eltham Page,4,"Asian, Asian British or Asian Welsh: Pakistani",5,L8 and L9: Small employers and own account workers,5
E05014077,Eltham Page,4,"Asian, Asian British or Asian Welsh: Pakistani",6,L10 and L11: Lower supervisory and technical occupations,2
E05014077,Eltham Page,4,"Asian, Asian British or Asian Welsh: Pakistani",7,L12: Semi-routine occupations,3
E05014077,Eltham Page,4,"Asian, Asian British or Asian Welsh: Pakistani",8,L13: Routine occupations,3
E05014077,Eltham Page,4,"Asian, Asian British or Asian Welsh: Pakistani",9,L14.1: Never worked,9
E05014077,Eltham Page,4,"Asian, Asian British or Asian Welsh: Pakistani",10,L14.2: Long-term unemployed,2
E05014077,Eltham Page,4,"Asian, Asian British or Asian Welsh: Pakistani",11,L15: Full-time students,7
E05014077,Eltham Page,5,"Asian, Asian British or Asian Welsh: Other Asian",-8,Does not apply,93
E05014077,Eltham Page,5,"Asian, Asian British or Asian Welsh: Other Asian",1,L1 and L2: Large employers and higher managerial and administrative occupations,8
E05014077,Eltham Page,5,"Asian, Asian British or Asian Welsh: Other Asian",2,L3: Higher professional occupations,24
E05014077,Eltham Page,5,"Asian, Asian British or Asian Welsh: Other Asian",3,"L4, L5 and L6: Lower managerial, administrative and professional occupations",31
E05014077,Eltham Page,5,"Asian, Asian British or Asian Welsh: Other Asian",4,L7: Intermediate occupations,17
E05014077,Eltham Page,5,"Asian, Asian British or Asian Welsh: Other Asian",5,L8 and L9: Small employers and own account workers,25
E05014077,Eltham Page,5,"Asian, Asian British or Asian Welsh: Other Asian",6,L10 and L11: Lower supervisory and technical occupations,15
E05014077,Eltham Page,5,"Asian, Asian British or Asian Welsh: Other Asian",7,L12: Semi-routine occupations,52
E05014077,Eltham Page,5,"Asian, Asian British or Asian Welsh: Other Asian",8,L13: Routine occupations,33
E05014077,Eltham Page,5,"Asian, Asian British or Asian Welsh: Other Asian",9,L14.1: Never worked,44
E05014077,Eltham Page,5,"Asian, Asian British or Asian Welsh: Other Asian",10,L14.2: Long-term unemployed,13
E05014077,Eltham Page,5,"Asian, Asian British or Asian Welsh: Other Asian",11,L15: Full-time students,34
E05014077,Eltham Page,6,"Black, Black British, Black Welsh, Caribbean or African: African",-8,Does not apply,276
E05014077,Eltham Page,6,"Black, Black British, Black Welsh, Caribbean or African: African",1,L1 and L2: Large employers and higher managerial and administrative occupations,15
E05014077,Eltham Page,6,"Black, Black British, Black Welsh, Caribbean or African: African",2,L3: Higher professional occupations,54
E05014077,Eltham Page,6,"Black, Black British, Black Welsh, Caribbean or African: African",3,"L4, L5 and L6: Lower managerial, administrative and professional occupations",151
E05014077,Eltham Page,6,"Black, Black British, Black Welsh, Caribbean or African: African",4,L7: Intermediate occupations,67
E05014077,Eltham Page,6,"Black, Black British, Black Welsh, Caribbean or African: African",5,L8 and L9: Small employers and own account workers,54
E05014077,Eltham Page,6,"Black, Black British, Black Welsh, Caribbean or African: African",6,L10 and L11: Lower supervisory and technical occupations,21
E05014077,Eltham Page,6,"Black, Black British, Black Welsh, Caribbean or African: African",7,L12: Semi-routine occupations,85
E05014077,Eltham Page,6,"Black, Black British, Black Welsh, Caribbean or African: African",8,L13: Routine occupations,53
E05014077,Eltham Page,6,"Black, Black British, Black Welsh, Caribbean or African: African",9,L14.1: Never worked,57
E05014077,Eltham Page,6,"Black, Black British, Black Welsh, Caribbean or African: African",10,L14.2: Long-term unemployed,18
E05014077,Eltham Page,6,"Black, Black British, Black Welsh, Caribbean or African: African",11,L15: Full-time students,143
E05014077,Eltham Page,7,"Black, Black British, Black Welsh, Caribbean or African: Caribbean",-8,Does not apply,21
E05014077,Eltham Page,7,"Black, Black British, Black Welsh, Caribbean or African: Caribbean",1,L1 and L2: Large employers and higher managerial and administrative occupations,6
E05014077,Eltham Page,7,"Black, Black British, Black Welsh, Caribbean or African: Caribbean",2,L3: Higher professional occupations,17
E05014077,Eltham Page,7,"Black, Black British, Black Welsh, Caribbean or African: Caribbean",3,"L4, L5 and L6: Lower managerial, administrative and professional occupations",34
E05014077,Eltham Page,7,"Black, Black British, Black Welsh, Caribbean or African: Caribbean",4,L7: Intermediate occupations,30
E05014077,Eltham Page,7,"Black, Black British, Black Welsh, Caribbean or African: Caribbean",5,L8 and L9: Small employers and own account workers,6
E05014077,Eltham Page,7,"Black, Black British, Black Welsh, Caribbean or African: Caribbean",6,L10 and L11: Lower supervisory and technical occupations,10
E05014077,Eltham Page,7,"Black, Black British, Black Welsh, Caribbean or African: Caribbean",7,L12: Semi-routine occupations,19
E05014077,Eltham Page,7,"Black, Black British, Black Welsh, Caribbean or African: Caribbean",8,L13: Routine occupations,19
E05014077,Eltham Page,7,"Black, Black British, Black Welsh, Caribbean or African: Caribbean",9,L14.1: Never worked,13
E05014077,Eltham Page,7,"Black, Black British, Black Welsh, Caribbean or African: Caribbean",10,L14.2: Long-term unemployed,7
E05014077,Eltham Page,7,"Black, Black British, Black Welsh, Caribbean or African: Caribbean",11,L15: Full-time students,15
E05014077,Eltham Page,8,"Black, Black British, Black Welsh, Caribbean or African: Other Black",-8,Does not apply,91
E05014077,Eltham Page,8,"Black, Black British, Black Welsh, Caribbean or African: Other Black",1,L1 and L2: Large employers and higher managerial and administrative occupations,1
E05014077,Eltham Page,8,"Black, Black British, Black Welsh, Caribbean or African: Other Black",2,L3: Higher professional occupations,10
E05014077,Eltham Page,8,"Black, Black British, Black Welsh, Caribbean or African: Other Black",3,"L4, L5 and L6: Lower managerial, administrative and professional occupations",28
E05014077,Eltham Page,8,"Black, Black British, Black Welsh, Caribbean or African: Other Black",4,L7: Intermediate occupations,13
E05014077,Eltham Page,8,"Black, Black British, Black Welsh, Caribbean or African: Other Black",5,L8 and L9: Small employers and own account workers,3
E05014077,Eltham Page,8,"Black, Black British, Black Welsh, Caribbean or African: Other Black",6,L10 and L11: Lower supervisory and technical occupations,4
E05014077,Eltham Page,8,"Black, Black British, Black Welsh, Caribbean or African: Other Black",7,L12: Semi-routine occupations,15
E05014077,Eltham Page,8,"Black, Black British, Black Welsh, Caribbean or African: Other Black",8,L13: Routine occupations,5
E05014077,Eltham Page,8,"Black, Black British, Black Welsh, Caribbean or African: Other Black",9,L14.1: Never worked,7
E05014077,Eltham Page,8,"Black, Black British, Black Welsh, Caribbean or African: Other Black",10,L14.2: Long-term unemployed,3
E05014077,Eltham Page,8,"Black, Black British, Black Welsh, Caribbean or African: Other Black",11,L15: Full-time students,32
E05014077,Eltham Page,9,Mixed or Multiple ethnic groups: White and Asian,-8,Does not apply,36
E05014077,Eltham Page,9,Mixed or Multiple ethnic groups: White and Asian,1,L1 and L2: Large employers and higher managerial and administrative occupations,0
E05014077,Eltham Page,9,Mixed or Multiple ethnic groups: White and Asian,2,L3: Higher professional occupations,8
E05014077,Eltham Page,9,Mixed or Multiple ethnic groups: White and Asian,3,"L4, L5 and L6: Lower managerial, administrative and professional occupations",3
E05014077,Eltham Page,9,Mixed or Multiple ethnic groups: White and Asian,4,L7: Intermediate occupations,8
E05014077,Eltham Page,9,Mixed or Multiple ethnic groups: White and Asian,5,L8 and L9: Small employers and own account workers,3
E05014077,Eltham Page,9,Mixed or Multiple ethnic groups: White and Asian,6,L10 and L11: Lower supervisory and technical occupations,1
E05014077,Eltham Page,9,Mixed or Multiple ethnic groups: White and Asian,7,L12: Semi-routine occupations,4
E05014077,Eltham Page,9,Mixed or Multiple ethnic groups: White and Asian,8,L13: Routine occupations,9
E05014077,Eltham Page,9,Mixed or Multiple ethnic groups: White and Asian,9,L14.1: Never worked,3
E05014077,Eltham Page,9,Mixed or Multiple ethnic groups: White and Asian,10,L14.2: Long-term unemployed,0
E05014077,Eltham Page,9,Mixed or Multiple ethnic groups: White and Asian,11,L15: Full-time students,5
E05014077,Eltham Page,10,Mixed or Multiple ethnic groups: White and Black African,-8,Does not apply,27
E05014077,Eltham Page,10,Mixed or Multiple ethnic groups: White and Black African,1,L1 and L2: Large employers and higher managerial and administrative occupations,1
E05014077,Eltham Page,10,Mixed or Multiple ethnic groups: White and Black African,2,L3: Higher professional occupations,0
E05014077,Eltham Page,10,Mixed or Multiple ethnic groups: White and Black African,3,"L4, L5 and L6: Lower managerial, administrative and professional occupations",8
E05014077,Eltham Page,10,Mixed or Multiple ethnic groups: White and Black African,4,L7: Intermediate occupations,4
E05014077,Eltham Page,10,Mixed or Multiple ethnic groups: White and Black African,5,L8 and L9: Small employers and own account workers,4
E05014077,Eltham Page,10,Mixed or Multiple ethnic groups: White and Black African,6,L10 and L11: Lower supervisory and technical occupations,4
E05014077,Eltham Page,10,Mixed or Multiple ethnic groups: White and Black African,7,L12: Semi-routine occupations,2
E05014077,Eltham Page,10,Mixed or Multiple ethnic groups: White and Black African,8,L13: Routine occupations,0
E05014077,Eltham Page,10,Mixed or Multiple ethnic groups: White and Black African,9,L14.1: Never worked,5
E05014077,Eltham Page,10,Mixed or Multiple ethnic groups: White and Black African,10,L14.2: Long-term unemployed,0
E05014077,Eltham Page,10,Mixed or Multiple ethnic groups: White and Black African,11,L15: Full-time students,10
E05014077,Eltham Page,11,Mixed or Multiple ethnic groups: White and Black Caribbean,-8,Does not apply,72
E05014077,Eltham Page,11,Mixed or Multiple ethnic groups: White and Black Caribbean,1,L1 and L2: Large employers and higher managerial and administrative occupations,3
E05014077,Eltham Page,11,Mixed or Multiple ethnic groups: White and Black Caribbean,2,L3: Higher professional occupations,1
E05014077,Eltham Page,11,Mixed or Multiple ethnic groups: White and Black Caribbean,3,"L4, L5 and L6: Lower managerial, administrative and professional occupations",17
E05014077,Eltham Page,11,Mixed or Multiple ethnic groups: White and Black Caribbean,4,L7: Intermediate occupations,6
E05014077,Eltham Page,11,Mixed or Multiple ethnic groups: White and Black Caribbean,5,L8 and L9: Small employers and own account workers,10
E05014077,Eltham Page,11,Mixed or Multiple ethnic groups: White and Black Caribbean,6,L10 and L11: Lower supervisory and technical occupations,4
E05014077,Eltham Page,11,Mixed or Multiple ethnic groups: White and Black Caribbean,7,L12: Semi-routine occupations,6
E05014077,Eltham Page,11,Mixed or Multiple ethnic groups: White and Black Caribbean,8,L13: Routine occupations,11
E05014077,Eltham Page,11,Mixed or Multiple ethnic groups: White and Black Caribbean,9,L14.1: Never worked,8
E05014077,Eltham Page,11,Mixed or Multiple ethnic groups: White and Black Caribbean,10,L14.2: Long-term unemployed,0
E05014077,Eltham Page,11,Mixed or Multiple ethnic groups: White and Black Caribbean,11,L15: Full-time students,13
E05014077,Eltham Page,12,Mixed or Multiple ethnic groups: Other Mixed or Multiple ethnic groups,-8,Does not apply,68
E05014077,Eltham Page,12,Mixed or Multiple ethnic groups: Other Mixed or Multiple ethnic groups,1,L1 and L2: Large employers and higher managerial and administrative occupations,3
E05014077,Eltham Page,12,Mixed or Multiple ethnic groups: Other Mixed or Multiple ethnic groups,2,L3: Higher professional occupations,7
E05014077,Eltham Page,12,Mixed or Multiple ethnic groups: Other Mixed or Multiple ethnic groups,3,"L4, L5 and L6: Lower managerial, administrative and professional occupations",14
E05014077,Eltham Page,12,Mixed or Multiple ethnic groups: Other Mixed or Multiple ethnic groups,4,L7: Intermediate occupations,6
E05014077,Eltham Page,12,Mixed or Multiple ethnic groups: Other Mixed or Multiple ethnic groups,5,L8 and L9: Small employers and own account workers,6
E05014077,Eltham Page,12,Mixed or Multiple ethnic groups: Other Mixed or Multiple ethnic groups,6,L10 and L11: Lower supervisory and technical occupations,0
E05014077,Eltham Page,12,Mixed or Multiple ethnic groups: Other Mixed or Multiple ethnic groups,7,L12: Semi-routine occupations,7
E05014077,Eltham Page,12,Mixed or Multiple ethnic groups: Other Mixed or Multiple ethnic groups,8,L13: Routine occupations,6
E05014077,Eltham Page,12,Mixed or Multiple ethnic groups: Other Mixed or Multiple ethnic groups,9,L14.1: Never worked,5
E05014077,Eltham Page,12,Mixed or Multiple ethnic groups: Other Mixed or Multiple ethnic groups,10,L14.2: Long-term unemployed,0
E05014077,Eltham Page,12,Mixed or Multiple ethnic groups: Other Mixed or Multiple ethnic groups,11,L15: Full-time students,15
E05014077,Eltham Page,13,"White: English, Welsh, Scottish, Northern Irish or British",-8,Does not apply,1011
E05014077,Eltham Page,13,"White: English, Welsh, Scottish, Northern Irish or British",1,L1 and L2: Large employers and higher managerial and administrative occupations,127
E05014077,Eltham Page,13,"White: English, Welsh, Scottish, Northern Irish or British",2,L3: Higher professional occupations,208
E05014077,Eltham Page,13,"White: English, Welsh, Scottish, Northern Irish or British",3,"L4, L5 and L6: Lower managerial, administrative and professional occupations",621
E05014077,Eltham Page,13,"White: English, Welsh, Scottish, Northern Irish or British",4,L7: Intermediate occupations,529
E05014077,Eltham Page,13,"White: English, Welsh, Scottish, Northern Irish or British",5,L8 and L9: Small employers and own account workers,450
E05014077,Eltham Page,13,"White: English, Welsh, Scottish, Northern Irish or British",6,L10 and L11: Lower supervisory and technical occupations,251
E05014077,Eltham Page,13,"White: English, Welsh, Scottish, Northern Irish or British",7,L12: Semi-routine occupations,570
E05014077,Eltham Page,13,"White: English, Welsh, Scottish, Northern Irish or British",8,L13: Routine occupations,659
E05014077,Eltham Page,13,"White: English, Welsh, Scottish, Northern Irish or British",9,L14.1: Never worked,496
E05014077,Eltham Page,13,"White: English, Welsh, Scottish, Northern Irish or British",10,L14.2: Long-term unemployed,73
E05014077,Eltham Page,13,"White: English, Welsh, Scottish, Northern Irish or British",11,L15: Full-time students,265
E05014077,Eltham Page,14,White: Irish,-8,Does not apply,8
E05014077,Eltham Page,14,White: Irish,1,L1 and L2: Large employers and higher managerial and administrative occupations,5
E05014077,Eltham Page,14,White: Irish,2,L3: Higher professional occupations,7
E05014077,Eltham Page,14,White: Irish,3,"L4, L5 and L6: Lower managerial, administrative and professional occupations",15
E05014077,Eltham Page,14,White: Irish,4,L7: Intermediate occupations,5
E05014077,Eltham Page,14,White: Irish,5,L8 and L9: Small employers and own account workers,12
E05014077,Eltham Page,14,White: Irish,6,L10 and L11: Lower supervisory and technical occupations,6
E05014077,Eltham Page,14,White: Irish,7,L12: Semi-routine occupations,8
E05014077,Eltham Page,14,White: Irish,8,L13: Routine occupations,5
E05014077,Eltham Page,14,White: Irish,9,L14.1: Never worked,6
E05014077,Eltham Page,14,White: Irish,10,L14.2: Long-term unemployed,1
E05014077,Eltham Page,14,White: Irish,11,L15: Full-time students,0
E05014077,Eltham Page,15,White: Gypsy or Irish Traveller,-8,Does not apply,3
E05014077,Eltham Page,15,White: Gypsy or Irish Traveller,1,L1 and L2: Large employers and higher managerial and administrative occupations,0
E05014077,Eltham Page,15,White: Gypsy or Irish Traveller,2,L3: Higher professional occupations,0
E05014077,Eltham Page,15,White: Gypsy or Irish Traveller,3,"L4, L5 and L6: Lower managerial, administrative and professional occupations",1
E05014077,Eltham Page,15,White: Gypsy or Irish Traveller,4,L7: Intermediate occupations,0
E05014077,Eltham Page,15,White: Gypsy or Irish Traveller,5,L8 and L9: Small employers and own account workers,0
E05014077,Eltham Page,15,White: Gypsy or Irish Traveller,6,L10 and L11: Lower supervisory and technical occupations,0
E05014077,Eltham Page,15,White: Gypsy or Irish Traveller,7,L12: Semi-routine occupations,1
E05014077,Eltham Page,15,White: Gypsy or Irish Traveller,8,L13: Routine occupations,0
E05014077,Eltham Page,15,White: Gypsy or Irish Traveller,9,L14.1: Never worked,3
E05014077,Eltham Page,15,White: Gypsy or Irish Traveller,10,L14.2: Long-term unemployed,0
E05014077,Eltham Page,15,White: Gypsy or Irish Traveller,11,L15: Full-time students,0
E05014077,Eltham Page,16,White: Roma,-8,Does not apply,4
E05014077,Eltham Page,16,White: Roma,1,L1 and L2: Large employers and higher managerial and administrative occupations,1
E05014077,Eltham Page,16,White: Roma,2,L3: Higher professional occupations,1
E05014077,Eltham Page,16,White: Roma,3,"L4, L5 and L6: Lower managerial, administrative and professional occupations",4
E05014077,Eltham Page,16,White: Roma,4,L7: Intermediate occupations,0
E05014077,Eltham Page,16,White: Roma,5,L8 and L9: Small employers and own account workers,7
E05014077,Eltham Page,16,White: Roma,6,L10 and L11: Lower supervisory and technical occupations,0
E05014077,Eltham Page,16,White: Roma,7,L12: Semi-routine occupations,2
E05014077,Eltham Page,16,White: Roma,8,L13: Routine occupations,3
E05014077,Eltham Page,16,White: Roma,9,L14.1: Never worked,0
E05014077,Eltham Page,16,White: Roma,10,L14.2: Long-term unemployed,0
E05014077,Eltham Page,16,White: Roma,11,L15: Full-time students,0
E05014077,Eltham Page,17,White: Other White,-8,Does not apply,186
E05014077,Eltham Page,17,White: Other White,1,L1 and L2: Large employers and higher managerial and administrative occupations,36
E05014077,Eltham Page,17,White: Other White,2,L3: Higher professional occupations,124
E05014077,Eltham Page,17,White: Other White,3,"L4, L5 and L6: Lower managerial, administrative and professional occupations",164
E05014077,Eltham Page,17,White: Other White,4,L7: Intermediate occupations,77
E05014077,Eltham Page,17,White: Other White,5,L8 and L9: Small employers and own account workers,250
E05014077,Eltham Page,17,White: Other White,6,L10 and L11: Lower supervisory and technical occupations,61
E05014077,Eltham Page,17,White: Other White,7,L12: Semi-routine occupations,57
E05014077,Eltham Page,17,White: Other White,8,L13: Routine occupations,91
E05014077,Eltham Page,17,White: Other White,9,L14.1: Never worked,31
E05014077,Eltham Page,17,White: Other White,10,L14.2: Long-term unemployed,9
E05014077,Eltham Page,17,White: Other White,11,L15: Full-time students,88
E05014077,Eltham Page,18,Other ethnic group: Arab,-8,Does not apply,15
E05014077,Eltham Page,18,Other ethnic group: Arab,1,L1 and L2: Large employers and higher managerial and administrative occupations,2
E05014077,Eltham Page,18,Other ethnic group: Arab,2,L3: Higher professional occupations,4
E05014077,Eltham Page,18,Other ethnic group: Arab,3,"L4, L5 and L6: Lower managerial, administrative and professional occupations",8
E05014077,Eltham Page,18,Other ethnic group: Arab,4,L7: Intermediate occupations,0
E05014077,Eltham Page,18,Other ethnic group: Arab,5,L8 and L9: Small employers and own account workers,3
E05014077,Eltham Page,18,Other ethnic group: Arab,6,L10 and L11: Lower supervisory and technical occupations,2
E05014077,Eltham Page,18,Other ethnic group: Arab,7,L12: Semi-routine occupations,1
E05014077,Eltham Page,18,Other ethnic group: Arab,8,L13: Routine occupations,5
E05014077,Eltham Page,18,Other ethnic group: Arab,9,L14.1: Never worked,4
E05014077,Eltham Page,18,Other ethnic group: Arab,10,L14.2: Long-term unemployed,3
E05014077,Eltham Page,18,Other ethnic group: Arab,11,L15: Full-time students,1
E05014077,Eltham Page,19,Other ethnic group: Any other ethnic group,-8,Does not apply,105
E05014077,Eltham Page,19,Other ethnic group: Any other ethnic group,1,L1 and L2: Large employers and higher managerial and administrative occupations,7
E05014077,Eltham Page,19,Other ethnic group: Any other ethnic group,2,L3: Higher professional occupations,17
E05014077,Eltham Page,19,Other ethnic group: Any other ethnic group,3,"L4, L5 and L6: Lower managerial, administrative and professional occupations",37
E05014077,Eltham Page,19,Other ethnic group: Any other ethnic group,4,L7: Intermediate occupations,23
E05014077,Eltham Page,19,Other ethnic group: Any other ethnic group,5,L8 and L9: Small employers and own account workers,39
E05014077,Eltham Page,19,Other ethnic group: Any other ethnic group,6,L10 and L11: Lower supervisory and technical occupations,16
E05014077,Eltham Page,19,Other ethnic group: Any other ethnic group,7,L12: Semi-routine occupations,21
E05014077,Eltham Page,19,Other ethnic group: Any other ethnic group,8,L13: Routine occupations,38
E05014077,Eltham Page,19,Other ethnic group: Any other ethnic group,9,L14.1: Never worked,24
E05014077,Eltham Page,19,Other ethnic group: Any other ethnic group,10,L14.2: Long-term unemployed,4
E05014077,Eltham Page,19,Other ethnic group: Any other ethnic group,11,L15: Full-time students,33
E05014078,Eltham Park & Progress,-8,Does not apply,-8,Does not apply,0
E05014078,Eltham Park & Progress,-8,Does not apply,1,L1 and L2: Large employers and higher managerial and administrative occupations,0
E05014078,Eltham Park & Progress,-8,Does not apply,2,L3: Higher professional occupations,0
E05014078,Eltham Park & Progress,-8,Does not apply,3,"L4, L5 and L6: Lower managerial, administrative and professional occupations",0
E05014078,Eltham Park & Progress,-8,Does not apply,4,L7: Intermediate occupations,0
E05014078,Eltham Park & Progress,-8,Does not apply,5,L8 and L9: Small employers and own account workers,0
E05014078,Eltham Park & Progress,-8,Does not apply,6,L10 and L11: Lower supervisory and technical occupations,0
E05014078,Eltham Park & Progress,-8,Does not apply,7,L12: Semi-routine occupations,0
E05014078,Eltham Park & Progress,-8,Does not apply,8,L13: Routine occupations,0
E05014078,Eltham Park & Progress,-8,Does not apply,9,L14.1: Never worked,0
E05014078,Eltham Park & Progress,-8,Does not apply,10,L14.2: Long-term unemployed,0
E05014078,Eltham Park & Progress,-8,Does not apply,11,L15: Full-time students,0
E05014078,Eltham Park & Progress,1,"Asian, Asian British or Asian Welsh: Bangladeshi",-8,Does not apply,5
E05014078,Eltham Park & Progress,1,"Asian, Asian British or Asian Welsh: Bangladeshi",1,L1 and L2: Large employers and higher managerial and administrative occupations,0
E05014078,Eltham Park & Progress,1,"Asian, Asian British or Asian Welsh: Bangladeshi",2,L3: Higher professional occupations,1
E05014078,Eltham Park & Progress,1,"Asian, Asian British or Asian Welsh: Bangladeshi",3,"L4, L5 and L6: Lower managerial, administrative and professional occupations",3
E05014078,Eltham Park & Progress,1,"Asian, Asian British or Asian Welsh: Bangladeshi",4,L7: Intermediate occupations,3
E05014078,Eltham Park & Progress,1,"Asian, Asian British or Asian Welsh: Bangladeshi",5,L8 and L9: Small employers and own account workers,1
E05014078,Eltham Park & Progress,1,"Asian, Asian British or Asian Welsh: Bangladeshi",6,L10 and L11: Lower supervisory and technical occupations,0
E05014078,Eltham Park & Progress,1,"Asian, Asian British or Asian Welsh: Bangladeshi",7,L12: Semi-routine occupations,2
E05014078,Eltham Park & Progress,1,"Asian, Asian British or Asian Welsh: Bangladeshi",8,L13: Routine occupations,0
E05014078,Eltham Park & Progress,1,"Asian, Asian British or Asian Welsh: Bangladeshi",9,L14.1: Never worked,1
E05014078,Eltham Park & Progress,1,"Asian, Asian British or Asian Welsh: Bangladeshi",10,L14.2: Long-term unemployed,0
E05014078,Eltham Park & Progress,1,"Asian, Asian British or Asian Welsh: Bangladeshi",11,L15: Full-time students,2
E05014078,Eltham Park & Progress,2,"Asian, Asian British or Asian Welsh: Chinese",-8,Does not apply,56
E05014078,Eltham Park & Progress,2,"Asian, Asian British or Asian Welsh: Chinese",1,L1 and L2: Large employers and higher managerial and administrative occupations,20
E05014078,Eltham Park & Progress,2,"Asian, Asian British or Asian Welsh: Chinese",2,L3: Higher professional occupations,40
E05014078,Eltham Park & Progress,2,"Asian, Asian British or Asian Welsh: Chinese",3,"L4, L5 and L6: Lower managerial, administrative and professional occupations",35
E05014078,Eltham Park & Progress,2,"Asian, Asian British or Asian Welsh: Chinese",4,L7: Intermediate occupations,15
E05014078,Eltham Park & Progress,2,"Asian, Asian British or Asian Welsh: Chinese",5,L8 and L9: Small employers and own account workers,24
E05014078,Eltham Park & Progress,2,"Asian, Asian British or Asian Welsh: Chinese",6,L10 and L11: Lower supervisory and technical occupations,8
E05014078,Eltham Park & Progress,2,"Asian, Asian British or Asian Welsh: Chinese",7,L12: Semi-routine occupations,12
E05014078,Eltham Park & Progress,2,"Asian, Asian British or Asian Welsh: Chinese",8,L13: Routine occupations,18
E05014078,Eltham Park & Progress,2,"Asian, Asian British or Asian Welsh: Chinese",9,L14.1: Never worked,8
E05014078,Eltham Park & Progress,2,"Asian, Asian British or Asian Welsh: Chinese",10,L14.2: Long-term unemployed,1
E05014078,Eltham Park & Progress,2,"Asian, Asian British or Asian Welsh: Chinese",11,L15: Full-time students,16
E05014078,Eltham Park & Progress,3,"Asian, Asian British or Asian Welsh: Indian",-8,Does not apply,33
E05014078,Eltham Park & Progress,3,"Asian, Asian British or Asian Welsh: Indian",1,L1 and L2: Large employers and higher managerial and administrative occupations,13
E05014078,Eltham Park & Progress,3,"Asian, Asian British or Asian Welsh: Indian",2,L3: Higher professional occupations,24
E05014078,Eltham Park & Progress,3,"Asian, Asian British or Asian Welsh: Indian",3,"L4, L5 and L6: Lower managerial, administrative and professional occupations",36
E05014078,Eltham Park & Progress,3,"Asian, Asian British or Asian Welsh: Indian",4,L7: Intermediate occupations,10
E05014078,Eltham Park & Progress,3,"Asian, Asian British or Asian Welsh: Indian",5,L8 and L9: Small employers and own account workers,13
E05014078,Eltham Park & Progress,3,"Asian, Asian British or Asian Welsh: Indian",6,L10 and L11: Lower supervisory and technical occupations,5
E05014078,Eltham Park & Progress,3,"Asian, Asian British or Asian Welsh: Indian",7,L12: Semi-routine occupations,10
E05014078,Eltham Park & Progress,3,"Asian, Asian British or Asian Welsh: Indian",8,L13: Routine occupations,5
E05014078,Eltham Park & Progress,3,"Asian, Asian British or Asian Welsh: Indian",9,L14.1: Never worked,9
E05014078,Eltham Park & Progress,3,"Asian, Asian British or Asian Welsh: Indian",10,L14.2: Long-term unemployed,5
E05014078,Eltham Park & Progress,3,"Asian, Asian British or Asian Welsh: Indian",11,L15: Full-time students,7
E05014078,Eltham Park & Progress,4,"Asian, Asian British or Asian Welsh: Pakistani",-8,Does not apply,7
E05014078,Eltham Park & Progress,4,"Asian, Asian British or Asian Welsh: Pakistani",1,L1 and L2: Large employers and higher managerial and administrative occupations,0
E05014078,Eltham Park & Progress,4,"Asian, Asian British or Asian Welsh: Pakistani",2,L3: Higher professional occupations,2
E05014078,Eltham Park & Progress,4,"Asian, Asian British or Asian Welsh: Pakistani",3,"L4, L5 and L6: Lower managerial, administrative and professional occupations",6
E05014078,Eltham Park & Progress,4,"Asian, Asian British or Asian Welsh: Pakistani",4,L7: Intermediate occupations,3
E05014078,Eltham Park & Progress,4,"Asian, Asian British or Asian Welsh: Pakistani",5,L8 and L9: Small employers and own account workers,1
E05014078,Eltham Park & Progress,4,"Asian, Asian British or Asian Welsh: Pakistani",6,L10 and L11: Lower supervisory and technical occupations,0
E05014078,Eltham Park & Progress,4,"Asian, Asian British or Asian Welsh: Pakistani",7,L12: Semi-routine occupations,1
E05014078,Eltham Park & Progress,4,"Asian, Asian British or Asian Welsh: Pakistani",8,L13: Routine occupations,1
E05014078,Eltham Park & Progress,4,"Asian, Asian British or Asian Welsh: Pakistani",9,L14.1: Never worked,8
E05014078,Eltham Park & Progress,4,"Asian, Asian British or Asian Welsh: Pakistani",10,L14.2: Long-term unemployed,2
E05014078,Eltham Park & Progress,4,"Asian, Asian British or Asian Welsh: Pakistani",11,L15: Full-time students,1
E05014078,Eltham Park & Progress,5,"Asian, Asian British or Asian Welsh: Other Asian",-8,Does not apply,38
E05014078,Eltham Park & Progress,5,"Asian, Asian British or Asian Welsh: Other Asian",1,L1 and L2: Large employers and higher managerial and administrative occupations,9
E05014078,Eltham Park & Progress,5,"Asian, Asian British or Asian Welsh: Other Asian",2,L3: Higher professional occupations,14
E05014078,Eltham Park & Progress,5,"Asian, Asian British or Asian Welsh: Other Asian",3,"L4, L5 and L6: Lower managerial, administrative and professional occupations",25
E05014078,Eltham Park & Progress,5,"Asian, Asian British or Asian Welsh: Other Asian",4,L7: Intermediate occupations,25
E05014078,Eltham Park & Progress,5,"Asian, Asian British or Asian Welsh: Other Asian",5,L8 and L9: Small employers and own account workers,14
E05014078,Eltham Park & Progress,5,"Asian, Asian British or Asian Welsh: Other Asian",6,L10 and L11: Lower supervisory and technical occupations,11
E05014078,Eltham Park & Progress,5,"Asian, Asian British or Asian Welsh: Other Asian",7,L12: Semi-routine occupations,36
E05014078,Eltham Park & Progress,5,"Asian, Asian British or Asian Welsh: Other Asian",8,L13: Routine occupations,19
E05014078,Eltham Park & Progress,5,"Asian, Asian British or Asian Welsh: Other Asian",9,L14.1: Never worked,37
E05014078,Eltham Park & Progress,5,"Asian, Asian British or Asian Welsh: Other Asian",10,L14.2: Long-term unemployed,2
E05014078,Eltham Park & Progress,5,"Asian, Asian British or Asian Welsh: Other Asian",11,L15: Full-time students,30
E05014078,Eltham Park & Progress,6,"Black, Black British, Black Welsh, Caribbean or African: African",-8,Does not apply,96
E05014078,Eltham Park & Progress,6,"Black, Black British, Black Welsh, Caribbean or African: African",1,L1 and L2: Large employers and higher managerial and administrative occupations,8
E05014078,Eltham Park & Progress,6,"Black, Black British, Black Welsh, Caribbean or African: African",2,L3: Higher professional occupations,29
E05014078,Eltham Park & Progress,6,"Black, Black British, Black Welsh, Caribbean or African: African",3,"L4, L5 and L6: Lower managerial, administrative and professional occupations",46
E05014078,Eltham Park & Progress,6,"Black, Black British, Black Welsh, Caribbean or African: African",4,L7: Intermediate occupations,22
E05014078,Eltham Park & Progress,6,"Black, Black British, Black Welsh, Caribbean or African: African",5,L8 and L9: Small employers and own account workers,22
E05014078,Eltham Park & Progress,6,"Black, Black British, Black Welsh, Caribbean or African: African",6,L10 and L11: Lower supervisory and technical occupations,9
E05014078,Eltham Park & Progress,6,"Black, Black British, Black Welsh, Caribbean or African: African",7,L12: Semi-routine occupations,29
E05014078,Eltham Park & Progress,6,"Black, Black British, Black Welsh, Caribbean or African: African",8,L13: Routine occupations,11
E05014078,Eltham Park & Progress,6,"Black, Black British, Black Welsh, Caribbean or African: African",9,L14.1: Never worked,19
E05014078,Eltham Park & Progress,6,"Black, Black British, Black Welsh, Caribbean or African: African",10,L14.2: Long-term unemployed,8
E05014078,Eltham Park & Progress,6,"Black, Black British, Black Welsh, Caribbean or African: African",11,L15: Full-time students,45
E05014078,Eltham Park & Progress,7,"Black, Black British, Black Welsh, Caribbean or African: Caribbean",-8,Does not apply,15
E05014078,Eltham Park & Progress,7,"Black, Black British, Black Welsh, Caribbean or African: Caribbean",1,L1 and L2: Large employers and higher managerial and administrative occupations,6
E05014078,Eltham Park & Progress,7,"Black, Black British, Black Welsh, Caribbean or African: Caribbean",2,L3: Higher professional occupations,6
E05014078,Eltham Park & Progress,7,"Black, Black British, Black Welsh, Caribbean or African: Caribbean",3,"L4, L5 and L6: Lower managerial, administrative and professional occupations",27
E05014078,Eltham Park & Progress,7,"Black, Black British, Black Welsh, Caribbean or African: Caribbean",4,L7: Intermediate occupations,11
E05014078,Eltham Park & Progress,7,"Black, Black British, Black Welsh, Caribbean or African: Caribbean",5,L8 and L9: Small employers and own account workers,13
E05014078,Eltham Park & Progress,7,"Black, Black British, Black Welsh, Caribbean or African: Caribbean",6,L10 and L11: Lower supervisory and technical occupations,7
E05014078,Eltham Park & Progress,7,"Black, Black British, Black Welsh, Caribbean or African: Caribbean",7,L12: Semi-routine occupations,7
E05014078,Eltham Park & Progress,7,"Black, Black British, Black Welsh, Caribbean or African: Caribbean",8,L13: Routine occupations,9
E05014078,Eltham Park & Progress,7,"Black, Black British, Black Welsh, Caribbean or African: Caribbean",9,L14.1: Never worked,11
E05014078,Eltham Park & Progress,7,"Black, Black British, Black Welsh, Caribbean or African: Caribbean",10,L14.2: Long-term unemployed,2
E05014078,Eltham Park & Progress,7,"Black, Black British, Black Welsh, Caribbean or African: Caribbean",11,L15: Full-time students,10
E05014078,Eltham Park & Progress,8,"Black, Black British, Black Welsh, Caribbean or African: Other Black",-8,Does not apply,25
E05014078,Eltham Park & Progress,8,"Black, Black British, Black Welsh, Caribbean or African: Other Black",1,L1 and L2: Large employers and higher managerial and administrative occupations,3
E05014078,Eltham Park & Progress,8,"Black, Black British, Black Welsh, Caribbean or African: Other Black",2,L3: Higher professional occupations,4
E05014078,Eltham Park & Progress,8,"Black, Black British, Black Welsh, Caribbean or African: Other Black",3,"L4, L5 and L6: Lower managerial, administrative and professional occupations",4
E05014078,Eltham Park & Progress,8,"Black, Black British, Black Welsh, Caribbean or African: Other Black",4,L7: Intermediate occupations,4
E05014078,Eltham Park & Progress,8,"Black, Black British, Black Welsh, Caribbean or African: Other Black",5,L8 and L9: Small employers and own account workers,3
E05014078,Eltham Park & Progress,8,"Black, Black British, Black Welsh, Caribbean or African: Other Black",6,L10 and L11: Lower supervisory and technical occupations,2
E05014078,Eltham Park & Progress,8,"Black, Black British, Black Welsh, Caribbean or African: Other Black",7,L12: Semi-routine occupations,3
E05014078,Eltham Park & Progress,8,"Black, Black British, Black Welsh, Caribbean or African: Other Black",8,L13: Routine occupations,5
E05014078,Eltham Park & Progress,8,"Black, Black British, Black Welsh, Caribbean or African: Other Black",9,L14.1: Never worked,3
E05014078,Eltham Park & Progress,8,"Black, Black British, Black Welsh, Caribbean or African: Other Black",10,L14.2: Long-term unemployed,0
E05014078,Eltham Park & Progress,8,"Black, Black British, Black Welsh, Caribbean or African: Other Black",11,L15: Full-time students,7
E05014078,Eltham Park & Progress,9,Mixed or Multiple ethnic groups: White and Asian,-8,Does not apply,76
E05014078,Eltham Park & Progress,9,Mixed or Multiple ethnic groups: White and Asian,1,L1 and L2: Large employers and higher managerial and administrative occupations,10
E05014078,Eltham Park & Progress,9,Mixed or Multiple ethnic groups: White and Asian,2,L3: Higher professional occupations,9
E05014078,Eltham Park & Progress,9,Mixed or Multiple ethnic groups: White and Asian,3,"L4, L5 and L6: Lower managerial, administrative and professional occupations",13
E05014078,Eltham Park & Progress,9,Mixed or Multiple ethnic groups: White and Asian,4,L7: Intermediate occupations,6
E05014078,Eltham Park & Progress,9,Mixed or Multiple ethnic groups: White and Asian,5,L8 and L9: Small employers and own account workers,3
E05014078,Eltham Park & Progress,9,Mixed or Multiple ethnic groups: White and Asian,6,L10 and L11: Lower supervisory and technical occupations,3
E05014078,Eltham Park & Progress,9,Mixed or Multiple ethnic groups: White and Asian,7,L12: Semi-routine occupations,6
E05014078,Eltham Park & Progress,9,Mixed or Multiple ethnic groups: White and Asian,8,L13: Routine occupations,2
E05014078,Eltham Park & Progress,9,Mixed or Multiple ethnic groups: White and Asian,9,L14.1: Never worked,4
E05014078,Eltham Park & Progress,9,Mixed or Multiple ethnic groups: White and Asian,10,L14.2: Long-term unemployed,0
E05014078,Eltham Park & Progress,9,Mixed or Multiple ethnic groups: White and Asian,11,L15: Full-time students,9
E05014078,Eltham Park & Progress,10,Mixed or Multiple ethnic groups: White and Black African,-8,Does not apply,42
E05014078,Eltham Park & Progress,10,Mixed or Multiple ethnic groups: White and Black African,1,L1 and L2: Large employers and higher managerial and administrative occupations,2
E05014078,Eltham Park & Progress,10,Mixed or Multiple ethnic groups: White and Black African,2,L3: Higher professional occupations,8
E05014078,Eltham Park & Progress,10,Mixed or Multiple ethnic groups: White and Black African,3,"L4, L5 and L6: Lower managerial, administrative and professional occupations",9
E05014078,Eltham Park & Progress,10,Mixed or Multiple ethnic groups: White and Black African,4,L7: Intermediate occupations,3
E05014078,Eltham Park & Progress,10,Mixed or Multiple ethnic groups: White and Black African,5,L8 and L9: Small employers and own account workers,1
E05014078,Eltham Park & Progress,10,Mixed or Multiple ethnic groups: White and Black African,6,L10 and L11: Lower supervisory and technical occupations,0
E05014078,Eltham Park & Progress,10,Mixed or Multiple ethnic groups: White and Black African,7,L12: Semi-routine occupations,1
E05014078,Eltham Park & Progress,10,Mixed or Multiple ethnic groups: White and Black African,8,L13: Routine occupations,0
E05014078,Eltham Park & Progress,10,Mixed or Multiple ethnic groups: White and Black African,9,L14.1: Never worked,1
E05014078,Eltham Park & Progress,10,Mixed or Multiple ethnic groups: White and Black African,10,L14.2: Long-term unemployed,1
E05014078,Eltham Park & Progress,10,Mixed or Multiple ethnic groups: White and Black African,11,L15: Full-time students,4
E05014078,Eltham Park & Progress,11,Mixed or Multiple ethnic groups: White and Black Caribbean,-8,Does not apply,50
E05014078,Eltham Park & Progress,11,Mixed or Multiple ethnic groups: White and Black Caribbean,1,L1 and L2: Large employers and higher managerial and administrative occupations,4
E05014078,Eltham Park & Progress,11,Mixed or Multiple ethnic groups: White and Black Caribbean,2,L3: Higher professional occupations,5
E05014078,Eltham Park & Progress,11,Mixed or Multiple ethnic groups: White and Black Caribbean,3,"L4, L5 and L6: Lower managerial, administrative and professional occupations",15
E05014078,Eltham Park & Progress,11,Mixed or Multiple ethnic groups: White and Black Caribbean,4,L7: Intermediate occupations,7
E05014078,Eltham Park & Progress,11,Mixed or Multiple ethnic groups: White and Black Caribbean,5,L8 and L9: Small employers and own account workers,7
E05014078,Eltham Park & Progress,11,Mixed or Multiple ethnic groups: White and Black Caribbean,6,L10 and L11: Lower supervisory and technical occupations,4
E05014078,Eltham Park & Progress,11,Mixed or Multiple ethnic groups: White and Black Caribbean,7,L12: Semi-routine occupations,7
E05014078,Eltham Park & Progress,11,Mixed or Multiple ethnic groups: White and Black Caribbean,8,L13: Routine occupations,3
E05014078,Eltham Park & Progress,11,Mixed or Multiple ethnic groups: White and Black Caribbean,9,L14.1: Never worked,4
E05014078,Eltham Park & Progress,11,Mixed or Multiple ethnic groups: White and Black Caribbean,10,L14.2: Long-term unemployed,6
E05014078,Eltham Park & Progress,11,Mixed or Multiple ethnic groups: White and Black Caribbean,11,L15: Full-time students,7
E05014078,Eltham Park & Progress,12,Mixed or Multiple ethnic groups: Other Mixed or Multiple ethnic groups,-8,Does not apply,62
E05014078,Eltham Park & Progress,12,Mixed or Multiple ethnic groups: Other Mixed or Multiple ethnic groups,1,L1 and L2: Large employers and higher managerial and administrative occupations,6
E05014078,Eltham Park & Progress,12,Mixed or Multiple ethnic groups: Other Mixed or Multiple ethnic groups,2,L3: Higher professional occupations,12
E05014078,Eltham Park & Progress,12,Mixed or Multiple ethnic groups: Other Mixed or Multiple ethnic groups,3,"L4, L5 and L6: Lower managerial, administrative and professional occupations",19
E05014078,Eltham Park & Progress,12,Mixed or Multiple ethnic groups: Other Mixed or Multiple ethnic groups,4,L7: Intermediate occupations,9
E05014078,Eltham Park & Progress,12,Mixed or Multiple ethnic groups: Other Mixed or Multiple ethnic groups,5,L8 and L9: Small employers and own account workers,13
E05014078,Eltham Park & Progress,12,Mixed or Multiple ethnic groups: Other Mixed or Multiple ethnic groups,6,L10 and L11: Lower supervisory and technical occupations,1
E05014078,Eltham Park & Progress,12,Mixed or Multiple ethnic groups: Other Mixed or Multiple ethnic groups,7,L12: Semi-routine occupations,7
E05014078,Eltham Park & Progress,12,Mixed or Multiple ethnic groups: Other Mixed or Multiple ethnic groups,8,L13: Routine occupations,4
E05014078,Eltham Park & Progress,12,Mixed or Multiple ethnic groups: Other Mixed or Multiple ethnic groups,9,L14.1: Never worked,9
E05014078,Eltham Park & Progress,12,Mixed or Multiple ethnic groups: Other Mixed or Multiple ethnic groups,10,L14.2: Long-term unemployed,3
E05014078,Eltham Park & Progress,12,Mixed or Multiple ethnic groups: Other Mixed or Multiple ethnic groups,11,L15: Full-time students,6
E05014078,Eltham Park & Progress,13,"White: English, Welsh, Scottish, Northern Irish or British",-8,Does not apply,1462
E05014078,Eltham Park & Progress,13,"White: English, Welsh, Scottish, Northern Irish or British",1,L1 and L2: Large employers and higher managerial and administrative occupations,373
E05014078,Eltham Park & Progress,13,"White: English, Welsh, Scottish, Northern Irish or British",2,L3: Higher professional occupations,673
E05014078,Eltham Park & Progress,13,"White: English, Welsh, Scottish, Northern Irish or British",3,"L4, L5 and L6: Lower managerial, administrative and professional occupations",1537
E05014078,Eltham Park & Progress,13,"White: English, Welsh, Scottish, Northern Irish or British",4,L7: Intermediate occupations,933
E05014078,Eltham Park & Progress,13,"White: English, Welsh, Scottish, Northern Irish or British",5,L8 and L9: Small employers and own account workers,631
E05014078,Eltham Park & Progress,13,"White: English, Welsh, Scottish, Northern Irish or British",6,L10 and L11: Lower supervisory and technical occupations,290
E05014078,Eltham Park & Progress,13,"White: English, Welsh, Scottish, Northern Irish or British",7,L12: Semi-routine occupations,551
E05014078,Eltham Park & Progress,13,"White: English, Welsh, Scottish, Northern Irish or British",8,L13: Routine occupations,485
E05014078,Eltham Park & Progress,13,"White: English, Welsh, Scottish, Northern Irish or British",9,L14.1: Never worked,322
E05014078,Eltham Park & Progress,13,"White: English, Welsh, Scottish, Northern Irish or British",10,L14.2: Long-term unemployed,69
E05014078,Eltham Park & Progress,13,"White: English, Welsh, Scottish, Northern Irish or British",11,L15: Full-time students,258
E05014078,Eltham Park & Progress,14,White: Irish,-8,Does not apply,6
E05014078,Eltham Park & Progress,14,White: Irish,1,L1 and L2: Large employers and higher managerial and administrative occupations,10
E05014078,Eltham Park & Progress,14,White: Irish,2,L3: Higher professional occupations,26
E05014078,Eltham Park & Progress,14,White: Irish,3,"L4, L5 and L6: Lower managerial, administrative and professional occupations",56
E05014078,Eltham Park & Progress,14,White: Irish,4,L7: Intermediate occupations,20
E05014078,Eltham Park & Progress,14,White: Irish,5,L8 and L9: Small employers and own account workers,22
E05014078,Eltham Park & Progress,14,White: Irish,6,L10 and L11: Lower supervisory and technical occupations,11
E05014078,Eltham Park & Progress,14,White: Irish,7,L12: Semi-routine occupations,20
E05014078,Eltham Park & Progress,14,White: Irish,8,L13: Routine occupations,9
E05014078,Eltham Park & Progress,14,White: Irish,9,L14.1: Never worked,7
E05014078,Eltham Park & Progress,14,White: Irish,10,L14.2: Long-term unemployed,2
E05014078,Eltham Park & Progress,14,White: Irish,11,L15: Full-time students,9
E05014078,Eltham Park & Progress,15,White: Gypsy or Irish Traveller,-8,Does not apply,1
E05014078,Eltham Park & Progress,15,White: Gypsy or Irish Traveller,1,L1 and L2: Large employers and higher managerial and administrative occupations,0
E05014078,Eltham Park & Progress,15,White: Gypsy or Irish Traveller,2,L3: Higher professional occupations,0
E05014078,Eltham Park & Progress,15,White: Gypsy or Irish Traveller,3,"L4, L5 and L6: Lower managerial, administrative and professional occupations",0
E05014078,Eltham Park & Progress,15,White: Gypsy or Irish Traveller,4,L7: Intermediate occupations,0
E05014078,Eltham Park & Progress,15,White: Gypsy or Irish Traveller,5,L8 and L9: Small employers and own account workers,0
E05014078,Eltham Park & Progress,15,White: Gypsy or Irish Traveller,6,L10 and L11: Lower supervisory and technical occupations,0
E05014078,Eltham Park & Progress,15,White: Gypsy or Irish Traveller,7,L12: Semi-routine occupations,3
E05014078,Eltham Park & Progress,15,White: Gypsy or Irish Traveller,8,L13: Routine occupations,0
E05014078,Eltham Park & Progress,15,White: Gypsy or Irish Traveller,9,L14.1: Never worked,1
E05014078,Eltham Park & Progress,15,White: Gypsy or Irish Traveller,10,L14.2: Long-term unemployed,0
E05014078,Eltham Park & Progress,15,White: Gypsy or Irish Traveller,11,L15: Full-time students,0
E05014078,Eltham Park & Progress,16,White: Roma,-8,Does not apply,4
E05014078,Eltham Park & Progress,16,White: Roma,1,L1 and L2: Large employers and higher managerial and administrative occupations,0
E05014078,Eltham Park & Progress,16,White: Roma,2,L3: Higher professional occupations,0
E05014078,Eltham Park & Progress,16,White: Roma,3,"L4, L5 and L6: Lower managerial, administrative and professional occupations",4
E05014078,Eltham Park & Progress,16,White: Roma,4,L7: Intermediate occupations,2
E05014078,Eltham Park & Progress,16,White: Roma,5,L8 and L9: Small employers and own account workers,2
E05014078,Eltham Park & Progress,16,White: Roma,6,L10 and L11: Lower supervisory and technical occupations,0
E05014078,Eltham Park & Progress,16,White: Roma,7,L12: Semi-routine occupations,1
E05014078,Eltham Park & Progress,16,White: Roma,8,L13: Routine occupations,2
E05014078,Eltham Park & Progress,16,White: Roma,9,L14.1: Never worked,1
E05014078,Eltham Park & Progress,16,White: Roma,10,L14.2: Long-term unemployed,0
E05014078,Eltham Park & Progress,16,White: Roma,11,L15: Full-time students,2
E05014078,Eltham Park & Progress,17,White: Other White,-8,Does not apply,195
E05014078,Eltham Park & Progress,17,White: Other White,1,L1 and L2: Large employers and higher managerial and administrative occupations,79
E05014078,Eltham Park & Progress,17,White: Other White,2,L3: Higher professional occupations,147
E05014078,Eltham Park & Progress,17,White: Other White,3,"L4, L5 and L6: Lower managerial, administrative and professional occupations",192
E05014078,Eltham Park & Progress,17,White: Other White,4,L7: Intermediate occupations,86
E05014078,Eltham Park & Progress,17,White: Other White,5,L8 and L9: Small employers and own account workers,128
E05014078,Eltham Park & Progress,17,White: Other White,6,L10 and L11: Lower supervisory and technical occupations,29
E05014078,Eltham Park & Progress,17,White: Other White,7,L12: Semi-routine occupations,41
E05014078,Eltham Park & Progress,17,White: Other White,8,L13: Routine occupations,47
E05014078,Eltham Park & Progress,17,White: Other White,9,L14.1: Never worked,13
E05014078,Eltham Park & Progress,17,White: Other White,10,L14.2: Long-term unemployed,6
E05014078,Eltham Park & Progress,17,White: Other White,11,L15: Full-time students,43
E05014078,Eltham Park & Progress,18,Other ethnic group: Arab,-8,Does not apply,9
E05014078,Eltham Park & Progress,18,Other ethnic group: Arab,1,L1 and L2: Large employers and higher managerial and administrative occupations,1
E05014078,Eltham Park & Progress,18,Other ethnic group: Arab,2,L3: Higher professional occupations,1
E05014078,Eltham Park & Progress,18,Other ethnic group: Arab,3,"L4, L5 and L6: Lower managerial, administrative and professional occupations",5
E05014078,Eltham Park & Progress,18,Other ethnic group: Arab,4,L7: Intermediate occupations,2
E05014078,Eltham Park & Progress,18,Other ethnic group: Arab,5,L8 and L9: Small employers and own account workers,1
E05014078,Eltham Park & Progress,18,Other ethnic group: Arab,6,L10 and L11: Lower supervisory and technical occupations,2
E05014078,Eltham Park & Progress,18,Other ethnic group: Arab,7,L12: Semi-routine occupations,1
E05014078,Eltham Park & Progress,18,Other ethnic group: Arab,8,L13: Routine occupations,1
E05014078,Eltham Park & Progress,18,Other ethnic group: Arab,9,L14.1: Never worked,2
E05014078,Eltham Park & Progress,18,Other ethnic group: Arab,10,L14.2: Long-term unemployed,0
E05014078,Eltham Park & Progress,18,Other ethnic group: Arab,11,L15: Full-time students,1
E05014078,Eltham Park & Progress,19,Other ethnic group: Any other ethnic group,-8,Does not apply,25
E05014078,Eltham Park & Progress,19,Other ethnic group: Any other ethnic group,1,L1 and L2: Large employers and higher managerial and administrative occupations,0
E05014078,Eltham Park & Progress,19,Other ethnic group: Any other ethnic group,2,L3: Higher professional occupations,26
E05014078,Eltham Park & Progress,19,Other ethnic group: Any other ethnic group,3,"L4, L5 and L6: Lower managerial, administrative and professional occupations",19
E05014078,Eltham Park & Progress,19,Other ethnic group: Any other ethnic group,4,L7: Intermediate occupations,15
E05014078,Eltham Park & Progress,19,Other ethnic group: Any other ethnic group,5,L8 and L9: Small employers and own account workers,32
E05014078,Eltham Park & Progress,19,Other ethnic group: Any other ethnic group,6,L10 and L11: Lower supervisory and technical occupations,2
E05014078,Eltham Park & Progress,19,Other ethnic group: Any other ethnic group,7,L12: Semi-routine occupations,14
E05014078,Eltham Park & Progress,19,Other ethnic group: Any other ethnic group,8,L13: Routine occupations,22
E05014078,Eltham Park & Progress,19,Other ethnic group: Any other ethnic group,9,L14.1: Never worked,20
E05014078,Eltham Park & Progress,19,Other ethnic group: Any other ethnic group,10,L14.2: Long-term unemployed,4
E05014078,Eltham Park & Progress,19,Other ethnic group: Any other ethnic group,11,L15: Full-time students,9
E05014079,Eltham Town & Avery Hill,-8,Does not apply,-8,Does not apply,0
E05014079,Eltham Town & Avery Hill,-8,Does not apply,1,L1 and L2: Large employers and higher managerial and administrative occupations,0
E05014079,Eltham Town & Avery Hill,-8,Does not apply,2,L3: Higher professional occupations,0
E05014079,Eltham Town & Avery Hill,-8,Does not apply,3,"L4, L5 and L6: Lower managerial, administrative and professional occupations",0
E05014079,Eltham Town & Avery Hill,-8,Does not apply,4,L7: Intermediate occupations,0
E05014079,Eltham Town & Avery Hill,-8,Does not apply,5,L8 and L9: Small employers and own account workers,0
E05014079,Eltham Town & Avery Hill,-8,Does not apply,6,L10 and L11: Lower supervisory and technical occupations,0
E05014079,Eltham Town & Avery Hill,-8,Does not apply,7,L12: Semi-routine occupations,0
E05014079,Eltham Town & Avery Hill,-8,Does not apply,8,L13: Routine occupations,0
E05014079,Eltham Town & Avery Hill,-8,Does not apply,9,L14.1: Never worked,0
E05014079,Eltham Town & Avery Hill,-8,Does not apply,10,L14.2: Long-term unemployed,0
E05014079,Eltham Town & Avery Hill,-8,Does not apply,11,L15: Full-time students,0
E05014079,Eltham Town & Avery Hill,1,"Asian, Asian British or Asian Welsh: Bangladeshi",-8,Does not apply,18
E05014079,Eltham Town & Avery Hill,1,"Asian, Asian British or Asian Welsh: Bangladeshi",1,L1 and L2: Large employers and higher managerial and administrative occupations,4
E05014079,Eltham Town & Avery Hill,1,"Asian, Asian British or Asian Welsh: Bangladeshi",2,L3: Higher professional occupations,5
E05014079,Eltham Town & Avery Hill,1,"Asian, Asian British or Asian Welsh: Bangladeshi",3,"L4, L5 and L6: Lower managerial, administrative and professional occupations",10
E05014079,Eltham Town & Avery Hill,1,"Asian, Asian British or Asian Welsh: Bangladeshi",4,L7: Intermediate occupations,7
E05014079,Eltham Town & Avery Hill,1,"Asian, Asian British or Asian Welsh: Bangladeshi",5,L8 and L9: Small employers and own account workers,7
E05014079,Eltham Town & Avery Hill,1,"Asian, Asian British or Asian Welsh: Bangladeshi",6,L10 and L11: Lower supervisory and technical occupations,0
E05014079,Eltham Town & Avery Hill,1,"Asian, Asian British or Asian Welsh: Bangladeshi",7,L12: Semi-routine occupations,8
E05014079,Eltham Town & Avery Hill,1,"Asian, Asian British or Asian Welsh: Bangladeshi",8,L13: Routine occupations,8
E05014079,Eltham Town & Avery Hill,1,"Asian, Asian British or Asian Welsh: Bangladeshi",9,L14.1: Never worked,9
E05014079,Eltham Town & Avery Hill,1,"Asian, Asian British or Asian Welsh: Bangladeshi",10,L14.2: Long-term unemployed,2
E05014079,Eltham Town & Avery Hill,1,"Asian, Asian British or Asian Welsh: Bangladeshi",11,L15: Full-time students,14
E05014079,Eltham Town & Avery Hill,2,"Asian, Asian British or Asian Welsh: Chinese",-8,Does not apply,53
E05014079,Eltham Town & Avery Hill,2,"Asian, Asian British or Asian Welsh: Chinese",1,L1 and L2: Large employers and higher managerial and administrative occupations,9
E05014079,Eltham Town & Avery Hill,2,"Asian, Asian British or Asian Welsh: Chinese",2,L3: Higher professional occupations,44
E05014079,Eltham Town & Avery Hill,2,"Asian, Asian British or Asian Welsh: Chinese",3,"L4, L5 and L6: Lower managerial, administrative and professional occupations",45
E05014079,Eltham Town & Avery Hill,2,"Asian, Asian British or Asian Welsh: Chinese",4,L7: Intermediate occupations,25
E05014079,Eltham Town & Avery Hill,2,"Asian, Asian British or Asian Welsh: Chinese",5,L8 and L9: Small employers and own account workers,27
E05014079,Eltham Town & Avery Hill,2,"Asian, Asian British or Asian Welsh: Chinese",6,L10 and L11: Lower supervisory and technical occupations,14
E05014079,Eltham Town & Avery Hill,2,"Asian, Asian British or Asian Welsh: Chinese",7,L12: Semi-routine occupations,8
E05014079,Eltham Town & Avery Hill,2,"Asian, Asian British or Asian Welsh: Chinese",8,L13: Routine occupations,11
E05014079,Eltham Town & Avery Hill,2,"Asian, Asian British or Asian Welsh: Chinese",9,L14.1: Never worked,11
E05014079,Eltham Town & Avery Hill,2,"Asian, Asian British or Asian Welsh: Chinese",10,L14.2: Long-term unemployed,2
E05014079,Eltham Town & Avery Hill,2,"Asian, Asian British or Asian Welsh: Chinese",11,L15: Full-time students,9
E05014079,Eltham Town & Avery Hill,3,"Asian, Asian British or Asian Welsh: Indian",-8,Does not apply,90
E05014079,Eltham Town & Avery Hill,3,"Asian, Asian British or Asian Welsh: Indian",1,L1 and L2: Large employers and higher managerial and administrative occupations,42
E05014079,Eltham Town & Avery Hill,3,"Asian, Asian British or Asian Welsh: Indian",2,L3: Higher professional occupations,67
E05014079,Eltham Town & Avery Hill,3,"Asian, Asian British or Asian Welsh: Indian",3,"L4, L5 and L6: Lower managerial, administrative and professional occupations",80
E05014079,Eltham Town & Avery Hill,3,"Asian, Asian British or Asian Welsh: Indian",4,L7: Intermediate occupations,31
E05014079,Eltham Town & Avery Hill,3,"Asian, Asian British or Asian Welsh: Indian",5,L8 and L9: Small employers and own account workers,39
E05014079,Eltham Town & Avery Hill,3,"Asian, Asian British or Asian Welsh: Indian",6,L10 and L11: Lower supervisory and technical occupations,3
E05014079,Eltham Town & Avery Hill,3,"Asian, Asian British or Asian Welsh: Indian",7,L12: Semi-routine occupations,28
E05014079,Eltham Town & Avery Hill,3,"Asian, Asian British or Asian Welsh: Indian",8,L13: Routine occupations,9
E05014079,Eltham Town & Avery Hill,3,"Asian, Asian British or Asian Welsh: Indian",9,L14.1: Never worked,16
E05014079,Eltham Town & Avery Hill,3,"Asian, Asian British or Asian Welsh: Indian",10,L14.2: Long-term unemployed,3
E05014079,Eltham Town & Avery Hill,3,"Asian, Asian British or Asian Welsh: Indian",11,L15: Full-time students,50
E05014079,Eltham Town & Avery Hill,4,"Asian, Asian British or Asian Welsh: Pakistani",-8,Does not apply,21
E05014079,Eltham Town & Avery Hill,4,"Asian, Asian British or Asian Welsh: Pakistani",1,L1 and L2: Large employers and higher managerial and administrative occupations,0
E05014079,Eltham Town & Avery Hill,4,"Asian, Asian British or Asian Welsh: Pakistani",2,L3: Higher professional occupations,10
E05014079,Eltham Town & Avery Hill,4,"Asian, Asian British or Asian Welsh: Pakistani",3,"L4, L5 and L6: Lower managerial, administrative and professional occupations",23
E05014079,Eltham Town & Avery Hill,4,"Asian, Asian British or Asian Welsh: Pakistani",4,L7: Intermediate occupations,15
E05014079,Eltham Town & Avery Hill,4,"Asian, Asian British or Asian Welsh: Pakistani",5,L8 and L9: Small employers and own account workers,8
E05014079,Eltham Town & Avery Hill,4,"Asian, Asian British or Asian Welsh: Pakistani",6,L10 and L11: Lower supervisory and technical occupations,1
E05014079,Eltham Town & Avery Hill,4,"Asian, Asian British or Asian Welsh: Pakistani",7,L12: Semi-routine occupations,1
E05014079,Eltham Town & Avery Hill,4,"Asian, Asian British or Asian Welsh: Pakistani",8,L13: Routine occupations,0
E05014079,Eltham Town & Avery Hill,4,"Asian, Asian British or Asian Welsh: Pakistani",9,L14.1: Never worked,10
E05014079,Eltham Town & Avery Hill,4,"Asian, Asian British or Asian Welsh: Pakistani",10,L14.2: Long-term unemployed,2
E05014079,Eltham Town & Avery Hill,4,"Asian, Asian British or Asian Welsh: Pakistani",11,L15: Full-time students,10
E05014079,Eltham Town & Avery Hill,5,"Asian, Asian British or Asian Welsh: Other Asian",-8,Does not apply,64
E05014079,Eltham Town & Avery Hill,5,"Asian, Asian British or Asian Welsh: Other Asian",1,L1 and L2: Large employers and higher managerial and administrative occupations,8
E05014079,Eltham Town & Avery Hill,5,"Asian, Asian British or Asian Welsh: Other Asian",2,L3: Higher professional occupations,39
E05014079,Eltham Town & Avery Hill,5,"Asian, Asian British or Asian Welsh: Other Asian",3,"L4, L5 and L6: Lower managerial, administrative and professional occupations",65
E05014079,Eltham Town & Avery Hill,5,"Asian, Asian British or Asian Welsh: Other Asian",4,L7: Intermediate occupations,25
E05014079,Eltham Town & Avery Hill,5,"Asian, Asian British or Asian Welsh: Other Asian",5,L8 and L9: Small employers and own account workers,16
E05014079,Eltham Town & Avery Hill,5,"Asian, Asian British or Asian Welsh: Other Asian",6,L10 and L11: Lower supervisory and technical occupations,10
E05014079,Eltham Town & Avery Hill,5,"Asian, Asian British or Asian Welsh: Other Asian",7,L12: Semi-routine occupations,25
E05014079,Eltham Town & Avery Hill,5,"Asian, Asian British or Asian Welsh: Other Asian",8,L13: Routine occupations,19
E05014079,Eltham Town & Avery Hill,5,"Asian, Asian British or Asian Welsh: Other Asian",9,L14.1: Never worked,34
E05014079,Eltham Town & Avery Hill,5,"Asian, Asian British or Asian Welsh: Other Asian",10,L14.2: Long-term unemployed,1
E05014079,Eltham Town & Avery Hill,5,"Asian, Asian British or Asian Welsh: Other Asian",11,L15: Full-time students,51
E05014079,Eltham Town & Avery Hill,6,"Black, Black British, Black Welsh, Caribbean or African: African",-8,Does not apply,252
E05014079,Eltham Town & Avery Hill,6,"Black, Black British, Black Welsh, Caribbean or African: African",1,L1 and L2: Large employers and higher managerial and administrative occupations,17
E05014079,Eltham Town & Avery Hill,6,"Black, Black British, Black Welsh, Caribbean or African: African",2,L3: Higher professional occupations,48
E05014079,Eltham Town & Avery Hill,6,"Black, Black British, Black Welsh, Caribbean or African: African",3,"L4, L5 and L6: Lower managerial, administrative and professional occupations",150
E05014079,Eltham Town & Avery Hill,6,"Black, Black British, Black Welsh, Caribbean or African: African",4,L7: Intermediate occupations,47
E05014079,Eltham Town & Avery Hill,6,"Black, Black British, Black Welsh, Caribbean or African: African",5,L8 and L9: Small employers and own account workers,44
E05014079,Eltham Town & Avery Hill,6,"Black, Black British, Black Welsh, Caribbean or African: African",6,L10 and L11: Lower supervisory and technical occupations,29
E05014079,Eltham Town & Avery Hill,6,"Black, Black British, Black Welsh, Caribbean or African: African",7,L12: Semi-routine occupations,79
E05014079,Eltham Town & Avery Hill,6,"Black, Black British, Black Welsh, Caribbean or African: African",8,L13: Routine occupations,52
E05014079,Eltham Town & Avery Hill,6,"Black, Black British, Black Welsh, Caribbean or African: African",9,L14.1: Never worked,34
E05014079,Eltham Town & Avery Hill,6,"Black, Black British, Black Welsh, Caribbean or African: African",10,L14.2: Long-term unemployed,10
E05014079,Eltham Town & Avery Hill,6,"Black, Black British, Black Welsh, Caribbean or African: African",11,L15: Full-time students,136
E05014079,Eltham Town & Avery Hill,7,"Black, Black British, Black Welsh, Caribbean or African: Caribbean",-8,Does not apply,20
E05014079,Eltham Town & Avery Hill,7,"Black, Black British, Black Welsh, Caribbean or African: Caribbean",1,L1 and L2: Large employers and higher managerial and administrative occupations,4
E05014079,Eltham Town & Avery Hill,7,"Black, Black British, Black Welsh, Caribbean or African: Caribbean",2,L3: Higher professional occupations,14
E05014079,Eltham Town & Avery Hill,7,"Black, Black British, Black Welsh, Caribbean or African: Caribbean",3,"L4, L5 and L6: Lower managerial, administrative and professional occupations",25
E05014079,Eltham Town & Avery Hill,7,"Black, Black British, Black Welsh, Caribbean or African: Caribbean",4,L7: Intermediate occupations,22
E05014079,Eltham Town & Avery Hill,7,"Black, Black British, Black Welsh, Caribbean or African: Caribbean",5,L8 and L9: Small employers and own account workers,13
E05014079,Eltham Town & Avery Hill,7,"Black, Black British, Black Welsh, Caribbean or African: Caribbean",6,L10 and L11: Lower supervisory and technical occupations,4
E05014079,Eltham Town & Avery Hill,7,"Black, Black British, Black Welsh, Caribbean or African: Caribbean",7,L12: Semi-routine occupations,21
E05014079,Eltham Town & Avery Hill,7,"Black, Black British, Black Welsh, Caribbean or African: Caribbean",8,L13: Routine occupations,9
E05014079,Eltham Town & Avery Hill,7,"Black, Black British, Black Welsh, Caribbean or African: Caribbean",9,L14.1: Never worked,10
E05014079,Eltham Town & Avery Hill,7,"Black, Black British, Black Welsh, Caribbean or African: Caribbean",10,L14.2: Long-term unemployed,5
E05014079,Eltham Town & Avery Hill,7,"Black, Black British, Black Welsh, Caribbean or African: Caribbean",11,L15: Full-time students,18
E05014079,Eltham Town & Avery Hill,8,"Black, Black British, Black Welsh, Caribbean or African: Other Black",-8,Does not apply,90
E05014079,Eltham Town & Avery Hill,8,"Black, Black British, Black Welsh, Caribbean or African: Other Black",1,L1 and L2: Large employers and higher managerial and administrative occupations,1
E05014079,Eltham Town & Avery Hill,8,"Black, Black British, Black Welsh, Caribbean or African: Other Black",2,L3: Higher professional occupations,9
E05014079,Eltham Town & Avery Hill,8,"Black, Black British, Black Welsh, Caribbean or African: Other Black",3,"L4, L5 and L6: Lower managerial, administrative and professional occupations",13
E05014079,Eltham Town & Avery Hill,8,"Black, Black British, Black Welsh, Caribbean or African: Other Black",4,L7: Intermediate occupations,9
E05014079,Eltham Town & Avery Hill,8,"Black, Black British, Black Welsh, Caribbean or African: Other Black",5,L8 and L9: Small employers and own account workers,3
E05014079,Eltham Town & Avery Hill,8,"Black, Black British, Black Welsh, Caribbean or African: Other Black",6,L10 and L11: Lower supervisory and technical occupations,1
E05014079,Eltham Town & Avery Hill,8,"Black, Black British, Black Welsh, Caribbean or African: Other Black",7,L12: Semi-routine occupations,4
E05014079,Eltham Town & Avery Hill,8,"Black, Black British, Black Welsh, Caribbean or African: Other Black",8,L13: Routine occupations,8
E05014079,Eltham Town & Avery Hill,8,"Black, Black British, Black Welsh, Caribbean or African: Other Black",9,L14.1: Never worked,11
E05014079,Eltham Town & Avery Hill,8,"Black, Black British, Black Welsh, Caribbean or African: Other Black",10,L14.2: Long-term unemployed,4
E05014079,Eltham Town & Avery Hill,8,"Black, Black British, Black Welsh, Caribbean or African: Other Black",11,L15: Full-time students,19
E05014079,Eltham Town & Avery Hill,9,Mixed or Multiple ethnic groups: White and Asian,-8,Does not apply,91
E05014079,Eltham Town & Avery Hill,9,Mixed or Multiple ethnic groups: White and Asian,1,L1 and L2: Large employers and higher managerial and administrative occupations,7
E05014079,Eltham Town & Avery Hill,9,Mixed or Multiple ethnic groups: White and Asian,2,L3: Higher professional occupations,14
E05014079,Eltham Town & Avery Hill,9,Mixed or Multiple ethnic groups: White and Asian,3,"L4, L5 and L6: Lower managerial, administrative and professional occupations",20
E05014079,Eltham Town & Avery Hill,9,Mixed or Multiple ethnic groups: White and Asian,4,L7: Intermediate occupations,13
E05014079,Eltham Town & Avery Hill,9,Mixed or Multiple ethnic groups: White and Asian,5,L8 and L9: Small employers and own account workers,3
E05014079,Eltham Town & Avery Hill,9,Mixed or Multiple ethnic groups: White and Asian,6,L10 and L11: Lower supervisory and technical occupations,2
E05014079,Eltham Town & Avery Hill,9,Mixed or Multiple ethnic groups: White and Asian,7,L12: Semi-routine occupations,7
E05014079,Eltham Town & Avery Hill,9,Mixed or Multiple ethnic groups: White and Asian,8,L13: Routine occupations,3
E05014079,Eltham Town & Avery Hill,9,Mixed or Multiple ethnic groups: White and Asian,9,L14.1: Never worked,3
E05014079,Eltham Town & Avery Hill,9,Mixed or Multiple ethnic groups: White and Asian,10,L14.2: Long-term unemployed,2
E05014079,Eltham Town & Avery Hill,9,Mixed or Multiple ethnic groups: White and Asian,11,L15: Full-time students,18
E05014079,Eltham Town & Avery Hill,10,Mixed or Multiple ethnic groups: White and Black African,-8,Does not apply,36
E05014079,Eltham Town & Avery Hill,10,Mixed or Multiple ethnic groups: White and Black African,1,L1 and L2: Large employers and higher managerial and administrative occupations,0
E05014079,Eltham Town & Avery Hill,10,Mixed or Multiple ethnic groups: White and Black African,2,L3: Higher professional occupations,7
E05014079,Eltham Town & Avery Hill,10,Mixed or Multiple ethnic groups: White and Black African,3,"L4, L5 and L6: Lower managerial, administrative and professional occupations",10
E05014079,Eltham Town & Avery Hill,10,Mixed or Multiple ethnic groups: White and Black African,4,L7: Intermediate occupations,2
E05014079,Eltham Town & Avery Hill,10,Mixed or Multiple ethnic groups: White and Black African,5,L8 and L9: Small employers and own account workers,4
E05014079,Eltham Town & Avery Hill,10,Mixed or Multiple ethnic groups: White and Black African,6,L10 and L11: Lower supervisory and technical occupations,4
E05014079,Eltham Town & Avery Hill,10,Mixed or Multiple ethnic groups: White and Black African,7,L12: Semi-routine occupations,2
E05014079,Eltham Town & Avery Hill,10,Mixed or Multiple ethnic groups: White and Black African,8,L13: Routine occupations,6
E05014079,Eltham Town & Avery Hill,10,Mixed or Multiple ethnic groups: White and Black African,9,L14.1: Never worked,5
E05014079,Eltham Town & Avery Hill,10,Mixed or Multiple ethnic groups: White and Black African,10,L14.2: Long-term unemployed,1
E05014079,Eltham Town & Avery Hill,10,Mixed or Multiple ethnic groups: White and Black African,11,L15: Full-time students,12
E05014079,Eltham Town & Avery Hill,11,Mixed or Multiple ethnic groups: White and Black Caribbean,-8,Does not apply,82
E05014079,Eltham Town & Avery Hill,11,Mixed or Multiple ethnic groups: White and Black Caribbean,1,L1 and L2: Large employers and higher managerial and administrative occupations,3
E05014079,Eltham Town & Avery Hill,11,Mixed or Multiple ethnic groups: White and Black Caribbean,2,L3: Higher professional occupations,8
E05014079,Eltham Town & Avery Hill,11,Mixed or Multiple ethnic groups: White and Black Caribbean,3,"L4, L5 and L6: Lower managerial, administrative and professional occupations",22
E05014079,Eltham Town & Avery Hill,11,Mixed or Multiple ethnic groups: White and Black Caribbean,4,L7: Intermediate occupations,12
E05014079,Eltham Town & Avery Hill,11,Mixed or Multiple ethnic groups: White and Black Caribbean,5,L8 and L9: Small employers and own account workers,9
E05014079,Eltham Town & Avery Hill,11,Mixed or Multiple ethnic groups: White and Black Caribbean,6,L10 and L11: Lower supervisory and technical occupations,6
E05014079,Eltham Town & Avery Hill,11,Mixed or Multiple ethnic groups: White and Black Caribbean,7,L12: Semi-routine occupations,11
E05014079,Eltham Town & Avery Hill,11,Mixed or Multiple ethnic groups: White and Black Caribbean,8,L13: Routine occupations,9
E05014079,Eltham Town & Avery Hill,11,Mixed or Multiple ethnic groups: White and Black Caribbean,9,L14.1: Never worked,10
E05014079,Eltham Town & Avery Hill,11,Mixed or Multiple ethnic groups: White and Black Caribbean,10,L14.2: Long-term unemployed,3
E05014079,Eltham Town & Avery Hill,11,Mixed or Multiple ethnic groups: White and Black Caribbean,11,L15: Full-time students,16
E05014079,Eltham Town & Avery Hill,12,Mixed or Multiple ethnic groups: Other Mixed or Multiple ethnic groups,-8,Does not apply,83
E05014079,Eltham Town & Avery Hill,12,Mixed or Multiple ethnic groups: Other Mixed or Multiple ethnic groups,1,L1 and L2: Large employers and higher managerial and administrative occupations,3
E05014079,Eltham Town & Avery Hill,12,Mixed or Multiple ethnic groups: Other Mixed or Multiple ethnic groups,2,L3: Higher professional occupations,11
E05014079,Eltham Town & Avery Hill,12,Mixed or Multiple ethnic groups: Other Mixed or Multiple ethnic groups,3,"L4, L5 and L6: Lower managerial, administrative and professional occupations",31
E05014079,Eltham Town & Avery Hill,12,Mixed or Multiple ethnic groups: Other Mixed or Multiple ethnic groups,4,L7: Intermediate occupations,11
E05014079,Eltham Town & Avery Hill,12,Mixed or Multiple ethnic groups: Other Mixed or Multiple ethnic groups,5,L8 and L9: Small employers and own account workers,12
E05014079,Eltham Town & Avery Hill,12,Mixed or Multiple ethnic groups: Other Mixed or Multiple ethnic groups,6,L10 and L11: Lower supervisory and technical occupations,5
E05014079,Eltham Town & Avery Hill,12,Mixed or Multiple ethnic groups: Other Mixed or Multiple ethnic groups,7,L12: Semi-routine occupations,13
E05014079,Eltham Town & Avery Hill,12,Mixed or Multiple ethnic groups: Other Mixed or Multiple ethnic groups,8,L13: Routine occupations,5
E05014079,Eltham Town & Avery Hill,12,Mixed or Multiple ethnic groups: Other Mixed or Multiple ethnic groups,9,L14.1: Never worked,6
E05014079,Eltham Town & Avery Hill,12,Mixed or Multiple ethnic groups: Other Mixed or Multiple ethnic groups,10,L14.2: Long-term unemployed,5
E05014079,Eltham Town & Avery Hill,12,Mixed or Multiple ethnic groups: Other Mixed or Multiple ethnic groups,11,L15: Full-time students,21
E05014079,Eltham Town & Avery Hill,13,"White: English, Welsh, Scottish, Northern Irish or British",-8,Does not apply,1674
E05014079,Eltham Town & Avery Hill,13,"White: English, Welsh, Scottish, Northern Irish or British",1,L1 and L2: Large employers and higher managerial and administrative occupations,453
E05014079,Eltham Town & Avery Hill,13,"White: English, Welsh, Scottish, Northern Irish or British",2,L3: Higher professional occupations,839
E05014079,Eltham Town & Avery Hill,13,"White: English, Welsh, Scottish, Northern Irish or British",3,"L4, L5 and L6: Lower managerial, administrative and professional occupations",1786
E05014079,Eltham Town & Avery Hill,13,"White: English, Welsh, Scottish, Northern Irish or British",4,L7: Intermediate occupations,1120
E05014079,Eltham Town & Avery Hill,13,"White: English, Welsh, Scottish, Northern Irish or British",5,L8 and L9: Small employers and own account workers,911
E05014079,Eltham Town & Avery Hill,13,"White: English, Welsh, Scottish, Northern Irish or British",6,L10 and L11: Lower supervisory and technical occupations,341
E05014079,Eltham Town & Avery Hill,13,"White: English, Welsh, Scottish, Northern Irish or British",7,L12: Semi-routine occupations,753
E05014079,Eltham Town & Avery Hill,13,"White: English, Welsh, Scottish, Northern Irish or British",8,L13: Routine occupations,663
E05014079,Eltham Town & Avery Hill,13,"White: English, Welsh, Scottish, Northern Irish or British",9,L14.1: Never worked,544
E05014079,Eltham Town & Avery Hill,13,"White: English, Welsh, Scottish, Northern Irish or British",10,L14.2: Long-term unemployed,94
E05014079,Eltham Town & Avery Hill,13,"White: English, Welsh, Scottish, Northern Irish or British",11,L15: Full-time students,661
E05014079,Eltham Town & Avery Hill,14,White: Irish,-8,Does not apply,11
E05014079,Eltham Town & Avery Hill,14,White: Irish,1,L1 and L2: Large employers and higher managerial and administrative occupations,20
E05014079,Eltham Town & Avery Hill,14,White: Irish,2,L3: Higher professional occupations,39
E05014079,Eltham Town & Avery Hill,14,White: Irish,3,"L4, L5 and L6: Lower managerial, administrative and professional occupations",100
E05014079,Eltham Town & Avery Hill,14,White: Irish,4,L7: Intermediate occupations,46
E05014079,Eltham Town & Avery Hill,14,White: Irish,5,L8 and L9: Small employers and own account workers,43
E05014079,Eltham Town & Avery Hill,14,White: Irish,6,L10 and L11: Lower supervisory and technical occupations,8
E05014079,Eltham Town & Avery Hill,14,White: Irish,7,L12: Semi-routine occupations,25
E05014079,Eltham Town & Avery Hill,14,White: Irish,8,L13: Routine occupations,19
E05014079,Eltham Town & Avery Hill,14,White: Irish,9,L14.1: Never worked,15
E05014079,Eltham Town & Avery Hill,14,White: Irish,10,L14.2: Long-term unemployed,1
E05014079,Eltham Town & Avery Hill,14,White: Irish,11,L15: Full-time students,11
E05014079,Eltham Town & Avery Hill,15,White: Gypsy or Irish Traveller,-8,Does not apply,3
E05014079,Eltham Town & Avery Hill,15,White: Gypsy or Irish Traveller,1,L1 and L2: Large employers and higher managerial and administrative occupations,0
E05014079,Eltham Town & Avery Hill,15,White: Gypsy or Irish Traveller,2,L3: Higher professional occupations,0
E05014079,Eltham Town & Avery Hill,15,White: Gypsy or Irish Traveller,3,"L4, L5 and L6: Lower managerial, administrative and professional occupations",1
E05014079,Eltham Town & Avery Hill,15,White: Gypsy or Irish Traveller,4,L7: Intermediate occupations,0
E05014079,Eltham Town & Avery Hill,15,White: Gypsy or Irish Traveller,5,L8 and L9: Small employers and own account workers,0
E05014079,Eltham Town & Avery Hill,15,White: Gypsy or Irish Traveller,6,L10 and L11: Lower supervisory and technical occupations,0
E05014079,Eltham Town & Avery Hill,15,White: Gypsy or Irish Traveller,7,L12: Semi-routine occupations,0
E05014079,Eltham Town & Avery Hill,15,White: Gypsy or Irish Traveller,8,L13: Routine occupations,1
E05014079,Eltham Town & Avery Hill,15,White: Gypsy or Irish Traveller,9,L14.1: Never worked,2
E05014079,Eltham Town & Avery Hill,15,White: Gypsy or Irish Traveller,10,L14.2: Long-term unemployed,0
E05014079,Eltham Town & Avery Hill,15,White: Gypsy or Irish Traveller,11,L15: Full-time students,0
E05014079,Eltham Town & Avery Hill,16,White: Roma,-8,Does not apply,5
E05014079,Eltham Town & Avery Hill,16,White: Roma,1,L1 and L2: Large employers and higher managerial and administrative occupations,0
E05014079,Eltham Town & Avery Hill,16,White: Roma,2,L3: Higher professional occupations,4
E05014079,Eltham Town & Avery Hill,16,White: Roma,3,"L4, L5 and L6: Lower managerial, administrative and professional occupations",8
E05014079,Eltham Town & Avery Hill,16,White: Roma,4,L7: Intermediate occupations,0
E05014079,Eltham Town & Avery Hill,16,White: Roma,5,L8 and L9: Small employers and own account workers,3
E05014079,Eltham Town & Avery Hill,16,White: Roma,6,L10 and L11: Lower supervisory and technical occupations,5
E05014079,Eltham Town & Avery Hill,16,White: Roma,7,L12: Semi-routine occupations,3
E05014079,Eltham Town & Avery Hill,16,White: Roma,8,L13: Routine occupations,6
E05014079,Eltham Town & Avery Hill,16,White: Roma,9,L14.1: Never worked,3
E05014079,Eltham Town & Avery Hill,16,White: Roma,10,L14.2: Long-term unemployed,0
E05014079,Eltham Town & Avery Hill,16,White: Roma,11,L15: Full-time students,6
E05014079,Eltham Town & Avery Hill,17,White: Other White,-8,Does not apply,256
E05014079,Eltham Town & Avery Hill,17,White: Other White,1,L1 and L2: Large employers and higher managerial and administrative occupations,92
E05014079,Eltham Town & Avery Hill,17,White: Other White,2,L3: Higher professional occupations,196
E05014079,Eltham Town & Avery Hill,17,White: Other White,3,"L4, L5 and L6: Lower managerial, administrative and professional occupations",310
E05014079,Eltham Town & Avery Hill,17,White: Other White,4,L7: Intermediate occupations,117
E05014079,Eltham Town & Avery Hill,17,White: Other White,5,L8 and L9: Small employers and own account workers,251
E05014079,Eltham Town & Avery Hill,17,White: Other White,6,L10 and L11: Lower supervisory and technical occupations,71
E05014079,Eltham Town & Avery Hill,17,White: Other White,7,L12: Semi-routine occupations,76
E05014079,Eltham Town & Avery Hill,17,White: Other White,8,L13: Routine occupations,132
E05014079,Eltham Town & Avery Hill,17,White: Other White,9,L14.1: Never worked,37
E05014079,Eltham Town & Avery Hill,17,White: Other White,10,L14.2: Long-term unemployed,9
E05014079,Eltham Town & Avery Hill,17,White: Other White,11,L15: Full-time students,164
E05014079,Eltham Town & Avery Hill,18,Other ethnic group: Arab,-8,Does not apply,9
E05014079,Eltham Town & Avery Hill,18,Other ethnic group: Arab,1,L1 and L2: Large employers and higher managerial and administrative occupations,2
E05014079,Eltham Town & Avery Hill,18,Other ethnic group: Arab,2,L3: Higher professional occupations,7
E05014079,Eltham Town & Avery Hill,18,Other ethnic group: Arab,3,"L4, L5 and L6: Lower managerial, administrative and professional occupations",8
E05014079,Eltham Town & Avery Hill,18,Other ethnic group: Arab,4,L7: Intermediate occupations,4
E05014079,Eltham Town & Avery Hill,18,Other ethnic group: Arab,5,L8 and L9: Small employers and own account workers,5
E05014079,Eltham Town & Avery Hill,18,Other ethnic group: Arab,6,L10 and L11: Lower supervisory and technical occupations,1
E05014079,Eltham Town & Avery Hill,18,Other ethnic group: Arab,7,L12: Semi-routine occupations,1
E05014079,Eltham Town & Avery Hill,18,Other ethnic group: Arab,8,L13: Routine occupations,2
E05014079,Eltham Town & Avery Hill,18,Other ethnic group: Arab,9,L14.1: Never worked,4
E05014079,Eltham Town & Avery Hill,18,Other ethnic group: Arab,10,L14.2: Long-term unemployed,2
E05014079,Eltham Town & Avery Hill,18,Other ethnic group: Arab,11,L15: Full-time students,10
E05014079,Eltham Town & Avery Hill,19,Other ethnic group: Any other ethnic group,-8,Does not apply,73
E05014079,Eltham Town & Avery Hill,19,Other ethnic group: Any other ethnic group,1,L1 and L2: Large employers and higher managerial and administrative occupations,5
E05014079,Eltham Town & Avery Hill,19,Other ethnic group: Any other ethnic group,2,L3: Higher professional occupations,26
E05014079,Eltham Town & Avery Hill,19,Other ethnic group: Any other ethnic group,3,"L4, L5 and L6: Lower managerial, administrative and professional occupations",37
E05014079,Eltham Town & Avery Hill,19,Other ethnic group: Any other ethnic group,4,L7: Intermediate occupations,23
E05014079,Eltham Town & Avery Hill,19,Other ethnic group: Any other ethnic group,5,L8 and L9: Small employers and own account workers,70
E05014079,Eltham Town & Avery Hill,19,Other ethnic group: Any other ethnic group,6,L10 and L11: Lower supervisory and technical occupations,15
E05014079,Eltham Town & Avery Hill,19,Other ethnic group: Any other ethnic group,7,L12: Semi-routine occupations,21
E05014079,Eltham Town & Avery Hill,19,Other ethnic group: Any other ethnic group,8,L13: Routine occupations,30
E05014079,Eltham Town & Avery Hill,19,Other ethnic group: Any other ethnic group,9,L14.1: Never worked,33
E05014079,Eltham Town & Avery Hill,19,Other ethnic group: Any other ethnic group,10,L14.2: Long-term unemployed,4
E05014079,Eltham Town & Avery Hill,19,Other ethnic group: Any other ethnic group,11,L15: Full-time students,45
E05014080,Greenwich Creekside,-8,Does not apply,-8,Does not apply,0
E05014080,Greenwich Creekside,-8,Does not apply,1,L1 and L2: Large employers and higher managerial and administrative occupations,0
E05014080,Greenwich Creekside,-8,Does not apply,2,L3: Higher professional occupations,0
E05014080,Greenwich Creekside,-8,Does not apply,3,"L4, L5 and L6: Lower managerial, administrative and professional occupations",0
E05014080,Greenwich Creekside,-8,Does not apply,4,L7: Intermediate occupations,0
E05014080,Greenwich Creekside,-8,Does not apply,5,L8 and L9: Small employers and own account workers,0
E05014080,Greenwich Creekside,-8,Does not apply,6,L10 and L11: Lower supervisory and technical occupations,0
E05014080,Greenwich Creekside,-8,Does not apply,7,L12: Semi-routine occupations,0
E05014080,Greenwich Creekside,-8,Does not apply,8,L13: Routine occupations,0
E05014080,Greenwich Creekside,-8,Does not apply,9,L14.1: Never worked,0
E05014080,Greenwich Creekside,-8,Does not apply,10,L14.2: Long-term unemployed,0
E05014080,Greenwich Creekside,-8,Does not apply,11,L15: Full-time students,0
E05014080,Greenwich Creekside,1,"Asian, Asian British or Asian Welsh: Bangladeshi",-8,Does not apply,18
E05014080,Greenwich Creekside,1,"Asian, Asian British or Asian Welsh: Bangladeshi",1,L1 and L2: Large employers and higher managerial and administrative occupations,1
E05014080,Greenwich Creekside,1,"Asian, Asian British or Asian Welsh: Bangladeshi",2,L3: Higher professional occupations,3
E05014080,Greenwich Creekside,1,"Asian, Asian British or Asian Welsh: Bangladeshi",3,"L4, L5 and L6: Lower managerial, administrative and professional occupations",7
E05014080,Greenwich Creekside,1,"Asian, Asian British or Asian Welsh: Bangladeshi",4,L7: Intermediate occupations,7
E05014080,Greenwich Creekside,1,"Asian, Asian British or Asian Welsh: Bangladeshi",5,L8 and L9: Small employers and own account workers,4
E05014080,Greenwich Creekside,1,"Asian, Asian British or Asian Welsh: Bangladeshi",6,L10 and L11: Lower supervisory and technical occupations,1
E05014080,Greenwich Creekside,1,"Asian, Asian British or Asian Welsh: Bangladeshi",7,L12: Semi-routine occupations,3
E05014080,Greenwich Creekside,1,"Asian, Asian British or Asian Welsh: Bangladeshi",8,L13: Routine occupations,1
E05014080,Greenwich Creekside,1,"Asian, Asian British or Asian Welsh: Bangladeshi",9,L14.1: Never worked,9
E05014080,Greenwich Creekside,1,"Asian, Asian British or Asian Welsh: Bangladeshi",10,L14.2: Long-term unemployed,2
E05014080,Greenwich Creekside,1,"Asian, Asian British or Asian Welsh: Bangladeshi",11,L15: Full-time students,15
E05014080,Greenwich Creekside,2,"Asian, Asian British or Asian Welsh: Chinese",-8,Does not apply,47
E05014080,Greenwich Creekside,2,"Asian, Asian British or Asian Welsh: Chinese",1,L1 and L2: Large employers and higher managerial and administrative occupations,42
E05014080,Greenwich Creekside,2,"Asian, Asian British or Asian Welsh: Chinese",2,L3: Higher professional occupations,119
E05014080,Greenwich Creekside,2,"Asian, Asian British or Asian Welsh: Chinese",3,"L4, L5 and L6: Lower managerial, administrative and professional occupations",67
E05014080,Greenwich Creekside,2,"Asian, Asian British or Asian Welsh: Chinese",4,L7: Intermediate occupations,33
E05014080,Greenwich Creekside,2,"Asian, Asian British or Asian Welsh: Chinese",5,L8 and L9: Small employers and own account workers,27
E05014080,Greenwich Creekside,2,"Asian, Asian British or Asian Welsh: Chinese",6,L10 and L11: Lower supervisory and technical occupations,15
E05014080,Greenwich Creekside,2,"Asian, Asian British or Asian Welsh: Chinese",7,L12: Semi-routine occupations,14
E05014080,Greenwich Creekside,2,"Asian, Asian British or Asian Welsh: Chinese",8,L13: Routine occupations,22
E05014080,Greenwich Creekside,2,"Asian, Asian British or Asian Welsh: Chinese",9,L14.1: Never worked,30
E05014080,Greenwich Creekside,2,"Asian, Asian British or Asian Welsh: Chinese",10,L14.2: Long-term unemployed,3
E05014080,Greenwich Creekside,2,"Asian, Asian British or Asian Welsh: Chinese",11,L15: Full-time students,91
E05014080,Greenwich Creekside,3,"Asian, Asian British or Asian Welsh: Indian",-8,Does not apply,54
E05014080,Greenwich Creekside,3,"Asian, Asian British or Asian Welsh: Indian",1,L1 and L2: Large employers and higher managerial and administrative occupations,70
E05014080,Greenwich Creekside,3,"Asian, Asian British or Asian Welsh: Indian",2,L3: Higher professional occupations,139
E05014080,Greenwich Creekside,3,"Asian, Asian British or Asian Welsh: Indian",3,"L4, L5 and L6: Lower managerial, administrative and professional occupations",77
E05014080,Greenwich Creekside,3,"Asian, Asian British or Asian Welsh: Indian",4,L7: Intermediate occupations,16
E05014080,Greenwich Creekside,3,"Asian, Asian British or Asian Welsh: Indian",5,L8 and L9: Small employers and own account workers,13
E05014080,Greenwich Creekside,3,"Asian, Asian British or Asian Welsh: Indian",6,L10 and L11: Lower supervisory and technical occupations,4
E05014080,Greenwich Creekside,3,"Asian, Asian British or Asian Welsh: Indian",7,L12: Semi-routine occupations,12
E05014080,Greenwich Creekside,3,"Asian, Asian British or Asian Welsh: Indian",8,L13: Routine occupations,4
E05014080,Greenwich Creekside,3,"Asian, Asian British or Asian Welsh: Indian",9,L14.1: Never worked,9
E05014080,Greenwich Creekside,3,"Asian, Asian British or Asian Welsh: Indian",10,L14.2: Long-term unemployed,6
E05014080,Greenwich Creekside,3,"Asian, Asian British or Asian Welsh: Indian",11,L15: Full-time students,64
E05014080,Greenwich Creekside,4,"Asian, Asian British or Asian Welsh: Pakistani",-8,Does not apply,10
E05014080,Greenwich Creekside,4,"Asian, Asian British or Asian Welsh: Pakistani",1,L1 and L2: Large employers and higher managerial and administrative occupations,8
E05014080,Greenwich Creekside,4,"Asian, Asian British or Asian Welsh: Pakistani",2,L3: Higher professional occupations,8
E05014080,Greenwich Creekside,4,"Asian, Asian British or Asian Welsh: Pakistani",3,"L4, L5 and L6: Lower managerial, administrative and professional occupations",12
E05014080,Greenwich Creekside,4,"Asian, Asian British or Asian Welsh: Pakistani",4,L7: Intermediate occupations,5
E05014080,Greenwich Creekside,4,"Asian, Asian British or Asian Welsh: Pakistani",5,L8 and L9: Small employers and own account workers,3
E05014080,Greenwich Creekside,4,"Asian, Asian British or Asian Welsh: Pakistani",6,L10 and L11: Lower supervisory and technical occupations,1
E05014080,Greenwich Creekside,4,"Asian, Asian British or Asian Welsh: Pakistani",7,L12: Semi-routine occupations,1
E05014080,Greenwich Creekside,4,"Asian, Asian British or Asian Welsh: Pakistani",8,L13: Routine occupations,2
E05014080,Greenwich Creekside,4,"Asian, Asian British or Asian Welsh: Pakistani",9,L14.1: Never worked,4
E05014080,Greenwich Creekside,4,"Asian, Asian British or Asian Welsh: Pakistani",10,L14.2: Long-term unemployed,2
E05014080,Greenwich Creekside,4,"Asian, Asian British or Asian Welsh: Pakistani",11,L15: Full-time students,18
E05014080,Greenwich Creekside,5,"Asian, Asian British or Asian Welsh: Other Asian",-8,Does not apply,64
E05014080,Greenwich Creekside,5,"Asian, Asian British or Asian Welsh: Other Asian",1,L1 and L2: Large employers and higher managerial and administrative occupations,18
E05014080,Greenwich Creekside,5,"Asian, Asian British or Asian Welsh: Other Asian",2,L3: Higher professional occupations,43
E05014080,Greenwich Creekside,5,"Asian, Asian British or Asian Welsh: Other Asian",3,"L4, L5 and L6: Lower managerial, administrative and professional occupations",52
E05014080,Greenwich Creekside,5,"Asian, Asian British or Asian Welsh: Other Asian",4,L7: Intermediate occupations,19
E05014080,Greenwich Creekside,5,"Asian, Asian British or Asian Welsh: Other Asian",5,L8 and L9: Small employers and own account workers,17
E05014080,Greenwich Creekside,5,"Asian, Asian British or Asian Welsh: Other Asian",6,L10 and L11: Lower supervisory and technical occupations,11
E05014080,Greenwich Creekside,5,"Asian, Asian British or Asian Welsh: Other Asian",7,L12: Semi-routine occupations,45
E05014080,Greenwich Creekside,5,"Asian, Asian British or Asian Welsh: Other Asian",8,L13: Routine occupations,19
E05014080,Greenwich Creekside,5,"Asian, Asian British or Asian Welsh: Other Asian",9,L14.1: Never worked,29
E05014080,Greenwich Creekside,5,"Asian, Asian British or Asian Welsh: Other Asian",10,L14.2: Long-term unemployed,7
E05014080,Greenwich Creekside,5,"Asian, Asian British or Asian Welsh: Other Asian",11,L15: Full-time students,64
E05014080,Greenwich Creekside,6,"Black, Black British, Black Welsh, Caribbean or African: African",-8,Does not apply,346
E05014080,Greenwich Creekside,6,"Black, Black British, Black Welsh, Caribbean or African: African",1,L1 and L2: Large employers and higher managerial and administrative occupations,21
E05014080,Greenwich Creekside,6,"Black, Black British, Black Welsh, Caribbean or African: African",2,L3: Higher professional occupations,93
E05014080,Greenwich Creekside,6,"Black, Black British, Black Welsh, Caribbean or African: African",3,"L4, L5 and L6: Lower managerial, administrative and professional occupations",163
E05014080,Greenwich Creekside,6,"Black, Black British, Black Welsh, Caribbean or African: African",4,L7: Intermediate occupations,81
E05014080,Greenwich Creekside,6,"Black, Black British, Black Welsh, Caribbean or African: African",5,L8 and L9: Small employers and own account workers,71
E05014080,Greenwich Creekside,6,"Black, Black British, Black Welsh, Caribbean or African: African",6,L10 and L11: Lower supervisory and technical occupations,33
E05014080,Greenwich Creekside,6,"Black, Black British, Black Welsh, Caribbean or African: African",7,L12: Semi-routine occupations,155
E05014080,Greenwich Creekside,6,"Black, Black British, Black Welsh, Caribbean or African: African",8,L13: Routine occupations,88
E05014080,Greenwich Creekside,6,"Black, Black British, Black Welsh, Caribbean or African: African",9,L14.1: Never worked,92
E05014080,Greenwich Creekside,6,"Black, Black British, Black Welsh, Caribbean or African: African",10,L14.2: Long-term unemployed,25
E05014080,Greenwich Creekside,6,"Black, Black British, Black Welsh, Caribbean or African: African",11,L15: Full-time students,201
E05014080,Greenwich Creekside,7,"Black, Black British, Black Welsh, Caribbean or African: Caribbean",-8,Does not apply,57
E05014080,Greenwich Creekside,7,"Black, Black British, Black Welsh, Caribbean or African: Caribbean",1,L1 and L2: Large employers and higher managerial and administrative occupations,14
E05014080,Greenwich Creekside,7,"Black, Black British, Black Welsh, Caribbean or African: Caribbean",2,L3: Higher professional occupations,19
E05014080,Greenwich Creekside,7,"Black, Black British, Black Welsh, Caribbean or African: Caribbean",3,"L4, L5 and L6: Lower managerial, administrative and professional occupations",41
E05014080,Greenwich Creekside,7,"Black, Black British, Black Welsh, Caribbean or African: Caribbean",4,L7: Intermediate occupations,37
E05014080,Greenwich Creekside,7,"Black, Black British, Black Welsh, Caribbean or African: Caribbean",5,L8 and L9: Small employers and own account workers,27
E05014080,Greenwich Creekside,7,"Black, Black British, Black Welsh, Caribbean or African: Caribbean",6,L10 and L11: Lower supervisory and technical occupations,16
E05014080,Greenwich Creekside,7,"Black, Black British, Black Welsh, Caribbean or African: Caribbean",7,L12: Semi-routine occupations,42
E05014080,Greenwich Creekside,7,"Black, Black British, Black Welsh, Caribbean or African: Caribbean",8,L13: Routine occupations,20
E05014080,Greenwich Creekside,7,"Black, Black British, Black Welsh, Caribbean or African: Caribbean",9,L14.1: Never worked,22
E05014080,Greenwich Creekside,7,"Black, Black British, Black Welsh, Caribbean or African: Caribbean",10,L14.2: Long-term unemployed,9
E05014080,Greenwich Creekside,7,"Black, Black British, Black Welsh, Caribbean or African: Caribbean",11,L15: Full-time students,27
E05014080,Greenwich Creekside,8,"Black, Black British, Black Welsh, Caribbean or African: Other Black",-8,Does not apply,139
E05014080,Greenwich Creekside,8,"Black, Black British, Black Welsh, Caribbean or African: Other Black",1,L1 and L2: Large employers and higher managerial and administrative occupations,3
E05014080,Greenwich Creekside,8,"Black, Black British, Black Welsh, Caribbean or African: Other Black",2,L3: Higher professional occupations,5
E05014080,Greenwich Creekside,8,"Black, Black British, Black Welsh, Caribbean or African: Other Black",3,"L4, L5 and L6: Lower managerial, administrative and professional occupations",30
E05014080,Greenwich Creekside,8,"Black, Black British, Black Welsh, Caribbean or African: Other Black",4,L7: Intermediate occupations,12
E05014080,Greenwich Creekside,8,"Black, Black British, Black Welsh, Caribbean or African: Other Black",5,L8 and L9: Small employers and own account workers,13
E05014080,Greenwich Creekside,8,"Black, Black British, Black Welsh, Caribbean or African: Other Black",6,L10 and L11: Lower supervisory and technical occupations,5
E05014080,Greenwich Creekside,8,"Black, Black British, Black Welsh, Caribbean or African: Other Black",7,L12: Semi-routine occupations,24
E05014080,Greenwich Creekside,8,"Black, Black British, Black Welsh, Caribbean or African: Other Black",8,L13: Routine occupations,5
E05014080,Greenwich Creekside,8,"Black, Black British, Black Welsh, Caribbean or African: Other Black",9,L14.1: Never worked,20
E05014080,Greenwich Creekside,8,"Black, Black British, Black Welsh, Caribbean or African: Other Black",10,L14.2: Long-term unemployed,3
E05014080,Greenwich Creekside,8,"Black, Black British, Black Welsh, Caribbean or African: Other Black",11,L15: Full-time students,48
E05014080,Greenwich Creekside,9,Mixed or Multiple ethnic groups: White and Asian,-8,Does not apply,66
E05014080,Greenwich Creekside,9,Mixed or Multiple ethnic groups: White and Asian,1,L1 and L2: Large employers and higher managerial and administrative occupations,8
E05014080,Greenwich Creekside,9,Mixed or Multiple ethnic groups: White and Asian,2,L3: Higher professional occupations,23
E05014080,Greenwich Creekside,9,Mixed or Multiple ethnic groups: White and Asian,3,"L4, L5 and L6: Lower managerial, administrative and professional occupations",22
E05014080,Greenwich Creekside,9,Mixed or Multiple ethnic groups: White and Asian,4,L7: Intermediate occupations,3
E05014080,Greenwich Creekside,9,Mixed or Multiple ethnic groups: White and Asian,5,L8 and L9: Small employers and own account workers,3
E05014080,Greenwich Creekside,9,Mixed or Multiple ethnic groups: White and Asian,6,L10 and L11: Lower supervisory and technical occupations,3
E05014080,Greenwich Creekside,9,Mixed or Multiple ethnic groups: White and Asian,7,L12: Semi-routine occupations,6
E05014080,Greenwich Creekside,9,Mixed or Multiple ethnic groups: White and Asian,8,L13: Routine occupations,1
E05014080,Greenwich Creekside,9,Mixed or Multiple ethnic groups: White and Asian,9,L14.1: Never worked,3
E05014080,Greenwich Creekside,9,Mixed or Multiple ethnic groups: White and Asian,10,L14.2: Long-term unemployed,0
E05014080,Greenwich Creekside,9,Mixed or Multiple ethnic groups: White and Asian,11,L15: Full-time students,29
E05014080,Greenwich Creekside,10,Mixed or Multiple ethnic groups: White and Black African,-8,Does not apply,50
E05014080,Greenwich Creekside,10,Mixed or Multiple ethnic groups: White and Black African,1,L1 and L2: Large employers and higher managerial and administrative occupations,4
E05014080,Greenwich Creekside,10,Mixed or Multiple ethnic groups: White and Black African,2,L3: Higher professional occupations,12
E05014080,Greenwich Creekside,10,Mixed or Multiple ethnic groups: White and Black African,3,"L4, L5 and L6: Lower managerial, administrative and professional occupations",5
E05014080,Greenwich Creekside,10,Mixed or Multiple ethnic groups: White and Black African,4,L7: Intermediate occupations,8
E05014080,Greenwich Creekside,10,Mixed or Multiple ethnic groups: White and Black African,5,L8 and L9: Small employers and own account workers,3
E05014080,Greenwich Creekside,10,Mixed or Multiple ethnic groups: White and Black African,6,L10 and L11: Lower supervisory and technical occupations,1
E05014080,Greenwich Creekside,10,Mixed or Multiple ethnic groups: White and Black African,7,L12: Semi-routine occupations,10
E05014080,Greenwich Creekside,10,Mixed or Multiple ethnic groups: White and Black African,8,L13: Routine occupations,6
E05014080,Greenwich Creekside,10,Mixed or Multiple ethnic groups: White and Black African,9,L14.1: Never worked,5
E05014080,Greenwich Creekside,10,Mixed or Multiple ethnic groups: White and Black African,10,L14.2: Long-term unemployed,2
E05014080,Greenwich Creekside,10,Mixed or Multiple ethnic groups: White and Black African,11,L15: Full-time students,18
E05014080,Greenwich Creekside,11,Mixed or Multiple ethnic groups: White and Black Caribbean,-8,Does not apply,120
E05014080,Greenwich Creekside,11,Mixed or Multiple ethnic groups: White and Black Caribbean,1,L1 and L2: Large employers and higher managerial and administrative occupations,3
E05014080,Greenwich Creekside,11,Mixed or Multiple ethnic groups: White and Black Caribbean,2,L3: Higher professional occupations,9
E05014080,Greenwich Creekside,11,Mixed or Multiple ethnic groups: White and Black Caribbean,3,"L4, L5 and L6: Lower managerial, administrative and professional occupations",36
E05014080,Greenwich Creekside,11,Mixed or Multiple ethnic groups: White and Black Caribbean,4,L7: Intermediate occupations,22
E05014080,Greenwich Creekside,11,Mixed or Multiple ethnic groups: White and Black Caribbean,5,L8 and L9: Small employers and own account workers,4
E05014080,Greenwich Creekside,11,Mixed or Multiple ethnic groups: White and Black Caribbean,6,L10 and L11: Lower supervisory and technical occupations,6
E05014080,Greenwich Creekside,11,Mixed or Multiple ethnic groups: White and Black Caribbean,7,L12: Semi-routine occupations,27
E05014080,Greenwich Creekside,11,Mixed or Multiple ethnic groups: White and Black Caribbean,8,L13: Routine occupations,9
E05014080,Greenwich Creekside,11,Mixed or Multiple ethnic groups: White and Black Caribbean,9,L14.1: Never worked,22
E05014080,Greenwich Creekside,11,Mixed or Multiple ethnic groups: White and Black Caribbean,10,L14.2: Long-term unemployed,4
E05014080,Greenwich Creekside,11,Mixed or Multiple ethnic groups: White and Black Caribbean,11,L15: Full-time students,33
E05014080,Greenwich Creekside,12,Mixed or Multiple ethnic groups: Other Mixed or Multiple ethnic groups,-8,Does not apply,111
E05014080,Greenwich Creekside,12,Mixed or Multiple ethnic groups: Other Mixed or Multiple ethnic groups,1,L1 and L2: Large employers and higher managerial and administrative occupations,18
E05014080,Greenwich Creekside,12,Mixed or Multiple ethnic groups: Other Mixed or Multiple ethnic groups,2,L3: Higher professional occupations,37
E05014080,Greenwich Creekside,12,Mixed or Multiple ethnic groups: Other Mixed or Multiple ethnic groups,3,"L4, L5 and L6: Lower managerial, administrative and professional occupations",43
E05014080,Greenwich Creekside,12,Mixed or Multiple ethnic groups: Other Mixed or Multiple ethnic groups,4,L7: Intermediate occupations,12
E05014080,Greenwich Creekside,12,Mixed or Multiple ethnic groups: Other Mixed or Multiple ethnic groups,5,L8 and L9: Small employers and own account workers,14
E05014080,Greenwich Creekside,12,Mixed or Multiple ethnic groups: Other Mixed or Multiple ethnic groups,6,L10 and L11: Lower supervisory and technical occupations,5
E05014080,Greenwich Creekside,12,Mixed or Multiple ethnic groups: Other Mixed or Multiple ethnic groups,7,L12: Semi-routine occupations,8
E05014080,Greenwich Creekside,12,Mixed or Multiple ethnic groups: Other Mixed or Multiple ethnic groups,8,L13: Routine occupations,10
E05014080,Greenwich Creekside,12,Mixed or Multiple ethnic groups: Other Mixed or Multiple ethnic groups,9,L14.1: Never worked,6
E05014080,Greenwich Creekside,12,Mixed or Multiple ethnic groups: Other Mixed or Multiple ethnic groups,10,L14.2: Long-term unemployed,4
E05014080,Greenwich Creekside,12,Mixed or Multiple ethnic groups: Other Mixed or Multiple ethnic groups,11,L15: Full-time students,24
E05014080,Greenwich Creekside,13,"White: English, Welsh, Scottish, Northern Irish or British",-8,Does not apply,395
E05014080,Greenwich Creekside,13,"White: English, Welsh, Scottish, Northern Irish or British",1,L1 and L2: Large employers and higher managerial and administrative occupations,279
E05014080,Greenwich Creekside,13,"White: English, Welsh, Scottish, Northern Irish or British",2,L3: Higher professional occupations,724
E05014080,Greenwich Creekside,13,"White: English, Welsh, Scottish, Northern Irish or British",3,"L4, L5 and L6: Lower managerial, administrative and professional occupations",876
E05014080,Greenwich Creekside,13,"White: English, Welsh, Scottish, Northern Irish or British",4,L7: Intermediate occupations,238
E05014080,Greenwich Creekside,13,"White: English, Welsh, Scottish, Northern Irish or British",5,L8 and L9: Small employers and own account workers,185
E05014080,Greenwich Creekside,13,"White: English, Welsh, Scottish, Northern Irish or British",6,L10 and L11: Lower supervisory and technical occupations,80
E05014080,Greenwich Creekside,13,"White: English, Welsh, Scottish, Northern Irish or British",7,L12: Semi-routine occupations,175
E05014080,Greenwich Creekside,13,"White: English, Welsh, Scottish, Northern Irish or British",8,L13: Routine occupations,141
E05014080,Greenwich Creekside,13,"White: English, Welsh, Scottish, Northern Irish or British",9,L14.1: Never worked,165
E05014080,Greenwich Creekside,13,"White: English, Welsh, Scottish, Northern Irish or British",10,L14.2: Long-term unemployed,46
E05014080,Greenwich Creekside,13,"White: English, Welsh, Scottish, Northern Irish or British",11,L15: Full-time students,530
E05014080,Greenwich Creekside,14,White: Irish,-8,Does not apply,6
E05014080,Greenwich Creekside,14,White: Irish,1,L1 and L2: Large employers and higher managerial and administrative occupations,17
E05014080,Greenwich Creekside,14,White: Irish,2,L3: Higher professional occupations,49
E05014080,Greenwich Creekside,14,White: Irish,3,"L4, L5 and L6: Lower managerial, administrative and professional occupations",56
E05014080,Greenwich Creekside,14,White: Irish,4,L7: Intermediate occupations,9
E05014080,Greenwich Creekside,14,White: Irish,5,L8 and L9: Small employers and own account workers,22
E05014080,Greenwich Creekside,14,White: Irish,6,L10 and L11: Lower supervisory and technical occupations,5
E05014080,Greenwich Creekside,14,White: Irish,7,L12: Semi-routine occupations,5
E05014080,Greenwich Creekside,14,White: Irish,8,L13: Routine occupations,8
E05014080,Greenwich Creekside,14,White: Irish,9,L14.1: Never worked,12
E05014080,Greenwich Creekside,14,White: Irish,10,L14.2: Long-term unemployed,0
E05014080,Greenwich Creekside,14,White: Irish,11,L15: Full-time students,12
E05014080,Greenwich Creekside,15,White: Gypsy or Irish Traveller,-8,Does not apply,0
E05014080,Greenwich Creekside,15,White: Gypsy or Irish Traveller,1,L1 and L2: Large employers and higher managerial and administrative occupations,0
E05014080,Greenwich Creekside,15,White: Gypsy or Irish Traveller,2,L3: Higher professional occupations,0
E05014080,Greenwich Creekside,15,White: Gypsy or Irish Traveller,3,"L4, L5 and L6: Lower managerial, administrative and professional occupations",0
E05014080,Greenwich Creekside,15,White: Gypsy or Irish Traveller,4,L7: Intermediate occupations,0
E05014080,Greenwich Creekside,15,White: Gypsy or Irish Traveller,5,L8 and L9: Small employers and own account workers,0
E05014080,Greenwich Creekside,15,White: Gypsy or Irish Traveller,6,L10 and L11: Lower supervisory and technical occupations,3
E05014080,Greenwich Creekside,15,White: Gypsy or Irish Traveller,7,L12: Semi-routine occupations,0
E05014080,Greenwich Creekside,15,White: Gypsy or Irish Traveller,8,L13: Routine occupations,2
E05014080,Greenwich Creekside,15,White: Gypsy or Irish Traveller,9,L14.1: Never worked,2
E05014080,Greenwich Creekside,15,White: Gypsy or Irish Traveller,10,L14.2: Long-term unemployed,0
E05014080,Greenwich Creekside,15,White: Gypsy or Irish Traveller,11,L15: Full-time students,1
E05014080,Greenwich Creekside,16,White: Roma,-8,Does not apply,5
E05014080,Greenwich Creekside,16,White: Roma,1,L1 and L2: Large employers and higher managerial and administrative occupations,1
E05014080,Greenwich Creekside,16,White: Roma,2,L3: Higher professional occupations,2
E05014080,Greenwich Creekside,16,White: Roma,3,"L4, L5 and L6: Lower managerial, administrative and professional occupations",11
E05014080,Greenwich Creekside,16,White: Roma,4,L7: Intermediate occupations,2
E05014080,Greenwich Creekside,16,White: Roma,5,L8 and L9: Small employers and own account workers,6
E05014080,Greenwich Creekside,16,White: Roma,6,L10 and L11: Lower supervisory and technical occupations,4
E05014080,Greenwich Creekside,16,White: Roma,7,L12: Semi-routine occupations,2
E05014080,Greenwich Creekside,16,White: Roma,8,L13: Routine occupations,3
E05014080,Greenwich Creekside,16,White: Roma,9,L14.1: Never worked,0
E05014080,Greenwich Creekside,16,White: Roma,10,L14.2: Long-term unemployed,1
E05014080,Greenwich Creekside,16,White: Roma,11,L15: Full-time students,10
E05014080,Greenwich Creekside,17,White: Other White,-8,Does not apply,180
E05014080,Greenwich Creekside,17,White: Other White,1,L1 and L2: Large employers and higher managerial and administrative occupations,182
E05014080,Greenwich Creekside,17,White: Other White,2,L3: Higher professional occupations,499
E05014080,Greenwich Creekside,17,White: Other White,3,"L4, L5 and L6: Lower managerial, administrative and professional occupations",408
E05014080,Greenwich Creekside,17,White: Other White,4,L7: Intermediate occupations,107
E05014080,Greenwich Creekside,17,White: Other White,5,L8 and L9: Small employers and own account workers,139
E05014080,Greenwich Creekside,17,White: Other White,6,L10 and L11: Lower supervisory and technical occupations,39
E05014080,Greenwich Creekside,17,White: Other White,7,L12: Semi-routine occupations,63
E05014080,Greenwich Creekside,17,White: Other White,8,L13: Routine occupations,82
E05014080,Greenwich Creekside,17,White: Other White,9,L14.1: Never worked,33
E05014080,Greenwich Creekside,17,White: Other White,10,L14.2: Long-term unemployed,14
E05014080,Greenwich Creekside,17,White: Other White,11,L15: Full-time students,230
E05014080,Greenwich Creekside,18,Other ethnic group: Arab,-8,Does not apply,20
E05014080,Greenwich Creekside,18,Other ethnic group: Arab,1,L1 and L2: Large employers and higher managerial and administrative occupations,3
E05014080,Greenwich Creekside,18,Other ethnic group: Arab,2,L3: Higher professional occupations,26
E05014080,Greenwich Creekside,18,Other ethnic group: Arab,3,"L4, L5 and L6: Lower managerial, administrative and professional occupations",16
E05014080,Greenwich Creekside,18,Other ethnic group: Arab,4,L7: Intermediate occupations,3
E05014080,Greenwich Creekside,18,Other ethnic group: Arab,5,L8 and L9: Small employers and own account workers,4
E05014080,Greenwich Creekside,18,Other ethnic group: Arab,6,L10 and L11: Lower supervisory and technical occupations,2
E05014080,Greenwich Creekside,18,Other ethnic group: Arab,7,L12: Semi-routine occupations,2
E05014080,Greenwich Creekside,18,Other ethnic group: Arab,8,L13: Routine occupations,4
E05014080,Greenwich Creekside,18,Other ethnic group: Arab,9,L14.1: Never worked,10
E05014080,Greenwich Creekside,18,Other ethnic group: Arab,10,L14.2: Long-term unemployed,2
E05014080,Greenwich Creekside,18,Other ethnic group: Arab,11,L15: Full-time students,26
E05014080,Greenwich Creekside,19,Other ethnic group: Any other ethnic group,-8,Does not apply,57
E05014080,Greenwich Creekside,19,Other ethnic group: Any other ethnic group,1,L1 and L2: Large employers and higher managerial and administrative occupations,14
E05014080,Greenwich Creekside,19,Other ethnic group: Any other ethnic group,2,L3: Higher professional occupations,55
E05014080,Greenwich Creekside,19,Other ethnic group: Any other ethnic group,3,"L4, L5 and L6: Lower managerial, administrative and professional occupations",62
E05014080,Greenwich Creekside,19,Other ethnic group: Any other ethnic group,4,L7: Intermediate occupations,26
E05014080,Greenwich Creekside,19,Other ethnic group: Any other ethnic group,5,L8 and L9: Small employers and own account workers,21
E05014080,Greenwich Creekside,19,Other ethnic group: Any other ethnic group,6,L10 and L11: Lower supervisory and technical occupations,13
E05014080,Greenwich Creekside,19,Other ethnic group: Any other ethnic group,7,L12: Semi-routine occupations,33
E05014080,Greenwich Creekside,19,Other ethnic group: Any other ethnic group,8,L13: Routine occupations,48
E05014080,Greenwich Creekside,19,Other ethnic group: Any other ethnic group,9,L14.1: Never worked,37
E05014080,Greenwich Creekside,19,Other ethnic group: Any other ethnic group,10,L14.2: Long-term unemployed,9
E05014080,Greenwich Creekside,19,Other ethnic group: Any other ethnic group,11,L15: Full-time students,48
E05014081,Greenwich Park,-8,Does not apply,-8,Does not apply,0
E05014081,Greenwich Park,-8,Does not apply,1,L1 and L2: Large employers and higher managerial and administrative occupations,0
E05014081,Greenwich Park,-8,Does not apply,2,L3: Higher professional occupations,0
E05014081,Greenwich Park,-8,Does not apply,3,"L4, L5 and L6: Lower managerial, administrative and professional occupations",0
E05014081,Greenwich Park,-8,Does not apply,4,L7: Intermediate occupations,0
E05014081,Greenwich Park,-8,Does not apply,5,L8 and L9: Small employers and own account workers,0
E05014081,Greenwich Park,-8,Does not apply,6,L10 and L11: Lower supervisory and technical occupations,0
E05014081,Greenwich Park,-8,Does not apply,7,L12: Semi-routine occupations,0
E05014081,Greenwich Park,-8,Does not apply,8,L13: Routine occupations,0
E05014081,Greenwich Park,-8,Does not apply,9,L14.1: Never worked,0
E05014081,Greenwich Park,-8,Does not apply,10,L14.2: Long-term unemployed,0
E05014081,Greenwich Park,-8,Does not apply,11,L15: Full-time students,0
E05014081,Greenwich Park,1,"Asian, Asian British or Asian Welsh: Bangladeshi",-8,Does not apply,2
E05014081,Greenwich Park,1,"Asian, Asian British or Asian Welsh: Bangladeshi",1,L1 and L2: Large employers and higher managerial and administrative occupations,1
E05014081,Greenwich Park,1,"Asian, Asian British or Asian Welsh: Bangladeshi",2,L3: Higher professional occupations,2
E05014081,Greenwich Park,1,"Asian, Asian British or Asian Welsh: Bangladeshi",3,"L4, L5 and L6: Lower managerial, administrative and professional occupations",6
E05014081,Greenwich Park,1,"Asian, Asian British or Asian Welsh: Bangladeshi",4,L7: Intermediate occupations,0
E05014081,Greenwich Park,1,"Asian, Asian British or Asian Welsh: Bangladeshi",5,L8 and L9: Small employers and own account workers,0
E05014081,Greenwich Park,1,"Asian, Asian British or Asian Welsh: Bangladeshi",6,L10 and L11: Lower supervisory and technical occupations,2
E05014081,Greenwich Park,1,"Asian, Asian British or Asian Welsh: Bangladeshi",7,L12: Semi-routine occupations,2
E05014081,Greenwich Park,1,"Asian, Asian British or Asian Welsh: Bangladeshi",8,L13: Routine occupations,1
E05014081,Greenwich Park,1,"Asian, Asian British or Asian Welsh: Bangladeshi",9,L14.1: Never worked,3
E05014081,Greenwich Park,1,"Asian, Asian British or Asian Welsh: Bangladeshi",10,L14.2: Long-term unemployed,0
E05014081,Greenwich Park,1,"Asian, Asian British or Asian Welsh: Bangladeshi",11,L15: Full-time students,9
E05014081,Greenwich Park,2,"Asian, Asian British or Asian Welsh: Chinese",-8,Does not apply,25
E05014081,Greenwich Park,2,"Asian, Asian British or Asian Welsh: Chinese",1,L1 and L2: Large employers and higher managerial and administrative occupations,24
E05014081,Greenwich Park,2,"Asian, Asian British or Asian Welsh: Chinese",2,L3: Higher professional occupations,64
E05014081,Greenwich Park,2,"Asian, Asian British or Asian Welsh: Chinese",3,"L4, L5 and L6: Lower managerial, administrative and professional occupations",45
E05014081,Greenwich Park,2,"Asian, Asian British or Asian Welsh: Chinese",4,L7: Intermediate occupations,19
E05014081,Greenwich Park,2,"Asian, Asian British or Asian Welsh: Chinese",5,L8 and L9: Small employers and own account workers,13
E05014081,Greenwich Park,2,"Asian, Asian British or Asian Welsh: Chinese",6,L10 and L11: Lower supervisory and technical occupations,9
E05014081,Greenwich Park,2,"Asian, Asian British or Asian Welsh: Chinese",7,L12: Semi-routine occupations,10
E05014081,Greenwich Park,2,"Asian, Asian British or Asian Welsh: Chinese",8,L13: Routine occupations,6
E05014081,Greenwich Park,2,"Asian, Asian British or Asian Welsh: Chinese",9,L14.1: Never worked,17
E05014081,Greenwich Park,2,"Asian, Asian British or Asian Welsh: Chinese",10,L14.2: Long-term unemployed,4
E05014081,Greenwich Park,2,"Asian, Asian British or Asian Welsh: Chinese",11,L15: Full-time students,39
E05014081,Greenwich Park,3,"Asian, Asian British or Asian Welsh: Indian",-8,Does not apply,25
E05014081,Greenwich Park,3,"Asian, Asian British or Asian Welsh: Indian",1,L1 and L2: Large employers and higher managerial and administrative occupations,38
E05014081,Greenwich Park,3,"Asian, Asian British or Asian Welsh: Indian",2,L3: Higher professional occupations,86
E05014081,Greenwich Park,3,"Asian, Asian British or Asian Welsh: Indian",3,"L4, L5 and L6: Lower managerial, administrative and professional occupations",59
E05014081,Greenwich Park,3,"Asian, Asian British or Asian Welsh: Indian",4,L7: Intermediate occupations,9
E05014081,Greenwich Park,3,"Asian, Asian British or Asian Welsh: Indian",5,L8 and L9: Small employers and own account workers,18
E05014081,Greenwich Park,3,"Asian, Asian British or Asian Welsh: Indian",6,L10 and L11: Lower supervisory and technical occupations,3
E05014081,Greenwich Park,3,"Asian, Asian British or Asian Welsh: Indian",7,L12: Semi-routine occupations,10
E05014081,Greenwich Park,3,"Asian, Asian British or Asian Welsh: Indian",8,L13: Routine occupations,6
E05014081,Greenwich Park,3,"Asian, Asian British or Asian Welsh: Indian",9,L14.1: Never worked,16
E05014081,Greenwich Park,3,"Asian, Asian British or Asian Welsh: Indian",10,L14.2: Long-term unemployed,2
E05014081,Greenwich Park,3,"Asian, Asian British or Asian Welsh: Indian",11,L15: Full-time students,42
E05014081,Greenwich Park,4,"Asian, Asian British or Asian Welsh: Pakistani",-8,Does not apply,9
E05014081,Greenwich Park,4,"Asian, Asian British or Asian Welsh: Pakistani",1,L1 and L2: Large employers and higher managerial and administrative occupations,3
E05014081,Greenwich Park,4,"Asian, Asian British or Asian Welsh: Pakistani",2,L3: Higher professional occupations,16
E05014081,Greenwich Park,4,"Asian, Asian British or Asian Welsh: Pakistani",3,"L4, L5 and L6: Lower managerial, administrative and professional occupations",10
E05014081,Greenwich Park,4,"Asian, Asian British or Asian Welsh: Pakistani",4,L7: Intermediate occupations,1
E05014081,Greenwich Park,4,"Asian, Asian British or Asian Welsh: Pakistani",5,L8 and L9: Small employers and own account workers,1
E05014081,Greenwich Park,4,"Asian, Asian British or Asian Welsh: Pakistani",6,L10 and L11: Lower supervisory and technical occupations,1
E05014081,Greenwich Park,4,"Asian, Asian British or Asian Welsh: Pakistani",7,L12: Semi-routine occupations,5
E05014081,Greenwich Park,4,"Asian, Asian British or Asian Welsh: Pakistani",8,L13: Routine occupations,2
E05014081,Greenwich Park,4,"Asian, Asian British or Asian Welsh: Pakistani",9,L14.1: Never worked,7
E05014081,Greenwich Park,4,"Asian, Asian British or Asian Welsh: Pakistani",10,L14.2: Long-term unemployed,1
E05014081,Greenwich Park,4,"Asian, Asian British or Asian Welsh: Pakistani",11,L15: Full-time students,10
E05014081,Greenwich Park,5,"Asian, Asian British or Asian Welsh: Other Asian",-8,Does not apply,43
E05014081,Greenwich Park,5,"Asian, Asian British or Asian Welsh: Other Asian",1,L1 and L2: Large employers and higher managerial and administrative occupations,10
E05014081,Greenwich Park,5,"Asian, Asian British or Asian Welsh: Other Asian",2,L3: Higher professional occupations,38
E05014081,Greenwich Park,5,"Asian, Asian British or Asian Welsh: Other Asian",3,"L4, L5 and L6: Lower managerial, administrative and professional occupations",42
E05014081,Greenwich Park,5,"Asian, Asian British or Asian Welsh: Other Asian",4,L7: Intermediate occupations,15
E05014081,Greenwich Park,5,"Asian, Asian British or Asian Welsh: Other Asian",5,L8 and L9: Small employers and own account workers,28
E05014081,Greenwich Park,5,"Asian, Asian British or Asian Welsh: Other Asian",6,L10 and L11: Lower supervisory and technical occupations,15
E05014081,Greenwich Park,5,"Asian, Asian British or Asian Welsh: Other Asian",7,L12: Semi-routine occupations,29
E05014081,Greenwich Park,5,"Asian, Asian British or Asian Welsh: Other Asian",8,L13: Routine occupations,10
E05014081,Greenwich Park,5,"Asian, Asian British or Asian Welsh: Other Asian",9,L14.1: Never worked,29
E05014081,Greenwich Park,5,"Asian, Asian British or Asian Welsh: Other Asian",10,L14.2: Long-term unemployed,2
E05014081,Greenwich Park,5,"Asian, Asian British or Asian Welsh: Other Asian",11,L15: Full-time students,39
E05014081,Greenwich Park,6,"Black, Black British, Black Welsh, Caribbean or African: African",-8,Does not apply,272
E05014081,Greenwich Park,6,"Black, Black British, Black Welsh, Caribbean or African: African",1,L1 and L2: Large employers and higher managerial and administrative occupations,7
E05014081,Greenwich Park,6,"Black, Black British, Black Welsh, Caribbean or African: African",2,L3: Higher professional occupations,49
E05014081,Greenwich Park,6,"Black, Black British, Black Welsh, Caribbean or African: African",3,"L4, L5 and L6: Lower managerial, administrative and professional occupations",126
E05014081,Greenwich Park,6,"Black, Black British, Black Welsh, Caribbean or African: African",4,L7: Intermediate occupations,71
E05014081,Greenwich Park,6,"Black, Black British, Black Welsh, Caribbean or African: African",5,L8 and L9: Small employers and own account workers,67
E05014081,Greenwich Park,6,"Black, Black British, Black Welsh, Caribbean or African: African",6,L10 and L11: Lower supervisory and technical occupations,17
E05014081,Greenwich Park,6,"Black, Black British, Black Welsh, Caribbean or African: African",7,L12: Semi-routine occupations,118
E05014081,Greenwich Park,6,"Black, Black British, Black Welsh, Caribbean or African: African",8,L13: Routine occupations,66
E05014081,Greenwich Park,6,"Black, Black British, Black Welsh, Caribbean or African: African",9,L14.1: Never worked,67
E05014081,Greenwich Park,6,"Black, Black British, Black Welsh, Caribbean or African: African",10,L14.2: Long-term unemployed,19
E05014081,Greenwich Park,6,"Black, Black British, Black Welsh, Caribbean or African: African",11,L15: Full-time students,173
E05014081,Greenwich Park,7,"Black, Black British, Black Welsh, Caribbean or African: Caribbean",-8,Does not apply,58
E05014081,Greenwich Park,7,"Black, Black British, Black Welsh, Caribbean or African: Caribbean",1,L1 and L2: Large employers and higher managerial and administrative occupations,5
E05014081,Greenwich Park,7,"Black, Black British, Black Welsh, Caribbean or African: Caribbean",2,L3: Higher professional occupations,15
E05014081,Greenwich Park,7,"Black, Black British, Black Welsh, Caribbean or African: Caribbean",3,"L4, L5 and L6: Lower managerial, administrative and professional occupations",34
E05014081,Greenwich Park,7,"Black, Black British, Black Welsh, Caribbean or African: Caribbean",4,L7: Intermediate occupations,30
E05014081,Greenwich Park,7,"Black, Black British, Black Welsh, Caribbean or African: Caribbean",5,L8 and L9: Small employers and own account workers,20
E05014081,Greenwich Park,7,"Black, Black British, Black Welsh, Caribbean or African: Caribbean",6,L10 and L11: Lower supervisory and technical occupations,12
E05014081,Greenwich Park,7,"Black, Black British, Black Welsh, Caribbean or African: Caribbean",7,L12: Semi-routine occupations,27
E05014081,Greenwich Park,7,"Black, Black British, Black Welsh, Caribbean or African: Caribbean",8,L13: Routine occupations,30
E05014081,Greenwich Park,7,"Black, Black British, Black Welsh, Caribbean or African: Caribbean",9,L14.1: Never worked,29
E05014081,Greenwich Park,7,"Black, Black British, Black Welsh, Caribbean or African: Caribbean",10,L14.2: Long-term unemployed,8
E05014081,Greenwich Park,7,"Black, Black British, Black Welsh, Caribbean or African: Caribbean",11,L15: Full-time students,25
E05014081,Greenwich Park,8,"Black, Black British, Black Welsh, Caribbean or African: Other Black",-8,Does not apply,79
E05014081,Greenwich Park,8,"Black, Black British, Black Welsh, Caribbean or African: Other Black",1,L1 and L2: Large employers and higher managerial and administrative occupations,1
E05014081,Greenwich Park,8,"Black, Black British, Black Welsh, Caribbean or African: Other Black",2,L3: Higher professional occupations,7
E05014081,Greenwich Park,8,"Black, Black British, Black Welsh, Caribbean or African: Other Black",3,"L4, L5 and L6: Lower managerial, administrative and professional occupations",19
E05014081,Greenwich Park,8,"Black, Black British, Black Welsh, Caribbean or African: Other Black",4,L7: Intermediate occupations,8
E05014081,Greenwich Park,8,"Black, Black British, Black Welsh, Caribbean or African: Other Black",5,L8 and L9: Small employers and own account workers,6
E05014081,Greenwich Park,8,"Black, Black British, Black Welsh, Caribbean or African: Other Black",6,L10 and L11: Lower supervisory and technical occupations,3
E05014081,Greenwich Park,8,"Black, Black British, Black Welsh, Caribbean or African: Other Black",7,L12: Semi-routine occupations,8
E05014081,Greenwich Park,8,"Black, Black British, Black Welsh, Caribbean or African: Other Black",8,L13: Routine occupations,12
E05014081,Greenwich Park,8,"Black, Black British, Black Welsh, Caribbean or African: Other Black",9,L14.1: Never worked,1
E05014081,Greenwich Park,8,"Black, Black British, Black Welsh, Caribbean or African: Other Black",10,L14.2: Long-term unemployed,3
E05014081,Greenwich Park,8,"Black, Black British, Black Welsh, Caribbean or African: Other Black",11,L15: Full-time students,20
E05014081,Greenwich Park,9,Mixed or Multiple ethnic groups: White and Asian,-8,Does not apply,136
E05014081,Greenwich Park,9,Mixed or Multiple ethnic groups: White and Asian,1,L1 and L2: Large employers and higher managerial and administrative occupations,11
E05014081,Greenwich Park,9,Mixed or Multiple ethnic groups: White and Asian,2,L3: Higher professional occupations,34
E05014081,Greenwich Park,9,Mixed or Multiple ethnic groups: White and Asian,3,"L4, L5 and L6: Lower managerial, administrative and professional occupations",23
E05014081,Greenwich Park,9,Mixed or Multiple ethnic groups: White and Asian,4,L7: Intermediate occupations,4
E05014081,Greenwich Park,9,Mixed or Multiple ethnic groups: White and Asian,5,L8 and L9: Small employers and own account workers,8
E05014081,Greenwich Park,9,Mixed or Multiple ethnic groups: White and Asian,6,L10 and L11: Lower supervisory and technical occupations,0
E05014081,Greenwich Park,9,Mixed or Multiple ethnic groups: White and Asian,7,L12: Semi-routine occupations,2
E05014081,Greenwich Park,9,Mixed or Multiple ethnic groups: White and Asian,8,L13: Routine occupations,3
E05014081,Greenwich Park,9,Mixed or Multiple ethnic groups: White and Asian,9,L14.1: Never worked,0
E05014081,Greenwich Park,9,Mixed or Multiple ethnic groups: White and Asian,10,L14.2: Long-term unemployed,1
E05014081,Greenwich Park,9,Mixed or Multiple ethnic groups: White and Asian,11,L15: Full-time students,27
E05014081,Greenwich Park,10,Mixed or Multiple ethnic groups: White and Black African,-8,Does not apply,50
E05014081,Greenwich Park,10,Mixed or Multiple ethnic groups: White and Black African,1,L1 and L2: Large employers and higher managerial and administrative occupations,0
E05014081,Greenwich Park,10,Mixed or Multiple ethnic groups: White and Black African,2,L3: Higher professional occupations,5
E05014081,Greenwich Park,10,Mixed or Multiple ethnic groups: White and Black African,3,"L4, L5 and L6: Lower managerial, administrative and professional occupations",8
E05014081,Greenwich Park,10,Mixed or Multiple ethnic groups: White and Black African,4,L7: Intermediate occupations,6
E05014081,Greenwich Park,10,Mixed or Multiple ethnic groups: White and Black African,5,L8 and L9: Small employers and own account workers,0
E05014081,Greenwich Park,10,Mixed or Multiple ethnic groups: White and Black African,6,L10 and L11: Lower supervisory and technical occupations,0
E05014081,Greenwich Park,10,Mixed or Multiple ethnic groups: White and Black African,7,L12: Semi-routine occupations,3
E05014081,Greenwich Park,10,Mixed or Multiple ethnic groups: White and Black African,8,L13: Routine occupations,4
E05014081,Greenwich Park,10,Mixed or Multiple ethnic groups: White and Black African,9,L14.1: Never worked,1
E05014081,Greenwich Park,10,Mixed or Multiple ethnic groups: White and Black African,10,L14.2: Long-term unemployed,1
E05014081,Greenwich Park,10,Mixed or Multiple ethnic groups: White and Black African,11,L15: Full-time students,15
E05014081,Greenwich Park,11,Mixed or Multiple ethnic groups: White and Black Caribbean,-8,Does not apply,61
E05014081,Greenwich Park,11,Mixed or Multiple ethnic groups: White and Black Caribbean,1,L1 and L2: Large employers and higher managerial and administrative occupations,2
E05014081,Greenwich Park,11,Mixed or Multiple ethnic groups: White and Black Caribbean,2,L3: Higher professional occupations,10
E05014081,Greenwich Park,11,Mixed or Multiple ethnic groups: White and Black Caribbean,3,"L4, L5 and L6: Lower managerial, administrative and professional occupations",18
E05014081,Greenwich Park,11,Mixed or Multiple ethnic groups: White and Black Caribbean,4,L7: Intermediate occupations,8
E05014081,Greenwich Park,11,Mixed or Multiple ethnic groups: White and Black Caribbean,5,L8 and L9: Small employers and own account workers,6
E05014081,Greenwich Park,11,Mixed or Multiple ethnic groups: White and Black Caribbean,6,L10 and L11: Lower supervisory and technical occupations,6
E05014081,Greenwich Park,11,Mixed or Multiple ethnic groups: White and Black Caribbean,7,L12: Semi-routine occupations,9
E05014081,Greenwich Park,11,Mixed or Multiple ethnic groups: White and Black Caribbean,8,L13: Routine occupations,8
E05014081,Greenwich Park,11,Mixed or Multiple ethnic groups: White and Black Caribbean,9,L14.1: Never worked,10
E05014081,Greenwich Park,11,Mixed or Multiple ethnic groups: White and Black Caribbean,10,L14.2: Long-term unemployed,3
E05014081,Greenwich Park,11,Mixed or Multiple ethnic groups: White and Black Caribbean,11,L15: Full-time students,24
E05014081,Greenwich Park,12,Mixed or Multiple ethnic groups: Other Mixed or Multiple ethnic groups,-8,Does not apply,71
E05014081,Greenwich Park,12,Mixed or Multiple ethnic groups: Other Mixed or Multiple ethnic groups,1,L1 and L2: Large employers and higher managerial and administrative occupations,13
E05014081,Greenwich Park,12,Mixed or Multiple ethnic groups: Other Mixed or Multiple ethnic groups,2,L3: Higher professional occupations,25
E05014081,Greenwich Park,12,Mixed or Multiple ethnic groups: Other Mixed or Multiple ethnic groups,3,"L4, L5 and L6: Lower managerial, administrative and professional occupations",34
E05014081,Greenwich Park,12,Mixed or Multiple ethnic groups: Other Mixed or Multiple ethnic groups,4,L7: Intermediate occupations,13
E05014081,Greenwich Park,12,Mixed or Multiple ethnic groups: Other Mixed or Multiple ethnic groups,5,L8 and L9: Small employers and own account workers,6
E05014081,Greenwich Park,12,Mixed or Multiple ethnic groups: Other Mixed or Multiple ethnic groups,6,L10 and L11: Lower supervisory and technical occupations,4
E05014081,Greenwich Park,12,Mixed or Multiple ethnic groups: Other Mixed or Multiple ethnic groups,7,L12: Semi-routine occupations,8
E05014081,Greenwich Park,12,Mixed or Multiple ethnic groups: Other Mixed or Multiple ethnic groups,8,L13: Routine occupations,11
E05014081,Greenwich Park,12,Mixed or Multiple ethnic groups: Other Mixed or Multiple ethnic groups,9,L14.1: Never worked,12
E05014081,Greenwich Park,12,Mixed or Multiple ethnic groups: Other Mixed or Multiple ethnic groups,10,L14.2: Long-term unemployed,5
E05014081,Greenwich Park,12,Mixed or Multiple ethnic groups: Other Mixed or Multiple ethnic groups,11,L15: Full-time students,31
E05014081,Greenwich Park,13,"White: English, Welsh, Scottish, Northern Irish or British",-8,Does not apply,627
E05014081,Greenwich Park,13,"White: English, Welsh, Scottish, Northern Irish or British",1,L1 and L2: Large employers and higher managerial and administrative occupations,481
E05014081,Greenwich Park,13,"White: English, Welsh, Scottish, Northern Irish or British",2,L3: Higher professional occupations,1028
E05014081,Greenwich Park,13,"White: English, Welsh, Scottish, Northern Irish or British",3,"L4, L5 and L6: Lower managerial, administrative and professional occupations",1110
E05014081,Greenwich Park,13,"White: English, Welsh, Scottish, Northern Irish or British",4,L7: Intermediate occupations,349
E05014081,Greenwich Park,13,"White: English, Welsh, Scottish, Northern Irish or British",5,L8 and L9: Small employers and own account workers,311
E05014081,Greenwich Park,13,"White: English, Welsh, Scottish, Northern Irish or British",6,L10 and L11: Lower supervisory and technical occupations,109
E05014081,Greenwich Park,13,"White: English, Welsh, Scottish, Northern Irish or British",7,L12: Semi-routine occupations,201
E05014081,Greenwich Park,13,"White: English, Welsh, Scottish, Northern Irish or British",8,L13: Routine occupations,226
E05014081,Greenwich Park,13,"White: English, Welsh, Scottish, Northern Irish or British",9,L14.1: Never worked,205
E05014081,Greenwich Park,13,"White: English, Welsh, Scottish, Northern Irish or British",10,L14.2: Long-term unemployed,50
E05014081,Greenwich Park,13,"White: English, Welsh, Scottish, Northern Irish or British",11,L15: Full-time students,370
E05014081,Greenwich Park,14,White: Irish,-8,Does not apply,15
E05014081,Greenwich Park,14,White: Irish,1,L1 and L2: Large employers and higher managerial and administrative occupations,24
E05014081,Greenwich Park,14,White: Irish,2,L3: Higher professional occupations,43
E05014081,Greenwich Park,14,White: Irish,3,"L4, L5 and L6: Lower managerial, administrative and professional occupations",53
E05014081,Greenwich Park,14,White: Irish,4,L7: Intermediate occupations,18
E05014081,Greenwich Park,14,White: Irish,5,L8 and L9: Small employers and own account workers,22
E05014081,Greenwich Park,14,White: Irish,6,L10 and L11: Lower supervisory and technical occupations,6
E05014081,Greenwich Park,14,White: Irish,7,L12: Semi-routine occupations,9
E05014081,Greenwich Park,14,White: Irish,8,L13: Routine occupations,15
E05014081,Greenwich Park,14,White: Irish,9,L14.1: Never worked,20
E05014081,Greenwich Park,14,White: Irish,10,L14.2: Long-term unemployed,1
E05014081,Greenwich Park,14,White: Irish,11,L15: Full-time students,5
E05014081,Greenwich Park,15,White: Gypsy or Irish Traveller,-8,Does not apply,0
E05014081,Greenwich Park,15,White: Gypsy or Irish Traveller,1,L1 and L2: Large employers and higher managerial and administrative occupations,0
E05014081,Greenwich Park,15,White: Gypsy or Irish Traveller,2,L3: Higher professional occupations,0
E05014081,Greenwich Park,15,White: Gypsy or Irish Traveller,3,"L4, L5 and L6: Lower managerial, administrative and professional occupations",0
E05014081,Greenwich Park,15,White: Gypsy or Irish Traveller,4,L7: Intermediate occupations,0
E05014081,Greenwich Park,15,White: Gypsy or Irish Traveller,5,L8 and L9: Small employers and own account workers,1
E05014081,Greenwich Park,15,White: Gypsy or Irish Traveller,6,L10 and L11: Lower supervisory and technical occupations,0
E05014081,Greenwich Park,15,White: Gypsy or Irish Traveller,7,L12: Semi-routine occupations,0
E05014081,Greenwich Park,15,White: Gypsy or Irish Traveller,8,L13: Routine occupations,0
E05014081,Greenwich Park,15,White: Gypsy or Irish Traveller,9,L14.1: Never worked,3
E05014081,Greenwich Park,15,White: Gypsy or Irish Traveller,10,L14.2: Long-term unemployed,0
E05014081,Greenwich Park,15,White: Gypsy or Irish Traveller,11,L15: Full-time students,2
E05014081,Greenwich Park,16,White: Roma,-8,Does not apply,0
E05014081,Greenwich Park,16,White: Roma,1,L1 and L2: Large employers and higher managerial and administrative occupations,4
E05014081,Greenwich Park,16,White: Roma,2,L3: Higher professional occupations,2
E05014081,Greenwich Park,16,White: Roma,3,"L4, L5 and L6: Lower managerial, administrative and professional occupations",6
E05014081,Greenwich Park,16,White: Roma,4,L7: Intermediate occupations,1
E05014081,Greenwich Park,16,White: Roma,5,L8 and L9: Small employers and own account workers,3
E05014081,Greenwich Park,16,White: Roma,6,L10 and L11: Lower supervisory and technical occupations,4
E05014081,Greenwich Park,16,White: Roma,7,L12: Semi-routine occupations,2
E05014081,Greenwich Park,16,White: Roma,8,L13: Routine occupations,5
E05014081,Greenwich Park,16,White: Roma,9,L14.1: Never worked,1
E05014081,Greenwich Park,16,White: Roma,10,L14.2: Long-term unemployed,0
E05014081,Greenwich Park,16,White: Roma,11,L15: Full-time students,7
E05014081,Greenwich Park,17,White: Other White,-8,Does not apply,160
E05014081,Greenwich Park,17,White: Other White,1,L1 and L2: Large employers and higher managerial and administrative occupations,118
E05014081,Greenwich Park,17,White: Other White,2,L3: Higher professional occupations,345
E05014081,Greenwich Park,17,White: Other White,3,"L4, L5 and L6: Lower managerial, administrative and professional occupations",372
E05014081,Greenwich Park,17,White: Other White,4,L7: Intermediate occupations,104
E05014081,Greenwich Park,17,White: Other White,5,L8 and L9: Small employers and own account workers,128
E05014081,Greenwich Park,17,White: Other White,6,L10 and L11: Lower supervisory and technical occupations,46
E05014081,Greenwich Park,17,White: Other White,7,L12: Semi-routine occupations,77
E05014081,Greenwich Park,17,White: Other White,8,L13: Routine occupations,80
E05014081,Greenwich Park,17,White: Other White,9,L14.1: Never worked,35
E05014081,Greenwich Park,17,White: Other White,10,L14.2: Long-term unemployed,16
E05014081,Greenwich Park,17,White: Other White,11,L15: Full-time students,188
E05014081,Greenwich Park,18,Other ethnic group: Arab,-8,Does not apply,13
E05014081,Greenwich Park,18,Other ethnic group: Arab,1,L1 and L2: Large employers and higher managerial and administrative occupations,1
E05014081,Greenwich Park,18,Other ethnic group: Arab,2,L3: Higher professional occupations,9
E05014081,Greenwich Park,18,Other ethnic group: Arab,3,"L4, L5 and L6: Lower managerial, administrative and professional occupations",7
E05014081,Greenwich Park,18,Other ethnic group: Arab,4,L7: Intermediate occupations,1
E05014081,Greenwich Park,18,Other ethnic group: Arab,5,L8 and L9: Small employers and own account workers,5
E05014081,Greenwich Park,18,Other ethnic group: Arab,6,L10 and L11: Lower supervisory and technical occupations,4
E05014081,Greenwich Park,18,Other ethnic group: Arab,7,L12: Semi-routine occupations,2
E05014081,Greenwich Park,18,Other ethnic group: Arab,8,L13: Routine occupations,0
E05014081,Greenwich Park,18,Other ethnic group: Arab,9,L14.1: Never worked,10
E05014081,Greenwich Park,18,Other ethnic group: Arab,10,L14.2: Long-term unemployed,1
E05014081,Greenwich Park,18,Other ethnic group: Arab,11,L15: Full-time students,12
E05014081,Greenwich Park,19,Other ethnic group: Any other ethnic group,-8,Does not apply,28
E05014081,Greenwich Park,19,Other ethnic group: Any other ethnic group,1,L1 and L2: Large employers and higher managerial and administrative occupations,7
E05014081,Greenwich Park,19,Other ethnic group: Any other ethnic group,2,L3: Higher professional occupations,31
E05014081,Greenwich Park,19,Other ethnic group: Any other ethnic group,3,"L4, L5 and L6: Lower managerial, administrative and professional occupations",33
E05014081,Greenwich Park,19,Other ethnic group: Any other ethnic group,4,L7: Intermediate occupations,11
E05014081,Greenwich Park,19,Other ethnic group: Any other ethnic group,5,L8 and L9: Small employers and own account workers,23
E05014081,Greenwich Park,19,Other ethnic group: Any other ethnic group,6,L10 and L11: Lower supervisory and technical occupations,11
E05014081,Greenwich Park,19,Other ethnic group: Any other ethnic group,7,L12: Semi-routine occupations,19
E05014081,Greenwich Park,19,Other ethnic group: Any other ethnic group,8,L13: Routine occupations,21
E05014081,Greenwich Park,19,Other ethnic group: Any other ethnic group,9,L14.1: Never worked,25
E05014081,Greenwich Park,19,Other ethnic group: Any other ethnic group,10,L14.2: Long-term unemployed,4
E05014081,Greenwich Park,19,Other ethnic group: Any other ethnic group,11,L15: Full-time students,29
E05014082,Greenwich Peninsula,-8,Does not apply,-8,Does not apply,0
E05014082,Greenwich Peninsula,-8,Does not apply,1,L1 and L2: Large employers and higher managerial and administrative occupations,0
E05014082,Greenwich Peninsula,-8,Does not apply,2,L3: Higher professional occupations,0
E05014082,Greenwich Peninsula,-8,Does not apply,3,"L4, L5 and L6: Lower managerial, administrative and professional occupations",0
E05014082,Greenwich Peninsula,-8,Does not apply,4,L7: Intermediate occupations,0
E05014082,Greenwich Peninsula,-8,Does not apply,5,L8 and L9: Small employers and own account workers,0
E05014082,Greenwich Peninsula,-8,Does not apply,6,L10 and L11: Lower supervisory and technical occupations,0
E05014082,Greenwich Peninsula,-8,Does not apply,7,L12: Semi-routine occupations,0
E05014082,Greenwich Peninsula,-8,Does not apply,8,L13: Routine occupations,0
E05014082,Greenwich Peninsula,-8,Does not apply,9,L14.1: Never worked,0
E05014082,Greenwich Peninsula,-8,Does not apply,10,L14.2: Long-term unemployed,0
E05014082,Greenwich Peninsula,-8,Does not apply,11,L15: Full-time students,0
E05014082,Greenwich Peninsula,1,"Asian, Asian British or Asian Welsh: Bangladeshi",-8,Does not apply,28
E05014082,Greenwich Peninsula,1,"Asian, Asian British or Asian Welsh: Bangladeshi",1,L1 and L2: Large employers and higher managerial and administrative occupations,4
E05014082,Greenwich Peninsula,1,"Asian, Asian British or Asian Welsh: Bangladeshi",2,L3: Higher professional occupations,11
E05014082,Greenwich Peninsula,1,"Asian, Asian British or Asian Welsh: Bangladeshi",3,"L4, L5 and L6: Lower managerial, administrative and professional occupations",14
E05014082,Greenwich Peninsula,1,"Asian, Asian British or Asian Welsh: Bangladeshi",4,L7: Intermediate occupations,12
E05014082,Greenwich Peninsula,1,"Asian, Asian British or Asian Welsh: Bangladeshi",5,L8 and L9: Small employers and own account workers,3
E05014082,Greenwich Peninsula,1,"Asian, Asian British or Asian Welsh: Bangladeshi",6,L10 and L11: Lower supervisory and technical occupations,5
E05014082,Greenwich Peninsula,1,"Asian, Asian British or Asian Welsh: Bangladeshi",7,L12: Semi-routine occupations,4
E05014082,Greenwich Peninsula,1,"Asian, Asian British or Asian Welsh: Bangladeshi",8,L13: Routine occupations,1
E05014082,Greenwich Peninsula,1,"Asian, Asian British or Asian Welsh: Bangladeshi",9,L14.1: Never worked,4
E05014082,Greenwich Peninsula,1,"Asian, Asian British or Asian Welsh: Bangladeshi",10,L14.2: Long-term unemployed,0
E05014082,Greenwich Peninsula,1,"Asian, Asian British or Asian Welsh: Bangladeshi",11,L15: Full-time students,13
E05014082,Greenwich Peninsula,2,"Asian, Asian British or Asian Welsh: Chinese",-8,Does not apply,63
E05014082,Greenwich Peninsula,2,"Asian, Asian British or Asian Welsh: Chinese",1,L1 and L2: Large employers and higher managerial and administrative occupations,59
E05014082,Greenwich Peninsula,2,"Asian, Asian British or Asian Welsh: Chinese",2,L3: Higher professional occupations,238
E05014082,Greenwich Peninsula,2,"Asian, Asian British or Asian Welsh: Chinese",3,"L4, L5 and L6: Lower managerial, administrative and professional occupations",129
E05014082,Greenwich Peninsula,2,"Asian, Asian British or Asian Welsh: Chinese",4,L7: Intermediate occupations,42
E05014082,Greenwich Peninsula,2,"Asian, Asian British or Asian Welsh: Chinese",5,L8 and L9: Small employers and own account workers,35
E05014082,Greenwich Peninsula,2,"Asian, Asian British or Asian Welsh: Chinese",6,L10 and L11: Lower supervisory and technical occupations,20
E05014082,Greenwich Peninsula,2,"Asian, Asian British or Asian Welsh: Chinese",7,L12: Semi-routine occupations,23
E05014082,Greenwich Peninsula,2,"Asian, Asian British or Asian Welsh: Chinese",8,L13: Routine occupations,14
E05014082,Greenwich Peninsula,2,"Asian, Asian British or Asian Welsh: Chinese",9,L14.1: Never worked,33
E05014082,Greenwich Peninsula,2,"Asian, Asian British or Asian Welsh: Chinese",10,L14.2: Long-term unemployed,7
E05014082,Greenwich Peninsula,2,"Asian, Asian British or Asian Welsh: Chinese",11,L15: Full-time students,75
E05014082,Greenwich Peninsula,3,"Asian, Asian British or Asian Welsh: Indian",-8,Does not apply,145
E05014082,Greenwich Peninsula,3,"Asian, Asian British or Asian Welsh: Indian",1,L1 and L2: Large employers and higher managerial and administrative occupations,133
E05014082,Greenwich Peninsula,3,"Asian, Asian British or Asian Welsh: Indian",2,L3: Higher professional occupations,281
E05014082,Greenwich Peninsula,3,"Asian, Asian British or Asian Welsh: Indian",3,"L4, L5 and L6: Lower managerial, administrative and professional occupations",143
E05014082,Greenwich Peninsula,3,"Asian, Asian British or Asian Welsh: Indian",4,L7: Intermediate occupations,35
E05014082,Greenwich Peninsula,3,"Asian, Asian British or Asian Welsh: Indian",5,L8 and L9: Small employers and own account workers,32
E05014082,Greenwich Peninsula,3,"Asian, Asian British or Asian Welsh: Indian",6,L10 and L11: Lower supervisory and technical occupations,10
E05014082,Greenwich Peninsula,3,"Asian, Asian British or Asian Welsh: Indian",7,L12: Semi-routine occupations,14
E05014082,Greenwich Peninsula,3,"Asian, Asian British or Asian Welsh: Indian",8,L13: Routine occupations,9
E05014082,Greenwich Peninsula,3,"Asian, Asian British or Asian Welsh: Indian",9,L14.1: Never worked,29
E05014082,Greenwich Peninsula,3,"Asian, Asian British or Asian Welsh: Indian",10,L14.2: Long-term unemployed,14
E05014082,Greenwich Peninsula,3,"Asian, Asian British or Asian Welsh: Indian",11,L15: Full-time students,38
E05014082,Greenwich Peninsula,4,"Asian, Asian British or Asian Welsh: Pakistani",-8,Does not apply,20
E05014082,Greenwich Peninsula,4,"Asian, Asian British or Asian Welsh: Pakistani",1,L1 and L2: Large employers and higher managerial and administrative occupations,15
E05014082,Greenwich Peninsula,4,"Asian, Asian British or Asian Welsh: Pakistani",2,L3: Higher professional occupations,20
E05014082,Greenwich Peninsula,4,"Asian, Asian British or Asian Welsh: Pakistani",3,"L4, L5 and L6: Lower managerial, administrative and professional occupations",22
E05014082,Greenwich Peninsula,4,"Asian, Asian British or Asian Welsh: Pakistani",4,L7: Intermediate occupations,5
E05014082,Greenwich Peninsula,4,"Asian, Asian British or Asian Welsh: Pakistani",5,L8 and L9: Small employers and own account workers,3
E05014082,Greenwich Peninsula,4,"Asian, Asian British or Asian Welsh: Pakistani",6,L10 and L11: Lower supervisory and technical occupations,2
E05014082,Greenwich Peninsula,4,"Asian, Asian British or Asian Welsh: Pakistani",7,L12: Semi-routine occupations,6
E05014082,Greenwich Peninsula,4,"Asian, Asian British or Asian Welsh: Pakistani",8,L13: Routine occupations,4
E05014082,Greenwich Peninsula,4,"Asian, Asian British or Asian Welsh: Pakistani",9,L14.1: Never worked,12
E05014082,Greenwich Peninsula,4,"Asian, Asian British or Asian Welsh: Pakistani",10,L14.2: Long-term unemployed,1
E05014082,Greenwich Peninsula,4,"Asian, Asian British or Asian Welsh: Pakistani",11,L15: Full-time students,10
E05014082,Greenwich Peninsula,5,"Asian, Asian British or Asian Welsh: Other Asian",-8,Does not apply,90
E05014082,Greenwich Peninsula,5,"Asian, Asian British or Asian Welsh: Other Asian",1,L1 and L2: Large employers and higher managerial and administrative occupations,26
E05014082,Greenwich Peninsula,5,"Asian, Asian British or Asian Welsh: Other Asian",2,L3: Higher professional occupations,101
E05014082,Greenwich Peninsula,5,"Asian, Asian British or Asian Welsh: Other Asian",3,"L4, L5 and L6: Lower managerial, administrative and professional occupations",96
E05014082,Greenwich Peninsula,5,"Asian, Asian British or Asian Welsh: Other Asian",4,L7: Intermediate occupations,23
E05014082,Greenwich Peninsula,5,"Asian, Asian British or Asian Welsh: Other Asian",5,L8 and L9: Small employers and own account workers,24
E05014082,Greenwich Peninsula,5,"Asian, Asian British or Asian Welsh: Other Asian",6,L10 and L11: Lower supervisory and technical occupations,21
E05014082,Greenwich Peninsula,5,"Asian, Asian British or Asian Welsh: Other Asian",7,L12: Semi-routine occupations,47
E05014082,Greenwich Peninsula,5,"Asian, Asian British or Asian Welsh: Other Asian",8,L13: Routine occupations,39
E05014082,Greenwich Peninsula,5,"Asian, Asian British or Asian Welsh: Other Asian",9,L14.1: Never worked,23
E05014082,Greenwich Peninsula,5,"Asian, Asian British or Asian Welsh: Other Asian",10,L14.2: Long-term unemployed,3
E05014082,Greenwich Peninsula,5,"Asian, Asian British or Asian Welsh: Other Asian",11,L15: Full-time students,78
E05014082,Greenwich Peninsula,6,"Black, Black British, Black Welsh, Caribbean or African: African",-8,Does not apply,326
E05014082,Greenwich Peninsula,6,"Black, Black British, Black Welsh, Caribbean or African: African",1,L1 and L2: Large employers and higher managerial and administrative occupations,22
E05014082,Greenwich Peninsula,6,"Black, Black British, Black Welsh, Caribbean or African: African",2,L3: Higher professional occupations,83
E05014082,Greenwich Peninsula,6,"Black, Black British, Black Welsh, Caribbean or African: African",3,"L4, L5 and L6: Lower managerial, administrative and professional occupations",139
E05014082,Greenwich Peninsula,6,"Black, Black British, Black Welsh, Caribbean or African: African",4,L7: Intermediate occupations,71
E05014082,Greenwich Peninsula,6,"Black, Black British, Black Welsh, Caribbean or African: African",5,L8 and L9: Small employers and own account workers,60
E05014082,Greenwich Peninsula,6,"Black, Black British, Black Welsh, Caribbean or African: African",6,L10 and L11: Lower supervisory and technical occupations,28
E05014082,Greenwich Peninsula,6,"Black, Black British, Black Welsh, Caribbean or African: African",7,L12: Semi-routine occupations,107
E05014082,Greenwich Peninsula,6,"Black, Black British, Black Welsh, Caribbean or African: African",8,L13: Routine occupations,58
E05014082,Greenwich Peninsula,6,"Black, Black British, Black Welsh, Caribbean or African: African",9,L14.1: Never worked,73
E05014082,Greenwich Peninsula,6,"Black, Black British, Black Welsh, Caribbean or African: African",10,L14.2: Long-term unemployed,21
E05014082,Greenwich Peninsula,6,"Black, Black British, Black Welsh, Caribbean or African: African",11,L15: Full-time students,140
E05014082,Greenwich Peninsula,7,"Black, Black British, Black Welsh, Caribbean or African: Caribbean",-8,Does not apply,53
E05014082,Greenwich Peninsula,7,"Black, Black British, Black Welsh, Caribbean or African: Caribbean",1,L1 and L2: Large employers and higher managerial and administrative occupations,6
E05014082,Greenwich Peninsula,7,"Black, Black British, Black Welsh, Caribbean or African: Caribbean",2,L3: Higher professional occupations,23
E05014082,Greenwich Peninsula,7,"Black, Black British, Black Welsh, Caribbean or African: Caribbean",3,"L4, L5 and L6: Lower managerial, administrative and professional occupations",52
E05014082,Greenwich Peninsula,7,"Black, Black British, Black Welsh, Caribbean or African: Caribbean",4,L7: Intermediate occupations,33
E05014082,Greenwich Peninsula,7,"Black, Black British, Black Welsh, Caribbean or African: Caribbean",5,L8 and L9: Small employers and own account workers,17
E05014082,Greenwich Peninsula,7,"Black, Black British, Black Welsh, Caribbean or African: Caribbean",6,L10 and L11: Lower supervisory and technical occupations,8
E05014082,Greenwich Peninsula,7,"Black, Black British, Black Welsh, Caribbean or African: Caribbean",7,L12: Semi-routine occupations,21
E05014082,Greenwich Peninsula,7,"Black, Black British, Black Welsh, Caribbean or African: Caribbean",8,L13: Routine occupations,19
E05014082,Greenwich Peninsula,7,"Black, Black British, Black Welsh, Caribbean or African: Caribbean",9,L14.1: Never worked,17
E05014082,Greenwich Peninsula,7,"Black, Black British, Black Welsh, Caribbean or African: Caribbean",10,L14.2: Long-term unemployed,2
E05014082,Greenwich Peninsula,7,"Black, Black British, Black Welsh, Caribbean or African: Caribbean",11,L15: Full-time students,35
E05014082,Greenwich Peninsula,8,"Black, Black British, Black Welsh, Caribbean or African: Other Black",-8,Does not apply,107
E05014082,Greenwich Peninsula,8,"Black, Black British, Black Welsh, Caribbean or African: Other Black",1,L1 and L2: Large employers and higher managerial and administrative occupations,4
E05014082,Greenwich Peninsula,8,"Black, Black British, Black Welsh, Caribbean or African: Other Black",2,L3: Higher professional occupations,3
E05014082,Greenwich Peninsula,8,"Black, Black British, Black Welsh, Caribbean or African: Other Black",3,"L4, L5 and L6: Lower managerial, administrative and professional occupations",26
E05014082,Greenwich Peninsula,8,"Black, Black British, Black Welsh, Caribbean or African: Other Black",4,L7: Intermediate occupations,7
E05014082,Greenwich Peninsula,8,"Black, Black British, Black Welsh, Caribbean or African: Other Black",5,L8 and L9: Small employers and own account workers,5
E05014082,Greenwich Peninsula,8,"Black, Black British, Black Welsh, Caribbean or African: Other Black",6,L10 and L11: Lower supervisory and technical occupations,2
E05014082,Greenwich Peninsula,8,"Black, Black British, Black Welsh, Caribbean or African: Other Black",7,L12: Semi-routine occupations,6
E05014082,Greenwich Peninsula,8,"Black, Black British, Black Welsh, Caribbean or African: Other Black",8,L13: Routine occupations,9
E05014082,Greenwich Peninsula,8,"Black, Black British, Black Welsh, Caribbean or African: Other Black",9,L14.1: Never worked,3
E05014082,Greenwich Peninsula,8,"Black, Black British, Black Welsh, Caribbean or African: Other Black",10,L14.2: Long-term unemployed,0
E05014082,Greenwich Peninsula,8,"Black, Black British, Black Welsh, Caribbean or African: Other Black",11,L15: Full-time students,20
E05014082,Greenwich Peninsula,9,Mixed or Multiple ethnic groups: White and Asian,-8,Does not apply,82
E05014082,Greenwich Peninsula,9,Mixed or Multiple ethnic groups: White and Asian,1,L1 and L2: Large employers and higher managerial and administrative occupations,6
E05014082,Greenwich Peninsula,9,Mixed or Multiple ethnic groups: White and Asian,2,L3: Higher professional occupations,35
E05014082,Greenwich Peninsula,9,Mixed or Multiple ethnic groups: White and Asian,3,"L4, L5 and L6: Lower managerial, administrative and professional occupations",32
E05014082,Greenwich Peninsula,9,Mixed or Multiple ethnic groups: White and Asian,4,L7: Intermediate occupations,7
E05014082,Greenwich Peninsula,9,Mixed or Multiple ethnic groups: White and Asian,5,L8 and L9: Small employers and own account workers,4
E05014082,Greenwich Peninsula,9,Mixed or Multiple ethnic groups: White and Asian,6,L10 and L11: Lower supervisory and technical occupations,3
E05014082,Greenwich Peninsula,9,Mixed or Multiple ethnic groups: White and Asian,7,L12: Semi-routine occupations,0
E05014082,Greenwich Peninsula,9,Mixed or Multiple ethnic groups: White and Asian,8,L13: Routine occupations,4
E05014082,Greenwich Peninsula,9,Mixed or Multiple ethnic groups: White and Asian,9,L14.1: Never worked,2
E05014082,Greenwich Peninsula,9,Mixed or Multiple ethnic groups: White and Asian,10,L14.2: Long-term unemployed,1
E05014082,Greenwich Peninsula,9,Mixed or Multiple ethnic groups: White and Asian,11,L15: Full-time students,16
E05014082,Greenwich Peninsula,10,Mixed or Multiple ethnic groups: White and Black African,-8,Does not apply,90
E05014082,Greenwich Peninsula,10,Mixed or Multiple ethnic groups: White and Black African,1,L1 and L2: Large employers and higher managerial and administrative occupations,3
E05014082,Greenwich Peninsula,10,Mixed or Multiple ethnic groups: White and Black African,2,L3: Higher professional occupations,5
E05014082,Greenwich Peninsula,10,Mixed or Multiple ethnic groups: White and Black African,3,"L4, L5 and L6: Lower managerial, administrative and professional occupations",17
E05014082,Greenwich Peninsula,10,Mixed or Multiple ethnic groups: White and Black African,4,L7: Intermediate occupations,7
E05014082,Greenwich Peninsula,10,Mixed or Multiple ethnic groups: White and Black African,5,L8 and L9: Small employers and own account workers,7
E05014082,Greenwich Peninsula,10,Mixed or Multiple ethnic groups: White and Black African,6,L10 and L11: Lower supervisory and technical occupations,2
E05014082,Greenwich Peninsula,10,Mixed or Multiple ethnic groups: White and Black African,7,L12: Semi-routine occupations,7
E05014082,Greenwich Peninsula,10,Mixed or Multiple ethnic groups: White and Black African,8,L13: Routine occupations,10
E05014082,Greenwich Peninsula,10,Mixed or Multiple ethnic groups: White and Black African,9,L14.1: Never worked,3
E05014082,Greenwich Peninsula,10,Mixed or Multiple ethnic groups: White and Black African,10,L14.2: Long-term unemployed,3
E05014082,Greenwich Peninsula,10,Mixed or Multiple ethnic groups: White and Black African,11,L15: Full-time students,9
E05014082,Greenwich Peninsula,11,Mixed or Multiple ethnic groups: White and Black Caribbean,-8,Does not apply,79
E05014082,Greenwich Peninsula,11,Mixed or Multiple ethnic groups: White and Black Caribbean,1,L1 and L2: Large employers and higher managerial and administrative occupations,7
E05014082,Greenwich Peninsula,11,Mixed or Multiple ethnic groups: White and Black Caribbean,2,L3: Higher professional occupations,10
E05014082,Greenwich Peninsula,11,Mixed or Multiple ethnic groups: White and Black Caribbean,3,"L4, L5 and L6: Lower managerial, administrative and professional occupations",26
E05014082,Greenwich Peninsula,11,Mixed or Multiple ethnic groups: White and Black Caribbean,4,L7: Intermediate occupations,21
E05014082,Greenwich Peninsula,11,Mixed or Multiple ethnic groups: White and Black Caribbean,5,L8 and L9: Small employers and own account workers,12
E05014082,Greenwich Peninsula,11,Mixed or Multiple ethnic groups: White and Black Caribbean,6,L10 and L11: Lower supervisory and technical occupations,4
E05014082,Greenwich Peninsula,11,Mixed or Multiple ethnic groups: White and Black Caribbean,7,L12: Semi-routine occupations,11
E05014082,Greenwich Peninsula,11,Mixed or Multiple ethnic groups: White and Black Caribbean,8,L13: Routine occupations,7
E05014082,Greenwich Peninsula,11,Mixed or Multiple ethnic groups: White and Black Caribbean,9,L14.1: Never worked,7
E05014082,Greenwich Peninsula,11,Mixed or Multiple ethnic groups: White and Black Caribbean,10,L14.2: Long-term unemployed,3
E05014082,Greenwich Peninsula,11,Mixed or Multiple ethnic groups: White and Black Caribbean,11,L15: Full-time students,21
E05014082,Greenwich Peninsula,12,Mixed or Multiple ethnic groups: Other Mixed or Multiple ethnic groups,-8,Does not apply,95
E05014082,Greenwich Peninsula,12,Mixed or Multiple ethnic groups: Other Mixed or Multiple ethnic groups,1,L1 and L2: Large employers and higher managerial and administrative occupations,15
E05014082,Greenwich Peninsula,12,Mixed or Multiple ethnic groups: Other Mixed or Multiple ethnic groups,2,L3: Higher professional occupations,39
E05014082,Greenwich Peninsula,12,Mixed or Multiple ethnic groups: Other Mixed or Multiple ethnic groups,3,"L4, L5 and L6: Lower managerial, administrative and professional occupations",55
E05014082,Greenwich Peninsula,12,Mixed or Multiple ethnic groups: Other Mixed or Multiple ethnic groups,4,L7: Intermediate occupations,17
E05014082,Greenwich Peninsula,12,Mixed or Multiple ethnic groups: Other Mixed or Multiple ethnic groups,5,L8 and L9: Small employers and own account workers,8
E05014082,Greenwich Peninsula,12,Mixed or Multiple ethnic groups: Other Mixed or Multiple ethnic groups,6,L10 and L11: Lower supervisory and technical occupations,4
E05014082,Greenwich Peninsula,12,Mixed or Multiple ethnic groups: Other Mixed or Multiple ethnic groups,7,L12: Semi-routine occupations,17
E05014082,Greenwich Peninsula,12,Mixed or Multiple ethnic groups: Other Mixed or Multiple ethnic groups,8,L13: Routine occupations,12
E05014082,Greenwich Peninsula,12,Mixed or Multiple ethnic groups: Other Mixed or Multiple ethnic groups,9,L14.1: Never worked,19
E05014082,Greenwich Peninsula,12,Mixed or Multiple ethnic groups: Other Mixed or Multiple ethnic groups,10,L14.2: Long-term unemployed,7
E05014082,Greenwich Peninsula,12,Mixed or Multiple ethnic groups: Other Mixed or Multiple ethnic groups,11,L15: Full-time students,33
E05014082,Greenwich Peninsula,13,"White: English, Welsh, Scottish, Northern Irish or British",-8,Does not apply,460
E05014082,Greenwich Peninsula,13,"White: English, Welsh, Scottish, Northern Irish or British",1,L1 and L2: Large employers and higher managerial and administrative occupations,229
E05014082,Greenwich Peninsula,13,"White: English, Welsh, Scottish, Northern Irish or British",2,L3: Higher professional occupations,603
E05014082,Greenwich Peninsula,13,"White: English, Welsh, Scottish, Northern Irish or British",3,"L4, L5 and L6: Lower managerial, administrative and professional occupations",768
E05014082,Greenwich Peninsula,13,"White: English, Welsh, Scottish, Northern Irish or British",4,L7: Intermediate occupations,228
E05014082,Greenwich Peninsula,13,"White: English, Welsh, Scottish, Northern Irish or British",5,L8 and L9: Small employers and own account workers,171
E05014082,Greenwich Peninsula,13,"White: English, Welsh, Scottish, Northern Irish or British",6,L10 and L11: Lower supervisory and technical occupations,76
E05014082,Greenwich Peninsula,13,"White: English, Welsh, Scottish, Northern Irish or British",7,L12: Semi-routine occupations,170
E05014082,Greenwich Peninsula,13,"White: English, Welsh, Scottish, Northern Irish or British",8,L13: Routine occupations,118
E05014082,Greenwich Peninsula,13,"White: English, Welsh, Scottish, Northern Irish or British",9,L14.1: Never worked,105
E05014082,Greenwich Peninsula,13,"White: English, Welsh, Scottish, Northern Irish or British",10,L14.2: Long-term unemployed,34
E05014082,Greenwich Peninsula,13,"White: English, Welsh, Scottish, Northern Irish or British",11,L15: Full-time students,229
E05014082,Greenwich Peninsula,14,White: Irish,-8,Does not apply,8
E05014082,Greenwich Peninsula,14,White: Irish,1,L1 and L2: Large employers and higher managerial and administrative occupations,17
E05014082,Greenwich Peninsula,14,White: Irish,2,L3: Higher professional occupations,35
E05014082,Greenwich Peninsula,14,White: Irish,3,"L4, L5 and L6: Lower managerial, administrative and professional occupations",54
E05014082,Greenwich Peninsula,14,White: Irish,4,L7: Intermediate occupations,6
E05014082,Greenwich Peninsula,14,White: Irish,5,L8 and L9: Small employers and own account workers,15
E05014082,Greenwich Peninsula,14,White: Irish,6,L10 and L11: Lower supervisory and technical occupations,5
E05014082,Greenwich Peninsula,14,White: Irish,7,L12: Semi-routine occupations,7
E05014082,Greenwich Peninsula,14,White: Irish,8,L13: Routine occupations,6
E05014082,Greenwich Peninsula,14,White: Irish,9,L14.1: Never worked,3
E05014082,Greenwich Peninsula,14,White: Irish,10,L14.2: Long-term unemployed,0
E05014082,Greenwich Peninsula,14,White: Irish,11,L15: Full-time students,10
E05014082,Greenwich Peninsula,15,White: Gypsy or Irish Traveller,-8,Does not apply,2
E05014082,Greenwich Peninsula,15,White: Gypsy or Irish Traveller,1,L1 and L2: Large employers and higher managerial and administrative occupations,0
E05014082,Greenwich Peninsula,15,White: Gypsy or Irish Traveller,2,L3: Higher professional occupations,0
E05014082,Greenwich Peninsula,15,White: Gypsy or Irish Traveller,3,"L4, L5 and L6: Lower managerial, administrative and professional occupations",0
E05014082,Greenwich Peninsula,15,White: Gypsy or Irish Traveller,4,L7: Intermediate occupations,1
E05014082,Greenwich Peninsula,15,White: Gypsy or Irish Traveller,5,L8 and L9: Small employers and own account workers,1
E05014082,Greenwich Peninsula,15,White: Gypsy or Irish Traveller,6,L10 and L11: Lower supervisory and technical occupations,0
E05014082,Greenwich Peninsula,15,White: Gypsy or Irish Traveller,7,L12: Semi-routine occupations,0
E05014082,Greenwich Peninsula,15,White: Gypsy or Irish Traveller,8,L13: Routine occupations,1
E05014082,Greenwich Peninsula,15,White: Gypsy or Irish Traveller,9,L14.1: Never worked,0
E05014082,Greenwich Peninsula,15,White: Gypsy or Irish Traveller,10,L14.2: Long-term unemployed,0
E05014082,Greenwich Peninsula,15,White: Gypsy or Irish Traveller,11,L15: Full-time students,1
E05014082,Greenwich Peninsula,16,White: Roma,-8,Does not apply,5
E05014082,Greenwich Peninsula,16,White: Roma,1,L1 and L2: Large employers and higher managerial and administrative occupations,2
E05014082,Greenwich Peninsula,16,White: Roma,2,L3: Higher professional occupations,10
E05014082,Greenwich Peninsula,16,White: Roma,3,"L4, L5 and L6: Lower managerial, administrative and professional occupations",5
E05014082,Greenwich Peninsula,16,White: Roma,4,L7: Intermediate occupations,1
E05014082,Greenwich Peninsula,16,White: Roma,5,L8 and L9: Small employers and own account workers,7
E05014082,Greenwich Peninsula,16,White: Roma,6,L10 and L11: Lower supervisory and technical occupations,5
E05014082,Greenwich Peninsula,16,White: Roma,7,L12: Semi-routine occupations,5
E05014082,Greenwich Peninsula,16,White: Roma,8,L13: Routine occupations,5
E05014082,Greenwich Peninsula,16,White: Roma,9,L14.1: Never worked,0
E05014082,Greenwich Peninsula,16,White: Roma,10,L14.2: Long-term unemployed,0
E05014082,Greenwich Peninsula,16,White: Roma,11,L15: Full-time students,7
E05014082,Greenwich Peninsula,17,White: Other White,-8,Does not apply,268
E05014082,Greenwich Peninsula,17,White: Other White,1,L1 and L2: Large employers and higher managerial and administrative occupations,200
E05014082,Greenwich Peninsula,17,White: Other White,2,L3: Higher professional occupations,648
E05014082,Greenwich Peninsula,17,White: Other White,3,"L4, L5 and L6: Lower managerial, administrative and professional occupations",525
E05014082,Greenwich Peninsula,17,White: Other White,4,L7: Intermediate occupations,126
E05014082,Greenwich Peninsula,17,White: Other White,5,L8 and L9: Small employers and own account workers,213
E05014082,Greenwich Peninsula,17,White: Other White,6,L10 and L11: Lower supervisory and technical occupations,73
E05014082,Greenwich Peninsula,17,White: Other White,7,L12: Semi-routine occupations,89
E05014082,Greenwich Peninsula,17,White: Other White,8,L13: Routine occupations,135
E05014082,Greenwich Peninsula,17,White: Other White,9,L14.1: Never worked,29
E05014082,Greenwich Peninsula,17,White: Other White,10,L14.2: Long-term unemployed,25
E05014082,Greenwich Peninsula,17,White: Other White,11,L15: Full-time students,183
E05014082,Greenwich Peninsula,18,Other ethnic group: Arab,-8,Does not apply,29
E05014082,Greenwich Peninsula,18,Other ethnic group: Arab,1,L1 and L2: Large employers and higher managerial and administrative occupations,7
E05014082,Greenwich Peninsula,18,Other ethnic group: Arab,2,L3: Higher professional occupations,28
E05014082,Greenwich Peninsula,18,Other ethnic group: Arab,3,"L4, L5 and L6: Lower managerial, administrative and professional occupations",18
E05014082,Greenwich Peninsula,18,Other ethnic group: Arab,4,L7: Intermediate occupations,4
E05014082,Greenwich Peninsula,18,Other ethnic group: Arab,5,L8 and L9: Small employers and own account workers,4
E05014082,Greenwich Peninsula,18,Other ethnic group: Arab,6,L10 and L11: Lower supervisory and technical occupations,2
E05014082,Greenwich Peninsula,18,Other ethnic group: Arab,7,L12: Semi-routine occupations,5
E05014082,Greenwich Peninsula,18,Other ethnic group: Arab,8,L13: Routine occupations,4
E05014082,Greenwich Peninsula,18,Other ethnic group: Arab,9,L14.1: Never worked,11
E05014082,Greenwich Peninsula,18,Other ethnic group: Arab,10,L14.2: Long-term unemployed,2
E05014082,Greenwich Peninsula,18,Other ethnic group: Arab,11,L15: Full-time students,16
E05014082,Greenwich Peninsula,19,Other ethnic group: Any other ethnic group,-8,Does not apply,86
E05014082,Greenwich Peninsula,19,Other ethnic group: Any other ethnic group,1,L1 and L2: Large employers and higher managerial and administrative occupations,16
E05014082,Greenwich Peninsula,19,Other ethnic group: Any other ethnic group,2,L3: Higher professional occupations,60
E05014082,Greenwich Peninsula,19,Other ethnic group: Any other ethnic group,3,"L4, L5 and L6: Lower managerial, administrative and professional occupations",53
E05014082,Greenwich Peninsula,19,Other ethnic group: Any other ethnic group,4,L7: Intermediate occupations,29
E05014082,Greenwich Peninsula,19,Other ethnic group: Any other ethnic group,5,L8 and L9: Small employers and own account workers,38
E05014082,Greenwich Peninsula,19,Other ethnic group: Any other ethnic group,6,L10 and L11: Lower supervisory and technical occupations,6
E05014082,Greenwich Peninsula,19,Other ethnic group: Any other ethnic group,7,L12: Semi-routine occupations,21
E05014082,Greenwich Peninsula,19,Other ethnic group: Any other ethnic group,8,L13: Routine occupations,49
E05014082,Greenwich Peninsula,19,Other ethnic group: Any other ethnic group,9,L14.1: Never worked,36
E05014082,Greenwich Peninsula,19,Other ethnic group: Any other ethnic group,10,L14.2: Long-term unemployed,7
E05014082,Greenwich Peninsula,19,Other ethnic group: Any other ethnic group,11,L15: Full-time students,48
E05014083,Kidbrooke Park,-8,Does not apply,-8,Does not apply,0
E05014083,Kidbrooke Park,-8,Does not apply,1,L1 and L2: Large employers and higher managerial and administrative occupations,0
E05014083,Kidbrooke Park,-8,Does not apply,2,L3: Higher professional occupations,0
E05014083,Kidbrooke Park,-8,Does not apply,3,"L4, L5 and L6: Lower managerial, administrative and professional occupations",0
E05014083,Kidbrooke Park,-8,Does not apply,4,L7: Intermediate occupations,0
E05014083,Kidbrooke Park,-8,Does not apply,5,L8 and L9: Small employers and own account workers,0
E05014083,Kidbrooke Park,-8,Does not apply,6,L10 and L11: Lower supervisory and technical occupations,0
E05014083,Kidbrooke Park,-8,Does not apply,7,L12: Semi-routine occupations,0
E05014083,Kidbrooke Park,-8,Does not apply,8,L13: Routine occupations,0
E05014083,Kidbrooke Park,-8,Does not apply,9,L14.1: Never worked,0
E05014083,Kidbrooke Park,-8,Does not apply,10,L14.2: Long-term unemployed,0
E05014083,Kidbrooke Park,-8,Does not apply,11,L15: Full-time students,0
E05014083,Kidbrooke Park,1,"Asian, Asian British or Asian Welsh: Bangladeshi",-8,Does not apply,13
E05014083,Kidbrooke Park,1,"Asian, Asian British or Asian Welsh: Bangladeshi",1,L1 and L2: Large employers and higher managerial and administrative occupations,0
E05014083,Kidbrooke Park,1,"Asian, Asian British or Asian Welsh: Bangladeshi",2,L3: Higher professional occupations,7
E05014083,Kidbrooke Park,1,"Asian, Asian British or Asian Welsh: Bangladeshi",3,"L4, L5 and L6: Lower managerial, administrative and professional occupations",11
E05014083,Kidbrooke Park,1,"Asian, Asian British or Asian Welsh: Bangladeshi",4,L7: Intermediate occupations,8
E05014083,Kidbrooke Park,1,"Asian, Asian British or Asian Welsh: Bangladeshi",5,L8 and L9: Small employers and own account workers,7
E05014083,Kidbrooke Park,1,"Asian, Asian British or Asian Welsh: Bangladeshi",6,L10 and L11: Lower supervisory and technical occupations,3
E05014083,Kidbrooke Park,1,"Asian, Asian British or Asian Welsh: Bangladeshi",7,L12: Semi-routine occupations,4
E05014083,Kidbrooke Park,1,"Asian, Asian British or Asian Welsh: Bangladeshi",8,L13: Routine occupations,8
E05014083,Kidbrooke Park,1,"Asian, Asian British or Asian Welsh: Bangladeshi",9,L14.1: Never worked,7
E05014083,Kidbrooke Park,1,"Asian, Asian British or Asian Welsh: Bangladeshi",10,L14.2: Long-term unemployed,2
E05014083,Kidbrooke Park,1,"Asian, Asian British or Asian Welsh: Bangladeshi",11,L15: Full-time students,21
E05014083,Kidbrooke Park,2,"Asian, Asian British or Asian Welsh: Chinese",-8,Does not apply,69
E05014083,Kidbrooke Park,2,"Asian, Asian British or Asian Welsh: Chinese",1,L1 and L2: Large employers and higher managerial and administrative occupations,14
E05014083,Kidbrooke Park,2,"Asian, Asian British or Asian Welsh: Chinese",2,L3: Higher professional occupations,37
E05014083,Kidbrooke Park,2,"Asian, Asian British or Asian Welsh: Chinese",3,"L4, L5 and L6: Lower managerial, administrative and professional occupations",40
E05014083,Kidbrooke Park,2,"Asian, Asian British or Asian Welsh: Chinese",4,L7: Intermediate occupations,23
E05014083,Kidbrooke Park,2,"Asian, Asian British or Asian Welsh: Chinese",5,L8 and L9: Small employers and own account workers,30
E05014083,Kidbrooke Park,2,"Asian, Asian British or Asian Welsh: Chinese",6,L10 and L11: Lower supervisory and technical occupations,9
E05014083,Kidbrooke Park,2,"Asian, Asian British or Asian Welsh: Chinese",7,L12: Semi-routine occupations,21
E05014083,Kidbrooke Park,2,"Asian, Asian British or Asian Welsh: Chinese",8,L13: Routine occupations,19
E05014083,Kidbrooke Park,2,"Asian, Asian British or Asian Welsh: Chinese",9,L14.1: Never worked,27
E05014083,Kidbrooke Park,2,"Asian, Asian British or Asian Welsh: Chinese",10,L14.2: Long-term unemployed,3
E05014083,Kidbrooke Park,2,"Asian, Asian British or Asian Welsh: Chinese",11,L15: Full-time students,16
E05014083,Kidbrooke Park,3,"Asian, Asian British or Asian Welsh: Indian",-8,Does not apply,58
E05014083,Kidbrooke Park,3,"Asian, Asian British or Asian Welsh: Indian",1,L1 and L2: Large employers and higher managerial and administrative occupations,29
E05014083,Kidbrooke Park,3,"Asian, Asian British or Asian Welsh: Indian",2,L3: Higher professional occupations,81
E05014083,Kidbrooke Park,3,"Asian, Asian British or Asian Welsh: Indian",3,"L4, L5 and L6: Lower managerial, administrative and professional occupations",73
E05014083,Kidbrooke Park,3,"Asian, Asian British or Asian Welsh: Indian",4,L7: Intermediate occupations,31
E05014083,Kidbrooke Park,3,"Asian, Asian British or Asian Welsh: Indian",5,L8 and L9: Small employers and own account workers,36
E05014083,Kidbrooke Park,3,"Asian, Asian British or Asian Welsh: Indian",6,L10 and L11: Lower supervisory and technical occupations,6
E05014083,Kidbrooke Park,3,"Asian, Asian British or Asian Welsh: Indian",7,L12: Semi-routine occupations,31
E05014083,Kidbrooke Park,3,"Asian, Asian British or Asian Welsh: Indian",8,L13: Routine occupations,11
E05014083,Kidbrooke Park,3,"Asian, Asian British or Asian Welsh: Indian",9,L14.1: Never worked,32
E05014083,Kidbrooke Park,3,"Asian, Asian British or Asian Welsh: Indian",10,L14.2: Long-term unemployed,3
E05014083,Kidbrooke Park,3,"Asian, Asian British or Asian Welsh: Indian",11,L15: Full-time students,21
E05014083,Kidbrooke Park,4,"Asian, Asian British or Asian Welsh: Pakistani",-8,Does not apply,39
E05014083,Kidbrooke Park,4,"Asian, Asian British or Asian Welsh: Pakistani",1,L1 and L2: Large employers and higher managerial and administrative occupations,10
E05014083,Kidbrooke Park,4,"Asian, Asian British or Asian Welsh: Pakistani",2,L3: Higher professional occupations,19
E05014083,Kidbrooke Park,4,"Asian, Asian British or Asian Welsh: Pakistani",3,"L4, L5 and L6: Lower managerial, administrative and professional occupations",22
E05014083,Kidbrooke Park,4,"Asian, Asian British or Asian Welsh: Pakistani",4,L7: Intermediate occupations,8
E05014083,Kidbrooke Park,4,"Asian, Asian British or Asian Welsh: Pakistani",5,L8 and L9: Small employers and own account workers,12
E05014083,Kidbrooke Park,4,"Asian, Asian British or Asian Welsh: Pakistani",6,L10 and L11: Lower supervisory and technical occupations,3
E05014083,Kidbrooke Park,4,"Asian, Asian British or Asian Welsh: Pakistani",7,L12: Semi-routine occupations,6
E05014083,Kidbrooke Park,4,"Asian, Asian British or Asian Welsh: Pakistani",8,L13: Routine occupations,5
E05014083,Kidbrooke Park,4,"Asian, Asian British or Asian Welsh: Pakistani",9,L14.1: Never worked,17
E05014083,Kidbrooke Park,4,"Asian, Asian British or Asian Welsh: Pakistani",10,L14.2: Long-term unemployed,0
E05014083,Kidbrooke Park,4,"Asian, Asian British or Asian Welsh: Pakistani",11,L15: Full-time students,9
E05014083,Kidbrooke Park,5,"Asian, Asian British or Asian Welsh: Other Asian",-8,Does not apply,92
E05014083,Kidbrooke Park,5,"Asian, Asian British or Asian Welsh: Other Asian",1,L1 and L2: Large employers and higher managerial and administrative occupations,11
E05014083,Kidbrooke Park,5,"Asian, Asian British or Asian Welsh: Other Asian",2,L3: Higher professional occupations,31
E05014083,Kidbrooke Park,5,"Asian, Asian British or Asian Welsh: Other Asian",3,"L4, L5 and L6: Lower managerial, administrative and professional occupations",73
E05014083,Kidbrooke Park,5,"Asian, Asian British or Asian Welsh: Other Asian",4,L7: Intermediate occupations,28
E05014083,Kidbrooke Park,5,"Asian, Asian British or Asian Welsh: Other Asian",5,L8 and L9: Small employers and own account workers,32
E05014083,Kidbrooke Park,5,"Asian, Asian British or Asian Welsh: Other Asian",6,L10 and L11: Lower supervisory and technical occupations,19
E05014083,Kidbrooke Park,5,"Asian, Asian British or Asian Welsh: Other Asian",7,L12: Semi-routine occupations,58
E05014083,Kidbrooke Park,5,"Asian, Asian British or Asian Welsh: Other Asian",8,L13: Routine occupations,25
E05014083,Kidbrooke Park,5,"Asian, Asian British or Asian Welsh: Other Asian",9,L14.1: Never worked,31
E05014083,Kidbrooke Park,5,"Asian, Asian British or Asian Welsh: Other Asian",10,L14.2: Long-term unemployed,5
E05014083,Kidbrooke Park,5,"Asian, Asian British or Asian Welsh: Other Asian",11,L15: Full-time students,38
E05014083,Kidbrooke Park,6,"Black, Black British, Black Welsh, Caribbean or African: African",-8,Does not apply,319
E05014083,Kidbrooke Park,6,"Black, Black British, Black Welsh, Caribbean or African: African",1,L1 and L2: Large employers and higher managerial and administrative occupations,36
E05014083,Kidbrooke Park,6,"Black, Black British, Black Welsh, Caribbean or African: African",2,L3: Higher professional occupations,95
E05014083,Kidbrooke Park,6,"Black, Black British, Black Welsh, Caribbean or African: African",3,"L4, L5 and L6: Lower managerial, administrative and professional occupations",195
E05014083,Kidbrooke Park,6,"Black, Black British, Black Welsh, Caribbean or African: African",4,L7: Intermediate occupations,93
E05014083,Kidbrooke Park,6,"Black, Black British, Black Welsh, Caribbean or African: African",5,L8 and L9: Small employers and own account workers,80
E05014083,Kidbrooke Park,6,"Black, Black British, Black Welsh, Caribbean or African: African",6,L10 and L11: Lower supervisory and technical occupations,20
E05014083,Kidbrooke Park,6,"Black, Black British, Black Welsh, Caribbean or African: African",7,L12: Semi-routine occupations,84
E05014083,Kidbrooke Park,6,"Black, Black British, Black Welsh, Caribbean or African: African",8,L13: Routine occupations,71
E05014083,Kidbrooke Park,6,"Black, Black British, Black Welsh, Caribbean or African: African",9,L14.1: Never worked,56
E05014083,Kidbrooke Park,6,"Black, Black British, Black Welsh, Caribbean or African: African",10,L14.2: Long-term unemployed,17
E05014083,Kidbrooke Park,6,"Black, Black British, Black Welsh, Caribbean or African: African",11,L15: Full-time students,142
E05014083,Kidbrooke Park,7,"Black, Black British, Black Welsh, Caribbean or African: Caribbean",-8,Does not apply,44
E05014083,Kidbrooke Park,7,"Black, Black British, Black Welsh, Caribbean or African: Caribbean",1,L1 and L2: Large employers and higher managerial and administrative occupations,6
E05014083,Kidbrooke Park,7,"Black, Black British, Black Welsh, Caribbean or African: Caribbean",2,L3: Higher professional occupations,28
E05014083,Kidbrooke Park,7,"Black, Black British, Black Welsh, Caribbean or African: Caribbean",3,"L4, L5 and L6: Lower managerial, administrative and professional occupations",65
E05014083,Kidbrooke Park,7,"Black, Black British, Black Welsh, Caribbean or African: Caribbean",4,L7: Intermediate occupations,43
E05014083,Kidbrooke Park,7,"Black, Black British, Black Welsh, Caribbean or African: Caribbean",5,L8 and L9: Small employers and own account workers,24
E05014083,Kidbrooke Park,7,"Black, Black British, Black Welsh, Caribbean or African: Caribbean",6,L10 and L11: Lower supervisory and technical occupations,8
E05014083,Kidbrooke Park,7,"Black, Black British, Black Welsh, Caribbean or African: Caribbean",7,L12: Semi-routine occupations,34
E05014083,Kidbrooke Park,7,"Black, Black British, Black Welsh, Caribbean or African: Caribbean",8,L13: Routine occupations,40
E05014083,Kidbrooke Park,7,"Black, Black British, Black Welsh, Caribbean or African: Caribbean",9,L14.1: Never worked,11
E05014083,Kidbrooke Park,7,"Black, Black British, Black Welsh, Caribbean or African: Caribbean",10,L14.2: Long-term unemployed,7
E05014083,Kidbrooke Park,7,"Black, Black British, Black Welsh, Caribbean or African: Caribbean",11,L15: Full-time students,20
E05014083,Kidbrooke Park,8,"Black, Black British, Black Welsh, Caribbean or African: Other Black",-8,Does not apply,70
E05014083,Kidbrooke Park,8,"Black, Black British, Black Welsh, Caribbean or African: Other Black",1,L1 and L2: Large employers and higher managerial and administrative occupations,0
E05014083,Kidbrooke Park,8,"Black, Black British, Black Welsh, Caribbean or African: Other Black",2,L3: Higher professional occupations,8
E05014083,Kidbrooke Park,8,"Black, Black British, Black Welsh, Caribbean or African: Other Black",3,"L4, L5 and L6: Lower managerial, administrative and professional occupations",28
E05014083,Kidbrooke Park,8,"Black, Black British, Black Welsh, Caribbean or African: Other Black",4,L7: Intermediate occupations,10
E05014083,Kidbrooke Park,8,"Black, Black British, Black Welsh, Caribbean or African: Other Black",5,L8 and L9: Small employers and own account workers,6
E05014083,Kidbrooke Park,8,"Black, Black British, Black Welsh, Caribbean or African: Other Black",6,L10 and L11: Lower supervisory and technical occupations,2
E05014083,Kidbrooke Park,8,"Black, Black British, Black Welsh, Caribbean or African: Other Black",7,L12: Semi-routine occupations,14
E05014083,Kidbrooke Park,8,"Black, Black British, Black Welsh, Caribbean or African: Other Black",8,L13: Routine occupations,9
E05014083,Kidbrooke Park,8,"Black, Black British, Black Welsh, Caribbean or African: Other Black",9,L14.1: Never worked,18
E05014083,Kidbrooke Park,8,"Black, Black British, Black Welsh, Caribbean or African: Other Black",10,L14.2: Long-term unemployed,3
E05014083,Kidbrooke Park,8,"Black, Black British, Black Welsh, Caribbean or African: Other Black",11,L15: Full-time students,34
E05014083,Kidbrooke Park,9,Mixed or Multiple ethnic groups: White and Asian,-8,Does not apply,80
E05014083,Kidbrooke Park,9,Mixed or Multiple ethnic groups: White and Asian,1,L1 and L2: Large employers and higher managerial and administrative occupations,3
E05014083,Kidbrooke Park,9,Mixed or Multiple ethnic groups: White and Asian,2,L3: Higher professional occupations,8
E05014083,Kidbrooke Park,9,Mixed or Multiple ethnic groups: White and Asian,3,"L4, L5 and L6: Lower managerial, administrative and professional occupations",15
E05014083,Kidbrooke Park,9,Mixed or Multiple ethnic groups: White and Asian,4,L7: Intermediate occupations,6
E05014083,Kidbrooke Park,9,Mixed or Multiple ethnic groups: White and Asian,5,L8 and L9: Small employers and own account workers,5
E05014083,Kidbrooke Park,9,Mixed or Multiple ethnic groups: White and Asian,6,L10 and L11: Lower supervisory and technical occupations,0
E05014083,Kidbrooke Park,9,Mixed or Multiple ethnic groups: White and Asian,7,L12: Semi-routine occupations,0
E05014083,Kidbrooke Park,9,Mixed or Multiple ethnic groups: White and Asian,8,L13: Routine occupations,4
E05014083,Kidbrooke Park,9,Mixed or Multiple ethnic groups: White and Asian,9,L14.1: Never worked,3
E05014083,Kidbrooke Park,9,Mixed or Multiple ethnic groups: White and Asian,10,L14.2: Long-term unemployed,1
E05014083,Kidbrooke Park,9,Mixed or Multiple ethnic groups: White and Asian,11,L15: Full-time students,16
E05014083,Kidbrooke Park,10,Mixed or Multiple ethnic groups: White and Black African,-8,Does not apply,39
E05014083,Kidbrooke Park,10,Mixed or Multiple ethnic groups: White and Black African,1,L1 and L2: Large employers and higher managerial and administrative occupations,1
E05014083,Kidbrooke Park,10,Mixed or Multiple ethnic groups: White and Black African,2,L3: Higher professional occupations,6
E05014083,Kidbrooke Park,10,Mixed or Multiple ethnic groups: White and Black African,3,"L4, L5 and L6: Lower managerial, administrative and professional occupations",8
E05014083,Kidbrooke Park,10,Mixed or Multiple ethnic groups: White and Black African,4,L7: Intermediate occupations,6
E05014083,Kidbrooke Park,10,Mixed or Multiple ethnic groups: White and Black African,5,L8 and L9: Small employers and own account workers,4
E05014083,Kidbrooke Park,10,Mixed or Multiple ethnic groups: White and Black African,6,L10 and L11: Lower supervisory and technical occupations,1
E05014083,Kidbrooke Park,10,Mixed or Multiple ethnic groups: White and Black African,7,L12: Semi-routine occupations,5
E05014083,Kidbrooke Park,10,Mixed or Multiple ethnic groups: White and Black African,8,L13: Routine occupations,3
E05014083,Kidbrooke Park,10,Mixed or Multiple ethnic groups: White and Black African,9,L14.1: Never worked,3
E05014083,Kidbrooke Park,10,Mixed or Multiple ethnic groups: White and Black African,10,L14.2: Long-term unemployed,1
E05014083,Kidbrooke Park,10,Mixed or Multiple ethnic groups: White and Black African,11,L15: Full-time students,11
E05014083,Kidbrooke Park,11,Mixed or Multiple ethnic groups: White and Black Caribbean,-8,Does not apply,66
E05014083,Kidbrooke Park,11,Mixed or Multiple ethnic groups: White and Black Caribbean,1,L1 and L2: Large employers and higher managerial and administrative occupations,2
E05014083,Kidbrooke Park,11,Mixed or Multiple ethnic groups: White and Black Caribbean,2,L3: Higher professional occupations,8
E05014083,Kidbrooke Park,11,Mixed or Multiple ethnic groups: White and Black Caribbean,3,"L4, L5 and L6: Lower managerial, administrative and professional occupations",22
E05014083,Kidbrooke Park,11,Mixed or Multiple ethnic groups: White and Black Caribbean,4,L7: Intermediate occupations,7
E05014083,Kidbrooke Park,11,Mixed or Multiple ethnic groups: White and Black Caribbean,5,L8 and L9: Small employers and own account workers,5
E05014083,Kidbrooke Park,11,Mixed or Multiple ethnic groups: White and Black Caribbean,6,L10 and L11: Lower supervisory and technical occupations,7
E05014083,Kidbrooke Park,11,Mixed or Multiple ethnic groups: White and Black Caribbean,7,L12: Semi-routine occupations,7
E05014083,Kidbrooke Park,11,Mixed or Multiple ethnic groups: White and Black Caribbean,8,L13: Routine occupations,5
E05014083,Kidbrooke Park,11,Mixed or Multiple ethnic groups: White and Black Caribbean,9,L14.1: Never worked,7
E05014083,Kidbrooke Park,11,Mixed or Multiple ethnic groups: White and Black Caribbean,10,L14.2: Long-term unemployed,4
E05014083,Kidbrooke Park,11,Mixed or Multiple ethnic groups: White and Black Caribbean,11,L15: Full-time students,12
E05014083,Kidbrooke Park,12,Mixed or Multiple ethnic groups: Other Mixed or Multiple ethnic groups,-8,Does not apply,100
E05014083,Kidbrooke Park,12,Mixed or Multiple ethnic groups: Other Mixed or Multiple ethnic groups,1,L1 and L2: Large employers and higher managerial and administrative occupations,7
E05014083,Kidbrooke Park,12,Mixed or Multiple ethnic groups: Other Mixed or Multiple ethnic groups,2,L3: Higher professional occupations,20
E05014083,Kidbrooke Park,12,Mixed or Multiple ethnic groups: Other Mixed or Multiple ethnic groups,3,"L4, L5 and L6: Lower managerial, administrative and professional occupations",31
E05014083,Kidbrooke Park,12,Mixed or Multiple ethnic groups: Other Mixed or Multiple ethnic groups,4,L7: Intermediate occupations,10
E05014083,Kidbrooke Park,12,Mixed or Multiple ethnic groups: Other Mixed or Multiple ethnic groups,5,L8 and L9: Small employers and own account workers,10
E05014083,Kidbrooke Park,12,Mixed or Multiple ethnic groups: Other Mixed or Multiple ethnic groups,6,L10 and L11: Lower supervisory and technical occupations,6
E05014083,Kidbrooke Park,12,Mixed or Multiple ethnic groups: Other Mixed or Multiple ethnic groups,7,L12: Semi-routine occupations,12
E05014083,Kidbrooke Park,12,Mixed or Multiple ethnic groups: Other Mixed or Multiple ethnic groups,8,L13: Routine occupations,12
E05014083,Kidbrooke Park,12,Mixed or Multiple ethnic groups: Other Mixed or Multiple ethnic groups,9,L14.1: Never worked,5
E05014083,Kidbrooke Park,12,Mixed or Multiple ethnic groups: Other Mixed or Multiple ethnic groups,10,L14.2: Long-term unemployed,6
E05014083,Kidbrooke Park,12,Mixed or Multiple ethnic groups: Other Mixed or Multiple ethnic groups,11,L15: Full-time students,14
E05014083,Kidbrooke Park,13,"White: English, Welsh, Scottish, Northern Irish or British",-8,Does not apply,685
E05014083,Kidbrooke Park,13,"White: English, Welsh, Scottish, Northern Irish or British",1,L1 and L2: Large employers and higher managerial and administrative occupations,165
E05014083,Kidbrooke Park,13,"White: English, Welsh, Scottish, Northern Irish or British",2,L3: Higher professional occupations,355
E05014083,Kidbrooke Park,13,"White: English, Welsh, Scottish, Northern Irish or British",3,"L4, L5 and L6: Lower managerial, administrative and professional occupations",789
E05014083,Kidbrooke Park,13,"White: English, Welsh, Scottish, Northern Irish or British",4,L7: Intermediate occupations,443
E05014083,Kidbrooke Park,13,"White: English, Welsh, Scottish, Northern Irish or British",5,L8 and L9: Small employers and own account workers,345
E05014083,Kidbrooke Park,13,"White: English, Welsh, Scottish, Northern Irish or British",6,L10 and L11: Lower supervisory and technical occupations,202
E05014083,Kidbrooke Park,13,"White: English, Welsh, Scottish, Northern Irish or British",7,L12: Semi-routine occupations,366
E05014083,Kidbrooke Park,13,"White: English, Welsh, Scottish, Northern Irish or British",8,L13: Routine occupations,386
E05014083,Kidbrooke Park,13,"White: English, Welsh, Scottish, Northern Irish or British",9,L14.1: Never worked,403
E05014083,Kidbrooke Park,13,"White: English, Welsh, Scottish, Northern Irish or British",10,L14.2: Long-term unemployed,59
E05014083,Kidbrooke Park,13,"White: English, Welsh, Scottish, Northern Irish or British",11,L15: Full-time students,158
E05014083,Kidbrooke Park,14,White: Irish,-8,Does not apply,7
E05014083,Kidbrooke Park,14,White: Irish,1,L1 and L2: Large employers and higher managerial and administrative occupations,8
E05014083,Kidbrooke Park,14,White: Irish,2,L3: Higher professional occupations,30
E05014083,Kidbrooke Park,14,White: Irish,3,"L4, L5 and L6: Lower managerial, administrative and professional occupations",52
E05014083,Kidbrooke Park,14,White: Irish,4,L7: Intermediate occupations,16
E05014083,Kidbrooke Park,14,White: Irish,5,L8 and L9: Small employers and own account workers,31
E05014083,Kidbrooke Park,14,White: Irish,6,L10 and L11: Lower supervisory and technical occupations,11
E05014083,Kidbrooke Park,14,White: Irish,7,L12: Semi-routine occupations,10
E05014083,Kidbrooke Park,14,White: Irish,8,L13: Routine occupations,8
E05014083,Kidbrooke Park,14,White: Irish,9,L14.1: Never worked,12
E05014083,Kidbrooke Park,14,White: Irish,10,L14.2: Long-term unemployed,2
E05014083,Kidbrooke Park,14,White: Irish,11,L15: Full-time students,27
E05014083,Kidbrooke Park,15,White: Gypsy or Irish Traveller,-8,Does not apply,2
E05014083,Kidbrooke Park,15,White: Gypsy or Irish Traveller,1,L1 and L2: Large employers and higher managerial and administrative occupations,0
E05014083,Kidbrooke Park,15,White: Gypsy or Irish Traveller,2,L3: Higher professional occupations,0
E05014083,Kidbrooke Park,15,White: Gypsy or Irish Traveller,3,"L4, L5 and L6: Lower managerial, administrative and professional occupations",0
E05014083,Kidbrooke Park,15,White: Gypsy or Irish Traveller,4,L7: Intermediate occupations,0
E05014083,Kidbrooke Park,15,White: Gypsy or Irish Traveller,5,L8 and L9: Small employers and own account workers,0
E05014083,Kidbrooke Park,15,White: Gypsy or Irish Traveller,6,L10 and L11: Lower supervisory and technical occupations,0
E05014083,Kidbrooke Park,15,White: Gypsy or Irish Traveller,7,L12: Semi-routine occupations,0
E05014083,Kidbrooke Park,15,White: Gypsy or Irish Traveller,8,L13: Routine occupations,0
E05014083,Kidbrooke Park,15,White: Gypsy or Irish Traveller,9,L14.1: Never worked,3
E05014083,Kidbrooke Park,15,White: Gypsy or Irish Traveller,10,L14.2: Long-term unemployed,0
E05014083,Kidbrooke Park,15,White: Gypsy or Irish Traveller,11,L15: Full-time students,2
E05014083,Kidbrooke Park,16,White: Roma,-8,Does not apply,10
E05014083,Kidbrooke Park,16,White: Roma,1,L1 and L2: Large employers and higher managerial and administrative occupations,0
E05014083,Kidbrooke Park,16,White: Roma,2,L3: Higher professional occupations,4
E05014083,Kidbrooke Park,16,White: Roma,3,"L4, L5 and L6: Lower managerial, administrative and professional occupations",7
E05014083,Kidbrooke Park,16,White: Roma,4,L7: Intermediate occupations,1
E05014083,Kidbrooke Park,16,White: Roma,5,L8 and L9: Small employers and own account workers,4
E05014083,Kidbrooke Park,16,White: Roma,6,L10 and L11: Lower supervisory and technical occupations,3
E05014083,Kidbrooke Park,16,White: Roma,7,L12: Semi-routine occupations,1
E05014083,Kidbrooke Park,16,White: Roma,8,L13: Routine occupations,4
E05014083,Kidbrooke Park,16,White: Roma,9,L14.1: Never worked,1
E05014083,Kidbrooke Park,16,White: Roma,10,L14.2: Long-term unemployed,0
E05014083,Kidbrooke Park,16,White: Roma,11,L15: Full-time students,1
E05014083,Kidbrooke Park,17,White: Other White,-8,Does not apply,181
E05014083,Kidbrooke Park,17,White: Other White,1,L1 and L2: Large employers and higher managerial and administrative occupations,77
E05014083,Kidbrooke Park,17,White: Other White,2,L3: Higher professional occupations,159
E05014083,Kidbrooke Park,17,White: Other White,3,"L4, L5 and L6: Lower managerial, administrative and professional occupations",203
E05014083,Kidbrooke Park,17,White: Other White,4,L7: Intermediate occupations,86
E05014083,Kidbrooke Park,17,White: Other White,5,L8 and L9: Small employers and own account workers,186
E05014083,Kidbrooke Park,17,White: Other White,6,L10 and L11: Lower supervisory and technical occupations,60
E05014083,Kidbrooke Park,17,White: Other White,7,L12: Semi-routine occupations,81
E05014083,Kidbrooke Park,17,White: Other White,8,L13: Routine occupations,95
E05014083,Kidbrooke Park,17,White: Other White,9,L14.1: Never worked,34
E05014083,Kidbrooke Park,17,White: Other White,10,L14.2: Long-term unemployed,12
E05014083,Kidbrooke Park,17,White: Other White,11,L15: Full-time students,67
E05014083,Kidbrooke Park,18,Other ethnic group: Arab,-8,Does not apply,22
E05014083,Kidbrooke Park,18,Other ethnic group: Arab,1,L1 and L2: Large employers and higher managerial and administrative occupations,1
E05014083,Kidbrooke Park,18,Other ethnic group: Arab,2,L3: Higher professional occupations,7
E05014083,Kidbrooke Park,18,Other ethnic group: Arab,3,"L4, L5 and L6: Lower managerial, administrative and professional occupations",7
E05014083,Kidbrooke Park,18,Other ethnic group: Arab,4,L7: Intermediate occupations,3
E05014083,Kidbrooke Park,18,Other ethnic group: Arab,5,L8 and L9: Small employers and own account workers,4
E05014083,Kidbrooke Park,18,Other ethnic group: Arab,6,L10 and L11: Lower supervisory and technical occupations,0
E05014083,Kidbrooke Park,18,Other ethnic group: Arab,7,L12: Semi-routine occupations,1
E05014083,Kidbrooke Park,18,Other ethnic group: Arab,8,L13: Routine occupations,3
E05014083,Kidbrooke Park,18,Other ethnic group: Arab,9,L14.1: Never worked,8
E05014083,Kidbrooke Park,18,Other ethnic group: Arab,10,L14.2: Long-term unemployed,0
E05014083,Kidbrooke Park,18,Other ethnic group: Arab,11,L15: Full-time students,4
E05014083,Kidbrooke Park,19,Other ethnic group: Any other ethnic group,-8,Does not apply,82
E05014083,Kidbrooke Park,19,Other ethnic group: Any other ethnic group,1,L1 and L2: Large employers and higher managerial and administrative occupations,14
E05014083,Kidbrooke Park,19,Other ethnic group: Any other ethnic group,2,L3: Higher professional occupations,28
E05014083,Kidbrooke Park,19,Other ethnic group: Any other ethnic group,3,"L4, L5 and L6: Lower managerial, administrative and professional occupations",45
E05014083,Kidbrooke Park,19,Other ethnic group: Any other ethnic group,4,L7: Intermediate occupations,26
E05014083,Kidbrooke Park,19,Other ethnic group: Any other ethnic group,5,L8 and L9: Small employers and own account workers,59
E05014083,Kidbrooke Park,19,Other ethnic group: Any other ethnic group,6,L10 and L11: Lower supervisory and technical occupations,14
E05014083,Kidbrooke Park,19,Other ethnic group: Any other ethnic group,7,L12: Semi-routine occupations,25
E05014083,Kidbrooke Park,19,Other ethnic group: Any other ethnic group,8,L13: Routine occupations,52
E05014083,Kidbrooke Park,19,Other ethnic group: Any other ethnic group,9,L14.1: Never worked,40
E05014083,Kidbrooke Park,19,Other ethnic group: Any other ethnic group,10,L14.2: Long-term unemployed,9
E05014083,Kidbrooke Park,19,Other ethnic group: Any other ethnic group,11,L15: Full-time students,33
E05014084,Kidbrooke Village & Sutcliffe,-8,Does not apply,-8,Does not apply,0
E05014084,Kidbrooke Village & Sutcliffe,-8,Does not apply,1,L1 and L2: Large employers and higher managerial and administrative occupations,0
E05014084,Kidbrooke Village & Sutcliffe,-8,Does not apply,2,L3: Higher professional occupations,0
E05014084,Kidbrooke Village & Sutcliffe,-8,Does not apply,3,"L4, L5 and L6: Lower managerial, administrative and professional occupations",0
E05014084,Kidbrooke Village & Sutcliffe,-8,Does not apply,4,L7: Intermediate occupations,0
E05014084,Kidbrooke Village & Sutcliffe,-8,Does not apply,5,L8 and L9: Small employers and own account workers,0
E05014084,Kidbrooke Village & Sutcliffe,-8,Does not apply,6,L10 and L11: Lower supervisory and technical occupations,0
E05014084,Kidbrooke Village & Sutcliffe,-8,Does not apply,7,L12: Semi-routine occupations,0
E05014084,Kidbrooke Village & Sutcliffe,-8,Does not apply,8,L13: Routine occupations,0
E05014084,Kidbrooke Village & Sutcliffe,-8,Does not apply,9,L14.1: Never worked,0
E05014084,Kidbrooke Village & Sutcliffe,-8,Does not apply,10,L14.2: Long-term unemployed,0
E05014084,Kidbrooke Village & Sutcliffe,-8,Does not apply,11,L15: Full-time students,0
E05014084,Kidbrooke Village & Sutcliffe,1,"Asian, Asian British or Asian Welsh: Bangladeshi",-8,Does not apply,4
E05014084,Kidbrooke Village & Sutcliffe,1,"Asian, Asian British or Asian Welsh: Bangladeshi",1,L1 and L2: Large employers and higher managerial and administrative occupations,0
E05014084,Kidbrooke Village & Sutcliffe,1,"Asian, Asian British or Asian Welsh: Bangladeshi",2,L3: Higher professional occupations,4
E05014084,Kidbrooke Village & Sutcliffe,1,"Asian, Asian British or Asian Welsh: Bangladeshi",3,"L4, L5 and L6: Lower managerial, administrative and professional occupations",8
E05014084,Kidbrooke Village & Sutcliffe,1,"Asian, Asian British or Asian Welsh: Bangladeshi",4,L7: Intermediate occupations,2
E05014084,Kidbrooke Village & Sutcliffe,1,"Asian, Asian British or Asian Welsh: Bangladeshi",5,L8 and L9: Small employers and own account workers,1
E05014084,Kidbrooke Village & Sutcliffe,1,"Asian, Asian British or Asian Welsh: Bangladeshi",6,L10 and L11: Lower supervisory and technical occupations,0
E05014084,Kidbrooke Village & Sutcliffe,1,"Asian, Asian British or Asian Welsh: Bangladeshi",7,L12: Semi-routine occupations,5
E05014084,Kidbrooke Village & Sutcliffe,1,"Asian, Asian British or Asian Welsh: Bangladeshi",8,L13: Routine occupations,1
E05014084,Kidbrooke Village & Sutcliffe,1,"Asian, Asian British or Asian Welsh: Bangladeshi",9,L14.1: Never worked,3
E05014084,Kidbrooke Village & Sutcliffe,1,"Asian, Asian British or Asian Welsh: Bangladeshi",10,L14.2: Long-term unemployed,0
E05014084,Kidbrooke Village & Sutcliffe,1,"Asian, Asian British or Asian Welsh: Bangladeshi",11,L15: Full-time students,0
E05014084,Kidbrooke Village & Sutcliffe,2,"Asian, Asian British or Asian Welsh: Chinese",-8,Does not apply,72
E05014084,Kidbrooke Village & Sutcliffe,2,"Asian, Asian British or Asian Welsh: Chinese",1,L1 and L2: Large employers and higher managerial and administrative occupations,33
E05014084,Kidbrooke Village & Sutcliffe,2,"Asian, Asian British or Asian Welsh: Chinese",2,L3: Higher professional occupations,117
E05014084,Kidbrooke Village & Sutcliffe,2,"Asian, Asian British or Asian Welsh: Chinese",3,"L4, L5 and L6: Lower managerial, administrative and professional occupations",88
E05014084,Kidbrooke Village & Sutcliffe,2,"Asian, Asian British or Asian Welsh: Chinese",4,L7: Intermediate occupations,19
E05014084,Kidbrooke Village & Sutcliffe,2,"Asian, Asian British or Asian Welsh: Chinese",5,L8 and L9: Small employers and own account workers,31
E05014084,Kidbrooke Village & Sutcliffe,2,"Asian, Asian British or Asian Welsh: Chinese",6,L10 and L11: Lower supervisory and technical occupations,11
E05014084,Kidbrooke Village & Sutcliffe,2,"Asian, Asian British or Asian Welsh: Chinese",7,L12: Semi-routine occupations,4
E05014084,Kidbrooke Village & Sutcliffe,2,"Asian, Asian British or Asian Welsh: Chinese",8,L13: Routine occupations,12
E05014084,Kidbrooke Village & Sutcliffe,2,"Asian, Asian British or Asian Welsh: Chinese",9,L14.1: Never worked,24
E05014084,Kidbrooke Village & Sutcliffe,2,"Asian, Asian British or Asian Welsh: Chinese",10,L14.2: Long-term unemployed,2
E05014084,Kidbrooke Village & Sutcliffe,2,"Asian, Asian British or Asian Welsh: Chinese",11,L15: Full-time students,19
E05014084,Kidbrooke Village & Sutcliffe,3,"Asian, Asian British or Asian Welsh: Indian",-8,Does not apply,59
E05014084,Kidbrooke Village & Sutcliffe,3,"Asian, Asian British or Asian Welsh: Indian",1,L1 and L2: Large employers and higher managerial and administrative occupations,34
E05014084,Kidbrooke Village & Sutcliffe,3,"Asian, Asian British or Asian Welsh: Indian",2,L3: Higher professional occupations,66
E05014084,Kidbrooke Village & Sutcliffe,3,"Asian, Asian British or Asian Welsh: Indian",3,"L4, L5 and L6: Lower managerial, administrative and professional occupations",46
E05014084,Kidbrooke Village & Sutcliffe,3,"Asian, Asian British or Asian Welsh: Indian",4,L7: Intermediate occupations,7
E05014084,Kidbrooke Village & Sutcliffe,3,"Asian, Asian British or Asian Welsh: Indian",5,L8 and L9: Small employers and own account workers,11
E05014084,Kidbrooke Village & Sutcliffe,3,"Asian, Asian British or Asian Welsh: Indian",6,L10 and L11: Lower supervisory and technical occupations,1
E05014084,Kidbrooke Village & Sutcliffe,3,"Asian, Asian British or Asian Welsh: Indian",7,L12: Semi-routine occupations,5
E05014084,Kidbrooke Village & Sutcliffe,3,"Asian, Asian British or Asian Welsh: Indian",8,L13: Routine occupations,5
E05014084,Kidbrooke Village & Sutcliffe,3,"Asian, Asian British or Asian Welsh: Indian",9,L14.1: Never worked,18
E05014084,Kidbrooke Village & Sutcliffe,3,"Asian, Asian British or Asian Welsh: Indian",10,L14.2: Long-term unemployed,3
E05014084,Kidbrooke Village & Sutcliffe,3,"Asian, Asian British or Asian Welsh: Indian",11,L15: Full-time students,7
E05014084,Kidbrooke Village & Sutcliffe,4,"Asian, Asian British or Asian Welsh: Pakistani",-8,Does not apply,12
E05014084,Kidbrooke Village & Sutcliffe,4,"Asian, Asian British or Asian Welsh: Pakistani",1,L1 and L2: Large employers and higher managerial and administrative occupations,11
E05014084,Kidbrooke Village & Sutcliffe,4,"Asian, Asian British or Asian Welsh: Pakistani",2,L3: Higher professional occupations,12
E05014084,Kidbrooke Village & Sutcliffe,4,"Asian, Asian British or Asian Welsh: Pakistani",3,"L4, L5 and L6: Lower managerial, administrative and professional occupations",5
E05014084,Kidbrooke Village & Sutcliffe,4,"Asian, Asian British or Asian Welsh: Pakistani",4,L7: Intermediate occupations,3
E05014084,Kidbrooke Village & Sutcliffe,4,"Asian, Asian British or Asian Welsh: Pakistani",5,L8 and L9: Small employers and own account workers,2
E05014084,Kidbrooke Village & Sutcliffe,4,"Asian, Asian British or Asian Welsh: Pakistani",6,L10 and L11: Lower supervisory and technical occupations,0
E05014084,Kidbrooke Village & Sutcliffe,4,"Asian, Asian British or Asian Welsh: Pakistani",7,L12: Semi-routine occupations,3
E05014084,Kidbrooke Village & Sutcliffe,4,"Asian, Asian British or Asian Welsh: Pakistani",8,L13: Routine occupations,1
E05014084,Kidbrooke Village & Sutcliffe,4,"Asian, Asian British or Asian Welsh: Pakistani",9,L14.1: Never worked,5
E05014084,Kidbrooke Village & Sutcliffe,4,"Asian, Asian British or Asian Welsh: Pakistani",10,L14.2: Long-term unemployed,0
E05014084,Kidbrooke Village & Sutcliffe,4,"Asian, Asian British or Asian Welsh: Pakistani",11,L15: Full-time students,3
E05014084,Kidbrooke Village & Sutcliffe,5,"Asian, Asian British or Asian Welsh: Other Asian",-8,Does not apply,40
E05014084,Kidbrooke Village & Sutcliffe,5,"Asian, Asian British or Asian Welsh: Other Asian",1,L1 and L2: Large employers and higher managerial and administrative occupations,14
E05014084,Kidbrooke Village & Sutcliffe,5,"Asian, Asian British or Asian Welsh: Other Asian",2,L3: Higher professional occupations,33
E05014084,Kidbrooke Village & Sutcliffe,5,"Asian, Asian British or Asian Welsh: Other Asian",3,"L4, L5 and L6: Lower managerial, administrative and professional occupations",51
E05014084,Kidbrooke Village & Sutcliffe,5,"Asian, Asian British or Asian Welsh: Other Asian",4,L7: Intermediate occupations,15
E05014084,Kidbrooke Village & Sutcliffe,5,"Asian, Asian British or Asian Welsh: Other Asian",5,L8 and L9: Small employers and own account workers,16
E05014084,Kidbrooke Village & Sutcliffe,5,"Asian, Asian British or Asian Welsh: Other Asian",6,L10 and L11: Lower supervisory and technical occupations,3
E05014084,Kidbrooke Village & Sutcliffe,5,"Asian, Asian British or Asian Welsh: Other Asian",7,L12: Semi-routine occupations,18
E05014084,Kidbrooke Village & Sutcliffe,5,"Asian, Asian British or Asian Welsh: Other Asian",8,L13: Routine occupations,8
E05014084,Kidbrooke Village & Sutcliffe,5,"Asian, Asian British or Asian Welsh: Other Asian",9,L14.1: Never worked,20
E05014084,Kidbrooke Village & Sutcliffe,5,"Asian, Asian British or Asian Welsh: Other Asian",10,L14.2: Long-term unemployed,2
E05014084,Kidbrooke Village & Sutcliffe,5,"Asian, Asian British or Asian Welsh: Other Asian",11,L15: Full-time students,18
E05014084,Kidbrooke Village & Sutcliffe,6,"Black, Black British, Black Welsh, Caribbean or African: African",-8,Does not apply,147
E05014084,Kidbrooke Village & Sutcliffe,6,"Black, Black British, Black Welsh, Caribbean or African: African",1,L1 and L2: Large employers and higher managerial and administrative occupations,12
E05014084,Kidbrooke Village & Sutcliffe,6,"Black, Black British, Black Welsh, Caribbean or African: African",2,L3: Higher professional occupations,56
E05014084,Kidbrooke Village & Sutcliffe,6,"Black, Black British, Black Welsh, Caribbean or African: African",3,"L4, L5 and L6: Lower managerial, administrative and professional occupations",110
E05014084,Kidbrooke Village & Sutcliffe,6,"Black, Black British, Black Welsh, Caribbean or African: African",4,L7: Intermediate occupations,39
E05014084,Kidbrooke Village & Sutcliffe,6,"Black, Black British, Black Welsh, Caribbean or African: African",5,L8 and L9: Small employers and own account workers,32
E05014084,Kidbrooke Village & Sutcliffe,6,"Black, Black British, Black Welsh, Caribbean or African: African",6,L10 and L11: Lower supervisory and technical occupations,10
E05014084,Kidbrooke Village & Sutcliffe,6,"Black, Black British, Black Welsh, Caribbean or African: African",7,L12: Semi-routine occupations,42
E05014084,Kidbrooke Village & Sutcliffe,6,"Black, Black British, Black Welsh, Caribbean or African: African",8,L13: Routine occupations,33
E05014084,Kidbrooke Village & Sutcliffe,6,"Black, Black British, Black Welsh, Caribbean or African: African",9,L14.1: Never worked,36
E05014084,Kidbrooke Village & Sutcliffe,6,"Black, Black British, Black Welsh, Caribbean or African: African",10,L14.2: Long-term unemployed,7
E05014084,Kidbrooke Village & Sutcliffe,6,"Black, Black British, Black Welsh, Caribbean or African: African",11,L15: Full-time students,59
E05014084,Kidbrooke Village & Sutcliffe,7,"Black, Black British, Black Welsh, Caribbean or African: Caribbean",-8,Does not apply,33
E05014084,Kidbrooke Village & Sutcliffe,7,"Black, Black British, Black Welsh, Caribbean or African: Caribbean",1,L1 and L2: Large employers and higher managerial and administrative occupations,5
E05014084,Kidbrooke Village & Sutcliffe,7,"Black, Black British, Black Welsh, Caribbean or African: Caribbean",2,L3: Higher professional occupations,16
E05014084,Kidbrooke Village & Sutcliffe,7,"Black, Black British, Black Welsh, Caribbean or African: Caribbean",3,"L4, L5 and L6: Lower managerial, administrative and professional occupations",35
E05014084,Kidbrooke Village & Sutcliffe,7,"Black, Black British, Black Welsh, Caribbean or African: Caribbean",4,L7: Intermediate occupations,24
E05014084,Kidbrooke Village & Sutcliffe,7,"Black, Black British, Black Welsh, Caribbean or African: Caribbean",5,L8 and L9: Small employers and own account workers,13
E05014084,Kidbrooke Village & Sutcliffe,7,"Black, Black British, Black Welsh, Caribbean or African: Caribbean",6,L10 and L11: Lower supervisory and technical occupations,13
E05014084,Kidbrooke Village & Sutcliffe,7,"Black, Black British, Black Welsh, Caribbean or African: Caribbean",7,L12: Semi-routine occupations,11
E05014084,Kidbrooke Village & Sutcliffe,7,"Black, Black British, Black Welsh, Caribbean or African: Caribbean",8,L13: Routine occupations,19
E05014084,Kidbrooke Village & Sutcliffe,7,"Black, Black British, Black Welsh, Caribbean or African: Caribbean",9,L14.1: Never worked,16
E05014084,Kidbrooke Village & Sutcliffe,7,"Black, Black British, Black Welsh, Caribbean or African: Caribbean",10,L14.2: Long-term unemployed,4
E05014084,Kidbrooke Village & Sutcliffe,7,"Black, Black British, Black Welsh, Caribbean or African: Caribbean",11,L15: Full-time students,23
E05014084,Kidbrooke Village & Sutcliffe,8,"Black, Black British, Black Welsh, Caribbean or African: Other Black",-8,Does not apply,36
E05014084,Kidbrooke Village & Sutcliffe,8,"Black, Black British, Black Welsh, Caribbean or African: Other Black",1,L1 and L2: Large employers and higher managerial and administrative occupations,5
E05014084,Kidbrooke Village & Sutcliffe,8,"Black, Black British, Black Welsh, Caribbean or African: Other Black",2,L3: Higher professional occupations,7
E05014084,Kidbrooke Village & Sutcliffe,8,"Black, Black British, Black Welsh, Caribbean or African: Other Black",3,"L4, L5 and L6: Lower managerial, administrative and professional occupations",9
E05014084,Kidbrooke Village & Sutcliffe,8,"Black, Black British, Black Welsh, Caribbean or African: Other Black",4,L7: Intermediate occupations,9
E05014084,Kidbrooke Village & Sutcliffe,8,"Black, Black British, Black Welsh, Caribbean or African: Other Black",5,L8 and L9: Small employers and own account workers,3
E05014084,Kidbrooke Village & Sutcliffe,8,"Black, Black British, Black Welsh, Caribbean or African: Other Black",6,L10 and L11: Lower supervisory and technical occupations,2
E05014084,Kidbrooke Village & Sutcliffe,8,"Black, Black British, Black Welsh, Caribbean or African: Other Black",7,L12: Semi-routine occupations,6
E05014084,Kidbrooke Village & Sutcliffe,8,"Black, Black British, Black Welsh, Caribbean or African: Other Black",8,L13: Routine occupations,1
E05014084,Kidbrooke Village & Sutcliffe,8,"Black, Black British, Black Welsh, Caribbean or African: Other Black",9,L14.1: Never worked,3
E05014084,Kidbrooke Village & Sutcliffe,8,"Black, Black British, Black Welsh, Caribbean or African: Other Black",10,L14.2: Long-term unemployed,3
E05014084,Kidbrooke Village & Sutcliffe,8,"Black, Black British, Black Welsh, Caribbean or African: Other Black",11,L15: Full-time students,3
E05014084,Kidbrooke Village & Sutcliffe,9,Mixed or Multiple ethnic groups: White and Asian,-8,Does not apply,51
E05014084,Kidbrooke Village & Sutcliffe,9,Mixed or Multiple ethnic groups: White and Asian,1,L1 and L2: Large employers and higher managerial and administrative occupations,4
E05014084,Kidbrooke Village & Sutcliffe,9,Mixed or Multiple ethnic groups: White and Asian,2,L3: Higher professional occupations,5
E05014084,Kidbrooke Village & Sutcliffe,9,Mixed or Multiple ethnic groups: White and Asian,3,"L4, L5 and L6: Lower managerial, administrative and professional occupations",11
E05014084,Kidbrooke Village & Sutcliffe,9,Mixed or Multiple ethnic groups: White and Asian,4,L7: Intermediate occupations,0
E05014084,Kidbrooke Village & Sutcliffe,9,Mixed or Multiple ethnic groups: White and Asian,5,L8 and L9: Small employers and own account workers,4
E05014084,Kidbrooke Village & Sutcliffe,9,Mixed or Multiple ethnic groups: White and Asian,6,L10 and L11: Lower supervisory and technical occupations,0
E05014084,Kidbrooke Village & Sutcliffe,9,Mixed or Multiple ethnic groups: White and Asian,7,L12: Semi-routine occupations,4
E05014084,Kidbrooke Village & Sutcliffe,9,Mixed or Multiple ethnic groups: White and Asian,8,L13: Routine occupations,0
E05014084,Kidbrooke Village & Sutcliffe,9,Mixed or Multiple ethnic groups: White and Asian,9,L14.1: Never worked,0
E05014084,Kidbrooke Village & Sutcliffe,9,Mixed or Multiple ethnic groups: White and Asian,10,L14.2: Long-term unemployed,1
E05014084,Kidbrooke Village & Sutcliffe,9,Mixed or Multiple ethnic groups: White and Asian,11,L15: Full-time students,6
E05014084,Kidbrooke Village & Sutcliffe,10,Mixed or Multiple ethnic groups: White and Black African,-8,Does not apply,32
E05014084,Kidbrooke Village & Sutcliffe,10,Mixed or Multiple ethnic groups: White and Black African,1,L1 and L2: Large employers and higher managerial and administrative occupations,4
E05014084,Kidbrooke Village & Sutcliffe,10,Mixed or Multiple ethnic groups: White and Black African,2,L3: Higher professional occupations,2
E05014084,Kidbrooke Village & Sutcliffe,10,Mixed or Multiple ethnic groups: White and Black African,3,"L4, L5 and L6: Lower managerial, administrative and professional occupations",6
E05014084,Kidbrooke Village & Sutcliffe,10,Mixed or Multiple ethnic groups: White and Black African,4,L7: Intermediate occupations,1
E05014084,Kidbrooke Village & Sutcliffe,10,Mixed or Multiple ethnic groups: White and Black African,5,L8 and L9: Small employers and own account workers,0
E05014084,Kidbrooke Village & Sutcliffe,10,Mixed or Multiple ethnic groups: White and Black African,6,L10 and L11: Lower supervisory and technical occupations,0
E05014084,Kidbrooke Village & Sutcliffe,10,Mixed or Multiple ethnic groups: White and Black African,7,L12: Semi-routine occupations,1
E05014084,Kidbrooke Village & Sutcliffe,10,Mixed or Multiple ethnic groups: White and Black African,8,L13: Routine occupations,1
E05014084,Kidbrooke Village & Sutcliffe,10,Mixed or Multiple ethnic groups: White and Black African,9,L14.1: Never worked,0
E05014084,Kidbrooke Village & Sutcliffe,10,Mixed or Multiple ethnic groups: White and Black African,10,L14.2: Long-term unemployed,1
E05014084,Kidbrooke Village & Sutcliffe,10,Mixed or Multiple ethnic groups: White and Black African,11,L15: Full-time students,5
E05014084,Kidbrooke Village & Sutcliffe,11,Mixed or Multiple ethnic groups: White and Black Caribbean,-8,Does not apply,46
E05014084,Kidbrooke Village & Sutcliffe,11,Mixed or Multiple ethnic groups: White and Black Caribbean,1,L1 and L2: Large employers and higher managerial and administrative occupations,3
E05014084,Kidbrooke Village & Sutcliffe,11,Mixed or Multiple ethnic groups: White and Black Caribbean,2,L3: Higher professional occupations,12
E05014084,Kidbrooke Village & Sutcliffe,11,Mixed or Multiple ethnic groups: White and Black Caribbean,3,"L4, L5 and L6: Lower managerial, administrative and professional occupations",13
E05014084,Kidbrooke Village & Sutcliffe,11,Mixed or Multiple ethnic groups: White and Black Caribbean,4,L7: Intermediate occupations,7
E05014084,Kidbrooke Village & Sutcliffe,11,Mixed or Multiple ethnic groups: White and Black Caribbean,5,L8 and L9: Small employers and own account workers,6
E05014084,Kidbrooke Village & Sutcliffe,11,Mixed or Multiple ethnic groups: White and Black Caribbean,6,L10 and L11: Lower supervisory and technical occupations,4
E05014084,Kidbrooke Village & Sutcliffe,11,Mixed or Multiple ethnic groups: White and Black Caribbean,7,L12: Semi-routine occupations,6
E05014084,Kidbrooke Village & Sutcliffe,11,Mixed or Multiple ethnic groups: White and Black Caribbean,8,L13: Routine occupations,6
E05014084,Kidbrooke Village & Sutcliffe,11,Mixed or Multiple ethnic groups: White and Black Caribbean,9,L14.1: Never worked,2
E05014084,Kidbrooke Village & Sutcliffe,11,Mixed or Multiple ethnic groups: White and Black Caribbean,10,L14.2: Long-term unemployed,3
E05014084,Kidbrooke Village & Sutcliffe,11,Mixed or Multiple ethnic groups: White and Black Caribbean,11,L15: Full-time students,3
E05014084,Kidbrooke Village & Sutcliffe,12,Mixed or Multiple ethnic groups: Other Mixed or Multiple ethnic groups,-8,Does not apply,59
E05014084,Kidbrooke Village & Sutcliffe,12,Mixed or Multiple ethnic groups: Other Mixed or Multiple ethnic groups,1,L1 and L2: Large employers and higher managerial and administrative occupations,7
E05014084,Kidbrooke Village & Sutcliffe,12,Mixed or Multiple ethnic groups: Other Mixed or Multiple ethnic groups,2,L3: Higher professional occupations,8
E05014084,Kidbrooke Village & Sutcliffe,12,Mixed or Multiple ethnic groups: Other Mixed or Multiple ethnic groups,3,"L4, L5 and L6: Lower managerial, administrative and professional occupations",15
E05014084,Kidbrooke Village & Sutcliffe,12,Mixed or Multiple ethnic groups: Other Mixed or Multiple ethnic groups,4,L7: Intermediate occupations,7
E05014084,Kidbrooke Village & Sutcliffe,12,Mixed or Multiple ethnic groups: Other Mixed or Multiple ethnic groups,5,L8 and L9: Small employers and own account workers,15
E05014084,Kidbrooke Village & Sutcliffe,12,Mixed or Multiple ethnic groups: Other Mixed or Multiple ethnic groups,6,L10 and L11: Lower supervisory and technical occupations,1
E05014084,Kidbrooke Village & Sutcliffe,12,Mixed or Multiple ethnic groups: Other Mixed or Multiple ethnic groups,7,L12: Semi-routine occupations,4
E05014084,Kidbrooke Village & Sutcliffe,12,Mixed or Multiple ethnic groups: Other Mixed or Multiple ethnic groups,8,L13: Routine occupations,3
E05014084,Kidbrooke Village & Sutcliffe,12,Mixed or Multiple ethnic groups: Other Mixed or Multiple ethnic groups,9,L14.1: Never worked,8
E05014084,Kidbrooke Village & Sutcliffe,12,Mixed or Multiple ethnic groups: Other Mixed or Multiple ethnic groups,10,L14.2: Long-term unemployed,1
E05014084,Kidbrooke Village & Sutcliffe,12,Mixed or Multiple ethnic groups: Other Mixed or Multiple ethnic groups,11,L15: Full-time students,12
E05014084,Kidbrooke Village & Sutcliffe,13,"White: English, Welsh, Scottish, Northern Irish or British",-8,Does not apply,350
E05014084,Kidbrooke Village & Sutcliffe,13,"White: English, Welsh, Scottish, Northern Irish or British",1,L1 and L2: Large employers and higher managerial and administrative occupations,157
E05014084,Kidbrooke Village & Sutcliffe,13,"White: English, Welsh, Scottish, Northern Irish or British",2,L3: Higher professional occupations,312
E05014084,Kidbrooke Village & Sutcliffe,13,"White: English, Welsh, Scottish, Northern Irish or British",3,"L4, L5 and L6: Lower managerial, administrative and professional occupations",532
E05014084,Kidbrooke Village & Sutcliffe,13,"White: English, Welsh, Scottish, Northern Irish or British",4,L7: Intermediate occupations,203
E05014084,Kidbrooke Village & Sutcliffe,13,"White: English, Welsh, Scottish, Northern Irish or British",5,L8 and L9: Small employers and own account workers,173
E05014084,Kidbrooke Village & Sutcliffe,13,"White: English, Welsh, Scottish, Northern Irish or British",6,L10 and L11: Lower supervisory and technical occupations,77
E05014084,Kidbrooke Village & Sutcliffe,13,"White: English, Welsh, Scottish, Northern Irish or British",7,L12: Semi-routine occupations,160
E05014084,Kidbrooke Village & Sutcliffe,13,"White: English, Welsh, Scottish, Northern Irish or British",8,L13: Routine occupations,153
E05014084,Kidbrooke Village & Sutcliffe,13,"White: English, Welsh, Scottish, Northern Irish or British",9,L14.1: Never worked,188
E05014084,Kidbrooke Village & Sutcliffe,13,"White: English, Welsh, Scottish, Northern Irish or British",10,L14.2: Long-term unemployed,36
E05014084,Kidbrooke Village & Sutcliffe,13,"White: English, Welsh, Scottish, Northern Irish or British",11,L15: Full-time students,67
E05014084,Kidbrooke Village & Sutcliffe,14,White: Irish,-8,Does not apply,9
E05014084,Kidbrooke Village & Sutcliffe,14,White: Irish,1,L1 and L2: Large employers and higher managerial and administrative occupations,6
E05014084,Kidbrooke Village & Sutcliffe,14,White: Irish,2,L3: Higher professional occupations,20
E05014084,Kidbrooke Village & Sutcliffe,14,White: Irish,3,"L4, L5 and L6: Lower managerial, administrative and professional occupations",37
E05014084,Kidbrooke Village & Sutcliffe,14,White: Irish,4,L7: Intermediate occupations,8
E05014084,Kidbrooke Village & Sutcliffe,14,White: Irish,5,L8 and L9: Small employers and own account workers,5
E05014084,Kidbrooke Village & Sutcliffe,14,White: Irish,6,L10 and L11: Lower supervisory and technical occupations,4
E05014084,Kidbrooke Village & Sutcliffe,14,White: Irish,7,L12: Semi-routine occupations,8
E05014084,Kidbrooke Village & Sutcliffe,14,White: Irish,8,L13: Routine occupations,7
E05014084,Kidbrooke Village & Sutcliffe,14,White: Irish,9,L14.1: Never worked,10
E05014084,Kidbrooke Village & Sutcliffe,14,White: Irish,10,L14.2: Long-term unemployed,1
E05014084,Kidbrooke Village & Sutcliffe,14,White: Irish,11,L15: Full-time students,1
E05014084,Kidbrooke Village & Sutcliffe,15,White: Gypsy or Irish Traveller,-8,Does not apply,0
E05014084,Kidbrooke Village & Sutcliffe,15,White: Gypsy or Irish Traveller,1,L1 and L2: Large employers and higher managerial and administrative occupations,0
E05014084,Kidbrooke Village & Sutcliffe,15,White: Gypsy or Irish Traveller,2,L3: Higher professional occupations,0
E05014084,Kidbrooke Village & Sutcliffe,15,White: Gypsy or Irish Traveller,3,"L4, L5 and L6: Lower managerial, administrative and professional occupations",0
E05014084,Kidbrooke Village & Sutcliffe,15,White: Gypsy or Irish Traveller,4,L7: Intermediate occupations,0
E05014084,Kidbrooke Village & Sutcliffe,15,White: Gypsy or Irish Traveller,5,L8 and L9: Small employers and own account workers,0
E05014084,Kidbrooke Village & Sutcliffe,15,White: Gypsy or Irish Traveller,6,L10 and L11: Lower supervisory and technical occupations,0
E05014084,Kidbrooke Village & Sutcliffe,15,White: Gypsy or Irish Traveller,7,L12: Semi-routine occupations,0
E05014084,Kidbrooke Village & Sutcliffe,15,White: Gypsy or Irish Traveller,8,L13: Routine occupations,0
E05014084,Kidbrooke Village & Sutcliffe,15,White: Gypsy or Irish Traveller,9,L14.1: Never worked,0
E05014084,Kidbrooke Village & Sutcliffe,15,White: Gypsy or Irish Traveller,10,L14.2: Long-term unemployed,0
E05014084,Kidbrooke Village & Sutcliffe,15,White: Gypsy or Irish Traveller,11,L15: Full-time students,0
E05014084,Kidbrooke Village & Sutcliffe,16,White: Roma,-8,Does not apply,4
E05014084,Kidbrooke Village & Sutcliffe,16,White: Roma,1,L1 and L2: Large employers and higher managerial and administrative occupations,2
E05014084,Kidbrooke Village & Sutcliffe,16,White: Roma,2,L3: Higher professional occupations,3
E05014084,Kidbrooke Village & Sutcliffe,16,White: Roma,3,"L4, L5 and L6: Lower managerial, administrative and professional occupations",8
E05014084,Kidbrooke Village & Sutcliffe,16,White: Roma,4,L7: Intermediate occupations,4
E05014084,Kidbrooke Village & Sutcliffe,16,White: Roma,5,L8 and L9: Small employers and own account workers,6
E05014084,Kidbrooke Village & Sutcliffe,16,White: Roma,6,L10 and L11: Lower supervisory and technical occupations,4
E05014084,Kidbrooke Village & Sutcliffe,16,White: Roma,7,L12: Semi-routine occupations,1
E05014084,Kidbrooke Village & Sutcliffe,16,White: Roma,8,L13: Routine occupations,3
E05014084,Kidbrooke Village & Sutcliffe,16,White: Roma,9,L14.1: Never worked,1
E05014084,Kidbrooke Village & Sutcliffe,16,White: Roma,10,L14.2: Long-term unemployed,0
E05014084,Kidbrooke Village & Sutcliffe,16,White: Roma,11,L15: Full-time students,0
E05014084,Kidbrooke Village & Sutcliffe,17,White: Other White,-8,Does not apply,141
E05014084,Kidbrooke Village & Sutcliffe,17,White: Other White,1,L1 and L2: Large employers and higher managerial and administrative occupations,71
E05014084,Kidbrooke Village & Sutcliffe,17,White: Other White,2,L3: Higher professional occupations,199
E05014084,Kidbrooke Village & Sutcliffe,17,White: Other White,3,"L4, L5 and L6: Lower managerial, administrative and professional occupations",210
E05014084,Kidbrooke Village & Sutcliffe,17,White: Other White,4,L7: Intermediate occupations,76
E05014084,Kidbrooke Village & Sutcliffe,17,White: Other White,5,L8 and L9: Small employers and own account workers,98
E05014084,Kidbrooke Village & Sutcliffe,17,White: Other White,6,L10 and L11: Lower supervisory and technical occupations,45
E05014084,Kidbrooke Village & Sutcliffe,17,White: Other White,7,L12: Semi-routine occupations,44
E05014084,Kidbrooke Village & Sutcliffe,17,White: Other White,8,L13: Routine occupations,48
E05014084,Kidbrooke Village & Sutcliffe,17,White: Other White,9,L14.1: Never worked,17
E05014084,Kidbrooke Village & Sutcliffe,17,White: Other White,10,L14.2: Long-term unemployed,17
E05014084,Kidbrooke Village & Sutcliffe,17,White: Other White,11,L15: Full-time students,56
E05014084,Kidbrooke Village & Sutcliffe,18,Other ethnic group: Arab,-8,Does not apply,10
E05014084,Kidbrooke Village & Sutcliffe,18,Other ethnic group: Arab,1,L1 and L2: Large employers and higher managerial and administrative occupations,0
E05014084,Kidbrooke Village & Sutcliffe,18,Other ethnic group: Arab,2,L3: Higher professional occupations,5
E05014084,Kidbrooke Village & Sutcliffe,18,Other ethnic group: Arab,3,"L4, L5 and L6: Lower managerial, administrative and professional occupations",3
E05014084,Kidbrooke Village & Sutcliffe,18,Other ethnic group: Arab,4,L7: Intermediate occupations,5
E05014084,Kidbrooke Village & Sutcliffe,18,Other ethnic group: Arab,5,L8 and L9: Small employers and own account workers,3
E05014084,Kidbrooke Village & Sutcliffe,18,Other ethnic group: Arab,6,L10 and L11: Lower supervisory and technical occupations,2
E05014084,Kidbrooke Village & Sutcliffe,18,Other ethnic group: Arab,7,L12: Semi-routine occupations,1
E05014084,Kidbrooke Village & Sutcliffe,18,Other ethnic group: Arab,8,L13: Routine occupations,5
E05014084,Kidbrooke Village & Sutcliffe,18,Other ethnic group: Arab,9,L14.1: Never worked,4
E05014084,Kidbrooke Village & Sutcliffe,18,Other ethnic group: Arab,10,L14.2: Long-term unemployed,0
E05014084,Kidbrooke Village & Sutcliffe,18,Other ethnic group: Arab,11,L15: Full-time students,7
E05014084,Kidbrooke Village & Sutcliffe,19,Other ethnic group: Any other ethnic group,-8,Does not apply,30
E05014084,Kidbrooke Village & Sutcliffe,19,Other ethnic group: Any other ethnic group,1,L1 and L2: Large employers and higher managerial and administrative occupations,6
E05014084,Kidbrooke Village & Sutcliffe,19,Other ethnic group: Any other ethnic group,2,L3: Higher professional occupations,21
E05014084,Kidbrooke Village & Sutcliffe,19,Other ethnic group: Any other ethnic group,3,"L4, L5 and L6: Lower managerial, administrative and professional occupations",31
E05014084,Kidbrooke Village & Sutcliffe,19,Other ethnic group: Any other ethnic group,4,L7: Intermediate occupations,9
E05014084,Kidbrooke Village & Sutcliffe,19,Other ethnic group: Any other ethnic group,5,L8 and L9: Small employers and own account workers,21
E05014084,Kidbrooke Village & Sutcliffe,19,Other ethnic group: Any other ethnic group,6,L10 and L11: Lower supervisory and technical occupations,8
E05014084,Kidbrooke Village & Sutcliffe,19,Other ethnic group: Any other ethnic group,7,L12: Semi-routine occupations,8
E05014084,Kidbrooke Village & Sutcliffe,19,Other ethnic group: Any other ethnic group,8,L13: Routine occupations,16
E05014084,Kidbrooke Village & Sutcliffe,19,Other ethnic group: Any other ethnic group,9,L14.1: Never worked,21
E05014084,Kidbrooke Village & Sutcliffe,19,Other ethnic group: Any other ethnic group,10,L14.2: Long-term unemployed,4
E05014084,Kidbrooke Village & Sutcliffe,19,Other ethnic group: Any other ethnic group,11,L15: Full-time students,22
E05014085,Middle Park & Horn Park,-8,Does not apply,-8,Does not apply,0
E05014085,Middle Park & Horn Park,-8,Does not apply,1,L1 and L2: Large employers and higher managerial and administrative occupations,0
E05014085,Middle Park & Horn Park,-8,Does not apply,2,L3: Higher professional occupations,0
E05014085,Middle Park & Horn Park,-8,Does not apply,3,"L4, L5 and L6: Lower managerial, administrative and professional occupations",0
E05014085,Middle Park & Horn Park,-8,Does not apply,4,L7: Intermediate occupations,0
E05014085,Middle Park & Horn Park,-8,Does not apply,5,L8 and L9: Small employers and own account workers,0
E05014085,Middle Park & Horn Park,-8,Does not apply,6,L10 and L11: Lower supervisory and technical occupations,0
E05014085,Middle Park & Horn Park,-8,Does not apply,7,L12: Semi-routine occupations,0
E05014085,Middle Park & Horn Park,-8,Does not apply,8,L13: Routine occupations,0
E05014085,Middle Park & Horn Park,-8,Does not apply,9,L14.1: Never worked,0
E05014085,Middle Park & Horn Park,-8,Does not apply,10,L14.2: Long-term unemployed,0
E05014085,Middle Park & Horn Park,-8,Does not apply,11,L15: Full-time students,0
E05014085,Middle Park & Horn Park,1,"Asian, Asian British or Asian Welsh: Bangladeshi",-8,Does not apply,6
E05014085,Middle Park & Horn Park,1,"Asian, Asian British or Asian Welsh: Bangladeshi",1,L1 and L2: Large employers and higher managerial and administrative occupations,3
E05014085,Middle Park & Horn Park,1,"Asian, Asian British or Asian Welsh: Bangladeshi",2,L3: Higher professional occupations,1
E05014085,Middle Park & Horn Park,1,"Asian, Asian British or Asian Welsh: Bangladeshi",3,"L4, L5 and L6: Lower managerial, administrative and professional occupations",5
E05014085,Middle Park & Horn Park,1,"Asian, Asian British or Asian Welsh: Bangladeshi",4,L7: Intermediate occupations,5
E05014085,Middle Park & Horn Park,1,"Asian, Asian British or Asian Welsh: Bangladeshi",5,L8 and L9: Small employers and own account workers,7
E05014085,Middle Park & Horn Park,1,"Asian, Asian British or Asian Welsh: Bangladeshi",6,L10 and L11: Lower supervisory and technical occupations,1
E05014085,Middle Park & Horn Park,1,"Asian, Asian British or Asian Welsh: Bangladeshi",7,L12: Semi-routine occupations,3
E05014085,Middle Park & Horn Park,1,"Asian, Asian British or Asian Welsh: Bangladeshi",8,L13: Routine occupations,1
E05014085,Middle Park & Horn Park,1,"Asian, Asian British or Asian Welsh: Bangladeshi",9,L14.1: Never worked,5
E05014085,Middle Park & Horn Park,1,"Asian, Asian British or Asian Welsh: Bangladeshi",10,L14.2: Long-term unemployed,0
E05014085,Middle Park & Horn Park,1,"Asian, Asian British or Asian Welsh: Bangladeshi",11,L15: Full-time students,4
E05014085,Middle Park & Horn Park,2,"Asian, Asian British or Asian Welsh: Chinese",-8,Does not apply,30
E05014085,Middle Park & Horn Park,2,"Asian, Asian British or Asian Welsh: Chinese",1,L1 and L2: Large employers and higher managerial and administrative occupations,6
E05014085,Middle Park & Horn Park,2,"Asian, Asian British or Asian Welsh: Chinese",2,L3: Higher professional occupations,24
E05014085,Middle Park & Horn Park,2,"Asian, Asian British or Asian Welsh: Chinese",3,"L4, L5 and L6: Lower managerial, administrative and professional occupations",27
E05014085,Middle Park & Horn Park,2,"Asian, Asian British or Asian Welsh: Chinese",4,L7: Intermediate occupations,10
E05014085,Middle Park & Horn Park,2,"Asian, Asian British or Asian Welsh: Chinese",5,L8 and L9: Small employers and own account workers,16
E05014085,Middle Park & Horn Park,2,"Asian, Asian British or Asian Welsh: Chinese",6,L10 and L11: Lower supervisory and technical occupations,11
E05014085,Middle Park & Horn Park,2,"Asian, Asian British or Asian Welsh: Chinese",7,L12: Semi-routine occupations,13
E05014085,Middle Park & Horn Park,2,"Asian, Asian British or Asian Welsh: Chinese",8,L13: Routine occupations,12
E05014085,Middle Park & Horn Park,2,"Asian, Asian British or Asian Welsh: Chinese",9,L14.1: Never worked,11
E05014085,Middle Park & Horn Park,2,"Asian, Asian British or Asian Welsh: Chinese",10,L14.2: Long-term unemployed,3
E05014085,Middle Park & Horn Park,2,"Asian, Asian British or Asian Welsh: Chinese",11,L15: Full-time students,8
E05014085,Middle Park & Horn Park,3,"Asian, Asian British or Asian Welsh: Indian",-8,Does not apply,41
E05014085,Middle Park & Horn Park,3,"Asian, Asian British or Asian Welsh: Indian",1,L1 and L2: Large employers and higher managerial and administrative occupations,11
E05014085,Middle Park & Horn Park,3,"Asian, Asian British or Asian Welsh: Indian",2,L3: Higher professional occupations,35
E05014085,Middle Park & Horn Park,3,"Asian, Asian British or Asian Welsh: Indian",3,"L4, L5 and L6: Lower managerial, administrative and professional occupations",25
E05014085,Middle Park & Horn Park,3,"Asian, Asian British or Asian Welsh: Indian",4,L7: Intermediate occupations,11
E05014085,Middle Park & Horn Park,3,"Asian, Asian British or Asian Welsh: Indian",5,L8 and L9: Small employers and own account workers,19
E05014085,Middle Park & Horn Park,3,"Asian, Asian British or Asian Welsh: Indian",6,L10 and L11: Lower supervisory and technical occupations,2
E05014085,Middle Park & Horn Park,3,"Asian, Asian British or Asian Welsh: Indian",7,L12: Semi-routine occupations,16
E05014085,Middle Park & Horn Park,3,"Asian, Asian British or Asian Welsh: Indian",8,L13: Routine occupations,5
E05014085,Middle Park & Horn Park,3,"Asian, Asian British or Asian Welsh: Indian",9,L14.1: Never worked,15
E05014085,Middle Park & Horn Park,3,"Asian, Asian British or Asian Welsh: Indian",10,L14.2: Long-term unemployed,1
E05014085,Middle Park & Horn Park,3,"Asian, Asian British or Asian Welsh: Indian",11,L15: Full-time students,9
E05014085,Middle Park & Horn Park,4,"Asian, Asian British or Asian Welsh: Pakistani",-8,Does not apply,13
E05014085,Middle Park & Horn Park,4,"Asian, Asian British or Asian Welsh: Pakistani",1,L1 and L2: Large employers and higher managerial and administrative occupations,2
E05014085,Middle Park & Horn Park,4,"Asian, Asian British or Asian Welsh: Pakistani",2,L3: Higher professional occupations,11
E05014085,Middle Park & Horn Park,4,"Asian, Asian British or Asian Welsh: Pakistani",3,"L4, L5 and L6: Lower managerial, administrative and professional occupations",3
E05014085,Middle Park & Horn Park,4,"Asian, Asian British or Asian Welsh: Pakistani",4,L7: Intermediate occupations,10
E05014085,Middle Park & Horn Park,4,"Asian, Asian British or Asian Welsh: Pakistani",5,L8 and L9: Small employers and own account workers,8
E05014085,Middle Park & Horn Park,4,"Asian, Asian British or Asian Welsh: Pakistani",6,L10 and L11: Lower supervisory and technical occupations,1
E05014085,Middle Park & Horn Park,4,"Asian, Asian British or Asian Welsh: Pakistani",7,L12: Semi-routine occupations,5
E05014085,Middle Park & Horn Park,4,"Asian, Asian British or Asian Welsh: Pakistani",8,L13: Routine occupations,5
E05014085,Middle Park & Horn Park,4,"Asian, Asian British or Asian Welsh: Pakistani",9,L14.1: Never worked,5
E05014085,Middle Park & Horn Park,4,"Asian, Asian British or Asian Welsh: Pakistani",10,L14.2: Long-term unemployed,0
E05014085,Middle Park & Horn Park,4,"Asian, Asian British or Asian Welsh: Pakistani",11,L15: Full-time students,6
E05014085,Middle Park & Horn Park,5,"Asian, Asian British or Asian Welsh: Other Asian",-8,Does not apply,104
E05014085,Middle Park & Horn Park,5,"Asian, Asian British or Asian Welsh: Other Asian",1,L1 and L2: Large employers and higher managerial and administrative occupations,10
E05014085,Middle Park & Horn Park,5,"Asian, Asian British or Asian Welsh: Other Asian",2,L3: Higher professional occupations,30
E05014085,Middle Park & Horn Park,5,"Asian, Asian British or Asian Welsh: Other Asian",3,"L4, L5 and L6: Lower managerial, administrative and professional occupations",51
E05014085,Middle Park & Horn Park,5,"Asian, Asian British or Asian Welsh: Other Asian",4,L7: Intermediate occupations,19
E05014085,Middle Park & Horn Park,5,"Asian, Asian British or Asian Welsh: Other Asian",5,L8 and L9: Small employers and own account workers,30
E05014085,Middle Park & Horn Park,5,"Asian, Asian British or Asian Welsh: Other Asian",6,L10 and L11: Lower supervisory and technical occupations,8
E05014085,Middle Park & Horn Park,5,"Asian, Asian British or Asian Welsh: Other Asian",7,L12: Semi-routine occupations,35
E05014085,Middle Park & Horn Park,5,"Asian, Asian British or Asian Welsh: Other Asian",8,L13: Routine occupations,16
E05014085,Middle Park & Horn Park,5,"Asian, Asian British or Asian Welsh: Other Asian",9,L14.1: Never worked,28
E05014085,Middle Park & Horn Park,5,"Asian, Asian British or Asian Welsh: Other Asian",10,L14.2: Long-term unemployed,4
E05014085,Middle Park & Horn Park,5,"Asian, Asian British or Asian Welsh: Other Asian",11,L15: Full-time students,22
E05014085,Middle Park & Horn Park,6,"Black, Black British, Black Welsh, Caribbean or African: African",-8,Does not apply,258
E05014085,Middle Park & Horn Park,6,"Black, Black British, Black Welsh, Caribbean or African: African",1,L1 and L2: Large employers and higher managerial and administrative occupations,17
E05014085,Middle Park & Horn Park,6,"Black, Black British, Black Welsh, Caribbean or African: African",2,L3: Higher professional occupations,60
E05014085,Middle Park & Horn Park,6,"Black, Black British, Black Welsh, Caribbean or African: African",3,"L4, L5 and L6: Lower managerial, administrative and professional occupations",147
E05014085,Middle Park & Horn Park,6,"Black, Black British, Black Welsh, Caribbean or African: African",4,L7: Intermediate occupations,63
E05014085,Middle Park & Horn Park,6,"Black, Black British, Black Welsh, Caribbean or African: African",5,L8 and L9: Small employers and own account workers,59
E05014085,Middle Park & Horn Park,6,"Black, Black British, Black Welsh, Caribbean or African: African",6,L10 and L11: Lower supervisory and technical occupations,26
E05014085,Middle Park & Horn Park,6,"Black, Black British, Black Welsh, Caribbean or African: African",7,L12: Semi-routine occupations,98
E05014085,Middle Park & Horn Park,6,"Black, Black British, Black Welsh, Caribbean or African: African",8,L13: Routine occupations,64
E05014085,Middle Park & Horn Park,6,"Black, Black British, Black Welsh, Caribbean or African: African",9,L14.1: Never worked,54
E05014085,Middle Park & Horn Park,6,"Black, Black British, Black Welsh, Caribbean or African: African",10,L14.2: Long-term unemployed,9
E05014085,Middle Park & Horn Park,6,"Black, Black British, Black Welsh, Caribbean or African: African",11,L15: Full-time students,122
E05014085,Middle Park & Horn Park,7,"Black, Black British, Black Welsh, Caribbean or African: Caribbean",-8,Does not apply,53
E05014085,Middle Park & Horn Park,7,"Black, Black British, Black Welsh, Caribbean or African: Caribbean",1,L1 and L2: Large employers and higher managerial and administrative occupations,12
E05014085,Middle Park & Horn Park,7,"Black, Black British, Black Welsh, Caribbean or African: Caribbean",2,L3: Higher professional occupations,50
E05014085,Middle Park & Horn Park,7,"Black, Black British, Black Welsh, Caribbean or African: Caribbean",3,"L4, L5 and L6: Lower managerial, administrative and professional occupations",86
E05014085,Middle Park & Horn Park,7,"Black, Black British, Black Welsh, Caribbean or African: Caribbean",4,L7: Intermediate occupations,64
E05014085,Middle Park & Horn Park,7,"Black, Black British, Black Welsh, Caribbean or African: Caribbean",5,L8 and L9: Small employers and own account workers,30
E05014085,Middle Park & Horn Park,7,"Black, Black British, Black Welsh, Caribbean or African: Caribbean",6,L10 and L11: Lower supervisory and technical occupations,12
E05014085,Middle Park & Horn Park,7,"Black, Black British, Black Welsh, Caribbean or African: Caribbean",7,L12: Semi-routine occupations,54
E05014085,Middle Park & Horn Park,7,"Black, Black British, Black Welsh, Caribbean or African: Caribbean",8,L13: Routine occupations,40
E05014085,Middle Park & Horn Park,7,"Black, Black British, Black Welsh, Caribbean or African: Caribbean",9,L14.1: Never worked,23
E05014085,Middle Park & Horn Park,7,"Black, Black British, Black Welsh, Caribbean or African: Caribbean",10,L14.2: Long-term unemployed,6
E05014085,Middle Park & Horn Park,7,"Black, Black British, Black Welsh, Caribbean or African: Caribbean",11,L15: Full-time students,19
E05014085,Middle Park & Horn Park,8,"Black, Black British, Black Welsh, Caribbean or African: Other Black",-8,Does not apply,233
E05014085,Middle Park & Horn Park,8,"Black, Black British, Black Welsh, Caribbean or African: Other Black",1,L1 and L2: Large employers and higher managerial and administrative occupations,5
E05014085,Middle Park & Horn Park,8,"Black, Black British, Black Welsh, Caribbean or African: Other Black",2,L3: Higher professional occupations,9
E05014085,Middle Park & Horn Park,8,"Black, Black British, Black Welsh, Caribbean or African: Other Black",3,"L4, L5 and L6: Lower managerial, administrative and professional occupations",16
E05014085,Middle Park & Horn Park,8,"Black, Black British, Black Welsh, Caribbean or African: Other Black",4,L7: Intermediate occupations,15
E05014085,Middle Park & Horn Park,8,"Black, Black British, Black Welsh, Caribbean or African: Other Black",5,L8 and L9: Small employers and own account workers,3
E05014085,Middle Park & Horn Park,8,"Black, Black British, Black Welsh, Caribbean or African: Other Black",6,L10 and L11: Lower supervisory and technical occupations,4
E05014085,Middle Park & Horn Park,8,"Black, Black British, Black Welsh, Caribbean or African: Other Black",7,L12: Semi-routine occupations,6
E05014085,Middle Park & Horn Park,8,"Black, Black British, Black Welsh, Caribbean or African: Other Black",8,L13: Routine occupations,4
E05014085,Middle Park & Horn Park,8,"Black, Black British, Black Welsh, Caribbean or African: Other Black",9,L14.1: Never worked,5
E05014085,Middle Park & Horn Park,8,"Black, Black British, Black Welsh, Caribbean or African: Other Black",10,L14.2: Long-term unemployed,4
E05014085,Middle Park & Horn Park,8,"Black, Black British, Black Welsh, Caribbean or African: Other Black",11,L15: Full-time students,13
E05014085,Middle Park & Horn Park,9,Mixed or Multiple ethnic groups: White and Asian,-8,Does not apply,55
E05014085,Middle Park & Horn Park,9,Mixed or Multiple ethnic groups: White and Asian,1,L1 and L2: Large employers and higher managerial and administrative occupations,3
E05014085,Middle Park & Horn Park,9,Mixed or Multiple ethnic groups: White and Asian,2,L3: Higher professional occupations,4
E05014085,Middle Park & Horn Park,9,Mixed or Multiple ethnic groups: White and Asian,3,"L4, L5 and L6: Lower managerial, administrative and professional occupations",7
E05014085,Middle Park & Horn Park,9,Mixed or Multiple ethnic groups: White and Asian,4,L7: Intermediate occupations,3
E05014085,Middle Park & Horn Park,9,Mixed or Multiple ethnic groups: White and Asian,5,L8 and L9: Small employers and own account workers,4
E05014085,Middle Park & Horn Park,9,Mixed or Multiple ethnic groups: White and Asian,6,L10 and L11: Lower supervisory and technical occupations,3
E05014085,Middle Park & Horn Park,9,Mixed or Multiple ethnic groups: White and Asian,7,L12: Semi-routine occupations,3
E05014085,Middle Park & Horn Park,9,Mixed or Multiple ethnic groups: White and Asian,8,L13: Routine occupations,1
E05014085,Middle Park & Horn Park,9,Mixed or Multiple ethnic groups: White and Asian,9,L14.1: Never worked,2
E05014085,Middle Park & Horn Park,9,Mixed or Multiple ethnic groups: White and Asian,10,L14.2: Long-term unemployed,2
E05014085,Middle Park & Horn Park,9,Mixed or Multiple ethnic groups: White and Asian,11,L15: Full-time students,4
E05014085,Middle Park & Horn Park,10,Mixed or Multiple ethnic groups: White and Black African,-8,Does not apply,69
E05014085,Middle Park & Horn Park,10,Mixed or Multiple ethnic groups: White and Black African,1,L1 and L2: Large employers and higher managerial and administrative occupations,3
E05014085,Middle Park & Horn Park,10,Mixed or Multiple ethnic groups: White and Black African,2,L3: Higher professional occupations,3
E05014085,Middle Park & Horn Park,10,Mixed or Multiple ethnic groups: White and Black African,3,"L4, L5 and L6: Lower managerial, administrative and professional occupations",10
E05014085,Middle Park & Horn Park,10,Mixed or Multiple ethnic groups: White and Black African,4,L7: Intermediate occupations,12
E05014085,Middle Park & Horn Park,10,Mixed or Multiple ethnic groups: White and Black African,5,L8 and L9: Small employers and own account workers,5
E05014085,Middle Park & Horn Park,10,Mixed or Multiple ethnic groups: White and Black African,6,L10 and L11: Lower supervisory and technical occupations,3
E05014085,Middle Park & Horn Park,10,Mixed or Multiple ethnic groups: White and Black African,7,L12: Semi-routine occupations,4
E05014085,Middle Park & Horn Park,10,Mixed or Multiple ethnic groups: White and Black African,8,L13: Routine occupations,2
E05014085,Middle Park & Horn Park,10,Mixed or Multiple ethnic groups: White and Black African,9,L14.1: Never worked,5
E05014085,Middle Park & Horn Park,10,Mixed or Multiple ethnic groups: White and Black African,10,L14.2: Long-term unemployed,1
E05014085,Middle Park & Horn Park,10,Mixed or Multiple ethnic groups: White and Black African,11,L15: Full-time students,11
E05014085,Middle Park & Horn Park,11,Mixed or Multiple ethnic groups: White and Black Caribbean,-8,Does not apply,93
E05014085,Middle Park & Horn Park,11,Mixed or Multiple ethnic groups: White and Black Caribbean,1,L1 and L2: Large employers and higher managerial and administrative occupations,4
E05014085,Middle Park & Horn Park,11,Mixed or Multiple ethnic groups: White and Black Caribbean,2,L3: Higher professional occupations,2
E05014085,Middle Park & Horn Park,11,Mixed or Multiple ethnic groups: White and Black Caribbean,3,"L4, L5 and L6: Lower managerial, administrative and professional occupations",16
E05014085,Middle Park & Horn Park,11,Mixed or Multiple ethnic groups: White and Black Caribbean,4,L7: Intermediate occupations,10
E05014085,Middle Park & Horn Park,11,Mixed or Multiple ethnic groups: White and Black Caribbean,5,L8 and L9: Small employers and own account workers,9
E05014085,Middle Park & Horn Park,11,Mixed or Multiple ethnic groups: White and Black Caribbean,6,L10 and L11: Lower supervisory and technical occupations,3
E05014085,Middle Park & Horn Park,11,Mixed or Multiple ethnic groups: White and Black Caribbean,7,L12: Semi-routine occupations,9
E05014085,Middle Park & Horn Park,11,Mixed or Multiple ethnic groups: White and Black Caribbean,8,L13: Routine occupations,12
E05014085,Middle Park & Horn Park,11,Mixed or Multiple ethnic groups: White and Black Caribbean,9,L14.1: Never worked,17
E05014085,Middle Park & Horn Park,11,Mixed or Multiple ethnic groups: White and Black Caribbean,10,L14.2: Long-term unemployed,3
E05014085,Middle Park & Horn Park,11,Mixed or Multiple ethnic groups: White and Black Caribbean,11,L15: Full-time students,19
E05014085,Middle Park & Horn Park,12,Mixed or Multiple ethnic groups: Other Mixed or Multiple ethnic groups,-8,Does not apply,64
E05014085,Middle Park & Horn Park,12,Mixed or Multiple ethnic groups: Other Mixed or Multiple ethnic groups,1,L1 and L2: Large employers and higher managerial and administrative occupations,0
E05014085,Middle Park & Horn Park,12,Mixed or Multiple ethnic groups: Other Mixed or Multiple ethnic groups,2,L3: Higher professional occupations,3
E05014085,Middle Park & Horn Park,12,Mixed or Multiple ethnic groups: Other Mixed or Multiple ethnic groups,3,"L4, L5 and L6: Lower managerial, administrative and professional occupations",15
E05014085,Middle Park & Horn Park,12,Mixed or Multiple ethnic groups: Other Mixed or Multiple ethnic groups,4,L7: Intermediate occupations,13
E05014085,Middle Park & Horn Park,12,Mixed or Multiple ethnic groups: Other Mixed or Multiple ethnic groups,5,L8 and L9: Small employers and own account workers,11
E05014085,Middle Park & Horn Park,12,Mixed or Multiple ethnic groups: Other Mixed or Multiple ethnic groups,6,L10 and L11: Lower supervisory and technical occupations,5
E05014085,Middle Park & Horn Park,12,Mixed or Multiple ethnic groups: Other Mixed or Multiple ethnic groups,7,L12: Semi-routine occupations,5
E05014085,Middle Park & Horn Park,12,Mixed or Multiple ethnic groups: Other Mixed or Multiple ethnic groups,8,L13: Routine occupations,7
E05014085,Middle Park & Horn Park,12,Mixed or Multiple ethnic groups: Other Mixed or Multiple ethnic groups,9,L14.1: Never worked,4
E05014085,Middle Park & Horn Park,12,Mixed or Multiple ethnic groups: Other Mixed or Multiple ethnic groups,10,L14.2: Long-term unemployed,0
E05014085,Middle Park & Horn Park,12,Mixed or Multiple ethnic groups: Other Mixed or Multiple ethnic groups,11,L15: Full-time students,11
E05014085,Middle Park & Horn Park,13,"White: English, Welsh, Scottish, Northern Irish or British",-8,Does not apply,998
E05014085,Middle Park & Horn Park,13,"White: English, Welsh, Scottish, Northern Irish or British",1,L1 and L2: Large employers and higher managerial and administrative occupations,110
E05014085,Middle Park & Horn Park,13,"White: English, Welsh, Scottish, Northern Irish or British",2,L3: Higher professional occupations,213
E05014085,Middle Park & Horn Park,13,"White: English, Welsh, Scottish, Northern Irish or British",3,"L4, L5 and L6: Lower managerial, administrative and professional occupations",630
E05014085,Middle Park & Horn Park,13,"White: English, Welsh, Scottish, Northern Irish or British",4,L7: Intermediate occupations,467
E05014085,Middle Park & Horn Park,13,"White: English, Welsh, Scottish, Northern Irish or British",5,L8 and L9: Small employers and own account workers,410
E05014085,Middle Park & Horn Park,13,"White: English, Welsh, Scottish, Northern Irish or British",6,L10 and L11: Lower supervisory and technical occupations,229
E05014085,Middle Park & Horn Park,13,"White: English, Welsh, Scottish, Northern Irish or British",7,L12: Semi-routine occupations,564
E05014085,Middle Park & Horn Park,13,"White: English, Welsh, Scottish, Northern Irish or British",8,L13: Routine occupations,526
E05014085,Middle Park & Horn Park,13,"White: English, Welsh, Scottish, Northern Irish or British",9,L14.1: Never worked,459
E05014085,Middle Park & Horn Park,13,"White: English, Welsh, Scottish, Northern Irish or British",10,L14.2: Long-term unemployed,61
E05014085,Middle Park & Horn Park,13,"White: English, Welsh, Scottish, Northern Irish or British",11,L15: Full-time students,210
E05014085,Middle Park & Horn Park,14,White: Irish,-8,Does not apply,11
E05014085,Middle Park & Horn Park,14,White: Irish,1,L1 and L2: Large employers and higher managerial and administrative occupations,9
E05014085,Middle Park & Horn Park,14,White: Irish,2,L3: Higher professional occupations,16
E05014085,Middle Park & Horn Park,14,White: Irish,3,"L4, L5 and L6: Lower managerial, administrative and professional occupations",28
E05014085,Middle Park & Horn Park,14,White: Irish,4,L7: Intermediate occupations,13
E05014085,Middle Park & Horn Park,14,White: Irish,5,L8 and L9: Small employers and own account workers,19
E05014085,Middle Park & Horn Park,14,White: Irish,6,L10 and L11: Lower supervisory and technical occupations,6
E05014085,Middle Park & Horn Park,14,White: Irish,7,L12: Semi-routine occupations,12
E05014085,Middle Park & Horn Park,14,White: Irish,8,L13: Routine occupations,12
E05014085,Middle Park & Horn Park,14,White: Irish,9,L14.1: Never worked,11
E05014085,Middle Park & Horn Park,14,White: Irish,10,L14.2: Long-term unemployed,4
E05014085,Middle Park & Horn Park,14,White: Irish,11,L15: Full-time students,7
E05014085,Middle Park & Horn Park,15,White: Gypsy or Irish Traveller,-8,Does not apply,5
E05014085,Middle Park & Horn Park,15,White: Gypsy or Irish Traveller,1,L1 and L2: Large employers and higher managerial and administrative occupations,0
E05014085,Middle Park & Horn Park,15,White: Gypsy or Irish Traveller,2,L3: Higher professional occupations,0
E05014085,Middle Park & Horn Park,15,White: Gypsy or Irish Traveller,3,"L4, L5 and L6: Lower managerial, administrative and professional occupations",0
E05014085,Middle Park & Horn Park,15,White: Gypsy or Irish Traveller,4,L7: Intermediate occupations,0
E05014085,Middle Park & Horn Park,15,White: Gypsy or Irish Traveller,5,L8 and L9: Small employers and own account workers,0
E05014085,Middle Park & Horn Park,15,White: Gypsy or Irish Traveller,6,L10 and L11: Lower supervisory and technical occupations,1
E05014085,Middle Park & Horn Park,15,White: Gypsy or Irish Traveller,7,L12: Semi-routine occupations,0
E05014085,Middle Park & Horn Park,15,White: Gypsy or Irish Traveller,8,L13: Routine occupations,1
E05014085,Middle Park & Horn Park,15,White: Gypsy or Irish Traveller,9,L14.1: Never worked,2
E05014085,Middle Park & Horn Park,15,White: Gypsy or Irish Traveller,10,L14.2: Long-term unemployed,0
E05014085,Middle Park & Horn Park,15,White: Gypsy or Irish Traveller,11,L15: Full-time students,0
E05014085,Middle Park & Horn Park,16,White: Roma,-8,Does not apply,3
E05014085,Middle Park & Horn Park,16,White: Roma,1,L1 and L2: Large employers and higher managerial and administrative occupations,0
E05014085,Middle Park & Horn Park,16,White: Roma,2,L3: Higher professional occupations,0
E05014085,Middle Park & Horn Park,16,White: Roma,3,"L4, L5 and L6: Lower managerial, administrative and professional occupations",0
E05014085,Middle Park & Horn Park,16,White: Roma,4,L7: Intermediate occupations,0
E05014085,Middle Park & Horn Park,16,White: Roma,5,L8 and L9: Small employers and own account workers,1
E05014085,Middle Park & Horn Park,16,White: Roma,6,L10 and L11: Lower supervisory and technical occupations,1
E05014085,Middle Park & Horn Park,16,White: Roma,7,L12: Semi-routine occupations,0
E05014085,Middle Park & Horn Park,16,White: Roma,8,L13: Routine occupations,3
E05014085,Middle Park & Horn Park,16,White: Roma,9,L14.1: Never worked,0
E05014085,Middle Park & Horn Park,16,White: Roma,10,L14.2: Long-term unemployed,0
E05014085,Middle Park & Horn Park,16,White: Roma,11,L15: Full-time students,0
E05014085,Middle Park & Horn Park,17,White: Other White,-8,Does not apply,179
E05014085,Middle Park & Horn Park,17,White: Other White,1,L1 and L2: Large employers and higher managerial and administrative occupations,44
E05014085,Middle Park & Horn Park,17,White: Other White,2,L3: Higher professional occupations,76
E05014085,Middle Park & Horn Park,17,White: Other White,3,"L4, L5 and L6: Lower managerial, administrative and professional occupations",117
E05014085,Middle Park & Horn Park,17,White: Other White,4,L7: Intermediate occupations,50
E05014085,Middle Park & Horn Park,17,White: Other White,5,L8 and L9: Small employers and own account workers,197
E05014085,Middle Park & Horn Park,17,White: Other White,6,L10 and L11: Lower supervisory and technical occupations,35
E05014085,Middle Park & Horn Park,17,White: Other White,7,L12: Semi-routine occupations,62
E05014085,Middle Park & Horn Park,17,White: Other White,8,L13: Routine occupations,88
E05014085,Middle Park & Horn Park,17,White: Other White,9,L14.1: Never worked,25
E05014085,Middle Park & Horn Park,17,White: Other White,10,L14.2: Long-term unemployed,14
E05014085,Middle Park & Horn Park,17,White: Other White,11,L15: Full-time students,56
E05014085,Middle Park & Horn Park,18,Other ethnic group: Arab,-8,Does not apply,12
E05014085,Middle Park & Horn Park,18,Other ethnic group: Arab,1,L1 and L2: Large employers and higher managerial and administrative occupations,1
E05014085,Middle Park & Horn Park,18,Other ethnic group: Arab,2,L3: Higher professional occupations,1
E05014085,Middle Park & Horn Park,18,Other ethnic group: Arab,3,"L4, L5 and L6: Lower managerial, administrative and professional occupations",9
E05014085,Middle Park & Horn Park,18,Other ethnic group: Arab,4,L7: Intermediate occupations,1
E05014085,Middle Park & Horn Park,18,Other ethnic group: Arab,5,L8 and L9: Small employers and own account workers,2
E05014085,Middle Park & Horn Park,18,Other ethnic group: Arab,6,L10 and L11: Lower supervisory and technical occupations,0
E05014085,Middle Park & Horn Park,18,Other ethnic group: Arab,7,L12: Semi-routine occupations,3
E05014085,Middle Park & Horn Park,18,Other ethnic group: Arab,8,L13: Routine occupations,1
E05014085,Middle Park & Horn Park,18,Other ethnic group: Arab,9,L14.1: Never worked,8
E05014085,Middle Park & Horn Park,18,Other ethnic group: Arab,10,L14.2: Long-term unemployed,0
E05014085,Middle Park & Horn Park,18,Other ethnic group: Arab,11,L15: Full-time students,4
E05014085,Middle Park & Horn Park,19,Other ethnic group: Any other ethnic group,-8,Does not apply,67
E05014085,Middle Park & Horn Park,19,Other ethnic group: Any other ethnic group,1,L1 and L2: Large employers and higher managerial and administrative occupations,9
E05014085,Middle Park & Horn Park,19,Other ethnic group: Any other ethnic group,2,L3: Higher professional occupations,21
E05014085,Middle Park & Horn Park,19,Other ethnic group: Any other ethnic group,3,"L4, L5 and L6: Lower managerial, administrative and professional occupations",35
E05014085,Middle Park & Horn Park,19,Other ethnic group: Any other ethnic group,4,L7: Intermediate occupations,26
E05014085,Middle Park & Horn Park,19,Other ethnic group: Any other ethnic group,5,L8 and L9: Small employers and own account workers,42
E05014085,Middle Park & Horn Park,19,Other ethnic group: Any other ethnic group,6,L10 and L11: Lower supervisory and technical occupations,16
E05014085,Middle Park & Horn Park,19,Other ethnic group: Any other ethnic group,7,L12: Semi-routine occupations,17
E05014085,Middle Park & Horn Park,19,Other ethnic group: Any other ethnic group,8,L13: Routine occupations,34
E05014085,Middle Park & Horn Park,19,Other ethnic group: Any other ethnic group,9,L14.1: Never worked,57
E05014085,Middle Park & Horn Park,19,Other ethnic group: Any other ethnic group,10,L14.2: Long-term unemployed,5
E05014085,Middle Park & Horn Park,19,Other ethnic group: Any other ethnic group,11,L15: Full-time students,24
E05014086,"Mottingham, Coldharbour & New Eltham",-8,Does not apply,-8,Does not apply,0
E05014086,"Mottingham, Coldharbour & New Eltham",-8,Does not apply,1,L1 and L2: Large employers and higher managerial and administrative occupations,0
E05014086,"Mottingham, Coldharbour & New Eltham",-8,Does not apply,2,L3: Higher professional occupations,0
E05014086,"Mottingham, Coldharbour & New Eltham",-8,Does not apply,3,"L4, L5 and L6: Lower managerial, administrative and professional occupations",0
E05014086,"Mottingham, Coldharbour & New Eltham",-8,Does not apply,4,L7: Intermediate occupations,0
E05014086,"Mottingham, Coldharbour & New Eltham",-8,Does not apply,5,L8 and L9: Small employers and own account workers,0
E05014086,"Mottingham, Coldharbour & New Eltham",-8,Does not apply,6,L10 and L11: Lower supervisory and technical occupations,0
E05014086,"Mottingham, Coldharbour & New Eltham",-8,Does not apply,7,L12: Semi-routine occupations,0
E05014086,"Mottingham, Coldharbour & New Eltham",-8,Does not apply,8,L13: Routine occupations,0
E05014086,"Mottingham, Coldharbour & New Eltham",-8,Does not apply,9,L14.1: Never worked,0
E05014086,"Mottingham, Coldharbour & New Eltham",-8,Does not apply,10,L14.2: Long-term unemployed,0
E05014086,"Mottingham, Coldharbour & New Eltham",-8,Does not apply,11,L15: Full-time students,0
E05014086,"Mottingham, Coldharbour & New Eltham",1,"Asian, Asian British or Asian Welsh: Bangladeshi",-8,Does not apply,22
E05014086,"Mottingham, Coldharbour & New Eltham",1,"Asian, Asian British or Asian Welsh: Bangladeshi",1,L1 and L2: Large employers and higher managerial and administrative occupations,2
E05014086,"Mottingham, Coldharbour & New Eltham",1,"Asian, Asian British or Asian Welsh: Bangladeshi",2,L3: Higher professional occupations,11
E05014086,"Mottingham, Coldharbour & New Eltham",1,"Asian, Asian British or Asian Welsh: Bangladeshi",3,"L4, L5 and L6: Lower managerial, administrative and professional occupations",12
E05014086,"Mottingham, Coldharbour & New Eltham",1,"Asian, Asian British or Asian Welsh: Bangladeshi",4,L7: Intermediate occupations,4
E05014086,"Mottingham, Coldharbour & New Eltham",1,"Asian, Asian British or Asian Welsh: Bangladeshi",5,L8 and L9: Small employers and own account workers,8
E05014086,"Mottingham, Coldharbour & New Eltham",1,"Asian, Asian British or Asian Welsh: Bangladeshi",6,L10 and L11: Lower supervisory and technical occupations,3
E05014086,"Mottingham, Coldharbour & New Eltham",1,"Asian, Asian British or Asian Welsh: Bangladeshi",7,L12: Semi-routine occupations,5
E05014086,"Mottingham, Coldharbour & New Eltham",1,"Asian, Asian British or Asian Welsh: Bangladeshi",8,L13: Routine occupations,11
E05014086,"Mottingham, Coldharbour & New Eltham",1,"Asian, Asian British or Asian Welsh: Bangladeshi",9,L14.1: Never worked,8
E05014086,"Mottingham, Coldharbour & New Eltham",1,"Asian, Asian British or Asian Welsh: Bangladeshi",10,L14.2: Long-term unemployed,1
E05014086,"Mottingham, Coldharbour & New Eltham",1,"Asian, Asian British or Asian Welsh: Bangladeshi",11,L15: Full-time students,12
E05014086,"Mottingham, Coldharbour & New Eltham",2,"Asian, Asian British or Asian Welsh: Chinese",-8,Does not apply,59
E05014086,"Mottingham, Coldharbour & New Eltham",2,"Asian, Asian British or Asian Welsh: Chinese",1,L1 and L2: Large employers and higher managerial and administrative occupations,14
E05014086,"Mottingham, Coldharbour & New Eltham",2,"Asian, Asian British or Asian Welsh: Chinese",2,L3: Higher professional occupations,30
E05014086,"Mottingham, Coldharbour & New Eltham",2,"Asian, Asian British or Asian Welsh: Chinese",3,"L4, L5 and L6: Lower managerial, administrative and professional occupations",43
E05014086,"Mottingham, Coldharbour & New Eltham",2,"Asian, Asian British or Asian Welsh: Chinese",4,L7: Intermediate occupations,15
E05014086,"Mottingham, Coldharbour & New Eltham",2,"Asian, Asian British or Asian Welsh: Chinese",5,L8 and L9: Small employers and own account workers,32
E05014086,"Mottingham, Coldharbour & New Eltham",2,"Asian, Asian British or Asian Welsh: Chinese",6,L10 and L11: Lower supervisory and technical occupations,4
E05014086,"Mottingham, Coldharbour & New Eltham",2,"Asian, Asian British or Asian Welsh: Chinese",7,L12: Semi-routine occupations,12
E05014086,"Mottingham, Coldharbour & New Eltham",2,"Asian, Asian British or Asian Welsh: Chinese",8,L13: Routine occupations,14
E05014086,"Mottingham, Coldharbour & New Eltham",2,"Asian, Asian British or Asian Welsh: Chinese",9,L14.1: Never worked,25
E05014086,"Mottingham, Coldharbour & New Eltham",2,"Asian, Asian British or Asian Welsh: Chinese",10,L14.2: Long-term unemployed,2
E05014086,"Mottingham, Coldharbour & New Eltham",2,"Asian, Asian British or Asian Welsh: Chinese",11,L15: Full-time students,15
E05014086,"Mottingham, Coldharbour & New Eltham",3,"Asian, Asian British or Asian Welsh: Indian",-8,Does not apply,115
E05014086,"Mottingham, Coldharbour & New Eltham",3,"Asian, Asian British or Asian Welsh: Indian",1,L1 and L2: Large employers and higher managerial and administrative occupations,45
E05014086,"Mottingham, Coldharbour & New Eltham",3,"Asian, Asian British or Asian Welsh: Indian",2,L3: Higher professional occupations,88
E05014086,"Mottingham, Coldharbour & New Eltham",3,"Asian, Asian British or Asian Welsh: Indian",3,"L4, L5 and L6: Lower managerial, administrative and professional occupations",74
E05014086,"Mottingham, Coldharbour & New Eltham",3,"Asian, Asian British or Asian Welsh: Indian",4,L7: Intermediate occupations,31
E05014086,"Mottingham, Coldharbour & New Eltham",3,"Asian, Asian British or Asian Welsh: Indian",5,L8 and L9: Small employers and own account workers,40
E05014086,"Mottingham, Coldharbour & New Eltham",3,"Asian, Asian British or Asian Welsh: Indian",6,L10 and L11: Lower supervisory and technical occupations,1
E05014086,"Mottingham, Coldharbour & New Eltham",3,"Asian, Asian British or Asian Welsh: Indian",7,L12: Semi-routine occupations,17
E05014086,"Mottingham, Coldharbour & New Eltham",3,"Asian, Asian British or Asian Welsh: Indian",8,L13: Routine occupations,9
E05014086,"Mottingham, Coldharbour & New Eltham",3,"Asian, Asian British or Asian Welsh: Indian",9,L14.1: Never worked,14
E05014086,"Mottingham, Coldharbour & New Eltham",3,"Asian, Asian British or Asian Welsh: Indian",10,L14.2: Long-term unemployed,6
E05014086,"Mottingham, Coldharbour & New Eltham",3,"Asian, Asian British or Asian Welsh: Indian",11,L15: Full-time students,17
E05014086,"Mottingham, Coldharbour & New Eltham",4,"Asian, Asian British or Asian Welsh: Pakistani",-8,Does not apply,20
E05014086,"Mottingham, Coldharbour & New Eltham",4,"Asian, Asian British or Asian Welsh: Pakistani",1,L1 and L2: Large employers and higher managerial and administrative occupations,1
E05014086,"Mottingham, Coldharbour & New Eltham",4,"Asian, Asian British or Asian Welsh: Pakistani",2,L3: Higher professional occupations,12
E05014086,"Mottingham, Coldharbour & New Eltham",4,"Asian, Asian British or Asian Welsh: Pakistani",3,"L4, L5 and L6: Lower managerial, administrative and professional occupations",12
E05014086,"Mottingham, Coldharbour & New Eltham",4,"Asian, Asian British or Asian Welsh: Pakistani",4,L7: Intermediate occupations,4
E05014086,"Mottingham, Coldharbour & New Eltham",4,"Asian, Asian British or Asian Welsh: Pakistani",5,L8 and L9: Small employers and own account workers,4
E05014086,"Mottingham, Coldharbour & New Eltham",4,"Asian, Asian British or Asian Welsh: Pakistani",6,L10 and L11: Lower supervisory and technical occupations,1
E05014086,"Mottingham, Coldharbour & New Eltham",4,"Asian, Asian British or Asian Welsh: Pakistani",7,L12: Semi-routine occupations,5
E05014086,"Mottingham, Coldharbour & New Eltham",4,"Asian, Asian British or Asian Welsh: Pakistani",8,L13: Routine occupations,2
E05014086,"Mottingham, Coldharbour & New Eltham",4,"Asian, Asian British or Asian Welsh: Pakistani",9,L14.1: Never worked,11
E05014086,"Mottingham, Coldharbour & New Eltham",4,"Asian, Asian British or Asian Welsh: Pakistani",10,L14.2: Long-term unemployed,0
E05014086,"Mottingham, Coldharbour & New Eltham",4,"Asian, Asian British or Asian Welsh: Pakistani",11,L15: Full-time students,5
E05014086,"Mottingham, Coldharbour & New Eltham",5,"Asian, Asian British or Asian Welsh: Other Asian",-8,Does not apply,82
E05014086,"Mottingham, Coldharbour & New Eltham",5,"Asian, Asian British or Asian Welsh: Other Asian",1,L1 and L2: Large employers and higher managerial and administrative occupations,9
E05014086,"Mottingham, Coldharbour & New Eltham",5,"Asian, Asian British or Asian Welsh: Other Asian",2,L3: Higher professional occupations,34
E05014086,"Mottingham, Coldharbour & New Eltham",5,"Asian, Asian British or Asian Welsh: Other Asian",3,"L4, L5 and L6: Lower managerial, administrative and professional occupations",54
E05014086,"Mottingham, Coldharbour & New Eltham",5,"Asian, Asian British or Asian Welsh: Other Asian",4,L7: Intermediate occupations,26
E05014086,"Mottingham, Coldharbour & New Eltham",5,"Asian, Asian British or Asian Welsh: Other Asian",5,L8 and L9: Small employers and own account workers,38
E05014086,"Mottingham, Coldharbour & New Eltham",5,"Asian, Asian British or Asian Welsh: Other Asian",6,L10 and L11: Lower supervisory and technical occupations,10
E05014086,"Mottingham, Coldharbour & New Eltham",5,"Asian, Asian British or Asian Welsh: Other Asian",7,L12: Semi-routine occupations,39
E05014086,"Mottingham, Coldharbour & New Eltham",5,"Asian, Asian British or Asian Welsh: Other Asian",8,L13: Routine occupations,23
E05014086,"Mottingham, Coldharbour & New Eltham",5,"Asian, Asian British or Asian Welsh: Other Asian",9,L14.1: Never worked,19
E05014086,"Mottingham, Coldharbour & New Eltham",5,"Asian, Asian British or Asian Welsh: Other Asian",10,L14.2: Long-term unemployed,3
E05014086,"Mottingham, Coldharbour & New Eltham",5,"Asian, Asian British or Asian Welsh: Other Asian",11,L15: Full-time students,33
E05014086,"Mottingham, Coldharbour & New Eltham",6,"Black, Black British, Black Welsh, Caribbean or African: African",-8,Does not apply,208
E05014086,"Mottingham, Coldharbour & New Eltham",6,"Black, Black British, Black Welsh, Caribbean or African: African",1,L1 and L2: Large employers and higher managerial and administrative occupations,21
E05014086,"Mottingham, Coldharbour & New Eltham",6,"Black, Black British, Black Welsh, Caribbean or African: African",2,L3: Higher professional occupations,72
E05014086,"Mottingham, Coldharbour & New Eltham",6,"Black, Black British, Black Welsh, Caribbean or African: African",3,"L4, L5 and L6: Lower managerial, administrative and professional occupations",161
E05014086,"Mottingham, Coldharbour & New Eltham",6,"Black, Black British, Black Welsh, Caribbean or African: African",4,L7: Intermediate occupations,54
E05014086,"Mottingham, Coldharbour & New Eltham",6,"Black, Black British, Black Welsh, Caribbean or African: African",5,L8 and L9: Small employers and own account workers,60
E05014086,"Mottingham, Coldharbour & New Eltham",6,"Black, Black British, Black Welsh, Caribbean or African: African",6,L10 and L11: Lower supervisory and technical occupations,29
E05014086,"Mottingham, Coldharbour & New Eltham",6,"Black, Black British, Black Welsh, Caribbean or African: African",7,L12: Semi-routine occupations,69
E05014086,"Mottingham, Coldharbour & New Eltham",6,"Black, Black British, Black Welsh, Caribbean or African: African",8,L13: Routine occupations,48
E05014086,"Mottingham, Coldharbour & New Eltham",6,"Black, Black British, Black Welsh, Caribbean or African: African",9,L14.1: Never worked,62
E05014086,"Mottingham, Coldharbour & New Eltham",6,"Black, Black British, Black Welsh, Caribbean or African: African",10,L14.2: Long-term unemployed,24
E05014086,"Mottingham, Coldharbour & New Eltham",6,"Black, Black British, Black Welsh, Caribbean or African: African",11,L15: Full-time students,114
E05014086,"Mottingham, Coldharbour & New Eltham",7,"Black, Black British, Black Welsh, Caribbean or African: Caribbean",-8,Does not apply,39
E05014086,"Mottingham, Coldharbour & New Eltham",7,"Black, Black British, Black Welsh, Caribbean or African: Caribbean",1,L1 and L2: Large employers and higher managerial and administrative occupations,7
E05014086,"Mottingham, Coldharbour & New Eltham",7,"Black, Black British, Black Welsh, Caribbean or African: Caribbean",2,L3: Higher professional occupations,26
E05014086,"Mottingham, Coldharbour & New Eltham",7,"Black, Black British, Black Welsh, Caribbean or African: Caribbean",3,"L4, L5 and L6: Lower managerial, administrative and professional occupations",63
E05014086,"Mottingham, Coldharbour & New Eltham",7,"Black, Black British, Black Welsh, Caribbean or African: Caribbean",4,L7: Intermediate occupations,37
E05014086,"Mottingham, Coldharbour & New Eltham",7,"Black, Black British, Black Welsh, Caribbean or African: Caribbean",5,L8 and L9: Small employers and own account workers,26
E05014086,"Mottingham, Coldharbour & New Eltham",7,"Black, Black British, Black Welsh, Caribbean or African: Caribbean",6,L10 and L11: Lower supervisory and technical occupations,16
E05014086,"Mottingham, Coldharbour & New Eltham",7,"Black, Black British, Black Welsh, Caribbean or African: Caribbean",7,L12: Semi-routine occupations,31
E05014086,"Mottingham, Coldharbour & New Eltham",7,"Black, Black British, Black Welsh, Caribbean or African: Caribbean",8,L13: Routine occupations,31
E05014086,"Mottingham, Coldharbour & New Eltham",7,"Black, Black British, Black Welsh, Caribbean or African: Caribbean",9,L14.1: Never worked,20
E05014086,"Mottingham, Coldharbour & New Eltham",7,"Black, Black British, Black Welsh, Caribbean or African: Caribbean",10,L14.2: Long-term unemployed,8
E05014086,"Mottingham, Coldharbour & New Eltham",7,"Black, Black British, Black Welsh, Caribbean or African: Caribbean",11,L15: Full-time students,21
E05014086,"Mottingham, Coldharbour & New Eltham",8,"Black, Black British, Black Welsh, Caribbean or African: Other Black",-8,Does not apply,115
E05014086,"Mottingham, Coldharbour & New Eltham",8,"Black, Black British, Black Welsh, Caribbean or African: Other Black",1,L1 and L2: Large employers and higher managerial and administrative occupations,3
E05014086,"Mottingham, Coldharbour & New Eltham",8,"Black, Black British, Black Welsh, Caribbean or African: Other Black",2,L3: Higher professional occupations,7
E05014086,"Mottingham, Coldharbour & New Eltham",8,"Black, Black British, Black Welsh, Caribbean or African: Other Black",3,"L4, L5 and L6: Lower managerial, administrative and professional occupations",25
E05014086,"Mottingham, Coldharbour & New Eltham",8,"Black, Black British, Black Welsh, Caribbean or African: Other Black",4,L7: Intermediate occupations,15
E05014086,"Mottingham, Coldharbour & New Eltham",8,"Black, Black British, Black Welsh, Caribbean or African: Other Black",5,L8 and L9: Small employers and own account workers,13
E05014086,"Mottingham, Coldharbour & New Eltham",8,"Black, Black British, Black Welsh, Caribbean or African: Other Black",6,L10 and L11: Lower supervisory and technical occupations,5
E05014086,"Mottingham, Coldharbour & New Eltham",8,"Black, Black British, Black Welsh, Caribbean or African: Other Black",7,L12: Semi-routine occupations,6
E05014086,"Mottingham, Coldharbour & New Eltham",8,"Black, Black British, Black Welsh, Caribbean or African: Other Black",8,L13: Routine occupations,3
E05014086,"Mottingham, Coldharbour & New Eltham",8,"Black, Black British, Black Welsh, Caribbean or African: Other Black",9,L14.1: Never worked,6
E05014086,"Mottingham, Coldharbour & New Eltham",8,"Black, Black British, Black Welsh, Caribbean or African: Other Black",10,L14.2: Long-term unemployed,0
E05014086,"Mottingham, Coldharbour & New Eltham",8,"Black, Black British, Black Welsh, Caribbean or African: Other Black",11,L15: Full-time students,25
E05014086,"Mottingham, Coldharbour & New Eltham",9,Mixed or Multiple ethnic groups: White and Asian,-8,Does not apply,73
E05014086,"Mottingham, Coldharbour & New Eltham",9,Mixed or Multiple ethnic groups: White and Asian,1,L1 and L2: Large employers and higher managerial and administrative occupations,5
E05014086,"Mottingham, Coldharbour & New Eltham",9,Mixed or Multiple ethnic groups: White and Asian,2,L3: Higher professional occupations,8
E05014086,"Mottingham, Coldharbour & New Eltham",9,Mixed or Multiple ethnic groups: White and Asian,3,"L4, L5 and L6: Lower managerial, administrative and professional occupations",14
E05014086,"Mottingham, Coldharbour & New Eltham",9,Mixed or Multiple ethnic groups: White and Asian,4,L7: Intermediate occupations,12
E05014086,"Mottingham, Coldharbour & New Eltham",9,Mixed or Multiple ethnic groups: White and Asian,5,L8 and L9: Small employers and own account workers,9
E05014086,"Mottingham, Coldharbour & New Eltham",9,Mixed or Multiple ethnic groups: White and Asian,6,L10 and L11: Lower supervisory and technical occupations,3
E05014086,"Mottingham, Coldharbour & New Eltham",9,Mixed or Multiple ethnic groups: White and Asian,7,L12: Semi-routine occupations,3
E05014086,"Mottingham, Coldharbour & New Eltham",9,Mixed or Multiple ethnic groups: White and Asian,8,L13: Routine occupations,3
E05014086,"Mottingham, Coldharbour & New Eltham",9,Mixed or Multiple ethnic groups: White and Asian,9,L14.1: Never worked,3
E05014086,"Mottingham, Coldharbour & New Eltham",9,Mixed or Multiple ethnic groups: White and Asian,10,L14.2: Long-term unemployed,1
E05014086,"Mottingham, Coldharbour & New Eltham",9,Mixed or Multiple ethnic groups: White and Asian,11,L15: Full-time students,14
E05014086,"Mottingham, Coldharbour & New Eltham",10,Mixed or Multiple ethnic groups: White and Black African,-8,Does not apply,37
E05014086,"Mottingham, Coldharbour & New Eltham",10,Mixed or Multiple ethnic groups: White and Black African,1,L1 and L2: Large employers and higher managerial and administrative occupations,1
E05014086,"Mottingham, Coldharbour & New Eltham",10,Mixed or Multiple ethnic groups: White and Black African,2,L3: Higher professional occupations,1
E05014086,"Mottingham, Coldharbour & New Eltham",10,Mixed or Multiple ethnic groups: White and Black African,3,"L4, L5 and L6: Lower managerial, administrative and professional occupations",15
E05014086,"Mottingham, Coldharbour & New Eltham",10,Mixed or Multiple ethnic groups: White and Black African,4,L7: Intermediate occupations,5
E05014086,"Mottingham, Coldharbour & New Eltham",10,Mixed or Multiple ethnic groups: White and Black African,5,L8 and L9: Small employers and own account workers,4
E05014086,"Mottingham, Coldharbour & New Eltham",10,Mixed or Multiple ethnic groups: White and Black African,6,L10 and L11: Lower supervisory and technical occupations,1
E05014086,"Mottingham, Coldharbour & New Eltham",10,Mixed or Multiple ethnic groups: White and Black African,7,L12: Semi-routine occupations,3
E05014086,"Mottingham, Coldharbour & New Eltham",10,Mixed or Multiple ethnic groups: White and Black African,8,L13: Routine occupations,6
E05014086,"Mottingham, Coldharbour & New Eltham",10,Mixed or Multiple ethnic groups: White and Black African,9,L14.1: Never worked,0
E05014086,"Mottingham, Coldharbour & New Eltham",10,Mixed or Multiple ethnic groups: White and Black African,10,L14.2: Long-term unemployed,1
E05014086,"Mottingham, Coldharbour & New Eltham",10,Mixed or Multiple ethnic groups: White and Black African,11,L15: Full-time students,10
E05014086,"Mottingham, Coldharbour & New Eltham",11,Mixed or Multiple ethnic groups: White and Black Caribbean,-8,Does not apply,86
E05014086,"Mottingham, Coldharbour & New Eltham",11,Mixed or Multiple ethnic groups: White and Black Caribbean,1,L1 and L2: Large employers and higher managerial and administrative occupations,4
E05014086,"Mottingham, Coldharbour & New Eltham",11,Mixed or Multiple ethnic groups: White and Black Caribbean,2,L3: Higher professional occupations,4
E05014086,"Mottingham, Coldharbour & New Eltham",11,Mixed or Multiple ethnic groups: White and Black Caribbean,3,"L4, L5 and L6: Lower managerial, administrative and professional occupations",21
E05014086,"Mottingham, Coldharbour & New Eltham",11,Mixed or Multiple ethnic groups: White and Black Caribbean,4,L7: Intermediate occupations,14
E05014086,"Mottingham, Coldharbour & New Eltham",11,Mixed or Multiple ethnic groups: White and Black Caribbean,5,L8 and L9: Small employers and own account workers,5
E05014086,"Mottingham, Coldharbour & New Eltham",11,Mixed or Multiple ethnic groups: White and Black Caribbean,6,L10 and L11: Lower supervisory and technical occupations,2
E05014086,"Mottingham, Coldharbour & New Eltham",11,Mixed or Multiple ethnic groups: White and Black Caribbean,7,L12: Semi-routine occupations,15
E05014086,"Mottingham, Coldharbour & New Eltham",11,Mixed or Multiple ethnic groups: White and Black Caribbean,8,L13: Routine occupations,9
E05014086,"Mottingham, Coldharbour & New Eltham",11,Mixed or Multiple ethnic groups: White and Black Caribbean,9,L14.1: Never worked,7
E05014086,"Mottingham, Coldharbour & New Eltham",11,Mixed or Multiple ethnic groups: White and Black Caribbean,10,L14.2: Long-term unemployed,2
E05014086,"Mottingham, Coldharbour & New Eltham",11,Mixed or Multiple ethnic groups: White and Black Caribbean,11,L15: Full-time students,15
E05014086,"Mottingham, Coldharbour & New Eltham",12,Mixed or Multiple ethnic groups: Other Mixed or Multiple ethnic groups,-8,Does not apply,97
E05014086,"Mottingham, Coldharbour & New Eltham",12,Mixed or Multiple ethnic groups: Other Mixed or Multiple ethnic groups,1,L1 and L2: Large employers and higher managerial and administrative occupations,9
E05014086,"Mottingham, Coldharbour & New Eltham",12,Mixed or Multiple ethnic groups: Other Mixed or Multiple ethnic groups,2,L3: Higher professional occupations,18
E05014086,"Mottingham, Coldharbour & New Eltham",12,Mixed or Multiple ethnic groups: Other Mixed or Multiple ethnic groups,3,"L4, L5 and L6: Lower managerial, administrative and professional occupations",25
E05014086,"Mottingham, Coldharbour & New Eltham",12,Mixed or Multiple ethnic groups: Other Mixed or Multiple ethnic groups,4,L7: Intermediate occupations,13
E05014086,"Mottingham, Coldharbour & New Eltham",12,Mixed or Multiple ethnic groups: Other Mixed or Multiple ethnic groups,5,L8 and L9: Small employers and own account workers,10
E05014086,"Mottingham, Coldharbour & New Eltham",12,Mixed or Multiple ethnic groups: Other Mixed or Multiple ethnic groups,6,L10 and L11: Lower supervisory and technical occupations,2
E05014086,"Mottingham, Coldharbour & New Eltham",12,Mixed or Multiple ethnic groups: Other Mixed or Multiple ethnic groups,7,L12: Semi-routine occupations,12
E05014086,"Mottingham, Coldharbour & New Eltham",12,Mixed or Multiple ethnic groups: Other Mixed or Multiple ethnic groups,8,L13: Routine occupations,4
E05014086,"Mottingham, Coldharbour & New Eltham",12,Mixed or Multiple ethnic groups: Other Mixed or Multiple ethnic groups,9,L14.1: Never worked,5
E05014086,"Mottingham, Coldharbour & New Eltham",12,Mixed or Multiple ethnic groups: Other Mixed or Multiple ethnic groups,10,L14.2: Long-term unemployed,0
E05014086,"Mottingham, Coldharbour & New Eltham",12,Mixed or Multiple ethnic groups: Other Mixed or Multiple ethnic groups,11,L15: Full-time students,13
E05014086,"Mottingham, Coldharbour & New Eltham",13,"White: English, Welsh, Scottish, Northern Irish or British",-8,Does not apply,1562
E05014086,"Mottingham, Coldharbour & New Eltham",13,"White: English, Welsh, Scottish, Northern Irish or British",1,L1 and L2: Large employers and higher managerial and administrative occupations,332
E05014086,"Mottingham, Coldharbour & New Eltham",13,"White: English, Welsh, Scottish, Northern Irish or British",2,L3: Higher professional occupations,639
E05014086,"Mottingham, Coldharbour & New Eltham",13,"White: English, Welsh, Scottish, Northern Irish or British",3,"L4, L5 and L6: Lower managerial, administrative and professional occupations",1514
E05014086,"Mottingham, Coldharbour & New Eltham",13,"White: English, Welsh, Scottish, Northern Irish or British",4,L7: Intermediate occupations,1062
E05014086,"Mottingham, Coldharbour & New Eltham",13,"White: English, Welsh, Scottish, Northern Irish or British",5,L8 and L9: Small employers and own account workers,849
E05014086,"Mottingham, Coldharbour & New Eltham",13,"White: English, Welsh, Scottish, Northern Irish or British",6,L10 and L11: Lower supervisory and technical occupations,431
E05014086,"Mottingham, Coldharbour & New Eltham",13,"White: English, Welsh, Scottish, Northern Irish or British",7,L12: Semi-routine occupations,854
E05014086,"Mottingham, Coldharbour & New Eltham",13,"White: English, Welsh, Scottish, Northern Irish or British",8,L13: Routine occupations,704
E05014086,"Mottingham, Coldharbour & New Eltham",13,"White: English, Welsh, Scottish, Northern Irish or British",9,L14.1: Never worked,602
E05014086,"Mottingham, Coldharbour & New Eltham",13,"White: English, Welsh, Scottish, Northern Irish or British",10,L14.2: Long-term unemployed,113
E05014086,"Mottingham, Coldharbour & New Eltham",13,"White: English, Welsh, Scottish, Northern Irish or British",11,L15: Full-time students,327
E05014086,"Mottingham, Coldharbour & New Eltham",14,White: Irish,-8,Does not apply,5
E05014086,"Mottingham, Coldharbour & New Eltham",14,White: Irish,1,L1 and L2: Large employers and higher managerial and administrative occupations,8
E05014086,"Mottingham, Coldharbour & New Eltham",14,White: Irish,2,L3: Higher professional occupations,19
E05014086,"Mottingham, Coldharbour & New Eltham",14,White: Irish,3,"L4, L5 and L6: Lower managerial, administrative and professional occupations",49
E05014086,"Mottingham, Coldharbour & New Eltham",14,White: Irish,4,L7: Intermediate occupations,26
E05014086,"Mottingham, Coldharbour & New Eltham",14,White: Irish,5,L8 and L9: Small employers and own account workers,10
E05014086,"Mottingham, Coldharbour & New Eltham",14,White: Irish,6,L10 and L11: Lower supervisory and technical occupations,7
E05014086,"Mottingham, Coldharbour & New Eltham",14,White: Irish,7,L12: Semi-routine occupations,19
E05014086,"Mottingham, Coldharbour & New Eltham",14,White: Irish,8,L13: Routine occupations,13
E05014086,"Mottingham, Coldharbour & New Eltham",14,White: Irish,9,L14.1: Never worked,14
E05014086,"Mottingham, Coldharbour & New Eltham",14,White: Irish,10,L14.2: Long-term unemployed,3
E05014086,"Mottingham, Coldharbour & New Eltham",14,White: Irish,11,L15: Full-time students,5
E05014086,"Mottingham, Coldharbour & New Eltham",15,White: Gypsy or Irish Traveller,-8,Does not apply,6
E05014086,"Mottingham, Coldharbour & New Eltham",15,White: Gypsy or Irish Traveller,1,L1 and L2: Large employers and higher managerial and administrative occupations,0
E05014086,"Mottingham, Coldharbour & New Eltham",15,White: Gypsy or Irish Traveller,2,L3: Higher professional occupations,0
E05014086,"Mottingham, Coldharbour & New Eltham",15,White: Gypsy or Irish Traveller,3,"L4, L5 and L6: Lower managerial, administrative and professional occupations",1
E05014086,"Mottingham, Coldharbour & New Eltham",15,White: Gypsy or Irish Traveller,4,L7: Intermediate occupations,0
E05014086,"Mottingham, Coldharbour & New Eltham",15,White: Gypsy or Irish Traveller,5,L8 and L9: Small employers and own account workers,2
E05014086,"Mottingham, Coldharbour & New Eltham",15,White: Gypsy or Irish Traveller,6,L10 and L11: Lower supervisory and technical occupations,0
E05014086,"Mottingham, Coldharbour & New Eltham",15,White: Gypsy or Irish Traveller,7,L12: Semi-routine occupations,0
E05014086,"Mottingham, Coldharbour & New Eltham",15,White: Gypsy or Irish Traveller,8,L13: Routine occupations,0
E05014086,"Mottingham, Coldharbour & New Eltham",15,White: Gypsy or Irish Traveller,9,L14.1: Never worked,10
E05014086,"Mottingham, Coldharbour & New Eltham",15,White: Gypsy or Irish Traveller,10,L14.2: Long-term unemployed,0
E05014086,"Mottingham, Coldharbour & New Eltham",15,White: Gypsy or Irish Traveller,11,L15: Full-time students,3
E05014086,"Mottingham, Coldharbour & New Eltham",16,White: Roma,-8,Does not apply,9
E05014086,"Mottingham, Coldharbour & New Eltham",16,White: Roma,1,L1 and L2: Large employers and higher managerial and administrative occupations,1
E05014086,"Mottingham, Coldharbour & New Eltham",16,White: Roma,2,L3: Higher professional occupations,1
E05014086,"Mottingham, Coldharbour & New Eltham",16,White: Roma,3,"L4, L5 and L6: Lower managerial, administrative and professional occupations",3
E05014086,"Mottingham, Coldharbour & New Eltham",16,White: Roma,4,L7: Intermediate occupations,0
E05014086,"Mottingham, Coldharbour & New Eltham",16,White: Roma,5,L8 and L9: Small employers and own account workers,10
E05014086,"Mottingham, Coldharbour & New Eltham",16,White: Roma,6,L10 and L11: Lower supervisory and technical occupations,1
E05014086,"Mottingham, Coldharbour & New Eltham",16,White: Roma,7,L12: Semi-routine occupations,2
E05014086,"Mottingham, Coldharbour & New Eltham",16,White: Roma,8,L13: Routine occupations,3
E05014086,"Mottingham, Coldharbour & New Eltham",16,White: Roma,9,L14.1: Never worked,4
E05014086,"Mottingham, Coldharbour & New Eltham",16,White: Roma,10,L14.2: Long-term unemployed,0
E05014086,"Mottingham, Coldharbour & New Eltham",16,White: Roma,11,L15: Full-time students,0
E05014086,"Mottingham, Coldharbour & New Eltham",17,White: Other White,-8,Does not apply,244
E05014086,"Mottingham, Coldharbour & New Eltham",17,White: Other White,1,L1 and L2: Large employers and higher managerial and administrative occupations,59
E05014086,"Mottingham, Coldharbour & New Eltham",17,White: Other White,2,L3: Higher professional occupations,162
E05014086,"Mottingham, Coldharbour & New Eltham",17,White: Other White,3,"L4, L5 and L6: Lower managerial, administrative and professional occupations",243
E05014086,"Mottingham, Coldharbour & New Eltham",17,White: Other White,4,L7: Intermediate occupations,99
E05014086,"Mottingham, Coldharbour & New Eltham",17,White: Other White,5,L8 and L9: Small employers and own account workers,226
E05014086,"Mottingham, Coldharbour & New Eltham",17,White: Other White,6,L10 and L11: Lower supervisory and technical occupations,50
E05014086,"Mottingham, Coldharbour & New Eltham",17,White: Other White,7,L12: Semi-routine occupations,65
E05014086,"Mottingham, Coldharbour & New Eltham",17,White: Other White,8,L13: Routine occupations,113
E05014086,"Mottingham, Coldharbour & New Eltham",17,White: Other White,9,L14.1: Never worked,45
E05014086,"Mottingham, Coldharbour & New Eltham",17,White: Other White,10,L14.2: Long-term unemployed,7
E05014086,"Mottingham, Coldharbour & New Eltham",17,White: Other White,11,L15: Full-time students,77
E05014086,"Mottingham, Coldharbour & New Eltham",18,Other ethnic group: Arab,-8,Does not apply,8
E05014086,"Mottingham, Coldharbour & New Eltham",18,Other ethnic group: Arab,1,L1 and L2: Large employers and higher managerial and administrative occupations,1
E05014086,"Mottingham, Coldharbour & New Eltham",18,Other ethnic group: Arab,2,L3: Higher professional occupations,1
E05014086,"Mottingham, Coldharbour & New Eltham",18,Other ethnic group: Arab,3,"L4, L5 and L6: Lower managerial, administrative and professional occupations",3
E05014086,"Mottingham, Coldharbour & New Eltham",18,Other ethnic group: Arab,4,L7: Intermediate occupations,1
E05014086,"Mottingham, Coldharbour & New Eltham",18,Other ethnic group: Arab,5,L8 and L9: Small employers and own account workers,2
E05014086,"Mottingham, Coldharbour & New Eltham",18,Other ethnic group: Arab,6,L10 and L11: Lower supervisory and technical occupations,4
E05014086,"Mottingham, Coldharbour & New Eltham",18,Other ethnic group: Arab,7,L12: Semi-routine occupations,4
E05014086,"Mottingham, Coldharbour & New Eltham",18,Other ethnic group: Arab,8,L13: Routine occupations,2
E05014086,"Mottingham, Coldharbour & New Eltham",18,Other ethnic group: Arab,9,L14.1: Never worked,4
E05014086,"Mottingham, Coldharbour & New Eltham",18,Other ethnic group: Arab,10,L14.2: Long-term unemployed,1
E05014086,"Mottingham, Coldharbour & New Eltham",18,Other ethnic group: Arab,11,L15: Full-time students,4
E05014086,"Mottingham, Coldharbour & New Eltham",19,Other ethnic group: Any other ethnic group,-8,Does not apply,79
E05014086,"Mottingham, Coldharbour & New Eltham",19,Other ethnic group: Any other ethnic group,1,L1 and L2: Large employers and higher managerial and administrative occupations,12
E05014086,"Mottingham, Coldharbour & New Eltham",19,Other ethnic group: Any other ethnic group,2,L3: Higher professional occupations,38
E05014086,"Mottingham, Coldharbour & New Eltham",19,Other ethnic group: Any other ethnic group,3,"L4, L5 and L6: Lower managerial, administrative and professional occupations",62
E05014086,"Mottingham, Coldharbour & New Eltham",19,Other ethnic group: Any other ethnic group,4,L7: Intermediate occupations,38
E05014086,"Mottingham, Coldharbour & New Eltham",19,Other ethnic group: Any other ethnic group,5,L8 and L9: Small employers and own account workers,71
E05014086,"Mottingham, Coldharbour & New Eltham",19,Other ethnic group: Any other ethnic group,6,L10 and L11: Lower supervisory and technical occupations,26
E05014086,"Mottingham, Coldharbour & New Eltham",19,Other ethnic group: Any other ethnic group,7,L12: Semi-routine occupations,37
E05014086,"Mottingham, Coldharbour & New Eltham",19,Other ethnic group: Any other ethnic group,8,L13: Routine occupations,50
E05014086,"Mottingham, Coldharbour & New Eltham",19,Other ethnic group: Any other ethnic group,9,L14.1: Never worked,48
E05014086,"Mottingham, Coldharbour & New Eltham",19,Other ethnic group: Any other ethnic group,10,L14.2: Long-term unemployed,6
E05014086,"Mottingham, Coldharbour & New Eltham",19,Other ethnic group: Any other ethnic group,11,L15: Full-time students,30
E05014087,Plumstead & Glyndon,-8,Does not apply,-8,Does not apply,0
E05014087,Plumstead & Glyndon,-8,Does not apply,1,L1 and L2: Large employers and higher managerial and administrative occupations,0
E05014087,Plumstead & Glyndon,-8,Does not apply,2,L3: Higher professional occupations,0
E05014087,Plumstead & Glyndon,-8,Does not apply,3,"L4, L5 and L6: Lower managerial, administrative and professional occupations",0
E05014087,Plumstead & Glyndon,-8,Does not apply,4,L7: Intermediate occupations,0
E05014087,Plumstead & Glyndon,-8,Does not apply,5,L8 and L9: Small employers and own account workers,0
E05014087,Plumstead & Glyndon,-8,Does not apply,6,L10 and L11: Lower supervisory and technical occupations,0
E05014087,Plumstead & Glyndon,-8,Does not apply,7,L12: Semi-routine occupations,0
E05014087,Plumstead & Glyndon,-8,Does not apply,8,L13: Routine occupations,0
E05014087,Plumstead & Glyndon,-8,Does not apply,9,L14.1: Never worked,0
E05014087,Plumstead & Glyndon,-8,Does not apply,10,L14.2: Long-term unemployed,0
E05014087,Plumstead & Glyndon,-8,Does not apply,11,L15: Full-time students,0
E05014087,Plumstead & Glyndon,1,"Asian, Asian British or Asian Welsh: Bangladeshi",-8,Does not apply,107
E05014087,Plumstead & Glyndon,1,"Asian, Asian British or Asian Welsh: Bangladeshi",1,L1 and L2: Large employers and higher managerial and administrative occupations,5
E05014087,Plumstead & Glyndon,1,"Asian, Asian British or Asian Welsh: Bangladeshi",2,L3: Higher professional occupations,10
E05014087,Plumstead & Glyndon,1,"Asian, Asian British or Asian Welsh: Bangladeshi",3,"L4, L5 and L6: Lower managerial, administrative and professional occupations",26
E05014087,Plumstead & Glyndon,1,"Asian, Asian British or Asian Welsh: Bangladeshi",4,L7: Intermediate occupations,20
E05014087,Plumstead & Glyndon,1,"Asian, Asian British or Asian Welsh: Bangladeshi",5,L8 and L9: Small employers and own account workers,23
E05014087,Plumstead & Glyndon,1,"Asian, Asian British or Asian Welsh: Bangladeshi",6,L10 and L11: Lower supervisory and technical occupations,7
E05014087,Plumstead & Glyndon,1,"Asian, Asian British or Asian Welsh: Bangladeshi",7,L12: Semi-routine occupations,44
E05014087,Plumstead & Glyndon,1,"Asian, Asian British or Asian Welsh: Bangladeshi",8,L13: Routine occupations,22
E05014087,Plumstead & Glyndon,1,"Asian, Asian British or Asian Welsh: Bangladeshi",9,L14.1: Never worked,56
E05014087,Plumstead & Glyndon,1,"Asian, Asian British or Asian Welsh: Bangladeshi",10,L14.2: Long-term unemployed,7
E05014087,Plumstead & Glyndon,1,"Asian, Asian British or Asian Welsh: Bangladeshi",11,L15: Full-time students,58
E05014087,Plumstead & Glyndon,2,"Asian, Asian British or Asian Welsh: Chinese",-8,Does not apply,40
E05014087,Plumstead & Glyndon,2,"Asian, Asian British or Asian Welsh: Chinese",1,L1 and L2: Large employers and higher managerial and administrative occupations,6
E05014087,Plumstead & Glyndon,2,"Asian, Asian British or Asian Welsh: Chinese",2,L3: Higher professional occupations,19
E05014087,Plumstead & Glyndon,2,"Asian, Asian British or Asian Welsh: Chinese",3,"L4, L5 and L6: Lower managerial, administrative and professional occupations",32
E05014087,Plumstead & Glyndon,2,"Asian, Asian British or Asian Welsh: Chinese",4,L7: Intermediate occupations,19
E05014087,Plumstead & Glyndon,2,"Asian, Asian British or Asian Welsh: Chinese",5,L8 and L9: Small employers and own account workers,21
E05014087,Plumstead & Glyndon,2,"Asian, Asian British or Asian Welsh: Chinese",6,L10 and L11: Lower supervisory and technical occupations,19
E05014087,Plumstead & Glyndon,2,"Asian, Asian British or Asian Welsh: Chinese",7,L12: Semi-routine occupations,12
E05014087,Plumstead & Glyndon,2,"Asian, Asian British or Asian Welsh: Chinese",8,L13: Routine occupations,20
E05014087,Plumstead & Glyndon,2,"Asian, Asian British or Asian Welsh: Chinese",9,L14.1: Never worked,26
E05014087,Plumstead & Glyndon,2,"Asian, Asian British or Asian Welsh: Chinese",10,L14.2: Long-term unemployed,6
E05014087,Plumstead & Glyndon,2,"Asian, Asian British or Asian Welsh: Chinese",11,L15: Full-time students,20
E05014087,Plumstead & Glyndon,3,"Asian, Asian British or Asian Welsh: Indian",-8,Does not apply,175
E05014087,Plumstead & Glyndon,3,"Asian, Asian British or Asian Welsh: Indian",1,L1 and L2: Large employers and higher managerial and administrative occupations,20
E05014087,Plumstead & Glyndon,3,"Asian, Asian British or Asian Welsh: Indian",2,L3: Higher professional occupations,53
E05014087,Plumstead & Glyndon,3,"Asian, Asian British or Asian Welsh: Indian",3,"L4, L5 and L6: Lower managerial, administrative and professional occupations",145
E05014087,Plumstead & Glyndon,3,"Asian, Asian British or Asian Welsh: Indian",4,L7: Intermediate occupations,110
E05014087,Plumstead & Glyndon,3,"Asian, Asian British or Asian Welsh: Indian",5,L8 and L9: Small employers and own account workers,129
E05014087,Plumstead & Glyndon,3,"Asian, Asian British or Asian Welsh: Indian",6,L10 and L11: Lower supervisory and technical occupations,46
E05014087,Plumstead & Glyndon,3,"Asian, Asian British or Asian Welsh: Indian",7,L12: Semi-routine occupations,119
E05014087,Plumstead & Glyndon,3,"Asian, Asian British or Asian Welsh: Indian",8,L13: Routine occupations,195
E05014087,Plumstead & Glyndon,3,"Asian, Asian British or Asian Welsh: Indian",9,L14.1: Never worked,139
E05014087,Plumstead & Glyndon,3,"Asian, Asian British or Asian Welsh: Indian",10,L14.2: Long-term unemployed,15
E05014087,Plumstead & Glyndon,3,"Asian, Asian British or Asian Welsh: Indian",11,L15: Full-time students,76
E05014087,Plumstead & Glyndon,4,"Asian, Asian British or Asian Welsh: Pakistani",-8,Does not apply,356
E05014087,Plumstead & Glyndon,4,"Asian, Asian British or Asian Welsh: Pakistani",1,L1 and L2: Large employers and higher managerial and administrative occupations,6
E05014087,Plumstead & Glyndon,4,"Asian, Asian British or Asian Welsh: Pakistani",2,L3: Higher professional occupations,29
E05014087,Plumstead & Glyndon,4,"Asian, Asian British or Asian Welsh: Pakistani",3,"L4, L5 and L6: Lower managerial, administrative and professional occupations",73
E05014087,Plumstead & Glyndon,4,"Asian, Asian British or Asian Welsh: Pakistani",4,L7: Intermediate occupations,86
E05014087,Plumstead & Glyndon,4,"Asian, Asian British or Asian Welsh: Pakistani",5,L8 and L9: Small employers and own account workers,104
E05014087,Plumstead & Glyndon,4,"Asian, Asian British or Asian Welsh: Pakistani",6,L10 and L11: Lower supervisory and technical occupations,9
E05014087,Plumstead & Glyndon,4,"Asian, Asian British or Asian Welsh: Pakistani",7,L12: Semi-routine occupations,104
E05014087,Plumstead & Glyndon,4,"Asian, Asian British or Asian Welsh: Pakistani",8,L13: Routine occupations,48
E05014087,Plumstead & Glyndon,4,"Asian, Asian British or Asian Welsh: Pakistani",9,L14.1: Never worked,224
E05014087,Plumstead & Glyndon,4,"Asian, Asian British or Asian Welsh: Pakistani",10,L14.2: Long-term unemployed,17
E05014087,Plumstead & Glyndon,4,"Asian, Asian British or Asian Welsh: Pakistani",11,L15: Full-time students,88
E05014087,Plumstead & Glyndon,5,"Asian, Asian British or Asian Welsh: Other Asian",-8,Does not apply,512
E05014087,Plumstead & Glyndon,5,"Asian, Asian British or Asian Welsh: Other Asian",1,L1 and L2: Large employers and higher managerial and administrative occupations,31
E05014087,Plumstead & Glyndon,5,"Asian, Asian British or Asian Welsh: Other Asian",2,L3: Higher professional occupations,73
E05014087,Plumstead & Glyndon,5,"Asian, Asian British or Asian Welsh: Other Asian",3,"L4, L5 and L6: Lower managerial, administrative and professional occupations",253
E05014087,Plumstead & Glyndon,5,"Asian, Asian British or Asian Welsh: Other Asian",4,L7: Intermediate occupations,157
E05014087,Plumstead & Glyndon,5,"Asian, Asian British or Asian Welsh: Other Asian",5,L8 and L9: Small employers and own account workers,132
E05014087,Plumstead & Glyndon,5,"Asian, Asian British or Asian Welsh: Other Asian",6,L10 and L11: Lower supervisory and technical occupations,213
E05014087,Plumstead & Glyndon,5,"Asian, Asian British or Asian Welsh: Other Asian",7,L12: Semi-routine occupations,493
E05014087,Plumstead & Glyndon,5,"Asian, Asian British or Asian Welsh: Other Asian",8,L13: Routine occupations,453
E05014087,Plumstead & Glyndon,5,"Asian, Asian British or Asian Welsh: Other Asian",9,L14.1: Never worked,508
E05014087,Plumstead & Glyndon,5,"Asian, Asian British or Asian Welsh: Other Asian",10,L14.2: Long-term unemployed,32
E05014087,Plumstead & Glyndon,5,"Asian, Asian British or Asian Welsh: Other Asian",11,L15: Full-time students,201
E05014087,Plumstead & Glyndon,6,"Black, Black British, Black Welsh, Caribbean or African: African",-8,Does not apply,988
E05014087,Plumstead & Glyndon,6,"Black, Black British, Black Welsh, Caribbean or African: African",1,L1 and L2: Large employers and higher managerial and administrative occupations,46
E05014087,Plumstead & Glyndon,6,"Black, Black British, Black Welsh, Caribbean or African: African",2,L3: Higher professional occupations,147
E05014087,Plumstead & Glyndon,6,"Black, Black British, Black Welsh, Caribbean or African: African",3,"L4, L5 and L6: Lower managerial, administrative and professional occupations",473
E05014087,Plumstead & Glyndon,6,"Black, Black British, Black Welsh, Caribbean or African: African",4,L7: Intermediate occupations,269
E05014087,Plumstead & Glyndon,6,"Black, Black British, Black Welsh, Caribbean or African: African",5,L8 and L9: Small employers and own account workers,219
E05014087,Plumstead & Glyndon,6,"Black, Black British, Black Welsh, Caribbean or African: African",6,L10 and L11: Lower supervisory and technical occupations,128
E05014087,Plumstead & Glyndon,6,"Black, Black British, Black Welsh, Caribbean or African: African",7,L12: Semi-routine occupations,552
E05014087,Plumstead & Glyndon,6,"Black, Black British, Black Welsh, Caribbean or African: African",8,L13: Routine occupations,288
E05014087,Plumstead & Glyndon,6,"Black, Black British, Black Welsh, Caribbean or African: African",9,L14.1: Never worked,307
E05014087,Plumstead & Glyndon,6,"Black, Black British, Black Welsh, Caribbean or African: African",10,L14.2: Long-term unemployed,97
E05014087,Plumstead & Glyndon,6,"Black, Black British, Black Welsh, Caribbean or African: African",11,L15: Full-time students,581
E05014087,Plumstead & Glyndon,7,"Black, Black British, Black Welsh, Caribbean or African: Caribbean",-8,Does not apply,118
E05014087,Plumstead & Glyndon,7,"Black, Black British, Black Welsh, Caribbean or African: Caribbean",1,L1 and L2: Large employers and higher managerial and administrative occupations,17
E05014087,Plumstead & Glyndon,7,"Black, Black British, Black Welsh, Caribbean or African: Caribbean",2,L3: Higher professional occupations,43
E05014087,Plumstead & Glyndon,7,"Black, Black British, Black Welsh, Caribbean or African: Caribbean",3,"L4, L5 and L6: Lower managerial, administrative and professional occupations",169
E05014087,Plumstead & Glyndon,7,"Black, Black British, Black Welsh, Caribbean or African: Caribbean",4,L7: Intermediate occupations,91
E05014087,Plumstead & Glyndon,7,"Black, Black British, Black Welsh, Caribbean or African: Caribbean",5,L8 and L9: Small employers and own account workers,46
E05014087,Plumstead & Glyndon,7,"Black, Black British, Black Welsh, Caribbean or African: Caribbean",6,L10 and L11: Lower supervisory and technical occupations,43
E05014087,Plumstead & Glyndon,7,"Black, Black British, Black Welsh, Caribbean or African: Caribbean",7,L12: Semi-routine occupations,81
E05014087,Plumstead & Glyndon,7,"Black, Black British, Black Welsh, Caribbean or African: Caribbean",8,L13: Routine occupations,85
E05014087,Plumstead & Glyndon,7,"Black, Black British, Black Welsh, Caribbean or African: Caribbean",9,L14.1: Never worked,48
E05014087,Plumstead & Glyndon,7,"Black, Black British, Black Welsh, Caribbean or African: Caribbean",10,L14.2: Long-term unemployed,23
E05014087,Plumstead & Glyndon,7,"Black, Black British, Black Welsh, Caribbean or African: Caribbean",11,L15: Full-time students,49
E05014087,Plumstead & Glyndon,8,"Black, Black British, Black Welsh, Caribbean or African: Other Black",-8,Does not apply,355
E05014087,Plumstead & Glyndon,8,"Black, Black British, Black Welsh, Caribbean or African: Other Black",1,L1 and L2: Large employers and higher managerial and administrative occupations,4
E05014087,Plumstead & Glyndon,8,"Black, Black British, Black Welsh, Caribbean or African: Other Black",2,L3: Higher professional occupations,12
E05014087,Plumstead & Glyndon,8,"Black, Black British, Black Welsh, Caribbean or African: Other Black",3,"L4, L5 and L6: Lower managerial, administrative and professional occupations",50
E05014087,Plumstead & Glyndon,8,"Black, Black British, Black Welsh, Caribbean or African: Other Black",4,L7: Intermediate occupations,55
E05014087,Plumstead & Glyndon,8,"Black, Black British, Black Welsh, Caribbean or African: Other Black",5,L8 and L9: Small employers and own account workers,14
E05014087,Plumstead & Glyndon,8,"Black, Black British, Black Welsh, Caribbean or African: Other Black",6,L10 and L11: Lower supervisory and technical occupations,14
E05014087,Plumstead & Glyndon,8,"Black, Black British, Black Welsh, Caribbean or African: Other Black",7,L12: Semi-routine occupations,35
E05014087,Plumstead & Glyndon,8,"Black, Black British, Black Welsh, Caribbean or African: Other Black",8,L13: Routine occupations,27
E05014087,Plumstead & Glyndon,8,"Black, Black British, Black Welsh, Caribbean or African: Other Black",9,L14.1: Never worked,30
E05014087,Plumstead & Glyndon,8,"Black, Black British, Black Welsh, Caribbean or African: Other Black",10,L14.2: Long-term unemployed,7
E05014087,Plumstead & Glyndon,8,"Black, Black British, Black Welsh, Caribbean or African: Other Black",11,L15: Full-time students,72
E05014087,Plumstead & Glyndon,9,Mixed or Multiple ethnic groups: White and Asian,-8,Does not apply,76
E05014087,Plumstead & Glyndon,9,Mixed or Multiple ethnic groups: White and Asian,1,L1 and L2: Large employers and higher managerial and administrative occupations,4
E05014087,Plumstead & Glyndon,9,Mixed or Multiple ethnic groups: White and Asian,2,L3: Higher professional occupations,14
E05014087,Plumstead & Glyndon,9,Mixed or Multiple ethnic groups: White and Asian,3,"L4, L5 and L6: Lower managerial, administrative and professional occupations",22
E05014087,Plumstead & Glyndon,9,Mixed or Multiple ethnic groups: White and Asian,4,L7: Intermediate occupations,13
E05014087,Plumstead & Glyndon,9,Mixed or Multiple ethnic groups: White and Asian,5,L8 and L9: Small employers and own account workers,3
E05014087,Plumstead & Glyndon,9,Mixed or Multiple ethnic groups: White and Asian,6,L10 and L11: Lower supervisory and technical occupations,2
E05014087,Plumstead & Glyndon,9,Mixed or Multiple ethnic groups: White and Asian,7,L12: Semi-routine occupations,8
E05014087,Plumstead & Glyndon,9,Mixed or Multiple ethnic groups: White and Asian,8,L13: Routine occupations,4
E05014087,Plumstead & Glyndon,9,Mixed or Multiple ethnic groups: White and Asian,9,L14.1: Never worked,7
E05014087,Plumstead & Glyndon,9,Mixed or Multiple ethnic groups: White and Asian,10,L14.2: Long-term unemployed,0
E05014087,Plumstead & Glyndon,9,Mixed or Multiple ethnic groups: White and Asian,11,L15: Full-time students,10
E05014087,Plumstead & Glyndon,10,Mixed or Multiple ethnic groups: White and Black African,-8,Does not apply,127
E05014087,Plumstead & Glyndon,10,Mixed or Multiple ethnic groups: White and Black African,1,L1 and L2: Large employers and higher managerial and administrative occupations,1
E05014087,Plumstead & Glyndon,10,Mixed or Multiple ethnic groups: White and Black African,2,L3: Higher professional occupations,5
E05014087,Plumstead & Glyndon,10,Mixed or Multiple ethnic groups: White and Black African,3,"L4, L5 and L6: Lower managerial, administrative and professional occupations",24
E05014087,Plumstead & Glyndon,10,Mixed or Multiple ethnic groups: White and Black African,4,L7: Intermediate occupations,9
E05014087,Plumstead & Glyndon,10,Mixed or Multiple ethnic groups: White and Black African,5,L8 and L9: Small employers and own account workers,14
E05014087,Plumstead & Glyndon,10,Mixed or Multiple ethnic groups: White and Black African,6,L10 and L11: Lower supervisory and technical occupations,9
E05014087,Plumstead & Glyndon,10,Mixed or Multiple ethnic groups: White and Black African,7,L12: Semi-routine occupations,10
E05014087,Plumstead & Glyndon,10,Mixed or Multiple ethnic groups: White and Black African,8,L13: Routine occupations,11
E05014087,Plumstead & Glyndon,10,Mixed or Multiple ethnic groups: White and Black African,9,L14.1: Never worked,9
E05014087,Plumstead & Glyndon,10,Mixed or Multiple ethnic groups: White and Black African,10,L14.2: Long-term unemployed,4
E05014087,Plumstead & Glyndon,10,Mixed or Multiple ethnic groups: White and Black African,11,L15: Full-time students,28
E05014087,Plumstead & Glyndon,11,Mixed or Multiple ethnic groups: White and Black Caribbean,-8,Does not apply,136
E05014087,Plumstead & Glyndon,11,Mixed or Multiple ethnic groups: White and Black Caribbean,1,L1 and L2: Large employers and higher managerial and administrative occupations,5
E05014087,Plumstead & Glyndon,11,Mixed or Multiple ethnic groups: White and Black Caribbean,2,L3: Higher professional occupations,7
E05014087,Plumstead & Glyndon,11,Mixed or Multiple ethnic groups: White and Black Caribbean,3,"L4, L5 and L6: Lower managerial, administrative and professional occupations",33
E05014087,Plumstead & Glyndon,11,Mixed or Multiple ethnic groups: White and Black Caribbean,4,L7: Intermediate occupations,12
E05014087,Plumstead & Glyndon,11,Mixed or Multiple ethnic groups: White and Black Caribbean,5,L8 and L9: Small employers and own account workers,15
E05014087,Plumstead & Glyndon,11,Mixed or Multiple ethnic groups: White and Black Caribbean,6,L10 and L11: Lower supervisory and technical occupations,7
E05014087,Plumstead & Glyndon,11,Mixed or Multiple ethnic groups: White and Black Caribbean,7,L12: Semi-routine occupations,26
E05014087,Plumstead & Glyndon,11,Mixed or Multiple ethnic groups: White and Black Caribbean,8,L13: Routine occupations,20
E05014087,Plumstead & Glyndon,11,Mixed or Multiple ethnic groups: White and Black Caribbean,9,L14.1: Never worked,17
E05014087,Plumstead & Glyndon,11,Mixed or Multiple ethnic groups: White and Black Caribbean,10,L14.2: Long-term unemployed,5
E05014087,Plumstead & Glyndon,11,Mixed or Multiple ethnic groups: White and Black Caribbean,11,L15: Full-time students,36
E05014087,Plumstead & Glyndon,12,Mixed or Multiple ethnic groups: Other Mixed or Multiple ethnic groups,-8,Does not apply,139
E05014087,Plumstead & Glyndon,12,Mixed or Multiple ethnic groups: Other Mixed or Multiple ethnic groups,1,L1 and L2: Large employers and higher managerial and administrative occupations,5
E05014087,Plumstead & Glyndon,12,Mixed or Multiple ethnic groups: Other Mixed or Multiple ethnic groups,2,L3: Higher professional occupations,17
E05014087,Plumstead & Glyndon,12,Mixed or Multiple ethnic groups: Other Mixed or Multiple ethnic groups,3,"L4, L5 and L6: Lower managerial, administrative and professional occupations",28
E05014087,Plumstead & Glyndon,12,Mixed or Multiple ethnic groups: Other Mixed or Multiple ethnic groups,4,L7: Intermediate occupations,23
E05014087,Plumstead & Glyndon,12,Mixed or Multiple ethnic groups: Other Mixed or Multiple ethnic groups,5,L8 and L9: Small employers and own account workers,17
E05014087,Plumstead & Glyndon,12,Mixed or Multiple ethnic groups: Other Mixed or Multiple ethnic groups,6,L10 and L11: Lower supervisory and technical occupations,7
E05014087,Plumstead & Glyndon,12,Mixed or Multiple ethnic groups: Other Mixed or Multiple ethnic groups,7,L12: Semi-routine occupations,23
E05014087,Plumstead & Glyndon,12,Mixed or Multiple ethnic groups: Other Mixed or Multiple ethnic groups,8,L13: Routine occupations,19
E05014087,Plumstead & Glyndon,12,Mixed or Multiple ethnic groups: Other Mixed or Multiple ethnic groups,9,L14.1: Never worked,23
E05014087,Plumstead & Glyndon,12,Mixed or Multiple ethnic groups: Other Mixed or Multiple ethnic groups,10,L14.2: Long-term unemployed,3
E05014087,Plumstead & Glyndon,12,Mixed or Multiple ethnic groups: Other Mixed or Multiple ethnic groups,11,L15: Full-time students,22
E05014087,Plumstead & Glyndon,13,"White: English, Welsh, Scottish, Northern Irish or British",-8,Does not apply,864
E05014087,Plumstead & Glyndon,13,"White: English, Welsh, Scottish, Northern Irish or British",1,L1 and L2: Large employers and higher managerial and administrative occupations,120
E05014087,Plumstead & Glyndon,13,"White: English, Welsh, Scottish, Northern Irish or British",2,L3: Higher professional occupations,290
E05014087,Plumstead & Glyndon,13,"White: English, Welsh, Scottish, Northern Irish or British",3,"L4, L5 and L6: Lower managerial, administrative and professional occupations",780
E05014087,Plumstead & Glyndon,13,"White: English, Welsh, Scottish, Northern Irish or British",4,L7: Intermediate occupations,478
E05014087,Plumstead & Glyndon,13,"White: English, Welsh, Scottish, Northern Irish or British",5,L8 and L9: Small employers and own account workers,395
E05014087,Plumstead & Glyndon,13,"White: English, Welsh, Scottish, Northern Irish or British",6,L10 and L11: Lower supervisory and technical occupations,200
E05014087,Plumstead & Glyndon,13,"White: English, Welsh, Scottish, Northern Irish or British",7,L12: Semi-routine occupations,565
E05014087,Plumstead & Glyndon,13,"White: English, Welsh, Scottish, Northern Irish or British",8,L13: Routine occupations,575
E05014087,Plumstead & Glyndon,13,"White: English, Welsh, Scottish, Northern Irish or British",9,L14.1: Never worked,540
E05014087,Plumstead & Glyndon,13,"White: English, Welsh, Scottish, Northern Irish or British",10,L14.2: Long-term unemployed,89
E05014087,Plumstead & Glyndon,13,"White: English, Welsh, Scottish, Northern Irish or British",11,L15: Full-time students,203
E05014087,Plumstead & Glyndon,14,White: Irish,-8,Does not apply,3
E05014087,Plumstead & Glyndon,14,White: Irish,1,L1 and L2: Large employers and higher managerial and administrative occupations,20
E05014087,Plumstead & Glyndon,14,White: Irish,2,L3: Higher professional occupations,28
E05014087,Plumstead & Glyndon,14,White: Irish,3,"L4, L5 and L6: Lower managerial, administrative and professional occupations",49
E05014087,Plumstead & Glyndon,14,White: Irish,4,L7: Intermediate occupations,29
E05014087,Plumstead & Glyndon,14,White: Irish,5,L8 and L9: Small employers and own account workers,17
E05014087,Plumstead & Glyndon,14,White: Irish,6,L10 and L11: Lower supervisory and technical occupations,12
E05014087,Plumstead & Glyndon,14,White: Irish,7,L12: Semi-routine occupations,19
E05014087,Plumstead & Glyndon,14,White: Irish,8,L13: Routine occupations,11
E05014087,Plumstead & Glyndon,14,White: Irish,9,L14.1: Never worked,21
E05014087,Plumstead & Glyndon,14,White: Irish,10,L14.2: Long-term unemployed,2
E05014087,Plumstead & Glyndon,14,White: Irish,11,L15: Full-time students,5
E05014087,Plumstead & Glyndon,15,White: Gypsy or Irish Traveller,-8,Does not apply,25
E05014087,Plumstead & Glyndon,15,White: Gypsy or Irish Traveller,1,L1 and L2: Large employers and higher managerial and administrative occupations,1
E05014087,Plumstead & Glyndon,15,White: Gypsy or Irish Traveller,2,L3: Higher professional occupations,0
E05014087,Plumstead & Glyndon,15,White: Gypsy or Irish Traveller,3,"L4, L5 and L6: Lower managerial, administrative and professional occupations",3
E05014087,Plumstead & Glyndon,15,White: Gypsy or Irish Traveller,4,L7: Intermediate occupations,0
E05014087,Plumstead & Glyndon,15,White: Gypsy or Irish Traveller,5,L8 and L9: Small employers and own account workers,8
E05014087,Plumstead & Glyndon,15,White: Gypsy or Irish Traveller,6,L10 and L11: Lower supervisory and technical occupations,2
E05014087,Plumstead & Glyndon,15,White: Gypsy or Irish Traveller,7,L12: Semi-routine occupations,0
E05014087,Plumstead & Glyndon,15,White: Gypsy or Irish Traveller,8,L13: Routine occupations,5
E05014087,Plumstead & Glyndon,15,White: Gypsy or Irish Traveller,9,L14.1: Never worked,5
E05014087,Plumstead & Glyndon,15,White: Gypsy or Irish Traveller,10,L14.2: Long-term unemployed,2
E05014087,Plumstead & Glyndon,15,White: Gypsy or Irish Traveller,11,L15: Full-time students,1
E05014087,Plumstead & Glyndon,16,White: Roma,-8,Does not apply,21
E05014087,Plumstead & Glyndon,16,White: Roma,1,L1 and L2: Large employers and higher managerial and administrative occupations,0
E05014087,Plumstead & Glyndon,16,White: Roma,2,L3: Higher professional occupations,6
E05014087,Plumstead & Glyndon,16,White: Roma,3,"L4, L5 and L6: Lower managerial, administrative and professional occupations",5
E05014087,Plumstead & Glyndon,16,White: Roma,4,L7: Intermediate occupations,1
E05014087,Plumstead & Glyndon,16,White: Roma,5,L8 and L9: Small employers and own account workers,8
E05014087,Plumstead & Glyndon,16,White: Roma,6,L10 and L11: Lower supervisory and technical occupations,5
E05014087,Plumstead & Glyndon,16,White: Roma,7,L12: Semi-routine occupations,2
E05014087,Plumstead & Glyndon,16,White: Roma,8,L13: Routine occupations,10
E05014087,Plumstead & Glyndon,16,White: Roma,9,L14.1: Never worked,8
E05014087,Plumstead & Glyndon,16,White: Roma,10,L14.2: Long-term unemployed,1
E05014087,Plumstead & Glyndon,16,White: Roma,11,L15: Full-time students,9
E05014087,Plumstead & Glyndon,17,White: Other White,-8,Does not apply,376
E05014087,Plumstead & Glyndon,17,White: Other White,1,L1 and L2: Large employers and higher managerial and administrative occupations,42
E05014087,Plumstead & Glyndon,17,White: Other White,2,L3: Higher professional occupations,87
E05014087,Plumstead & Glyndon,17,White: Other White,3,"L4, L5 and L6: Lower managerial, administrative and professional occupations",223
E05014087,Plumstead & Glyndon,17,White: Other White,4,L7: Intermediate occupations,109
E05014087,Plumstead & Glyndon,17,White: Other White,5,L8 and L9: Small employers and own account workers,414
E05014087,Plumstead & Glyndon,17,White: Other White,6,L10 and L11: Lower supervisory and technical occupations,79
E05014087,Plumstead & Glyndon,17,White: Other White,7,L12: Semi-routine occupations,141
E05014087,Plumstead & Glyndon,17,White: Other White,8,L13: Routine occupations,258
E05014087,Plumstead & Glyndon,17,White: Other White,9,L14.1: Never worked,97
E05014087,Plumstead & Glyndon,17,White: Other White,10,L14.2: Long-term unemployed,31
E05014087,Plumstead & Glyndon,17,White: Other White,11,L15: Full-time students,232
E05014087,Plumstead & Glyndon,18,Other ethnic group: Arab,-8,Does not apply,20
E05014087,Plumstead & Glyndon,18,Other ethnic group: Arab,1,L1 and L2: Large employers and higher managerial and administrative occupations,5
E05014087,Plumstead & Glyndon,18,Other ethnic group: Arab,2,L3: Higher professional occupations,3
E05014087,Plumstead & Glyndon,18,Other ethnic group: Arab,3,"L4, L5 and L6: Lower managerial, administrative and professional occupations",2
E05014087,Plumstead & Glyndon,18,Other ethnic group: Arab,4,L7: Intermediate occupations,1
E05014087,Plumstead & Glyndon,18,Other ethnic group: Arab,5,L8 and L9: Small employers and own account workers,9
E05014087,Plumstead & Glyndon,18,Other ethnic group: Arab,6,L10 and L11: Lower supervisory and technical occupations,5
E05014087,Plumstead & Glyndon,18,Other ethnic group: Arab,7,L12: Semi-routine occupations,4
E05014087,Plumstead & Glyndon,18,Other ethnic group: Arab,8,L13: Routine occupations,2
E05014087,Plumstead & Glyndon,18,Other ethnic group: Arab,9,L14.1: Never worked,17
E05014087,Plumstead & Glyndon,18,Other ethnic group: Arab,10,L14.2: Long-term unemployed,1
E05014087,Plumstead & Glyndon,18,Other ethnic group: Arab,11,L15: Full-time students,10
E05014087,Plumstead & Glyndon,19,Other ethnic group: Any other ethnic group,-8,Does not apply,278
E05014087,Plumstead & Glyndon,19,Other ethnic group: Any other ethnic group,1,L1 and L2: Large employers and higher managerial and administrative occupations,5
E05014087,Plumstead & Glyndon,19,Other ethnic group: Any other ethnic group,2,L3: Higher professional occupations,27
E05014087,Plumstead & Glyndon,19,Other ethnic group: Any other ethnic group,3,"L4, L5 and L6: Lower managerial, administrative and professional occupations",104
E05014087,Plumstead & Glyndon,19,Other ethnic group: Any other ethnic group,4,L7: Intermediate occupations,56
E05014087,Plumstead & Glyndon,19,Other ethnic group: Any other ethnic group,5,L8 and L9: Small employers and own account workers,132
E05014087,Plumstead & Glyndon,19,Other ethnic group: Any other ethnic group,6,L10 and L11: Lower supervisory and technical occupations,99
E05014087,Plumstead & Glyndon,19,Other ethnic group: Any other ethnic group,7,L12: Semi-routine occupations,224
E05014087,Plumstead & Glyndon,19,Other ethnic group: Any other ethnic group,8,L13: Routine occupations,330
E05014087,Plumstead & Glyndon,19,Other ethnic group: Any other ethnic group,9,L14.1: Never worked,280
E05014087,Plumstead & Glyndon,19,Other ethnic group: Any other ethnic group,10,L14.2: Long-term unemployed,8
E05014087,Plumstead & Glyndon,19,Other ethnic group: Any other ethnic group,11,L15: Full-time students,132
E05014088,Plumstead Common,-8,Does not apply,-8,Does not apply,0
E05014088,Plumstead Common,-8,Does not apply,1,L1 and L2: Large employers and higher managerial and administrative occupations,0
E05014088,Plumstead Common,-8,Does not apply,2,L3: Higher professional occupations,0
E05014088,Plumstead Common,-8,Does not apply,3,"L4, L5 and L6: Lower managerial, administrative and professional occupations",0
E05014088,Plumstead Common,-8,Does not apply,4,L7: Intermediate occupations,0
E05014088,Plumstead Common,-8,Does not apply,5,L8 and L9: Small employers and own account workers,0
E05014088,Plumstead Common,-8,Does not apply,6,L10 and L11: Lower supervisory and technical occupations,0
E05014088,Plumstead Common,-8,Does not apply,7,L12: Semi-routine occupations,0
E05014088,Plumstead Common,-8,Does not apply,8,L13: Routine occupations,0
E05014088,Plumstead Common,-8,Does not apply,9,L14.1: Never worked,0
E05014088,Plumstead Common,-8,Does not apply,10,L14.2: Long-term unemployed,0
E05014088,Plumstead Common,-8,Does not apply,11,L15: Full-time students,0
E05014088,Plumstead Common,1,"Asian, Asian British or Asian Welsh: Bangladeshi",-8,Does not apply,31
E05014088,Plumstead Common,1,"Asian, Asian British or Asian Welsh: Bangladeshi",1,L1 and L2: Large employers and higher managerial and administrative occupations,1
E05014088,Plumstead Common,1,"Asian, Asian British or Asian Welsh: Bangladeshi",2,L3: Higher professional occupations,11
E05014088,Plumstead Common,1,"Asian, Asian British or Asian Welsh: Bangladeshi",3,"L4, L5 and L6: Lower managerial, administrative and professional occupations",13
E05014088,Plumstead Common,1,"Asian, Asian British or Asian Welsh: Bangladeshi",4,L7: Intermediate occupations,16
E05014088,Plumstead Common,1,"Asian, Asian British or Asian Welsh: Bangladeshi",5,L8 and L9: Small employers and own account workers,7
E05014088,Plumstead Common,1,"Asian, Asian British or Asian Welsh: Bangladeshi",6,L10 and L11: Lower supervisory and technical occupations,2
E05014088,Plumstead Common,1,"Asian, Asian British or Asian Welsh: Bangladeshi",7,L12: Semi-routine occupations,9
E05014088,Plumstead Common,1,"Asian, Asian British or Asian Welsh: Bangladeshi",8,L13: Routine occupations,2
E05014088,Plumstead Common,1,"Asian, Asian British or Asian Welsh: Bangladeshi",9,L14.1: Never worked,8
E05014088,Plumstead Common,1,"Asian, Asian British or Asian Welsh: Bangladeshi",10,L14.2: Long-term unemployed,2
E05014088,Plumstead Common,1,"Asian, Asian British or Asian Welsh: Bangladeshi",11,L15: Full-time students,16
E05014088,Plumstead Common,2,"Asian, Asian British or Asian Welsh: Chinese",-8,Does not apply,18
E05014088,Plumstead Common,2,"Asian, Asian British or Asian Welsh: Chinese",1,L1 and L2: Large employers and higher managerial and administrative occupations,4
E05014088,Plumstead Common,2,"Asian, Asian British or Asian Welsh: Chinese",2,L3: Higher professional occupations,21
E05014088,Plumstead Common,2,"Asian, Asian British or Asian Welsh: Chinese",3,"L4, L5 and L6: Lower managerial, administrative and professional occupations",17
E05014088,Plumstead Common,2,"Asian, Asian British or Asian Welsh: Chinese",4,L7: Intermediate occupations,25
E05014088,Plumstead Common,2,"Asian, Asian British or Asian Welsh: Chinese",5,L8 and L9: Small employers and own account workers,11
E05014088,Plumstead Common,2,"Asian, Asian British or Asian Welsh: Chinese",6,L10 and L11: Lower supervisory and technical occupations,10
E05014088,Plumstead Common,2,"Asian, Asian British or Asian Welsh: Chinese",7,L12: Semi-routine occupations,9
E05014088,Plumstead Common,2,"Asian, Asian British or Asian Welsh: Chinese",8,L13: Routine occupations,13
E05014088,Plumstead Common,2,"Asian, Asian British or Asian Welsh: Chinese",9,L14.1: Never worked,21
E05014088,Plumstead Common,2,"Asian, Asian British or Asian Welsh: Chinese",10,L14.2: Long-term unemployed,2
E05014088,Plumstead Common,2,"Asian, Asian British or Asian Welsh: Chinese",11,L15: Full-time students,2
E05014088,Plumstead Common,3,"Asian, Asian British or Asian Welsh: Indian",-8,Does not apply,116
E05014088,Plumstead Common,3,"Asian, Asian British or Asian Welsh: Indian",1,L1 and L2: Large employers and higher managerial and administrative occupations,15
E05014088,Plumstead Common,3,"Asian, Asian British or Asian Welsh: Indian",2,L3: Higher professional occupations,43
E05014088,Plumstead Common,3,"Asian, Asian British or Asian Welsh: Indian",3,"L4, L5 and L6: Lower managerial, administrative and professional occupations",110
E05014088,Plumstead Common,3,"Asian, Asian British or Asian Welsh: Indian",4,L7: Intermediate occupations,67
E05014088,Plumstead Common,3,"Asian, Asian British or Asian Welsh: Indian",5,L8 and L9: Small employers and own account workers,96
E05014088,Plumstead Common,3,"Asian, Asian British or Asian Welsh: Indian",6,L10 and L11: Lower supervisory and technical occupations,27
E05014088,Plumstead Common,3,"Asian, Asian British or Asian Welsh: Indian",7,L12: Semi-routine occupations,69
E05014088,Plumstead Common,3,"Asian, Asian British or Asian Welsh: Indian",8,L13: Routine occupations,72
E05014088,Plumstead Common,3,"Asian, Asian British or Asian Welsh: Indian",9,L14.1: Never worked,69
E05014088,Plumstead Common,3,"Asian, Asian British or Asian Welsh: Indian",10,L14.2: Long-term unemployed,12
E05014088,Plumstead Common,3,"Asian, Asian British or Asian Welsh: Indian",11,L15: Full-time students,31
E05014088,Plumstead Common,4,"Asian, Asian British or Asian Welsh: Pakistani",-8,Does not apply,85
E05014088,Plumstead Common,4,"Asian, Asian British or Asian Welsh: Pakistani",1,L1 and L2: Large employers and higher managerial and administrative occupations,2
E05014088,Plumstead Common,4,"Asian, Asian British or Asian Welsh: Pakistani",2,L3: Higher professional occupations,32
E05014088,Plumstead Common,4,"Asian, Asian British or Asian Welsh: Pakistani",3,"L4, L5 and L6: Lower managerial, administrative and professional occupations",28
E05014088,Plumstead Common,4,"Asian, Asian British or Asian Welsh: Pakistani",4,L7: Intermediate occupations,27
E05014088,Plumstead Common,4,"Asian, Asian British or Asian Welsh: Pakistani",5,L8 and L9: Small employers and own account workers,21
E05014088,Plumstead Common,4,"Asian, Asian British or Asian Welsh: Pakistani",6,L10 and L11: Lower supervisory and technical occupations,9
E05014088,Plumstead Common,4,"Asian, Asian British or Asian Welsh: Pakistani",7,L12: Semi-routine occupations,24
E05014088,Plumstead Common,4,"Asian, Asian British or Asian Welsh: Pakistani",8,L13: Routine occupations,12
E05014088,Plumstead Common,4,"Asian, Asian British or Asian Welsh: Pakistani",9,L14.1: Never worked,33
E05014088,Plumstead Common,4,"Asian, Asian British or Asian Welsh: Pakistani",10,L14.2: Long-term unemployed,5
E05014088,Plumstead Common,4,"Asian, Asian British or Asian Welsh: Pakistani",11,L15: Full-time students,24
E05014088,Plumstead Common,5,"Asian, Asian British or Asian Welsh: Other Asian",-8,Does not apply,237
E05014088,Plumstead Common,5,"Asian, Asian British or Asian Welsh: Other Asian",1,L1 and L2: Large employers and higher managerial and administrative occupations,14
E05014088,Plumstead Common,5,"Asian, Asian British or Asian Welsh: Other Asian",2,L3: Higher professional occupations,36
E05014088,Plumstead Common,5,"Asian, Asian British or Asian Welsh: Other Asian",3,"L4, L5 and L6: Lower managerial, administrative and professional occupations",98
E05014088,Plumstead Common,5,"Asian, Asian British or Asian Welsh: Other Asian",4,L7: Intermediate occupations,58
E05014088,Plumstead Common,5,"Asian, Asian British or Asian Welsh: Other Asian",5,L8 and L9: Small employers and own account workers,70
E05014088,Plumstead Common,5,"Asian, Asian British or Asian Welsh: Other Asian",6,L10 and L11: Lower supervisory and technical occupations,49
E05014088,Plumstead Common,5,"Asian, Asian British or Asian Welsh: Other Asian",7,L12: Semi-routine occupations,133
E05014088,Plumstead Common,5,"Asian, Asian British or Asian Welsh: Other Asian",8,L13: Routine occupations,82
E05014088,Plumstead Common,5,"Asian, Asian British or Asian Welsh: Other Asian",9,L14.1: Never worked,99
E05014088,Plumstead Common,5,"Asian, Asian British or Asian Welsh: Other Asian",10,L14.2: Long-term unemployed,14
E05014088,Plumstead Common,5,"Asian, Asian British or Asian Welsh: Other Asian",11,L15: Full-time students,72
E05014088,Plumstead Common,6,"Black, Black British, Black Welsh, Caribbean or African: African",-8,Does not apply,501
E05014088,Plumstead Common,6,"Black, Black British, Black Welsh, Caribbean or African: African",1,L1 and L2: Large employers and higher managerial and administrative occupations,27
E05014088,Plumstead Common,6,"Black, Black British, Black Welsh, Caribbean or African: African",2,L3: Higher professional occupations,116
E05014088,Plumstead Common,6,"Black, Black British, Black Welsh, Caribbean or African: African",3,"L4, L5 and L6: Lower managerial, administrative and professional occupations",360
E05014088,Plumstead Common,6,"Black, Black British, Black Welsh, Caribbean or African: African",4,L7: Intermediate occupations,147
E05014088,Plumstead Common,6,"Black, Black British, Black Welsh, Caribbean or African: African",5,L8 and L9: Small employers and own account workers,130
E05014088,Plumstead Common,6,"Black, Black British, Black Welsh, Caribbean or African: African",6,L10 and L11: Lower supervisory and technical occupations,49
E05014088,Plumstead Common,6,"Black, Black British, Black Welsh, Caribbean or African: African",7,L12: Semi-routine occupations,226
E05014088,Plumstead Common,6,"Black, Black British, Black Welsh, Caribbean or African: African",8,L13: Routine occupations,124
E05014088,Plumstead Common,6,"Black, Black British, Black Welsh, Caribbean or African: African",9,L14.1: Never worked,96
E05014088,Plumstead Common,6,"Black, Black British, Black Welsh, Caribbean or African: African",10,L14.2: Long-term unemployed,38
E05014088,Plumstead Common,6,"Black, Black British, Black Welsh, Caribbean or African: African",11,L15: Full-time students,257
E05014088,Plumstead Common,7,"Black, Black British, Black Welsh, Caribbean or African: Caribbean",-8,Does not apply,81
E05014088,Plumstead Common,7,"Black, Black British, Black Welsh, Caribbean or African: Caribbean",1,L1 and L2: Large employers and higher managerial and administrative occupations,20
E05014088,Plumstead Common,7,"Black, Black British, Black Welsh, Caribbean or African: Caribbean",2,L3: Higher professional occupations,41
E05014088,Plumstead Common,7,"Black, Black British, Black Welsh, Caribbean or African: Caribbean",3,"L4, L5 and L6: Lower managerial, administrative and professional occupations",134
E05014088,Plumstead Common,7,"Black, Black British, Black Welsh, Caribbean or African: Caribbean",4,L7: Intermediate occupations,77
E05014088,Plumstead Common,7,"Black, Black British, Black Welsh, Caribbean or African: Caribbean",5,L8 and L9: Small employers and own account workers,39
E05014088,Plumstead Common,7,"Black, Black British, Black Welsh, Caribbean or African: Caribbean",6,L10 and L11: Lower supervisory and technical occupations,25
E05014088,Plumstead Common,7,"Black, Black British, Black Welsh, Caribbean or African: Caribbean",7,L12: Semi-routine occupations,83
E05014088,Plumstead Common,7,"Black, Black British, Black Welsh, Caribbean or African: Caribbean",8,L13: Routine occupations,58
E05014088,Plumstead Common,7,"Black, Black British, Black Welsh, Caribbean or African: Caribbean",9,L14.1: Never worked,37
E05014088,Plumstead Common,7,"Black, Black British, Black Welsh, Caribbean or African: Caribbean",10,L14.2: Long-term unemployed,13
E05014088,Plumstead Common,7,"Black, Black British, Black Welsh, Caribbean or African: Caribbean",11,L15: Full-time students,35
E05014088,Plumstead Common,8,"Black, Black British, Black Welsh, Caribbean or African: Other Black",-8,Does not apply,235
E05014088,Plumstead Common,8,"Black, Black British, Black Welsh, Caribbean or African: Other Black",1,L1 and L2: Large employers and higher managerial and administrative occupations,4
E05014088,Plumstead Common,8,"Black, Black British, Black Welsh, Caribbean or African: Other Black",2,L3: Higher professional occupations,15
E05014088,Plumstead Common,8,"Black, Black British, Black Welsh, Caribbean or African: Other Black",3,"L4, L5 and L6: Lower managerial, administrative and professional occupations",61
E05014088,Plumstead Common,8,"Black, Black British, Black Welsh, Caribbean or African: Other Black",4,L7: Intermediate occupations,17
E05014088,Plumstead Common,8,"Black, Black British, Black Welsh, Caribbean or African: Other Black",5,L8 and L9: Small employers and own account workers,7
E05014088,Plumstead Common,8,"Black, Black British, Black Welsh, Caribbean or African: Other Black",6,L10 and L11: Lower supervisory and technical occupations,10
E05014088,Plumstead Common,8,"Black, Black British, Black Welsh, Caribbean or African: Other Black",7,L12: Semi-routine occupations,11
E05014088,Plumstead Common,8,"Black, Black British, Black Welsh, Caribbean or African: Other Black",8,L13: Routine occupations,13
E05014088,Plumstead Common,8,"Black, Black British, Black Welsh, Caribbean or African: Other Black",9,L14.1: Never worked,23
E05014088,Plumstead Common,8,"Black, Black British, Black Welsh, Caribbean or African: Other Black",10,L14.2: Long-term unemployed,11
E05014088,Plumstead Common,8,"Black, Black British, Black Welsh, Caribbean or African: Other Black",11,L15: Full-time students,35
E05014088,Plumstead Common,9,Mixed or Multiple ethnic groups: White and Asian,-8,Does not apply,113
E05014088,Plumstead Common,9,Mixed or Multiple ethnic groups: White and Asian,1,L1 and L2: Large employers and higher managerial and administrative occupations,3
E05014088,Plumstead Common,9,Mixed or Multiple ethnic groups: White and Asian,2,L3: Higher professional occupations,7
E05014088,Plumstead Common,9,Mixed or Multiple ethnic groups: White and Asian,3,"L4, L5 and L6: Lower managerial, administrative and professional occupations",23
E05014088,Plumstead Common,9,Mixed or Multiple ethnic groups: White and Asian,4,L7: Intermediate occupations,4
E05014088,Plumstead Common,9,Mixed or Multiple ethnic groups: White and Asian,5,L8 and L9: Small employers and own account workers,9
E05014088,Plumstead Common,9,Mixed or Multiple ethnic groups: White and Asian,6,L10 and L11: Lower supervisory and technical occupations,4
E05014088,Plumstead Common,9,Mixed or Multiple ethnic groups: White and Asian,7,L12: Semi-routine occupations,8
E05014088,Plumstead Common,9,Mixed or Multiple ethnic groups: White and Asian,8,L13: Routine occupations,2
E05014088,Plumstead Common,9,Mixed or Multiple ethnic groups: White and Asian,9,L14.1: Never worked,6
E05014088,Plumstead Common,9,Mixed or Multiple ethnic groups: White and Asian,10,L14.2: Long-term unemployed,4
E05014088,Plumstead Common,9,Mixed or Multiple ethnic groups: White and Asian,11,L15: Full-time students,15
E05014088,Plumstead Common,10,Mixed or Multiple ethnic groups: White and Black African,-8,Does not apply,100
E05014088,Plumstead Common,10,Mixed or Multiple ethnic groups: White and Black African,1,L1 and L2: Large employers and higher managerial and administrative occupations,0
E05014088,Plumstead Common,10,Mixed or Multiple ethnic groups: White and Black African,2,L3: Higher professional occupations,11
E05014088,Plumstead Common,10,Mixed or Multiple ethnic groups: White and Black African,3,"L4, L5 and L6: Lower managerial, administrative and professional occupations",10
E05014088,Plumstead Common,10,Mixed or Multiple ethnic groups: White and Black African,4,L7: Intermediate occupations,6
E05014088,Plumstead Common,10,Mixed or Multiple ethnic groups: White and Black African,5,L8 and L9: Small employers and own account workers,6
E05014088,Plumstead Common,10,Mixed or Multiple ethnic groups: White and Black African,6,L10 and L11: Lower supervisory and technical occupations,7
E05014088,Plumstead Common,10,Mixed or Multiple ethnic groups: White and Black African,7,L12: Semi-routine occupations,7
E05014088,Plumstead Common,10,Mixed or Multiple ethnic groups: White and Black African,8,L13: Routine occupations,10
E05014088,Plumstead Common,10,Mixed or Multiple ethnic groups: White and Black African,9,L14.1: Never worked,5
E05014088,Plumstead Common,10,Mixed or Multiple ethnic groups: White and Black African,10,L14.2: Long-term unemployed,2
E05014088,Plumstead Common,10,Mixed or Multiple ethnic groups: White and Black African,11,L15: Full-time students,13
E05014088,Plumstead Common,11,Mixed or Multiple ethnic groups: White and Black Caribbean,-8,Does not apply,173
E05014088,Plumstead Common,11,Mixed or Multiple ethnic groups: White and Black Caribbean,1,L1 and L2: Large employers and higher managerial and administrative occupations,5
E05014088,Plumstead Common,11,Mixed or Multiple ethnic groups: White and Black Caribbean,2,L3: Higher professional occupations,12
E05014088,Plumstead Common,11,Mixed or Multiple ethnic groups: White and Black Caribbean,3,"L4, L5 and L6: Lower managerial, administrative and professional occupations",30
E05014088,Plumstead Common,11,Mixed or Multiple ethnic groups: White and Black Caribbean,4,L7: Intermediate occupations,30
E05014088,Plumstead Common,11,Mixed or Multiple ethnic groups: White and Black Caribbean,5,L8 and L9: Small employers and own account workers,13
E05014088,Plumstead Common,11,Mixed or Multiple ethnic groups: White and Black Caribbean,6,L10 and L11: Lower supervisory and technical occupations,9
E05014088,Plumstead Common,11,Mixed or Multiple ethnic groups: White and Black Caribbean,7,L12: Semi-routine occupations,26
E05014088,Plumstead Common,11,Mixed or Multiple ethnic groups: White and Black Caribbean,8,L13: Routine occupations,15
E05014088,Plumstead Common,11,Mixed or Multiple ethnic groups: White and Black Caribbean,9,L14.1: Never worked,14
E05014088,Plumstead Common,11,Mixed or Multiple ethnic groups: White and Black Caribbean,10,L14.2: Long-term unemployed,5
E05014088,Plumstead Common,11,Mixed or Multiple ethnic groups: White and Black Caribbean,11,L15: Full-time students,33
E05014088,Plumstead Common,12,Mixed or Multiple ethnic groups: Other Mixed or Multiple ethnic groups,-8,Does not apply,103
E05014088,Plumstead Common,12,Mixed or Multiple ethnic groups: Other Mixed or Multiple ethnic groups,1,L1 and L2: Large employers and higher managerial and administrative occupations,4
E05014088,Plumstead Common,12,Mixed or Multiple ethnic groups: Other Mixed or Multiple ethnic groups,2,L3: Higher professional occupations,12
E05014088,Plumstead Common,12,Mixed or Multiple ethnic groups: Other Mixed or Multiple ethnic groups,3,"L4, L5 and L6: Lower managerial, administrative and professional occupations",37
E05014088,Plumstead Common,12,Mixed or Multiple ethnic groups: Other Mixed or Multiple ethnic groups,4,L7: Intermediate occupations,24
E05014088,Plumstead Common,12,Mixed or Multiple ethnic groups: Other Mixed or Multiple ethnic groups,5,L8 and L9: Small employers and own account workers,10
E05014088,Plumstead Common,12,Mixed or Multiple ethnic groups: Other Mixed or Multiple ethnic groups,6,L10 and L11: Lower supervisory and technical occupations,3
E05014088,Plumstead Common,12,Mixed or Multiple ethnic groups: Other Mixed or Multiple ethnic groups,7,L12: Semi-routine occupations,8
E05014088,Plumstead Common,12,Mixed or Multiple ethnic groups: Other Mixed or Multiple ethnic groups,8,L13: Routine occupations,9
E05014088,Plumstead Common,12,Mixed or Multiple ethnic groups: Other Mixed or Multiple ethnic groups,9,L14.1: Never worked,9
E05014088,Plumstead Common,12,Mixed or Multiple ethnic groups: Other Mixed or Multiple ethnic groups,10,L14.2: Long-term unemployed,1
E05014088,Plumstead Common,12,Mixed or Multiple ethnic groups: Other Mixed or Multiple ethnic groups,11,L15: Full-time students,19
E05014088,Plumstead Common,13,"White: English, Welsh, Scottish, Northern Irish or British",-8,Does not apply,1002
E05014088,Plumstead Common,13,"White: English, Welsh, Scottish, Northern Irish or British",1,L1 and L2: Large employers and higher managerial and administrative occupations,215
E05014088,Plumstead Common,13,"White: English, Welsh, Scottish, Northern Irish or British",2,L3: Higher professional occupations,429
E05014088,Plumstead Common,13,"White: English, Welsh, Scottish, Northern Irish or British",3,"L4, L5 and L6: Lower managerial, administrative and professional occupations",1094
E05014088,Plumstead Common,13,"White: English, Welsh, Scottish, Northern Irish or British",4,L7: Intermediate occupations,777
E05014088,Plumstead Common,13,"White: English, Welsh, Scottish, Northern Irish or British",5,L8 and L9: Small employers and own account workers,522
E05014088,Plumstead Common,13,"White: English, Welsh, Scottish, Northern Irish or British",6,L10 and L11: Lower supervisory and technical occupations,298
E05014088,Plumstead Common,13,"White: English, Welsh, Scottish, Northern Irish or British",7,L12: Semi-routine occupations,709
E05014088,Plumstead Common,13,"White: English, Welsh, Scottish, Northern Irish or British",8,L13: Routine occupations,670
E05014088,Plumstead Common,13,"White: English, Welsh, Scottish, Northern Irish or British",9,L14.1: Never worked,483
E05014088,Plumstead Common,13,"White: English, Welsh, Scottish, Northern Irish or British",10,L14.2: Long-term unemployed,77
E05014088,Plumstead Common,13,"White: English, Welsh, Scottish, Northern Irish or British",11,L15: Full-time students,245
E05014088,Plumstead Common,14,White: Irish,-8,Does not apply,2
E05014088,Plumstead Common,14,White: Irish,1,L1 and L2: Large employers and higher managerial and administrative occupations,13
E05014088,Plumstead Common,14,White: Irish,2,L3: Higher professional occupations,21
E05014088,Plumstead Common,14,White: Irish,3,"L4, L5 and L6: Lower managerial, administrative and professional occupations",45
E05014088,Plumstead Common,14,White: Irish,4,L7: Intermediate occupations,14
E05014088,Plumstead Common,14,White: Irish,5,L8 and L9: Small employers and own account workers,20
E05014088,Plumstead Common,14,White: Irish,6,L10 and L11: Lower supervisory and technical occupations,9
E05014088,Plumstead Common,14,White: Irish,7,L12: Semi-routine occupations,18
E05014088,Plumstead Common,14,White: Irish,8,L13: Routine occupations,27
E05014088,Plumstead Common,14,White: Irish,9,L14.1: Never worked,14
E05014088,Plumstead Common,14,White: Irish,10,L14.2: Long-term unemployed,3
E05014088,Plumstead Common,14,White: Irish,11,L15: Full-time students,5
E05014088,Plumstead Common,15,White: Gypsy or Irish Traveller,-8,Does not apply,3
E05014088,Plumstead Common,15,White: Gypsy or Irish Traveller,1,L1 and L2: Large employers and higher managerial and administrative occupations,0
E05014088,Plumstead Common,15,White: Gypsy or Irish Traveller,2,L3: Higher professional occupations,0
E05014088,Plumstead Common,15,White: Gypsy or Irish Traveller,3,"L4, L5 and L6: Lower managerial, administrative and professional occupations",2
E05014088,Plumstead Common,15,White: Gypsy or Irish Traveller,4,L7: Intermediate occupations,1
E05014088,Plumstead Common,15,White: Gypsy or Irish Traveller,5,L8 and L9: Small employers and own account workers,3
E05014088,Plumstead Common,15,White: Gypsy or Irish Traveller,6,L10 and L11: Lower supervisory and technical occupations,0
E05014088,Plumstead Common,15,White: Gypsy or Irish Traveller,7,L12: Semi-routine occupations,1
E05014088,Plumstead Common,15,White: Gypsy or Irish Traveller,8,L13: Routine occupations,1
E05014088,Plumstead Common,15,White: Gypsy or Irish Traveller,9,L14.1: Never worked,2
E05014088,Plumstead Common,15,White: Gypsy or Irish Traveller,10,L14.2: Long-term unemployed,0
E05014088,Plumstead Common,15,White: Gypsy or Irish Traveller,11,L15: Full-time students,2
E05014088,Plumstead Common,16,White: Roma,-8,Does not apply,0
E05014088,Plumstead Common,16,White: Roma,1,L1 and L2: Large employers and higher managerial and administrative occupations,2
E05014088,Plumstead Common,16,White: Roma,2,L3: Higher professional occupations,0
E05014088,Plumstead Common,16,White: Roma,3,"L4, L5 and L6: Lower managerial, administrative and professional occupations",2
E05014088,Plumstead Common,16,White: Roma,4,L7: Intermediate occupations,1
E05014088,Plumstead Common,16,White: Roma,5,L8 and L9: Small employers and own account workers,3
E05014088,Plumstead Common,16,White: Roma,6,L10 and L11: Lower supervisory and technical occupations,3
E05014088,Plumstead Common,16,White: Roma,7,L12: Semi-routine occupations,1
E05014088,Plumstead Common,16,White: Roma,8,L13: Routine occupations,7
E05014088,Plumstead Common,16,White: Roma,9,L14.1: Never worked,0
E05014088,Plumstead Common,16,White: Roma,10,L14.2: Long-term unemployed,0
E05014088,Plumstead Common,16,White: Roma,11,L15: Full-time students,1
E05014088,Plumstead Common,17,White: Other White,-8,Does not apply,243
E05014088,Plumstead Common,17,White: Other White,1,L1 and L2: Large employers and higher managerial and administrative occupations,45
E05014088,Plumstead Common,17,White: Other White,2,L3: Higher professional occupations,131
E05014088,Plumstead Common,17,White: Other White,3,"L4, L5 and L6: Lower managerial, administrative and professional occupations",203
E05014088,Plumstead Common,17,White: Other White,4,L7: Intermediate occupations,81
E05014088,Plumstead Common,17,White: Other White,5,L8 and L9: Small employers and own account workers,272
E05014088,Plumstead Common,17,White: Other White,6,L10 and L11: Lower supervisory and technical occupations,66
E05014088,Plumstead Common,17,White: Other White,7,L12: Semi-routine occupations,99
E05014088,Plumstead Common,17,White: Other White,8,L13: Routine occupations,124
E05014088,Plumstead Common,17,White: Other White,9,L14.1: Never worked,47
E05014088,Plumstead Common,17,White: Other White,10,L14.2: Long-term unemployed,17
E05014088,Plumstead Common,17,White: Other White,11,L15: Full-time students,93
E05014088,Plumstead Common,18,Other ethnic group: Arab,-8,Does not apply,13
E05014088,Plumstead Common,18,Other ethnic group: Arab,1,L1 and L2: Large employers and higher managerial and administrative occupations,1
E05014088,Plumstead Common,18,Other ethnic group: Arab,2,L3: Higher professional occupations,1
E05014088,Plumstead Common,18,Other ethnic group: Arab,3,"L4, L5 and L6: Lower managerial, administrative and professional occupations",4
E05014088,Plumstead Common,18,Other ethnic group: Arab,4,L7: Intermediate occupations,2
E05014088,Plumstead Common,18,Other ethnic group: Arab,5,L8 and L9: Small employers and own account workers,5
E05014088,Plumstead Common,18,Other ethnic group: Arab,6,L10 and L11: Lower supervisory and technical occupations,1
E05014088,Plumstead Common,18,Other ethnic group: Arab,7,L12: Semi-routine occupations,1
E05014088,Plumstead Common,18,Other ethnic group: Arab,8,L13: Routine occupations,6
E05014088,Plumstead Common,18,Other ethnic group: Arab,9,L14.1: Never worked,5
E05014088,Plumstead Common,18,Other ethnic group: Arab,10,L14.2: Long-term unemployed,0
E05014088,Plumstead Common,18,Other ethnic group: Arab,11,L15: Full-time students,9
E05014088,Plumstead Common,19,Other ethnic group: Any other ethnic group,-8,Does not apply,107
E05014088,Plumstead Common,19,Other ethnic group: Any other ethnic group,1,L1 and L2: Large employers and higher managerial and administrative occupations,5
E05014088,Plumstead Common,19,Other ethnic group: Any other ethnic group,2,L3: Higher professional occupations,21
E05014088,Plumstead Common,19,Other ethnic group: Any other ethnic group,3,"L4, L5 and L6: Lower managerial, administrative and professional occupations",56
E05014088,Plumstead Common,19,Other ethnic group: Any other ethnic group,4,L7: Intermediate occupations,23
E05014088,Plumstead Common,19,Other ethnic group: Any other ethnic group,5,L8 and L9: Small employers and own account workers,62
E05014088,Plumstead Common,19,Other ethnic group: Any other ethnic group,6,L10 and L11: Lower supervisory and technical occupations,37
E05014088,Plumstead Common,19,Other ethnic group: Any other ethnic group,7,L12: Semi-routine occupations,46
E05014088,Plumstead Common,19,Other ethnic group: Any other ethnic group,8,L13: Routine occupations,71
E05014088,Plumstead Common,19,Other ethnic group: Any other ethnic group,9,L14.1: Never worked,61
E05014088,Plumstead Common,19,Other ethnic group: Any other ethnic group,10,L14.2: Long-term unemployed,13
E05014088,Plumstead Common,19,Other ethnic group: Any other ethnic group,11,L15: Full-time students,49
E05014089,Shooters Hill,-8,Does not apply,-8,Does not apply,0
E05014089,Shooters Hill,-8,Does not apply,1,L1 and L2: Large employers and higher managerial and administrative occupations,0
E05014089,Shooters Hill,-8,Does not apply,2,L3: Higher professional occupations,0
E05014089,Shooters Hill,-8,Does not apply,3,"L4, L5 and L6: Lower managerial, administrative and professional occupations",0
E05014089,Shooters Hill,-8,Does not apply,4,L7: Intermediate occupations,0
E05014089,Shooters Hill,-8,Does not apply,5,L8 and L9: Small employers and own account workers,0
E05014089,Shooters Hill,-8,Does not apply,6,L10 and L11: Lower supervisory and technical occupations,0
E05014089,Shooters Hill,-8,Does not apply,7,L12: Semi-routine occupations,0
E05014089,Shooters Hill,-8,Does not apply,8,L13: Routine occupations,0
E05014089,Shooters Hill,-8,Does not apply,9,L14.1: Never worked,0
E05014089,Shooters Hill,-8,Does not apply,10,L14.2: Long-term unemployed,0
E05014089,Shooters Hill,-8,Does not apply,11,L15: Full-time students,0
E05014089,Shooters Hill,1,"Asian, Asian British or Asian Welsh: Bangladeshi",-8,Does not apply,29
E05014089,Shooters Hill,1,"Asian, Asian British or Asian Welsh: Bangladeshi",1,L1 and L2: Large employers and higher managerial and administrative occupations,3
E05014089,Shooters Hill,1,"Asian, Asian British or Asian Welsh: Bangladeshi",2,L3: Higher professional occupations,7
E05014089,Shooters Hill,1,"Asian, Asian British or Asian Welsh: Bangladeshi",3,"L4, L5 and L6: Lower managerial, administrative and professional occupations",12
E05014089,Shooters Hill,1,"Asian, Asian British or Asian Welsh: Bangladeshi",4,L7: Intermediate occupations,6
E05014089,Shooters Hill,1,"Asian, Asian British or Asian Welsh: Bangladeshi",5,L8 and L9: Small employers and own account workers,6
E05014089,Shooters Hill,1,"Asian, Asian British or Asian Welsh: Bangladeshi",6,L10 and L11: Lower supervisory and technical occupations,1
E05014089,Shooters Hill,1,"Asian, Asian British or Asian Welsh: Bangladeshi",7,L12: Semi-routine occupations,10
E05014089,Shooters Hill,1,"Asian, Asian British or Asian Welsh: Bangladeshi",8,L13: Routine occupations,6
E05014089,Shooters Hill,1,"Asian, Asian British or Asian Welsh: Bangladeshi",9,L14.1: Never worked,9
E05014089,Shooters Hill,1,"Asian, Asian British or Asian Welsh: Bangladeshi",10,L14.2: Long-term unemployed,1
E05014089,Shooters Hill,1,"Asian, Asian British or Asian Welsh: Bangladeshi",11,L15: Full-time students,16
E05014089,Shooters Hill,2,"Asian, Asian British or Asian Welsh: Chinese",-8,Does not apply,16
E05014089,Shooters Hill,2,"Asian, Asian British or Asian Welsh: Chinese",1,L1 and L2: Large employers and higher managerial and administrative occupations,9
E05014089,Shooters Hill,2,"Asian, Asian British or Asian Welsh: Chinese",2,L3: Higher professional occupations,17
E05014089,Shooters Hill,2,"Asian, Asian British or Asian Welsh: Chinese",3,"L4, L5 and L6: Lower managerial, administrative and professional occupations",20
E05014089,Shooters Hill,2,"Asian, Asian British or Asian Welsh: Chinese",4,L7: Intermediate occupations,11
E05014089,Shooters Hill,2,"Asian, Asian British or Asian Welsh: Chinese",5,L8 and L9: Small employers and own account workers,11
E05014089,Shooters Hill,2,"Asian, Asian British or Asian Welsh: Chinese",6,L10 and L11: Lower supervisory and technical occupations,9
E05014089,Shooters Hill,2,"Asian, Asian British or Asian Welsh: Chinese",7,L12: Semi-routine occupations,10
E05014089,Shooters Hill,2,"Asian, Asian British or Asian Welsh: Chinese",8,L13: Routine occupations,11
E05014089,Shooters Hill,2,"Asian, Asian British or Asian Welsh: Chinese",9,L14.1: Never worked,11
E05014089,Shooters Hill,2,"Asian, Asian British or Asian Welsh: Chinese",10,L14.2: Long-term unemployed,2
E05014089,Shooters Hill,2,"Asian, Asian British or Asian Welsh: Chinese",11,L15: Full-time students,7
E05014089,Shooters Hill,3,"Asian, Asian British or Asian Welsh: Indian",-8,Does not apply,55
E05014089,Shooters Hill,3,"Asian, Asian British or Asian Welsh: Indian",1,L1 and L2: Large employers and higher managerial and administrative occupations,18
E05014089,Shooters Hill,3,"Asian, Asian British or Asian Welsh: Indian",2,L3: Higher professional occupations,29
E05014089,Shooters Hill,3,"Asian, Asian British or Asian Welsh: Indian",3,"L4, L5 and L6: Lower managerial, administrative and professional occupations",63
E05014089,Shooters Hill,3,"Asian, Asian British or Asian Welsh: Indian",4,L7: Intermediate occupations,23
E05014089,Shooters Hill,3,"Asian, Asian British or Asian Welsh: Indian",5,L8 and L9: Small employers and own account workers,31
E05014089,Shooters Hill,3,"Asian, Asian British or Asian Welsh: Indian",6,L10 and L11: Lower supervisory and technical occupations,3
E05014089,Shooters Hill,3,"Asian, Asian British or Asian Welsh: Indian",7,L12: Semi-routine occupations,21
E05014089,Shooters Hill,3,"Asian, Asian British or Asian Welsh: Indian",8,L13: Routine occupations,15
E05014089,Shooters Hill,3,"Asian, Asian British or Asian Welsh: Indian",9,L14.1: Never worked,30
E05014089,Shooters Hill,3,"Asian, Asian British or Asian Welsh: Indian",10,L14.2: Long-term unemployed,6
E05014089,Shooters Hill,3,"Asian, Asian British or Asian Welsh: Indian",11,L15: Full-time students,19
E05014089,Shooters Hill,4,"Asian, Asian British or Asian Welsh: Pakistani",-8,Does not apply,26
E05014089,Shooters Hill,4,"Asian, Asian British or Asian Welsh: Pakistani",1,L1 and L2: Large employers and higher managerial and administrative occupations,3
E05014089,Shooters Hill,4,"Asian, Asian British or Asian Welsh: Pakistani",2,L3: Higher professional occupations,8
E05014089,Shooters Hill,4,"Asian, Asian British or Asian Welsh: Pakistani",3,"L4, L5 and L6: Lower managerial, administrative and professional occupations",11
E05014089,Shooters Hill,4,"Asian, Asian British or Asian Welsh: Pakistani",4,L7: Intermediate occupations,10
E05014089,Shooters Hill,4,"Asian, Asian British or Asian Welsh: Pakistani",5,L8 and L9: Small employers and own account workers,9
E05014089,Shooters Hill,4,"Asian, Asian British or Asian Welsh: Pakistani",6,L10 and L11: Lower supervisory and technical occupations,1
E05014089,Shooters Hill,4,"Asian, Asian British or Asian Welsh: Pakistani",7,L12: Semi-routine occupations,5
E05014089,Shooters Hill,4,"Asian, Asian British or Asian Welsh: Pakistani",8,L13: Routine occupations,6
E05014089,Shooters Hill,4,"Asian, Asian British or Asian Welsh: Pakistani",9,L14.1: Never worked,17
E05014089,Shooters Hill,4,"Asian, Asian British or Asian Welsh: Pakistani",10,L14.2: Long-term unemployed,1
E05014089,Shooters Hill,4,"Asian, Asian British or Asian Welsh: Pakistani",11,L15: Full-time students,10
E05014089,Shooters Hill,5,"Asian, Asian British or Asian Welsh: Other Asian",-8,Does not apply,125
E05014089,Shooters Hill,5,"Asian, Asian British or Asian Welsh: Other Asian",1,L1 and L2: Large employers and higher managerial and administrative occupations,5
E05014089,Shooters Hill,5,"Asian, Asian British or Asian Welsh: Other Asian",2,L3: Higher professional occupations,33
E05014089,Shooters Hill,5,"Asian, Asian British or Asian Welsh: Other Asian",3,"L4, L5 and L6: Lower managerial, administrative and professional occupations",69
E05014089,Shooters Hill,5,"Asian, Asian British or Asian Welsh: Other Asian",4,L7: Intermediate occupations,26
E05014089,Shooters Hill,5,"Asian, Asian British or Asian Welsh: Other Asian",5,L8 and L9: Small employers and own account workers,42
E05014089,Shooters Hill,5,"Asian, Asian British or Asian Welsh: Other Asian",6,L10 and L11: Lower supervisory and technical occupations,34
E05014089,Shooters Hill,5,"Asian, Asian British or Asian Welsh: Other Asian",7,L12: Semi-routine occupations,77
E05014089,Shooters Hill,5,"Asian, Asian British or Asian Welsh: Other Asian",8,L13: Routine occupations,54
E05014089,Shooters Hill,5,"Asian, Asian British or Asian Welsh: Other Asian",9,L14.1: Never worked,94
E05014089,Shooters Hill,5,"Asian, Asian British or Asian Welsh: Other Asian",10,L14.2: Long-term unemployed,10
E05014089,Shooters Hill,5,"Asian, Asian British or Asian Welsh: Other Asian",11,L15: Full-time students,36
E05014089,Shooters Hill,6,"Black, Black British, Black Welsh, Caribbean or African: African",-8,Does not apply,716
E05014089,Shooters Hill,6,"Black, Black British, Black Welsh, Caribbean or African: African",1,L1 and L2: Large employers and higher managerial and administrative occupations,29
E05014089,Shooters Hill,6,"Black, Black British, Black Welsh, Caribbean or African: African",2,L3: Higher professional occupations,124
E05014089,Shooters Hill,6,"Black, Black British, Black Welsh, Caribbean or African: African",3,"L4, L5 and L6: Lower managerial, administrative and professional occupations",336
E05014089,Shooters Hill,6,"Black, Black British, Black Welsh, Caribbean or African: African",4,L7: Intermediate occupations,138
E05014089,Shooters Hill,6,"Black, Black British, Black Welsh, Caribbean or African: African",5,L8 and L9: Small employers and own account workers,171
E05014089,Shooters Hill,6,"Black, Black British, Black Welsh, Caribbean or African: African",6,L10 and L11: Lower supervisory and technical occupations,69
E05014089,Shooters Hill,6,"Black, Black British, Black Welsh, Caribbean or African: African",7,L12: Semi-routine occupations,236
E05014089,Shooters Hill,6,"Black, Black British, Black Welsh, Caribbean or African: African",8,L13: Routine occupations,216
E05014089,Shooters Hill,6,"Black, Black British, Black Welsh, Caribbean or African: African",9,L14.1: Never worked,170
E05014089,Shooters Hill,6,"Black, Black British, Black Welsh, Caribbean or African: African",10,L14.2: Long-term unemployed,47
E05014089,Shooters Hill,6,"Black, Black British, Black Welsh, Caribbean or African: African",11,L15: Full-time students,312
E05014089,Shooters Hill,7,"Black, Black British, Black Welsh, Caribbean or African: Caribbean",-8,Does not apply,63
E05014089,Shooters Hill,7,"Black, Black British, Black Welsh, Caribbean or African: Caribbean",1,L1 and L2: Large employers and higher managerial and administrative occupations,12
E05014089,Shooters Hill,7,"Black, Black British, Black Welsh, Caribbean or African: Caribbean",2,L3: Higher professional occupations,46
E05014089,Shooters Hill,7,"Black, Black British, Black Welsh, Caribbean or African: Caribbean",3,"L4, L5 and L6: Lower managerial, administrative and professional occupations",110
E05014089,Shooters Hill,7,"Black, Black British, Black Welsh, Caribbean or African: Caribbean",4,L7: Intermediate occupations,54
E05014089,Shooters Hill,7,"Black, Black British, Black Welsh, Caribbean or African: Caribbean",5,L8 and L9: Small employers and own account workers,36
E05014089,Shooters Hill,7,"Black, Black British, Black Welsh, Caribbean or African: Caribbean",6,L10 and L11: Lower supervisory and technical occupations,21
E05014089,Shooters Hill,7,"Black, Black British, Black Welsh, Caribbean or African: Caribbean",7,L12: Semi-routine occupations,63
E05014089,Shooters Hill,7,"Black, Black British, Black Welsh, Caribbean or African: Caribbean",8,L13: Routine occupations,38
E05014089,Shooters Hill,7,"Black, Black British, Black Welsh, Caribbean or African: Caribbean",9,L14.1: Never worked,47
E05014089,Shooters Hill,7,"Black, Black British, Black Welsh, Caribbean or African: Caribbean",10,L14.2: Long-term unemployed,21
E05014089,Shooters Hill,7,"Black, Black British, Black Welsh, Caribbean or African: Caribbean",11,L15: Full-time students,23
E05014089,Shooters Hill,8,"Black, Black British, Black Welsh, Caribbean or African: Other Black",-8,Does not apply,191
E05014089,Shooters Hill,8,"Black, Black British, Black Welsh, Caribbean or African: Other Black",1,L1 and L2: Large employers and higher managerial and administrative occupations,2
E05014089,Shooters Hill,8,"Black, Black British, Black Welsh, Caribbean or African: Other Black",2,L3: Higher professional occupations,5
E05014089,Shooters Hill,8,"Black, Black British, Black Welsh, Caribbean or African: Other Black",3,"L4, L5 and L6: Lower managerial, administrative and professional occupations",25
E05014089,Shooters Hill,8,"Black, Black British, Black Welsh, Caribbean or African: Other Black",4,L7: Intermediate occupations,16
E05014089,Shooters Hill,8,"Black, Black British, Black Welsh, Caribbean or African: Other Black",5,L8 and L9: Small employers and own account workers,11
E05014089,Shooters Hill,8,"Black, Black British, Black Welsh, Caribbean or African: Other Black",6,L10 and L11: Lower supervisory and technical occupations,1
E05014089,Shooters Hill,8,"Black, Black British, Black Welsh, Caribbean or African: Other Black",7,L12: Semi-routine occupations,16
E05014089,Shooters Hill,8,"Black, Black British, Black Welsh, Caribbean or African: Other Black",8,L13: Routine occupations,13
E05014089,Shooters Hill,8,"Black, Black British, Black Welsh, Caribbean or African: Other Black",9,L14.1: Never worked,17
E05014089,Shooters Hill,8,"Black, Black British, Black Welsh, Caribbean or African: Other Black",10,L14.2: Long-term unemployed,10
E05014089,Shooters Hill,8,"Black, Black British, Black Welsh, Caribbean or African: Other Black",11,L15: Full-time students,38
E05014089,Shooters Hill,9,Mixed or Multiple ethnic groups: White and Asian,-8,Does not apply,71
E05014089,Shooters Hill,9,Mixed or Multiple ethnic groups: White and Asian,1,L1 and L2: Large employers and higher managerial and administrative occupations,2
E05014089,Shooters Hill,9,Mixed or Multiple ethnic groups: White and Asian,2,L3: Higher professional occupations,6
E05014089,Shooters Hill,9,Mixed or Multiple ethnic groups: White and Asian,3,"L4, L5 and L6: Lower managerial, administrative and professional occupations",17
E05014089,Shooters Hill,9,Mixed or Multiple ethnic groups: White and Asian,4,L7: Intermediate occupations,6
E05014089,Shooters Hill,9,Mixed or Multiple ethnic groups: White and Asian,5,L8 and L9: Small employers and own account workers,10
E05014089,Shooters Hill,9,Mixed or Multiple ethnic groups: White and Asian,6,L10 and L11: Lower supervisory and technical occupations,0
E05014089,Shooters Hill,9,Mixed or Multiple ethnic groups: White and Asian,7,L12: Semi-routine occupations,3
E05014089,Shooters Hill,9,Mixed or Multiple ethnic groups: White and Asian,8,L13: Routine occupations,6
E05014089,Shooters Hill,9,Mixed or Multiple ethnic groups: White and Asian,9,L14.1: Never worked,3
E05014089,Shooters Hill,9,Mixed or Multiple ethnic groups: White and Asian,10,L14.2: Long-term unemployed,0
E05014089,Shooters Hill,9,Mixed or Multiple ethnic groups: White and Asian,11,L15: Full-time students,14
E05014089,Shooters Hill,10,Mixed or Multiple ethnic groups: White and Black African,-8,Does not apply,61
E05014089,Shooters Hill,10,Mixed or Multiple ethnic groups: White and Black African,1,L1 and L2: Large employers and higher managerial and administrative occupations,2
E05014089,Shooters Hill,10,Mixed or Multiple ethnic groups: White and Black African,2,L3: Higher professional occupations,5
E05014089,Shooters Hill,10,Mixed or Multiple ethnic groups: White and Black African,3,"L4, L5 and L6: Lower managerial, administrative and professional occupations",21
E05014089,Shooters Hill,10,Mixed or Multiple ethnic groups: White and Black African,4,L7: Intermediate occupations,7
E05014089,Shooters Hill,10,Mixed or Multiple ethnic groups: White and Black African,5,L8 and L9: Small employers and own account workers,11
E05014089,Shooters Hill,10,Mixed or Multiple ethnic groups: White and Black African,6,L10 and L11: Lower supervisory and technical occupations,2
E05014089,Shooters Hill,10,Mixed or Multiple ethnic groups: White and Black African,7,L12: Semi-routine occupations,4
E05014089,Shooters Hill,10,Mixed or Multiple ethnic groups: White and Black African,8,L13: Routine occupations,7
E05014089,Shooters Hill,10,Mixed or Multiple ethnic groups: White and Black African,9,L14.1: Never worked,4
E05014089,Shooters Hill,10,Mixed or Multiple ethnic groups: White and Black African,10,L14.2: Long-term unemployed,2
E05014089,Shooters Hill,10,Mixed or Multiple ethnic groups: White and Black African,11,L15: Full-time students,10
E05014089,Shooters Hill,11,Mixed or Multiple ethnic groups: White and Black Caribbean,-8,Does not apply,86
E05014089,Shooters Hill,11,Mixed or Multiple ethnic groups: White and Black Caribbean,1,L1 and L2: Large employers and higher managerial and administrative occupations,5
E05014089,Shooters Hill,11,Mixed or Multiple ethnic groups: White and Black Caribbean,2,L3: Higher professional occupations,8
E05014089,Shooters Hill,11,Mixed or Multiple ethnic groups: White and Black Caribbean,3,"L4, L5 and L6: Lower managerial, administrative and professional occupations",27
E05014089,Shooters Hill,11,Mixed or Multiple ethnic groups: White and Black Caribbean,4,L7: Intermediate occupations,16
E05014089,Shooters Hill,11,Mixed or Multiple ethnic groups: White and Black Caribbean,5,L8 and L9: Small employers and own account workers,13
E05014089,Shooters Hill,11,Mixed or Multiple ethnic groups: White and Black Caribbean,6,L10 and L11: Lower supervisory and technical occupations,5
E05014089,Shooters Hill,11,Mixed or Multiple ethnic groups: White and Black Caribbean,7,L12: Semi-routine occupations,9
E05014089,Shooters Hill,11,Mixed or Multiple ethnic groups: White and Black Caribbean,8,L13: Routine occupations,7
E05014089,Shooters Hill,11,Mixed or Multiple ethnic groups: White and Black Caribbean,9,L14.1: Never worked,6
E05014089,Shooters Hill,11,Mixed or Multiple ethnic groups: White and Black Caribbean,10,L14.2: Long-term unemployed,3
E05014089,Shooters Hill,11,Mixed or Multiple ethnic groups: White and Black Caribbean,11,L15: Full-time students,22
E05014089,Shooters Hill,12,Mixed or Multiple ethnic groups: Other Mixed or Multiple ethnic groups,-8,Does not apply,92
E05014089,Shooters Hill,12,Mixed or Multiple ethnic groups: Other Mixed or Multiple ethnic groups,1,L1 and L2: Large employers and higher managerial and administrative occupations,5
E05014089,Shooters Hill,12,Mixed or Multiple ethnic groups: Other Mixed or Multiple ethnic groups,2,L3: Higher professional occupations,11
E05014089,Shooters Hill,12,Mixed or Multiple ethnic groups: Other Mixed or Multiple ethnic groups,3,"L4, L5 and L6: Lower managerial, administrative and professional occupations",23
E05014089,Shooters Hill,12,Mixed or Multiple ethnic groups: Other Mixed or Multiple ethnic groups,4,L7: Intermediate occupations,14
E05014089,Shooters Hill,12,Mixed or Multiple ethnic groups: Other Mixed or Multiple ethnic groups,5,L8 and L9: Small employers and own account workers,9
E05014089,Shooters Hill,12,Mixed or Multiple ethnic groups: Other Mixed or Multiple ethnic groups,6,L10 and L11: Lower supervisory and technical occupations,6
E05014089,Shooters Hill,12,Mixed or Multiple ethnic groups: Other Mixed or Multiple ethnic groups,7,L12: Semi-routine occupations,1
E05014089,Shooters Hill,12,Mixed or Multiple ethnic groups: Other Mixed or Multiple ethnic groups,8,L13: Routine occupations,13
E05014089,Shooters Hill,12,Mixed or Multiple ethnic groups: Other Mixed or Multiple ethnic groups,9,L14.1: Never worked,3
E05014089,Shooters Hill,12,Mixed or Multiple ethnic groups: Other Mixed or Multiple ethnic groups,10,L14.2: Long-term unemployed,2
E05014089,Shooters Hill,12,Mixed or Multiple ethnic groups: Other Mixed or Multiple ethnic groups,11,L15: Full-time students,28
E05014089,Shooters Hill,13,"White: English, Welsh, Scottish, Northern Irish or British",-8,Does not apply,809
E05014089,Shooters Hill,13,"White: English, Welsh, Scottish, Northern Irish or British",1,L1 and L2: Large employers and higher managerial and administrative occupations,191
E05014089,Shooters Hill,13,"White: English, Welsh, Scottish, Northern Irish or British",2,L3: Higher professional occupations,402
E05014089,Shooters Hill,13,"White: English, Welsh, Scottish, Northern Irish or British",3,"L4, L5 and L6: Lower managerial, administrative and professional occupations",1000
E05014089,Shooters Hill,13,"White: English, Welsh, Scottish, Northern Irish or British",4,L7: Intermediate occupations,473
E05014089,Shooters Hill,13,"White: English, Welsh, Scottish, Northern Irish or British",5,L8 and L9: Small employers and own account workers,371
E05014089,Shooters Hill,13,"White: English, Welsh, Scottish, Northern Irish or British",6,L10 and L11: Lower supervisory and technical occupations,190
E05014089,Shooters Hill,13,"White: English, Welsh, Scottish, Northern Irish or British",7,L12: Semi-routine occupations,352
E05014089,Shooters Hill,13,"White: English, Welsh, Scottish, Northern Irish or British",8,L13: Routine occupations,327
E05014089,Shooters Hill,13,"White: English, Welsh, Scottish, Northern Irish or British",9,L14.1: Never worked,297
E05014089,Shooters Hill,13,"White: English, Welsh, Scottish, Northern Irish or British",10,L14.2: Long-term unemployed,60
E05014089,Shooters Hill,13,"White: English, Welsh, Scottish, Northern Irish or British",11,L15: Full-time students,140
E05014089,Shooters Hill,14,White: Irish,-8,Does not apply,13
E05014089,Shooters Hill,14,White: Irish,1,L1 and L2: Large employers and higher managerial and administrative occupations,13
E05014089,Shooters Hill,14,White: Irish,2,L3: Higher professional occupations,19
E05014089,Shooters Hill,14,White: Irish,3,"L4, L5 and L6: Lower managerial, administrative and professional occupations",43
E05014089,Shooters Hill,14,White: Irish,4,L7: Intermediate occupations,13
E05014089,Shooters Hill,14,White: Irish,5,L8 and L9: Small employers and own account workers,19
E05014089,Shooters Hill,14,White: Irish,6,L10 and L11: Lower supervisory and technical occupations,2
E05014089,Shooters Hill,14,White: Irish,7,L12: Semi-routine occupations,13
E05014089,Shooters Hill,14,White: Irish,8,L13: Routine occupations,10
E05014089,Shooters Hill,14,White: Irish,9,L14.1: Never worked,15
E05014089,Shooters Hill,14,White: Irish,10,L14.2: Long-term unemployed,1
E05014089,Shooters Hill,14,White: Irish,11,L15: Full-time students,8
E05014089,Shooters Hill,15,White: Gypsy or Irish Traveller,-8,Does not apply,0
E05014089,Shooters Hill,15,White: Gypsy or Irish Traveller,1,L1 and L2: Large employers and higher managerial and administrative occupations,0
E05014089,Shooters Hill,15,White: Gypsy or Irish Traveller,2,L3: Higher professional occupations,0
E05014089,Shooters Hill,15,White: Gypsy or Irish Traveller,3,"L4, L5 and L6: Lower managerial, administrative and professional occupations",0
E05014089,Shooters Hill,15,White: Gypsy or Irish Traveller,4,L7: Intermediate occupations,0
E05014089,Shooters Hill,15,White: Gypsy or Irish Traveller,5,L8 and L9: Small employers and own account workers,1
E05014089,Shooters Hill,15,White: Gypsy or Irish Traveller,6,L10 and L11: Lower supervisory and technical occupations,0
E05014089,Shooters Hill,15,White: Gypsy or Irish Traveller,7,L12: Semi-routine occupations,0
E05014089,Shooters Hill,15,White: Gypsy or Irish Traveller,8,L13: Routine occupations,0
E05014089,Shooters Hill,15,White: Gypsy or Irish Traveller,9,L14.1: Never worked,2
E05014089,Shooters Hill,15,White: Gypsy or Irish Traveller,10,L14.2: Long-term unemployed,0
E05014089,Shooters Hill,15,White: Gypsy or Irish Traveller,11,L15: Full-time students,1
E05014089,Shooters Hill,16,White: Roma,-8,Does not apply,5
E05014089,Shooters Hill,16,White: Roma,1,L1 and L2: Large employers and higher managerial and administrative occupations,0
E05014089,Shooters Hill,16,White: Roma,2,L3: Higher professional occupations,0
E05014089,Shooters Hill,16,White: Roma,3,"L4, L5 and L6: Lower managerial, administrative and professional occupations",7
E05014089,Shooters Hill,16,White: Roma,4,L7: Intermediate occupations,1
E05014089,Shooters Hill,16,White: Roma,5,L8 and L9: Small employers and own account workers,12
E05014089,Shooters Hill,16,White: Roma,6,L10 and L11: Lower supervisory and technical occupations,1
E05014089,Shooters Hill,16,White: Roma,7,L12: Semi-routine occupations,2
E05014089,Shooters Hill,16,White: Roma,8,L13: Routine occupations,2
E05014089,Shooters Hill,16,White: Roma,9,L14.1: Never worked,1
E05014089,Shooters Hill,16,White: Roma,10,L14.2: Long-term unemployed,0
E05014089,Shooters Hill,16,White: Roma,11,L15: Full-time students,3
E05014089,Shooters Hill,17,White: Other White,-8,Does not apply,167
E05014089,Shooters Hill,17,White: Other White,1,L1 and L2: Large employers and higher managerial and administrative occupations,48
E05014089,Shooters Hill,17,White: Other White,2,L3: Higher professional occupations,132
E05014089,Shooters Hill,17,White: Other White,3,"L4, L5 and L6: Lower managerial, administrative and professional occupations",237
E05014089,Shooters Hill,17,White: Other White,4,L7: Intermediate occupations,71
E05014089,Shooters Hill,17,White: Other White,5,L8 and L9: Small employers and own account workers,235
E05014089,Shooters Hill,17,White: Other White,6,L10 and L11: Lower supervisory and technical occupations,56
E05014089,Shooters Hill,17,White: Other White,7,L12: Semi-routine occupations,57
E05014089,Shooters Hill,17,White: Other White,8,L13: Routine occupations,100
E05014089,Shooters Hill,17,White: Other White,9,L14.1: Never worked,47
E05014089,Shooters Hill,17,White: Other White,10,L14.2: Long-term unemployed,22
E05014089,Shooters Hill,17,White: Other White,11,L15: Full-time students,82
E05014089,Shooters Hill,18,Other ethnic group: Arab,-8,Does not apply,7
E05014089,Shooters Hill,18,Other ethnic group: Arab,1,L1 and L2: Large employers and higher managerial and administrative occupations,0
E05014089,Shooters Hill,18,Other ethnic group: Arab,2,L3: Higher professional occupations,3
E05014089,Shooters Hill,18,Other ethnic group: Arab,3,"L4, L5 and L6: Lower managerial, administrative and professional occupations",5
E05014089,Shooters Hill,18,Other ethnic group: Arab,4,L7: Intermediate occupations,0
E05014089,Shooters Hill,18,Other ethnic group: Arab,5,L8 and L9: Small employers and own account workers,2
E05014089,Shooters Hill,18,Other ethnic group: Arab,6,L10 and L11: Lower supervisory and technical occupations,2
E05014089,Shooters Hill,18,Other ethnic group: Arab,7,L12: Semi-routine occupations,3
E05014089,Shooters Hill,18,Other ethnic group: Arab,8,L13: Routine occupations,0
E05014089,Shooters Hill,18,Other ethnic group: Arab,9,L14.1: Never worked,5
E05014089,Shooters Hill,18,Other ethnic group: Arab,10,L14.2: Long-term unemployed,1
E05014089,Shooters Hill,18,Other ethnic group: Arab,11,L15: Full-time students,4
E05014089,Shooters Hill,19,Other ethnic group: Any other ethnic group,-8,Does not apply,80
E05014089,Shooters Hill,19,Other ethnic group: Any other ethnic group,1,L1 and L2: Large employers and higher managerial and administrative occupations,8
E05014089,Shooters Hill,19,Other ethnic group: Any other ethnic group,2,L3: Higher professional occupations,18
E05014089,Shooters Hill,19,Other ethnic group: Any other ethnic group,3,"L4, L5 and L6: Lower managerial, administrative and professional occupations",53
E05014089,Shooters Hill,19,Other ethnic group: Any other ethnic group,4,L7: Intermediate occupations,19
E05014089,Shooters Hill,19,Other ethnic group: Any other ethnic group,5,L8 and L9: Small employers and own account workers,23
E05014089,Shooters Hill,19,Other ethnic group: Any other ethnic group,6,L10 and L11: Lower supervisory and technical occupations,24
E05014089,Shooters Hill,19,Other ethnic group: Any other ethnic group,7,L12: Semi-routine occupations,33
E05014089,Shooters Hill,19,Other ethnic group: Any other ethnic group,8,L13: Routine occupations,51
E05014089,Shooters Hill,19,Other ethnic group: Any other ethnic group,9,L14.1: Never worked,56
E05014089,Shooters Hill,19,Other ethnic group: Any other ethnic group,10,L14.2: Long-term unemployed,8
E05014089,Shooters Hill,19,Other ethnic group: Any other ethnic group,11,L15: Full-time students,20
E05014090,Thamesmead Moorings,-8,Does not apply,-8,Does not apply,0
E05014090,Thamesmead Moorings,-8,Does not apply,1,L1 and L2: Large employers and higher managerial and administrative occupations,0
E05014090,Thamesmead Moorings,-8,Does not apply,2,L3: Higher professional occupations,0
E05014090,Thamesmead Moorings,-8,Does not apply,3,"L4, L5 and L6: Lower managerial, administrative and professional occupations",0
E05014090,Thamesmead Moorings,-8,Does not apply,4,L7: Intermediate occupations,0
E05014090,Thamesmead Moorings,-8,Does not apply,5,L8 and L9: Small employers and own account workers,0
E05014090,Thamesmead Moorings,-8,Does not apply,6,L10 and L11: Lower supervisory and technical occupations,0
E05014090,Thamesmead Moorings,-8,Does not apply,7,L12: Semi-routine occupations,0
E05014090,Thamesmead Moorings,-8,Does not apply,8,L13: Routine occupations,0
E05014090,Thamesmead Moorings,-8,Does not apply,9,L14.1: Never worked,0
E05014090,Thamesmead Moorings,-8,Does not apply,10,L14.2: Long-term unemployed,0
E05014090,Thamesmead Moorings,-8,Does not apply,11,L15: Full-time students,0
E05014090,Thamesmead Moorings,1,"Asian, Asian British or Asian Welsh: Bangladeshi",-8,Does not apply,35
E05014090,Thamesmead Moorings,1,"Asian, Asian British or Asian Welsh: Bangladeshi",1,L1 and L2: Large employers and higher managerial and administrative occupations,1
E05014090,Thamesmead Moorings,1,"Asian, Asian British or Asian Welsh: Bangladeshi",2,L3: Higher professional occupations,2
E05014090,Thamesmead Moorings,1,"Asian, Asian British or Asian Welsh: Bangladeshi",3,"L4, L5 and L6: Lower managerial, administrative and professional occupations",10
E05014090,Thamesmead Moorings,1,"Asian, Asian British or Asian Welsh: Bangladeshi",4,L7: Intermediate occupations,5
E05014090,Thamesmead Moorings,1,"Asian, Asian British or Asian Welsh: Bangladeshi",5,L8 and L9: Small employers and own account workers,7
E05014090,Thamesmead Moorings,1,"Asian, Asian British or Asian Welsh: Bangladeshi",6,L10 and L11: Lower supervisory and technical occupations,2
E05014090,Thamesmead Moorings,1,"Asian, Asian British or Asian Welsh: Bangladeshi",7,L12: Semi-routine occupations,11
E05014090,Thamesmead Moorings,1,"Asian, Asian British or Asian Welsh: Bangladeshi",8,L13: Routine occupations,12
E05014090,Thamesmead Moorings,1,"Asian, Asian British or Asian Welsh: Bangladeshi",9,L14.1: Never worked,16
E05014090,Thamesmead Moorings,1,"Asian, Asian British or Asian Welsh: Bangladeshi",10,L14.2: Long-term unemployed,0
E05014090,Thamesmead Moorings,1,"Asian, Asian British or Asian Welsh: Bangladeshi",11,L15: Full-time students,12
E05014090,Thamesmead Moorings,2,"Asian, Asian British or Asian Welsh: Chinese",-8,Does not apply,32
E05014090,Thamesmead Moorings,2,"Asian, Asian British or Asian Welsh: Chinese",1,L1 and L2: Large employers and higher managerial and administrative occupations,5
E05014090,Thamesmead Moorings,2,"Asian, Asian British or Asian Welsh: Chinese",2,L3: Higher professional occupations,16
E05014090,Thamesmead Moorings,2,"Asian, Asian British or Asian Welsh: Chinese",3,"L4, L5 and L6: Lower managerial, administrative and professional occupations",31
E05014090,Thamesmead Moorings,2,"Asian, Asian British or Asian Welsh: Chinese",4,L7: Intermediate occupations,11
E05014090,Thamesmead Moorings,2,"Asian, Asian British or Asian Welsh: Chinese",5,L8 and L9: Small employers and own account workers,18
E05014090,Thamesmead Moorings,2,"Asian, Asian British or Asian Welsh: Chinese",6,L10 and L11: Lower supervisory and technical occupations,23
E05014090,Thamesmead Moorings,2,"Asian, Asian British or Asian Welsh: Chinese",7,L12: Semi-routine occupations,16
E05014090,Thamesmead Moorings,2,"Asian, Asian British or Asian Welsh: Chinese",8,L13: Routine occupations,27
E05014090,Thamesmead Moorings,2,"Asian, Asian British or Asian Welsh: Chinese",9,L14.1: Never worked,20
E05014090,Thamesmead Moorings,2,"Asian, Asian British or Asian Welsh: Chinese",10,L14.2: Long-term unemployed,3
E05014090,Thamesmead Moorings,2,"Asian, Asian British or Asian Welsh: Chinese",11,L15: Full-time students,11
E05014090,Thamesmead Moorings,3,"Asian, Asian British or Asian Welsh: Indian",-8,Does not apply,35
E05014090,Thamesmead Moorings,3,"Asian, Asian British or Asian Welsh: Indian",1,L1 and L2: Large employers and higher managerial and administrative occupations,4
E05014090,Thamesmead Moorings,3,"Asian, Asian British or Asian Welsh: Indian",2,L3: Higher professional occupations,13
E05014090,Thamesmead Moorings,3,"Asian, Asian British or Asian Welsh: Indian",3,"L4, L5 and L6: Lower managerial, administrative and professional occupations",25
E05014090,Thamesmead Moorings,3,"Asian, Asian British or Asian Welsh: Indian",4,L7: Intermediate occupations,20
E05014090,Thamesmead Moorings,3,"Asian, Asian British or Asian Welsh: Indian",5,L8 and L9: Small employers and own account workers,6
E05014090,Thamesmead Moorings,3,"Asian, Asian British or Asian Welsh: Indian",6,L10 and L11: Lower supervisory and technical occupations,5
E05014090,Thamesmead Moorings,3,"Asian, Asian British or Asian Welsh: Indian",7,L12: Semi-routine occupations,7
E05014090,Thamesmead Moorings,3,"Asian, Asian British or Asian Welsh: Indian",8,L13: Routine occupations,13
E05014090,Thamesmead Moorings,3,"Asian, Asian British or Asian Welsh: Indian",9,L14.1: Never worked,13
E05014090,Thamesmead Moorings,3,"Asian, Asian British or Asian Welsh: Indian",10,L14.2: Long-term unemployed,2
E05014090,Thamesmead Moorings,3,"Asian, Asian British or Asian Welsh: Indian",11,L15: Full-time students,33
E05014090,Thamesmead Moorings,4,"Asian, Asian British or Asian Welsh: Pakistani",-8,Does not apply,33
E05014090,Thamesmead Moorings,4,"Asian, Asian British or Asian Welsh: Pakistani",1,L1 and L2: Large employers and higher managerial and administrative occupations,2
E05014090,Thamesmead Moorings,4,"Asian, Asian British or Asian Welsh: Pakistani",2,L3: Higher professional occupations,4
E05014090,Thamesmead Moorings,4,"Asian, Asian British or Asian Welsh: Pakistani",3,"L4, L5 and L6: Lower managerial, administrative and professional occupations",9
E05014090,Thamesmead Moorings,4,"Asian, Asian British or Asian Welsh: Pakistani",4,L7: Intermediate occupations,3
E05014090,Thamesmead Moorings,4,"Asian, Asian British or Asian Welsh: Pakistani",5,L8 and L9: Small employers and own account workers,8
E05014090,Thamesmead Moorings,4,"Asian, Asian British or Asian Welsh: Pakistani",6,L10 and L11: Lower supervisory and technical occupations,1
E05014090,Thamesmead Moorings,4,"Asian, Asian British or Asian Welsh: Pakistani",7,L12: Semi-routine occupations,4
E05014090,Thamesmead Moorings,4,"Asian, Asian British or Asian Welsh: Pakistani",8,L13: Routine occupations,5
E05014090,Thamesmead Moorings,4,"Asian, Asian British or Asian Welsh: Pakistani",9,L14.1: Never worked,5
E05014090,Thamesmead Moorings,4,"Asian, Asian British or Asian Welsh: Pakistani",10,L14.2: Long-term unemployed,1
E05014090,Thamesmead Moorings,4,"Asian, Asian British or Asian Welsh: Pakistani",11,L15: Full-time students,4
E05014090,Thamesmead Moorings,5,"Asian, Asian British or Asian Welsh: Other Asian",-8,Does not apply,67
E05014090,Thamesmead Moorings,5,"Asian, Asian British or Asian Welsh: Other Asian",1,L1 and L2: Large employers and higher managerial and administrative occupations,4
E05014090,Thamesmead Moorings,5,"Asian, Asian British or Asian Welsh: Other Asian",2,L3: Higher professional occupations,11
E05014090,Thamesmead Moorings,5,"Asian, Asian British or Asian Welsh: Other Asian",3,"L4, L5 and L6: Lower managerial, administrative and professional occupations",34
E05014090,Thamesmead Moorings,5,"Asian, Asian British or Asian Welsh: Other Asian",4,L7: Intermediate occupations,26
E05014090,Thamesmead Moorings,5,"Asian, Asian British or Asian Welsh: Other Asian",5,L8 and L9: Small employers and own account workers,24
E05014090,Thamesmead Moorings,5,"Asian, Asian British or Asian Welsh: Other Asian",6,L10 and L11: Lower supervisory and technical occupations,24
E05014090,Thamesmead Moorings,5,"Asian, Asian British or Asian Welsh: Other Asian",7,L12: Semi-routine occupations,48
E05014090,Thamesmead Moorings,5,"Asian, Asian British or Asian Welsh: Other Asian",8,L13: Routine occupations,31
E05014090,Thamesmead Moorings,5,"Asian, Asian British or Asian Welsh: Other Asian",9,L14.1: Never worked,49
E05014090,Thamesmead Moorings,5,"Asian, Asian British or Asian Welsh: Other Asian",10,L14.2: Long-term unemployed,7
E05014090,Thamesmead Moorings,5,"Asian, Asian British or Asian Welsh: Other Asian",11,L15: Full-time students,22
E05014090,Thamesmead Moorings,6,"Black, Black British, Black Welsh, Caribbean or African: African",-8,Does not apply,1230
E05014090,Thamesmead Moorings,6,"Black, Black British, Black Welsh, Caribbean or African: African",1,L1 and L2: Large employers and higher managerial and administrative occupations,95
E05014090,Thamesmead Moorings,6,"Black, Black British, Black Welsh, Caribbean or African: African",2,L3: Higher professional occupations,199
E05014090,Thamesmead Moorings,6,"Black, Black British, Black Welsh, Caribbean or African: African",3,"L4, L5 and L6: Lower managerial, administrative and professional occupations",663
E05014090,Thamesmead Moorings,6,"Black, Black British, Black Welsh, Caribbean or African: African",4,L7: Intermediate occupations,299
E05014090,Thamesmead Moorings,6,"Black, Black British, Black Welsh, Caribbean or African: African",5,L8 and L9: Small employers and own account workers,372
E05014090,Thamesmead Moorings,6,"Black, Black British, Black Welsh, Caribbean or African: African",6,L10 and L11: Lower supervisory and technical occupations,137
E05014090,Thamesmead Moorings,6,"Black, Black British, Black Welsh, Caribbean or African: African",7,L12: Semi-routine occupations,459
E05014090,Thamesmead Moorings,6,"Black, Black British, Black Welsh, Caribbean or African: African",8,L13: Routine occupations,272
E05014090,Thamesmead Moorings,6,"Black, Black British, Black Welsh, Caribbean or African: African",9,L14.1: Never worked,250
E05014090,Thamesmead Moorings,6,"Black, Black British, Black Welsh, Caribbean or African: African",10,L14.2: Long-term unemployed,98
E05014090,Thamesmead Moorings,6,"Black, Black British, Black Welsh, Caribbean or African: African",11,L15: Full-time students,542
E05014090,Thamesmead Moorings,7,"Black, Black British, Black Welsh, Caribbean or African: Caribbean",-8,Does not apply,81
E05014090,Thamesmead Moorings,7,"Black, Black British, Black Welsh, Caribbean or African: Caribbean",1,L1 and L2: Large employers and higher managerial and administrative occupations,5
E05014090,Thamesmead Moorings,7,"Black, Black British, Black Welsh, Caribbean or African: Caribbean",2,L3: Higher professional occupations,19
E05014090,Thamesmead Moorings,7,"Black, Black British, Black Welsh, Caribbean or African: Caribbean",3,"L4, L5 and L6: Lower managerial, administrative and professional occupations",51
E05014090,Thamesmead Moorings,7,"Black, Black British, Black Welsh, Caribbean or African: Caribbean",4,L7: Intermediate occupations,60
E05014090,Thamesmead Moorings,7,"Black, Black British, Black Welsh, Caribbean or African: Caribbean",5,L8 and L9: Small employers and own account workers,27
E05014090,Thamesmead Moorings,7,"Black, Black British, Black Welsh, Caribbean or African: Caribbean",6,L10 and L11: Lower supervisory and technical occupations,9
E05014090,Thamesmead Moorings,7,"Black, Black British, Black Welsh, Caribbean or African: Caribbean",7,L12: Semi-routine occupations,48
E05014090,Thamesmead Moorings,7,"Black, Black British, Black Welsh, Caribbean or African: Caribbean",8,L13: Routine occupations,28
E05014090,Thamesmead Moorings,7,"Black, Black British, Black Welsh, Caribbean or African: Caribbean",9,L14.1: Never worked,18
E05014090,Thamesmead Moorings,7,"Black, Black British, Black Welsh, Caribbean or African: Caribbean",10,L14.2: Long-term unemployed,5
E05014090,Thamesmead Moorings,7,"Black, Black British, Black Welsh, Caribbean or African: Caribbean",11,L15: Full-time students,18
E05014090,Thamesmead Moorings,8,"Black, Black British, Black Welsh, Caribbean or African: Other Black",-8,Does not apply,455
E05014090,Thamesmead Moorings,8,"Black, Black British, Black Welsh, Caribbean or African: Other Black",1,L1 and L2: Large employers and higher managerial and administrative occupations,6
E05014090,Thamesmead Moorings,8,"Black, Black British, Black Welsh, Caribbean or African: Other Black",2,L3: Higher professional occupations,18
E05014090,Thamesmead Moorings,8,"Black, Black British, Black Welsh, Caribbean or African: Other Black",3,"L4, L5 and L6: Lower managerial, administrative and professional occupations",59
E05014090,Thamesmead Moorings,8,"Black, Black British, Black Welsh, Caribbean or African: Other Black",4,L7: Intermediate occupations,20
E05014090,Thamesmead Moorings,8,"Black, Black British, Black Welsh, Caribbean or African: Other Black",5,L8 and L9: Small employers and own account workers,22
E05014090,Thamesmead Moorings,8,"Black, Black British, Black Welsh, Caribbean or African: Other Black",6,L10 and L11: Lower supervisory and technical occupations,4
E05014090,Thamesmead Moorings,8,"Black, Black British, Black Welsh, Caribbean or African: Other Black",7,L12: Semi-routine occupations,41
E05014090,Thamesmead Moorings,8,"Black, Black British, Black Welsh, Caribbean or African: Other Black",8,L13: Routine occupations,21
E05014090,Thamesmead Moorings,8,"Black, Black British, Black Welsh, Caribbean or African: Other Black",9,L14.1: Never worked,28
E05014090,Thamesmead Moorings,8,"Black, Black British, Black Welsh, Caribbean or African: Other Black",10,L14.2: Long-term unemployed,7
E05014090,Thamesmead Moorings,8,"Black, Black British, Black Welsh, Caribbean or African: Other Black",11,L15: Full-time students,66
E05014090,Thamesmead Moorings,9,Mixed or Multiple ethnic groups: White and Asian,-8,Does not apply,48
E05014090,Thamesmead Moorings,9,Mixed or Multiple ethnic groups: White and Asian,1,L1 and L2: Large employers and higher managerial and administrative occupations,1
E05014090,Thamesmead Moorings,9,Mixed or Multiple ethnic groups: White and Asian,2,L3: Higher professional occupations,0
E05014090,Thamesmead Moorings,9,Mixed or Multiple ethnic groups: White and Asian,3,"L4, L5 and L6: Lower managerial, administrative and professional occupations",5
E05014090,Thamesmead Moorings,9,Mixed or Multiple ethnic groups: White and Asian,4,L7: Intermediate occupations,6
E05014090,Thamesmead Moorings,9,Mixed or Multiple ethnic groups: White and Asian,5,L8 and L9: Small employers and own account workers,2
E05014090,Thamesmead Moorings,9,Mixed or Multiple ethnic groups: White and Asian,6,L10 and L11: Lower supervisory and technical occupations,0
E05014090,Thamesmead Moorings,9,Mixed or Multiple ethnic groups: White and Asian,7,L12: Semi-routine occupations,2
E05014090,Thamesmead Moorings,9,Mixed or Multiple ethnic groups: White and Asian,8,L13: Routine occupations,0
E05014090,Thamesmead Moorings,9,Mixed or Multiple ethnic groups: White and Asian,9,L14.1: Never worked,6
E05014090,Thamesmead Moorings,9,Mixed or Multiple ethnic groups: White and Asian,10,L14.2: Long-term unemployed,2
E05014090,Thamesmead Moorings,9,Mixed or Multiple ethnic groups: White and Asian,11,L15: Full-time students,8
E05014090,Thamesmead Moorings,10,Mixed or Multiple ethnic groups: White and Black African,-8,Does not apply,128
E05014090,Thamesmead Moorings,10,Mixed or Multiple ethnic groups: White and Black African,1,L1 and L2: Large employers and higher managerial and administrative occupations,1
E05014090,Thamesmead Moorings,10,Mixed or Multiple ethnic groups: White and Black African,2,L3: Higher professional occupations,6
E05014090,Thamesmead Moorings,10,Mixed or Multiple ethnic groups: White and Black African,3,"L4, L5 and L6: Lower managerial, administrative and professional occupations",10
E05014090,Thamesmead Moorings,10,Mixed or Multiple ethnic groups: White and Black African,4,L7: Intermediate occupations,5
E05014090,Thamesmead Moorings,10,Mixed or Multiple ethnic groups: White and Black African,5,L8 and L9: Small employers and own account workers,10
E05014090,Thamesmead Moorings,10,Mixed or Multiple ethnic groups: White and Black African,6,L10 and L11: Lower supervisory and technical occupations,5
E05014090,Thamesmead Moorings,10,Mixed or Multiple ethnic groups: White and Black African,7,L12: Semi-routine occupations,15
E05014090,Thamesmead Moorings,10,Mixed or Multiple ethnic groups: White and Black African,8,L13: Routine occupations,9
E05014090,Thamesmead Moorings,10,Mixed or Multiple ethnic groups: White and Black African,9,L14.1: Never worked,5
E05014090,Thamesmead Moorings,10,Mixed or Multiple ethnic groups: White and Black African,10,L14.2: Long-term unemployed,2
E05014090,Thamesmead Moorings,10,Mixed or Multiple ethnic groups: White and Black African,11,L15: Full-time students,20
E05014090,Thamesmead Moorings,11,Mixed or Multiple ethnic groups: White and Black Caribbean,-8,Does not apply,64
E05014090,Thamesmead Moorings,11,Mixed or Multiple ethnic groups: White and Black Caribbean,1,L1 and L2: Large employers and higher managerial and administrative occupations,4
E05014090,Thamesmead Moorings,11,Mixed or Multiple ethnic groups: White and Black Caribbean,2,L3: Higher professional occupations,3
E05014090,Thamesmead Moorings,11,Mixed or Multiple ethnic groups: White and Black Caribbean,3,"L4, L5 and L6: Lower managerial, administrative and professional occupations",15
E05014090,Thamesmead Moorings,11,Mixed or Multiple ethnic groups: White and Black Caribbean,4,L7: Intermediate occupations,5
E05014090,Thamesmead Moorings,11,Mixed or Multiple ethnic groups: White and Black Caribbean,5,L8 and L9: Small employers and own account workers,4
E05014090,Thamesmead Moorings,11,Mixed or Multiple ethnic groups: White and Black Caribbean,6,L10 and L11: Lower supervisory and technical occupations,7
E05014090,Thamesmead Moorings,11,Mixed or Multiple ethnic groups: White and Black Caribbean,7,L12: Semi-routine occupations,9
E05014090,Thamesmead Moorings,11,Mixed or Multiple ethnic groups: White and Black Caribbean,8,L13: Routine occupations,8
E05014090,Thamesmead Moorings,11,Mixed or Multiple ethnic groups: White and Black Caribbean,9,L14.1: Never worked,12
E05014090,Thamesmead Moorings,11,Mixed or Multiple ethnic groups: White and Black Caribbean,10,L14.2: Long-term unemployed,4
E05014090,Thamesmead Moorings,11,Mixed or Multiple ethnic groups: White and Black Caribbean,11,L15: Full-time students,12
E05014090,Thamesmead Moorings,12,Mixed or Multiple ethnic groups: Other Mixed or Multiple ethnic groups,-8,Does not apply,93
E05014090,Thamesmead Moorings,12,Mixed or Multiple ethnic groups: Other Mixed or Multiple ethnic groups,1,L1 and L2: Large employers and higher managerial and administrative occupations,2
E05014090,Thamesmead Moorings,12,Mixed or Multiple ethnic groups: Other Mixed or Multiple ethnic groups,2,L3: Higher professional occupations,6
E05014090,Thamesmead Moorings,12,Mixed or Multiple ethnic groups: Other Mixed or Multiple ethnic groups,3,"L4, L5 and L6: Lower managerial, administrative and professional occupations",21
E05014090,Thamesmead Moorings,12,Mixed or Multiple ethnic groups: Other Mixed or Multiple ethnic groups,4,L7: Intermediate occupations,10
E05014090,Thamesmead Moorings,12,Mixed or Multiple ethnic groups: Other Mixed or Multiple ethnic groups,5,L8 and L9: Small employers and own account workers,13
E05014090,Thamesmead Moorings,12,Mixed or Multiple ethnic groups: Other Mixed or Multiple ethnic groups,6,L10 and L11: Lower supervisory and technical occupations,3
E05014090,Thamesmead Moorings,12,Mixed or Multiple ethnic groups: Other Mixed or Multiple ethnic groups,7,L12: Semi-routine occupations,7
E05014090,Thamesmead Moorings,12,Mixed or Multiple ethnic groups: Other Mixed or Multiple ethnic groups,8,L13: Routine occupations,6
E05014090,Thamesmead Moorings,12,Mixed or Multiple ethnic groups: Other Mixed or Multiple ethnic groups,9,L14.1: Never worked,8
E05014090,Thamesmead Moorings,12,Mixed or Multiple ethnic groups: Other Mixed or Multiple ethnic groups,10,L14.2: Long-term unemployed,3
E05014090,Thamesmead Moorings,12,Mixed or Multiple ethnic groups: Other Mixed or Multiple ethnic groups,11,L15: Full-time students,22
E05014090,Thamesmead Moorings,13,"White: English, Welsh, Scottish, Northern Irish or British",-8,Does not apply,763
E05014090,Thamesmead Moorings,13,"White: English, Welsh, Scottish, Northern Irish or British",1,L1 and L2: Large employers and higher managerial and administrative occupations,53
E05014090,Thamesmead Moorings,13,"White: English, Welsh, Scottish, Northern Irish or British",2,L3: Higher professional occupations,93
E05014090,Thamesmead Moorings,13,"White: English, Welsh, Scottish, Northern Irish or British",3,"L4, L5 and L6: Lower managerial, administrative and professional occupations",380
E05014090,Thamesmead Moorings,13,"White: English, Welsh, Scottish, Northern Irish or British",4,L7: Intermediate occupations,382
E05014090,Thamesmead Moorings,13,"White: English, Welsh, Scottish, Northern Irish or British",5,L8 and L9: Small employers and own account workers,224
E05014090,Thamesmead Moorings,13,"White: English, Welsh, Scottish, Northern Irish or British",6,L10 and L11: Lower supervisory and technical occupations,178
E05014090,Thamesmead Moorings,13,"White: English, Welsh, Scottish, Northern Irish or British",7,L12: Semi-routine occupations,452
E05014090,Thamesmead Moorings,13,"White: English, Welsh, Scottish, Northern Irish or British",8,L13: Routine occupations,458
E05014090,Thamesmead Moorings,13,"White: English, Welsh, Scottish, Northern Irish or British",9,L14.1: Never worked,365
E05014090,Thamesmead Moorings,13,"White: English, Welsh, Scottish, Northern Irish or British",10,L14.2: Long-term unemployed,63
E05014090,Thamesmead Moorings,13,"White: English, Welsh, Scottish, Northern Irish or British",11,L15: Full-time students,160
E05014090,Thamesmead Moorings,14,White: Irish,-8,Does not apply,3
E05014090,Thamesmead Moorings,14,White: Irish,1,L1 and L2: Large employers and higher managerial and administrative occupations,3
E05014090,Thamesmead Moorings,14,White: Irish,2,L3: Higher professional occupations,5
E05014090,Thamesmead Moorings,14,White: Irish,3,"L4, L5 and L6: Lower managerial, administrative and professional occupations",10
E05014090,Thamesmead Moorings,14,White: Irish,4,L7: Intermediate occupations,1
E05014090,Thamesmead Moorings,14,White: Irish,5,L8 and L9: Small employers and own account workers,3
E05014090,Thamesmead Moorings,14,White: Irish,6,L10 and L11: Lower supervisory and technical occupations,5
E05014090,Thamesmead Moorings,14,White: Irish,7,L12: Semi-routine occupations,4
E05014090,Thamesmead Moorings,14,White: Irish,8,L13: Routine occupations,5
E05014090,Thamesmead Moorings,14,White: Irish,9,L14.1: Never worked,5
E05014090,Thamesmead Moorings,14,White: Irish,10,L14.2: Long-term unemployed,2
E05014090,Thamesmead Moorings,14,White: Irish,11,L15: Full-time students,0
E05014090,Thamesmead Moorings,15,White: Gypsy or Irish Traveller,-8,Does not apply,13
E05014090,Thamesmead Moorings,15,White: Gypsy or Irish Traveller,1,L1 and L2: Large employers and higher managerial and administrative occupations,0
E05014090,Thamesmead Moorings,15,White: Gypsy or Irish Traveller,2,L3: Higher professional occupations,0
E05014090,Thamesmead Moorings,15,White: Gypsy or Irish Traveller,3,"L4, L5 and L6: Lower managerial, administrative and professional occupations",0
E05014090,Thamesmead Moorings,15,White: Gypsy or Irish Traveller,4,L7: Intermediate occupations,1
E05014090,Thamesmead Moorings,15,White: Gypsy or Irish Traveller,5,L8 and L9: Small employers and own account workers,12
E05014090,Thamesmead Moorings,15,White: Gypsy or Irish Traveller,6,L10 and L11: Lower supervisory and technical occupations,2
E05014090,Thamesmead Moorings,15,White: Gypsy or Irish Traveller,7,L12: Semi-routine occupations,3
E05014090,Thamesmead Moorings,15,White: Gypsy or Irish Traveller,8,L13: Routine occupations,1
E05014090,Thamesmead Moorings,15,White: Gypsy or Irish Traveller,9,L14.1: Never worked,10
E05014090,Thamesmead Moorings,15,White: Gypsy or Irish Traveller,10,L14.2: Long-term unemployed,0
E05014090,Thamesmead Moorings,15,White: Gypsy or Irish Traveller,11,L15: Full-time students,6
E05014090,Thamesmead Moorings,16,White: Roma,-8,Does not apply,2
E05014090,Thamesmead Moorings,16,White: Roma,1,L1 and L2: Large employers and higher managerial and administrative occupations,0
E05014090,Thamesmead Moorings,16,White: Roma,2,L3: Higher professional occupations,0
E05014090,Thamesmead Moorings,16,White: Roma,3,"L4, L5 and L6: Lower managerial, administrative and professional occupations",1
E05014090,Thamesmead Moorings,16,White: Roma,4,L7: Intermediate occupations,0
E05014090,Thamesmead Moorings,16,White: Roma,5,L8 and L9: Small employers and own account workers,8
E05014090,Thamesmead Moorings,16,White: Roma,6,L10 and L11: Lower supervisory and technical occupations,1
E05014090,Thamesmead Moorings,16,White: Roma,7,L12: Semi-routine occupations,0
E05014090,Thamesmead Moorings,16,White: Roma,8,L13: Routine occupations,0
E05014090,Thamesmead Moorings,16,White: Roma,9,L14.1: Never worked,3
E05014090,Thamesmead Moorings,16,White: Roma,10,L14.2: Long-term unemployed,0
E05014090,Thamesmead Moorings,16,White: Roma,11,L15: Full-time students,4
E05014090,Thamesmead Moorings,17,White: Other White,-8,Does not apply,159
E05014090,Thamesmead Moorings,17,White: Other White,1,L1 and L2: Large employers and higher managerial and administrative occupations,25
E05014090,Thamesmead Moorings,17,White: Other White,2,L3: Higher professional occupations,48
E05014090,Thamesmead Moorings,17,White: Other White,3,"L4, L5 and L6: Lower managerial, administrative and professional occupations",125
E05014090,Thamesmead Moorings,17,White: Other White,4,L7: Intermediate occupations,70
E05014090,Thamesmead Moorings,17,White: Other White,5,L8 and L9: Small employers and own account workers,168
E05014090,Thamesmead Moorings,17,White: Other White,6,L10 and L11: Lower supervisory and technical occupations,41
E05014090,Thamesmead Moorings,17,White: Other White,7,L12: Semi-routine occupations,106
E05014090,Thamesmead Moorings,17,White: Other White,8,L13: Routine occupations,110
E05014090,Thamesmead Moorings,17,White: Other White,9,L14.1: Never worked,53
E05014090,Thamesmead Moorings,17,White: Other White,10,L14.2: Long-term unemployed,17
E05014090,Thamesmead Moorings,17,White: Other White,11,L15: Full-time students,91
E05014090,Thamesmead Moorings,18,Other ethnic group: Arab,-8,Does not apply,11
E05014090,Thamesmead Moorings,18,Other ethnic group: Arab,1,L1 and L2: Large employers and higher managerial and administrative occupations,1
E05014090,Thamesmead Moorings,18,Other ethnic group: Arab,2,L3: Higher professional occupations,1
E05014090,Thamesmead Moorings,18,Other ethnic group: Arab,3,"L4, L5 and L6: Lower managerial, administrative and professional occupations",5
E05014090,Thamesmead Moorings,18,Other ethnic group: Arab,4,L7: Intermediate occupations,2
E05014090,Thamesmead Moorings,18,Other ethnic group: Arab,5,L8 and L9: Small employers and own account workers,4
E05014090,Thamesmead Moorings,18,Other ethnic group: Arab,6,L10 and L11: Lower supervisory and technical occupations,3
E05014090,Thamesmead Moorings,18,Other ethnic group: Arab,7,L12: Semi-routine occupations,4
E05014090,Thamesmead Moorings,18,Other ethnic group: Arab,8,L13: Routine occupations,3
E05014090,Thamesmead Moorings,18,Other ethnic group: Arab,9,L14.1: Never worked,11
E05014090,Thamesmead Moorings,18,Other ethnic group: Arab,10,L14.2: Long-term unemployed,1
E05014090,Thamesmead Moorings,18,Other ethnic group: Arab,11,L15: Full-time students,4
E05014090,Thamesmead Moorings,19,Other ethnic group: Any other ethnic group,-8,Does not apply,77
E05014090,Thamesmead Moorings,19,Other ethnic group: Any other ethnic group,1,L1 and L2: Large employers and higher managerial and administrative occupations,6
E05014090,Thamesmead Moorings,19,Other ethnic group: Any other ethnic group,2,L3: Higher professional occupations,21
E05014090,Thamesmead Moorings,19,Other ethnic group: Any other ethnic group,3,"L4, L5 and L6: Lower managerial, administrative and professional occupations",48
E05014090,Thamesmead Moorings,19,Other ethnic group: Any other ethnic group,4,L7: Intermediate occupations,21
E05014090,Thamesmead Moorings,19,Other ethnic group: Any other ethnic group,5,L8 and L9: Small employers and own account workers,32
E05014090,Thamesmead Moorings,19,Other ethnic group: Any other ethnic group,6,L10 and L11: Lower supervisory and technical occupations,14
E05014090,Thamesmead Moorings,19,Other ethnic group: Any other ethnic group,7,L12: Semi-routine occupations,48
E05014090,Thamesmead Moorings,19,Other ethnic group: Any other ethnic group,8,L13: Routine occupations,46
E05014090,Thamesmead Moorings,19,Other ethnic group: Any other ethnic group,9,L14.1: Never worked,42
E05014090,Thamesmead Moorings,19,Other ethnic group: Any other ethnic group,10,L14.2: Long-term unemployed,2
E05014090,Thamesmead Moorings,19,Other ethnic group: Any other ethnic group,11,L15: Full-time students,49
E05014091,West Thamesmead,-8,Does not apply,-8,Does not apply,0
E05014091,West Thamesmead,-8,Does not apply,1,L1 and L2: Large employers and higher managerial and administrative occupations,0
E05014091,West Thamesmead,-8,Does not apply,2,L3: Higher professional occupations,0
E05014091,West Thamesmead,-8,Does not apply,3,"L4, L5 and L6: Lower managerial, administrative and professional occupations",0
E05014091,West Thamesmead,-8,Does not apply,4,L7: Intermediate occupations,0
E05014091,West Thamesmead,-8,Does not apply,5,L8 and L9: Small employers and own account workers,0
E05014091,West Thamesmead,-8,Does not apply,6,L10 and L11: Lower supervisory and technical occupations,0
E05014091,West Thamesmead,-8,Does not apply,7,L12: Semi-routine occupations,0
E05014091,West Thamesmead,-8,Does not apply,8,L13: Routine occupations,0
E05014091,West Thamesmead,-8,Does not apply,9,L14.1: Never worked,0
E05014091,West Thamesmead,-8,Does not apply,10,L14.2: Long-term unemployed,0
E05014091,West Thamesmead,-8,Does not apply,11,L15: Full-time students,0
E05014091,West Thamesmead,1,"Asian, Asian British or Asian Welsh: Bangladeshi",-8,Does not apply,46
E05014091,West Thamesmead,1,"Asian, Asian British or Asian Welsh: Bangladeshi",1,L1 and L2: Large employers and higher managerial and administrative occupations,5
E05014091,West Thamesmead,1,"Asian, Asian British or Asian Welsh: Bangladeshi",2,L3: Higher professional occupations,14
E05014091,West Thamesmead,1,"Asian, Asian British or Asian Welsh: Bangladeshi",3,"L4, L5 and L6: Lower managerial, administrative and professional occupations",16
E05014091,West Thamesmead,1,"Asian, Asian British or Asian Welsh: Bangladeshi",4,L7: Intermediate occupations,8
E05014091,West Thamesmead,1,"Asian, Asian British or Asian Welsh: Bangladeshi",5,L8 and L9: Small employers and own account workers,16
E05014091,West Thamesmead,1,"Asian, Asian British or Asian Welsh: Bangladeshi",6,L10 and L11: Lower supervisory and technical occupations,9
E05014091,West Thamesmead,1,"Asian, Asian British or Asian Welsh: Bangladeshi",7,L12: Semi-routine occupations,26
E05014091,West Thamesmead,1,"Asian, Asian British or Asian Welsh: Bangladeshi",8,L13: Routine occupations,12
E05014091,West Thamesmead,1,"Asian, Asian British or Asian Welsh: Bangladeshi",9,L14.1: Never worked,17
E05014091,West Thamesmead,1,"Asian, Asian British or Asian Welsh: Bangladeshi",10,L14.2: Long-term unemployed,3
E05014091,West Thamesmead,1,"Asian, Asian British or Asian Welsh: Bangladeshi",11,L15: Full-time students,13
E05014091,West Thamesmead,2,"Asian, Asian British or Asian Welsh: Chinese",-8,Does not apply,62
E05014091,West Thamesmead,2,"Asian, Asian British or Asian Welsh: Chinese",1,L1 and L2: Large employers and higher managerial and administrative occupations,9
E05014091,West Thamesmead,2,"Asian, Asian British or Asian Welsh: Chinese",2,L3: Higher professional occupations,32
E05014091,West Thamesmead,2,"Asian, Asian British or Asian Welsh: Chinese",3,"L4, L5 and L6: Lower managerial, administrative and professional occupations",43
E05014091,West Thamesmead,2,"Asian, Asian British or Asian Welsh: Chinese",4,L7: Intermediate occupations,19
E05014091,West Thamesmead,2,"Asian, Asian British or Asian Welsh: Chinese",5,L8 and L9: Small employers and own account workers,30
E05014091,West Thamesmead,2,"Asian, Asian British or Asian Welsh: Chinese",6,L10 and L11: Lower supervisory and technical occupations,21
E05014091,West Thamesmead,2,"Asian, Asian British or Asian Welsh: Chinese",7,L12: Semi-routine occupations,19
E05014091,West Thamesmead,2,"Asian, Asian British or Asian Welsh: Chinese",8,L13: Routine occupations,27
E05014091,West Thamesmead,2,"Asian, Asian British or Asian Welsh: Chinese",9,L14.1: Never worked,19
E05014091,West Thamesmead,2,"Asian, Asian British or Asian Welsh: Chinese",10,L14.2: Long-term unemployed,5
E05014091,West Thamesmead,2,"Asian, Asian British or Asian Welsh: Chinese",11,L15: Full-time students,12
E05014091,West Thamesmead,3,"Asian, Asian British or Asian Welsh: Indian",-8,Does not apply,42
E05014091,West Thamesmead,3,"Asian, Asian British or Asian Welsh: Indian",1,L1 and L2: Large employers and higher managerial and administrative occupations,15
E05014091,West Thamesmead,3,"Asian, Asian British or Asian Welsh: Indian",2,L3: Higher professional occupations,59
E05014091,West Thamesmead,3,"Asian, Asian British or Asian Welsh: Indian",3,"L4, L5 and L6: Lower managerial, administrative and professional occupations",51
E05014091,West Thamesmead,3,"Asian, Asian British or Asian Welsh: Indian",4,L7: Intermediate occupations,21
E05014091,West Thamesmead,3,"Asian, Asian British or Asian Welsh: Indian",5,L8 and L9: Small employers and own account workers,14
E05014091,West Thamesmead,3,"Asian, Asian British or Asian Welsh: Indian",6,L10 and L11: Lower supervisory and technical occupations,9
E05014091,West Thamesmead,3,"Asian, Asian British or Asian Welsh: Indian",7,L12: Semi-routine occupations,17
E05014091,West Thamesmead,3,"Asian, Asian British or Asian Welsh: Indian",8,L13: Routine occupations,18
E05014091,West Thamesmead,3,"Asian, Asian British or Asian Welsh: Indian",9,L14.1: Never worked,26
E05014091,West Thamesmead,3,"Asian, Asian British or Asian Welsh: Indian",10,L14.2: Long-term unemployed,4
E05014091,West Thamesmead,3,"Asian, Asian British or Asian Welsh: Indian",11,L15: Full-time students,8
E05014091,West Thamesmead,4,"Asian, Asian British or Asian Welsh: Pakistani",-8,Does not apply,42
E05014091,West Thamesmead,4,"Asian, Asian British or Asian Welsh: Pakistani",1,L1 and L2: Large employers and higher managerial and administrative occupations,5
E05014091,West Thamesmead,4,"Asian, Asian British or Asian Welsh: Pakistani",2,L3: Higher professional occupations,15
E05014091,West Thamesmead,4,"Asian, Asian British or Asian Welsh: Pakistani",3,"L4, L5 and L6: Lower managerial, administrative and professional occupations",16
E05014091,West Thamesmead,4,"Asian, Asian British or Asian Welsh: Pakistani",4,L7: Intermediate occupations,8
E05014091,West Thamesmead,4,"Asian, Asian British or Asian Welsh: Pakistani",5,L8 and L9: Small employers and own account workers,9
E05014091,West Thamesmead,4,"Asian, Asian British or Asian Welsh: Pakistani",6,L10 and L11: Lower supervisory and technical occupations,4
E05014091,West Thamesmead,4,"Asian, Asian British or Asian Welsh: Pakistani",7,L12: Semi-routine occupations,12
E05014091,West Thamesmead,4,"Asian, Asian British or Asian Welsh: Pakistani",8,L13: Routine occupations,4
E05014091,West Thamesmead,4,"Asian, Asian British or Asian Welsh: Pakistani",9,L14.1: Never worked,14
E05014091,West Thamesmead,4,"Asian, Asian British or Asian Welsh: Pakistani",10,L14.2: Long-term unemployed,4
E05014091,West Thamesmead,4,"Asian, Asian British or Asian Welsh: Pakistani",11,L15: Full-time students,14
E05014091,West Thamesmead,5,"Asian, Asian British or Asian Welsh: Other Asian",-8,Does not apply,68
E05014091,West Thamesmead,5,"Asian, Asian British or Asian Welsh: Other Asian",1,L1 and L2: Large employers and higher managerial and administrative occupations,11
E05014091,West Thamesmead,5,"Asian, Asian British or Asian Welsh: Other Asian",2,L3: Higher professional occupations,28
E05014091,West Thamesmead,5,"Asian, Asian British or Asian Welsh: Other Asian",3,"L4, L5 and L6: Lower managerial, administrative and professional occupations",47
E05014091,West Thamesmead,5,"Asian, Asian British or Asian Welsh: Other Asian",4,L7: Intermediate occupations,16
E05014091,West Thamesmead,5,"Asian, Asian British or Asian Welsh: Other Asian",5,L8 and L9: Small employers and own account workers,18
E05014091,West Thamesmead,5,"Asian, Asian British or Asian Welsh: Other Asian",6,L10 and L11: Lower supervisory and technical occupations,20
E05014091,West Thamesmead,5,"Asian, Asian British or Asian Welsh: Other Asian",7,L12: Semi-routine occupations,43
E05014091,West Thamesmead,5,"Asian, Asian British or Asian Welsh: Other Asian",8,L13: Routine occupations,47
E05014091,West Thamesmead,5,"Asian, Asian British or Asian Welsh: Other Asian",9,L14.1: Never worked,48
E05014091,West Thamesmead,5,"Asian, Asian British or Asian Welsh: Other Asian",10,L14.2: Long-term unemployed,4
E05014091,West Thamesmead,5,"Asian, Asian British or Asian Welsh: Other Asian",11,L15: Full-time students,20
E05014091,West Thamesmead,6,"Black, Black British, Black Welsh, Caribbean or African: African",-8,Does not apply,902
E05014091,West Thamesmead,6,"Black, Black British, Black Welsh, Caribbean or African: African",1,L1 and L2: Large employers and higher managerial and administrative occupations,59
E05014091,West Thamesmead,6,"Black, Black British, Black Welsh, Caribbean or African: African",2,L3: Higher professional occupations,175
E05014091,West Thamesmead,6,"Black, Black British, Black Welsh, Caribbean or African: African",3,"L4, L5 and L6: Lower managerial, administrative and professional occupations",508
E05014091,West Thamesmead,6,"Black, Black British, Black Welsh, Caribbean or African: African",4,L7: Intermediate occupations,256
E05014091,West Thamesmead,6,"Black, Black British, Black Welsh, Caribbean or African: African",5,L8 and L9: Small employers and own account workers,212
E05014091,West Thamesmead,6,"Black, Black British, Black Welsh, Caribbean or African: African",6,L10 and L11: Lower supervisory and technical occupations,85
E05014091,West Thamesmead,6,"Black, Black British, Black Welsh, Caribbean or African: African",7,L12: Semi-routine occupations,337
E05014091,West Thamesmead,6,"Black, Black British, Black Welsh, Caribbean or African: African",8,L13: Routine occupations,162
E05014091,West Thamesmead,6,"Black, Black British, Black Welsh, Caribbean or African: African",9,L14.1: Never worked,217
E05014091,West Thamesmead,6,"Black, Black British, Black Welsh, Caribbean or African: African",10,L14.2: Long-term unemployed,69
E05014091,West Thamesmead,6,"Black, Black British, Black Welsh, Caribbean or African: African",11,L15: Full-time students,378
E05014091,West Thamesmead,7,"Black, Black British, Black Welsh, Caribbean or African: Caribbean",-8,Does not apply,60
E05014091,West Thamesmead,7,"Black, Black British, Black Welsh, Caribbean or African: Caribbean",1,L1 and L2: Large employers and higher managerial and administrative occupations,5
E05014091,West Thamesmead,7,"Black, Black British, Black Welsh, Caribbean or African: Caribbean",2,L3: Higher professional occupations,42
E05014091,West Thamesmead,7,"Black, Black British, Black Welsh, Caribbean or African: Caribbean",3,"L4, L5 and L6: Lower managerial, administrative and professional occupations",67
E05014091,West Thamesmead,7,"Black, Black British, Black Welsh, Caribbean or African: Caribbean",4,L7: Intermediate occupations,43
E05014091,West Thamesmead,7,"Black, Black British, Black Welsh, Caribbean or African: Caribbean",5,L8 and L9: Small employers and own account workers,40
E05014091,West Thamesmead,7,"Black, Black British, Black Welsh, Caribbean or African: Caribbean",6,L10 and L11: Lower supervisory and technical occupations,20
E05014091,West Thamesmead,7,"Black, Black British, Black Welsh, Caribbean or African: Caribbean",7,L12: Semi-routine occupations,52
E05014091,West Thamesmead,7,"Black, Black British, Black Welsh, Caribbean or African: Caribbean",8,L13: Routine occupations,65
E05014091,West Thamesmead,7,"Black, Black British, Black Welsh, Caribbean or African: Caribbean",9,L14.1: Never worked,85
E05014091,West Thamesmead,7,"Black, Black British, Black Welsh, Caribbean or African: Caribbean",10,L14.2: Long-term unemployed,10
E05014091,West Thamesmead,7,"Black, Black British, Black Welsh, Caribbean or African: Caribbean",11,L15: Full-time students,22
E05014091,West Thamesmead,8,"Black, Black British, Black Welsh, Caribbean or African: Other Black",-8,Does not apply,289
E05014091,West Thamesmead,8,"Black, Black British, Black Welsh, Caribbean or African: Other Black",1,L1 and L2: Large employers and higher managerial and administrative occupations,3
E05014091,West Thamesmead,8,"Black, Black British, Black Welsh, Caribbean or African: Other Black",2,L3: Higher professional occupations,20
E05014091,West Thamesmead,8,"Black, Black British, Black Welsh, Caribbean or African: Other Black",3,"L4, L5 and L6: Lower managerial, administrative and professional occupations",42
E05014091,West Thamesmead,8,"Black, Black British, Black Welsh, Caribbean or African: Other Black",4,L7: Intermediate occupations,19
E05014091,West Thamesmead,8,"Black, Black British, Black Welsh, Caribbean or African: Other Black",5,L8 and L9: Small employers and own account workers,23
E05014091,West Thamesmead,8,"Black, Black British, Black Welsh, Caribbean or African: Other Black",6,L10 and L11: Lower supervisory and technical occupations,18
E05014091,West Thamesmead,8,"Black, Black British, Black Welsh, Caribbean or African: Other Black",7,L12: Semi-routine occupations,34
E05014091,West Thamesmead,8,"Black, Black British, Black Welsh, Caribbean or African: Other Black",8,L13: Routine occupations,22
E05014091,West Thamesmead,8,"Black, Black British, Black Welsh, Caribbean or African: Other Black",9,L14.1: Never worked,51
E05014091,West Thamesmead,8,"Black, Black British, Black Welsh, Caribbean or African: Other Black",10,L14.2: Long-term unemployed,6
E05014091,West Thamesmead,8,"Black, Black British, Black Welsh, Caribbean or African: Other Black",11,L15: Full-time students,49
E05014091,West Thamesmead,9,Mixed or Multiple ethnic groups: White and Asian,-8,Does not apply,29
E05014091,West Thamesmead,9,Mixed or Multiple ethnic groups: White and Asian,1,L1 and L2: Large employers and higher managerial and administrative occupations,2
E05014091,West Thamesmead,9,Mixed or Multiple ethnic groups: White and Asian,2,L3: Higher professional occupations,2
E05014091,West Thamesmead,9,Mixed or Multiple ethnic groups: White and Asian,3,"L4, L5 and L6: Lower managerial, administrative and professional occupations",4
E05014091,West Thamesmead,9,Mixed or Multiple ethnic groups: White and Asian,4,L7: Intermediate occupations,7
E05014091,West Thamesmead,9,Mixed or Multiple ethnic groups: White and Asian,5,L8 and L9: Small employers and own account workers,5
E05014091,West Thamesmead,9,Mixed or Multiple ethnic groups: White and Asian,6,L10 and L11: Lower supervisory and technical occupations,0
E05014091,West Thamesmead,9,Mixed or Multiple ethnic groups: White and Asian,7,L12: Semi-routine occupations,4
E05014091,West Thamesmead,9,Mixed or Multiple ethnic groups: White and Asian,8,L13: Routine occupations,7
E05014091,West Thamesmead,9,Mixed or Multiple ethnic groups: White and Asian,9,L14.1: Never worked,0
E05014091,West Thamesmead,9,Mixed or Multiple ethnic groups: White and Asian,10,L14.2: Long-term unemployed,1
E05014091,West Thamesmead,9,Mixed or Multiple ethnic groups: White and Asian,11,L15: Full-time students,6
E05014091,West Thamesmead,10,Mixed or Multiple ethnic groups: White and Black African,-8,Does not apply,109
E05014091,West Thamesmead,10,Mixed or Multiple ethnic groups: White and Black African,1,L1 and L2: Large employers and higher managerial and administrative occupations,3
E05014091,West Thamesmead,10,Mixed or Multiple ethnic groups: White and Black African,2,L3: Higher professional occupations,8
E05014091,West Thamesmead,10,Mixed or Multiple ethnic groups: White and Black African,3,"L4, L5 and L6: Lower managerial, administrative and professional occupations",9
E05014091,West Thamesmead,10,Mixed or Multiple ethnic groups: White and Black African,4,L7: Intermediate occupations,12
E05014091,West Thamesmead,10,Mixed or Multiple ethnic groups: White and Black African,5,L8 and L9: Small employers and own account workers,15
E05014091,West Thamesmead,10,Mixed or Multiple ethnic groups: White and Black African,6,L10 and L11: Lower supervisory and technical occupations,1
E05014091,West Thamesmead,10,Mixed or Multiple ethnic groups: White and Black African,7,L12: Semi-routine occupations,7
E05014091,West Thamesmead,10,Mixed or Multiple ethnic groups: White and Black African,8,L13: Routine occupations,18
E05014091,West Thamesmead,10,Mixed or Multiple ethnic groups: White and Black African,9,L14.1: Never worked,22
E05014091,West Thamesmead,10,Mixed or Multiple ethnic groups: White and Black African,10,L14.2: Long-term unemployed,11
E05014091,West Thamesmead,10,Mixed or Multiple ethnic groups: White and Black African,11,L15: Full-time students,14
E05014091,West Thamesmead,11,Mixed or Multiple ethnic groups: White and Black Caribbean,-8,Does not apply,174
E05014091,West Thamesmead,11,Mixed or Multiple ethnic groups: White and Black Caribbean,1,L1 and L2: Large employers and higher managerial and administrative occupations,7
E05014091,West Thamesmead,11,Mixed or Multiple ethnic groups: White and Black Caribbean,2,L3: Higher professional occupations,3
E05014091,West Thamesmead,11,Mixed or Multiple ethnic groups: White and Black Caribbean,3,"L4, L5 and L6: Lower managerial, administrative and professional occupations",20
E05014091,West Thamesmead,11,Mixed or Multiple ethnic groups: White and Black Caribbean,4,L7: Intermediate occupations,24
E05014091,West Thamesmead,11,Mixed or Multiple ethnic groups: White and Black Caribbean,5,L8 and L9: Small employers and own account workers,17
E05014091,West Thamesmead,11,Mixed or Multiple ethnic groups: White and Black Caribbean,6,L10 and L11: Lower supervisory and technical occupations,12
E05014091,West Thamesmead,11,Mixed or Multiple ethnic groups: White and Black Caribbean,7,L12: Semi-routine occupations,48
E05014091,West Thamesmead,11,Mixed or Multiple ethnic groups: White and Black Caribbean,8,L13: Routine occupations,74
E05014091,West Thamesmead,11,Mixed or Multiple ethnic groups: White and Black Caribbean,9,L14.1: Never worked,75
E05014091,West Thamesmead,11,Mixed or Multiple ethnic groups: White and Black Caribbean,10,L14.2: Long-term unemployed,14
E05014091,West Thamesmead,11,Mixed or Multiple ethnic groups: White and Black Caribbean,11,L15: Full-time students,9
E05014091,West Thamesmead,12,Mixed or Multiple ethnic groups: Other Mixed or Multiple ethnic groups,-8,Does not apply,73
E05014091,West Thamesmead,12,Mixed or Multiple ethnic groups: Other Mixed or Multiple ethnic groups,1,L1 and L2: Large employers and higher managerial and administrative occupations,3
E05014091,West Thamesmead,12,Mixed or Multiple ethnic groups: Other Mixed or Multiple ethnic groups,2,L3: Higher professional occupations,6
E05014091,West Thamesmead,12,Mixed or Multiple ethnic groups: Other Mixed or Multiple ethnic groups,3,"L4, L5 and L6: Lower managerial, administrative and professional occupations",45
E05014091,West Thamesmead,12,Mixed or Multiple ethnic groups: Other Mixed or Multiple ethnic groups,4,L7: Intermediate occupations,21
E05014091,West Thamesmead,12,Mixed or Multiple ethnic groups: Other Mixed or Multiple ethnic groups,5,L8 and L9: Small employers and own account workers,9
E05014091,West Thamesmead,12,Mixed or Multiple ethnic groups: Other Mixed or Multiple ethnic groups,6,L10 and L11: Lower supervisory and technical occupations,4
E05014091,West Thamesmead,12,Mixed or Multiple ethnic groups: Other Mixed or Multiple ethnic groups,7,L12: Semi-routine occupations,22
E05014091,West Thamesmead,12,Mixed or Multiple ethnic groups: Other Mixed or Multiple ethnic groups,8,L13: Routine occupations,22
E05014091,West Thamesmead,12,Mixed or Multiple ethnic groups: Other Mixed or Multiple ethnic groups,9,L14.1: Never worked,18
E05014091,West Thamesmead,12,Mixed or Multiple ethnic groups: Other Mixed or Multiple ethnic groups,10,L14.2: Long-term unemployed,2
E05014091,West Thamesmead,12,Mixed or Multiple ethnic groups: Other Mixed or Multiple ethnic groups,11,L15: Full-time students,11
E05014091,West Thamesmead,13,"White: English, Welsh, Scottish, Northern Irish or British",-8,Does not apply,450
E05014091,West Thamesmead,13,"White: English, Welsh, Scottish, Northern Irish or British",1,L1 and L2: Large employers and higher managerial and administrative occupations,73
E05014091,West Thamesmead,13,"White: English, Welsh, Scottish, Northern Irish or British",2,L3: Higher professional occupations,161
E05014091,West Thamesmead,13,"White: English, Welsh, Scottish, Northern Irish or British",3,"L4, L5 and L6: Lower managerial, administrative and professional occupations",390
E05014091,West Thamesmead,13,"White: English, Welsh, Scottish, Northern Irish or British",4,L7: Intermediate occupations,267
E05014091,West Thamesmead,13,"White: English, Welsh, Scottish, Northern Irish or British",5,L8 and L9: Small employers and own account workers,251
E05014091,West Thamesmead,13,"White: English, Welsh, Scottish, Northern Irish or British",6,L10 and L11: Lower supervisory and technical occupations,123
E05014091,West Thamesmead,13,"White: English, Welsh, Scottish, Northern Irish or British",7,L12: Semi-routine occupations,259
E05014091,West Thamesmead,13,"White: English, Welsh, Scottish, Northern Irish or British",8,L13: Routine occupations,385
E05014091,West Thamesmead,13,"White: English, Welsh, Scottish, Northern Irish or British",9,L14.1: Never worked,352
E05014091,West Thamesmead,13,"White: English, Welsh, Scottish, Northern Irish or British",10,L14.2: Long-term unemployed,86
E05014091,West Thamesmead,13,"White: English, Welsh, Scottish, Northern Irish or British",11,L15: Full-time students,80
E05014091,West Thamesmead,14,White: Irish,-8,Does not apply,4
E05014091,West Thamesmead,14,White: Irish,1,L1 and L2: Large employers and higher managerial and administrative occupations,14
E05014091,West Thamesmead,14,White: Irish,2,L3: Higher professional occupations,8
E05014091,West Thamesmead,14,White: Irish,3,"L4, L5 and L6: Lower managerial, administrative and professional occupations",22
E05014091,West Thamesmead,14,White: Irish,4,L7: Intermediate occupations,6
E05014091,West Thamesmead,14,White: Irish,5,L8 and L9: Small employers and own account workers,17
E05014091,West Thamesmead,14,White: Irish,6,L10 and L11: Lower supervisory and technical occupations,2
E05014091,West Thamesmead,14,White: Irish,7,L12: Semi-routine occupations,12
E05014091,West Thamesmead,14,White: Irish,8,L13: Routine occupations,14
E05014091,West Thamesmead,14,White: Irish,9,L14.1: Never worked,16
E05014091,West Thamesmead,14,White: Irish,10,L14.2: Long-term unemployed,2
E05014091,West Thamesmead,14,White: Irish,11,L15: Full-time students,2
E05014091,West Thamesmead,15,White: Gypsy or Irish Traveller,-8,Does not apply,0
E05014091,West Thamesmead,15,White: Gypsy or Irish Traveller,1,L1 and L2: Large employers and higher managerial and administrative occupations,0
E05014091,West Thamesmead,15,White: Gypsy or Irish Traveller,2,L3: Higher professional occupations,0
E05014091,West Thamesmead,15,White: Gypsy or Irish Traveller,3,"L4, L5 and L6: Lower managerial, administrative and professional occupations",1
E05014091,West Thamesmead,15,White: Gypsy or Irish Traveller,4,L7: Intermediate occupations,0
E05014091,West Thamesmead,15,White: Gypsy or Irish Traveller,5,L8 and L9: Small employers and own account workers,12
E05014091,West Thamesmead,15,White: Gypsy or Irish Traveller,6,L10 and L11: Lower supervisory and technical occupations,1
E05014091,West Thamesmead,15,White: Gypsy or Irish Traveller,7,L12: Semi-routine occupations,2
E05014091,West Thamesmead,15,White: Gypsy or Irish Traveller,8,L13: Routine occupations,1
E05014091,West Thamesmead,15,White: Gypsy or Irish Traveller,9,L14.1: Never worked,7
E05014091,West Thamesmead,15,White: Gypsy or Irish Traveller,10,L14.2: Long-term unemployed,0
E05014091,West Thamesmead,15,White: Gypsy or Irish Traveller,11,L15: Full-time students,0
E05014091,West Thamesmead,16,White: Roma,-8,Does not apply,11
E05014091,West Thamesmead,16,White: Roma,1,L1 and L2: Large employers and higher managerial and administrative occupations,0
E05014091,West Thamesmead,16,White: Roma,2,L3: Higher professional occupations,3
E05014091,West Thamesmead,16,White: Roma,3,"L4, L5 and L6: Lower managerial, administrative and professional occupations",3
E05014091,West Thamesmead,16,White: Roma,4,L7: Intermediate occupations,2
E05014091,West Thamesmead,16,White: Roma,5,L8 and L9: Small employers and own account workers,15
E05014091,West Thamesmead,16,White: Roma,6,L10 and L11: Lower supervisory and technical occupations,6
E05014091,West Thamesmead,16,White: Roma,7,L12: Semi-routine occupations,3
E05014091,West Thamesmead,16,White: Roma,8,L13: Routine occupations,9
E05014091,West Thamesmead,16,White: Roma,9,L14.1: Never worked,5
E05014091,West Thamesmead,16,White: Roma,10,L14.2: Long-term unemployed,0
E05014091,West Thamesmead,16,White: Roma,11,L15: Full-time students,2
E05014091,West Thamesmead,17,White: Other White,-8,Does not apply,220
E05014091,West Thamesmead,17,White: Other White,1,L1 and L2: Large employers and higher managerial and administrative occupations,50
E05014091,West Thamesmead,17,White: Other White,2,L3: Higher professional occupations,120
E05014091,West Thamesmead,17,White: Other White,3,"L4, L5 and L6: Lower managerial, administrative and professional occupations",233
E05014091,West Thamesmead,17,White: Other White,4,L7: Intermediate occupations,108
E05014091,West Thamesmead,17,White: Other White,5,L8 and L9: Small employers and own account workers,299
E05014091,West Thamesmead,17,White: Other White,6,L10 and L11: Lower supervisory and technical occupations,67
E05014091,West Thamesmead,17,White: Other White,7,L12: Semi-routine occupations,121
E05014091,West Thamesmead,17,White: Other White,8,L13: Routine occupations,195
E05014091,West Thamesmead,17,White: Other White,9,L14.1: Never worked,40
E05014091,West Thamesmead,17,White: Other White,10,L14.2: Long-term unemployed,26
E05014091,West Thamesmead,17,White: Other White,11,L15: Full-time students,97
E05014091,West Thamesmead,18,Other ethnic group: Arab,-8,Does not apply,12
E05014091,West Thamesmead,18,Other ethnic group: Arab,1,L1 and L2: Large employers and higher managerial and administrative occupations,1
E05014091,West Thamesmead,18,Other ethnic group: Arab,2,L3: Higher professional occupations,5
E05014091,West Thamesmead,18,Other ethnic group: Arab,3,"L4, L5 and L6: Lower managerial, administrative and professional occupations",14
E05014091,West Thamesmead,18,Other ethnic group: Arab,4,L7: Intermediate occupations,5
E05014091,West Thamesmead,18,Other ethnic group: Arab,5,L8 and L9: Small employers and own account workers,2
E05014091,West Thamesmead,18,Other ethnic group: Arab,6,L10 and L11: Lower supervisory and technical occupations,3
E05014091,West Thamesmead,18,Other ethnic group: Arab,7,L12: Semi-routine occupations,2
E05014091,West Thamesmead,18,Other ethnic group: Arab,8,L13: Routine occupations,2
E05014091,West Thamesmead,18,Other ethnic group: Arab,9,L14.1: Never worked,6
E05014091,West Thamesmead,18,Other ethnic group: Arab,10,L14.2: Long-term unemployed,1
E05014091,West Thamesmead,18,Other ethnic group: Arab,11,L15: Full-time students,4
E05014091,West Thamesmead,19,Other ethnic group: Any other ethnic group,-8,Does not apply,44
E05014091,West Thamesmead,19,Other ethnic group: Any other ethnic group,1,L1 and L2: Large employers and higher managerial and administrative occupations,5
E05014091,West Thamesmead,19,Other ethnic group: Any other ethnic group,2,L3: Higher professional occupations,16
E05014091,West Thamesmead,19,Other ethnic group: Any other ethnic group,3,"L4, L5 and L6: Lower managerial, administrative and professional occupations",32
E05014091,West Thamesmead,19,Other ethnic group: Any other ethnic group,4,L7: Intermediate occupations,15
E05014091,West Thamesmead,19,Other ethnic group: Any other ethnic group,5,L8 and L9: Small employers and own account workers,50
E05014091,West Thamesmead,19,Other ethnic group: Any other ethnic group,6,L10 and L11: Lower supervisory and technical occupations,15
E05014091,West Thamesmead,19,Other ethnic group: Any other ethnic group,7,L12: Semi-routine occupations,40
E05014091,West Thamesmead,19,Other ethnic group: Any other ethnic group,8,L13: Routine occupations,56
E05014091,West Thamesmead,19,Other ethnic group: Any other ethnic group,9,L14.1: Never worked,58
E05014091,West Thamesmead,19,Other ethnic group: Any other ethnic group,10,L14.2: Long-term unemployed,4
E05014091,West Thamesmead,19,Other ethnic group: Any other ethnic group,11,L15: Full-time students,21
E05014092,Woolwich Arsenal,-8,Does not apply,-8,Does not apply,0
E05014092,Woolwich Arsenal,-8,Does not apply,1,L1 and L2: Large employers and higher managerial and administrative occupations,0
E05014092,Woolwich Arsenal,-8,Does not apply,2,L3: Higher professional occupations,0
E05014092,Woolwich Arsenal,-8,Does not apply,3,"L4, L5 and L6: Lower managerial, administrative and professional occupations",0
E05014092,Woolwich Arsenal,-8,Does not apply,4,L7: Intermediate occupations,0
E05014092,Woolwich Arsenal,-8,Does not apply,5,L8 and L9: Small employers and own account workers,0
E05014092,Woolwich Arsenal,-8,Does not apply,6,L10 and L11: Lower supervisory and technical occupations,0
E05014092,Woolwich Arsenal,-8,Does not apply,7,L12: Semi-routine occupations,0
E05014092,Woolwich Arsenal,-8,Does not apply,8,L13: Routine occupations,0
E05014092,Woolwich Arsenal,-8,Does not apply,9,L14.1: Never worked,0
E05014092,Woolwich Arsenal,-8,Does not apply,10,L14.2: Long-term unemployed,0
E05014092,Woolwich Arsenal,-8,Does not apply,11,L15: Full-time students,0
E05014092,Woolwich Arsenal,1,"Asian, Asian British or Asian Welsh: Bangladeshi",-8,Does not apply,16
E05014092,Woolwich Arsenal,1,"Asian, Asian British or Asian Welsh: Bangladeshi",1,L1 and L2: Large employers and higher managerial and administrative occupations,2
E05014092,Woolwich Arsenal,1,"Asian, Asian British or Asian Welsh: Bangladeshi",2,L3: Higher professional occupations,9
E05014092,Woolwich Arsenal,1,"Asian, Asian British or Asian Welsh: Bangladeshi",3,"L4, L5 and L6: Lower managerial, administrative and professional occupations",9
E05014092,Woolwich Arsenal,1,"Asian, Asian British or Asian Welsh: Bangladeshi",4,L7: Intermediate occupations,8
E05014092,Woolwich Arsenal,1,"Asian, Asian British or Asian Welsh: Bangladeshi",5,L8 and L9: Small employers and own account workers,0
E05014092,Woolwich Arsenal,1,"Asian, Asian British or Asian Welsh: Bangladeshi",6,L10 and L11: Lower supervisory and technical occupations,0
E05014092,Woolwich Arsenal,1,"Asian, Asian British or Asian Welsh: Bangladeshi",7,L12: Semi-routine occupations,9
E05014092,Woolwich Arsenal,1,"Asian, Asian British or Asian Welsh: Bangladeshi",8,L13: Routine occupations,4
E05014092,Woolwich Arsenal,1,"Asian, Asian British or Asian Welsh: Bangladeshi",9,L14.1: Never worked,9
E05014092,Woolwich Arsenal,1,"Asian, Asian British or Asian Welsh: Bangladeshi",10,L14.2: Long-term unemployed,3
E05014092,Woolwich Arsenal,1,"Asian, Asian British or Asian Welsh: Bangladeshi",11,L15: Full-time students,5
E05014092,Woolwich Arsenal,2,"Asian, Asian British or Asian Welsh: Chinese",-8,Does not apply,48
E05014092,Woolwich Arsenal,2,"Asian, Asian British or Asian Welsh: Chinese",1,L1 and L2: Large employers and higher managerial and administrative occupations,28
E05014092,Woolwich Arsenal,2,"Asian, Asian British or Asian Welsh: Chinese",2,L3: Higher professional occupations,137
E05014092,Woolwich Arsenal,2,"Asian, Asian British or Asian Welsh: Chinese",3,"L4, L5 and L6: Lower managerial, administrative and professional occupations",111
E05014092,Woolwich Arsenal,2,"Asian, Asian British or Asian Welsh: Chinese",4,L7: Intermediate occupations,36
E05014092,Woolwich Arsenal,2,"Asian, Asian British or Asian Welsh: Chinese",5,L8 and L9: Small employers and own account workers,34
E05014092,Woolwich Arsenal,2,"Asian, Asian British or Asian Welsh: Chinese",6,L10 and L11: Lower supervisory and technical occupations,13
E05014092,Woolwich Arsenal,2,"Asian, Asian British or Asian Welsh: Chinese",7,L12: Semi-routine occupations,16
E05014092,Woolwich Arsenal,2,"Asian, Asian British or Asian Welsh: Chinese",8,L13: Routine occupations,15
E05014092,Woolwich Arsenal,2,"Asian, Asian British or Asian Welsh: Chinese",9,L14.1: Never worked,23
E05014092,Woolwich Arsenal,2,"Asian, Asian British or Asian Welsh: Chinese",10,L14.2: Long-term unemployed,4
E05014092,Woolwich Arsenal,2,"Asian, Asian British or Asian Welsh: Chinese",11,L15: Full-time students,26
E05014092,Woolwich Arsenal,3,"Asian, Asian British or Asian Welsh: Indian",-8,Does not apply,85
E05014092,Woolwich Arsenal,3,"Asian, Asian British or Asian Welsh: Indian",1,L1 and L2: Large employers and higher managerial and administrative occupations,47
E05014092,Woolwich Arsenal,3,"Asian, Asian British or Asian Welsh: Indian",2,L3: Higher professional occupations,172
E05014092,Woolwich Arsenal,3,"Asian, Asian British or Asian Welsh: Indian",3,"L4, L5 and L6: Lower managerial, administrative and professional occupations",120
E05014092,Woolwich Arsenal,3,"Asian, Asian British or Asian Welsh: Indian",4,L7: Intermediate occupations,29
E05014092,Woolwich Arsenal,3,"Asian, Asian British or Asian Welsh: Indian",5,L8 and L9: Small employers and own account workers,16
E05014092,Woolwich Arsenal,3,"Asian, Asian British or Asian Welsh: Indian",6,L10 and L11: Lower supervisory and technical occupations,14
E05014092,Woolwich Arsenal,3,"Asian, Asian British or Asian Welsh: Indian",7,L12: Semi-routine occupations,27
E05014092,Woolwich Arsenal,3,"Asian, Asian British or Asian Welsh: Indian",8,L13: Routine occupations,18
E05014092,Woolwich Arsenal,3,"Asian, Asian British or Asian Welsh: Indian",9,L14.1: Never worked,40
E05014092,Woolwich Arsenal,3,"Asian, Asian British or Asian Welsh: Indian",10,L14.2: Long-term unemployed,18
E05014092,Woolwich Arsenal,3,"Asian, Asian British or Asian Welsh: Indian",11,L15: Full-time students,37
E05014092,Woolwich Arsenal,4,"Asian, Asian British or Asian Welsh: Pakistani",-8,Does not apply,33
E05014092,Woolwich Arsenal,4,"Asian, Asian British or Asian Welsh: Pakistani",1,L1 and L2: Large employers and higher managerial and administrative occupations,13
E05014092,Woolwich Arsenal,4,"Asian, Asian British or Asian Welsh: Pakistani",2,L3: Higher professional occupations,22
E05014092,Woolwich Arsenal,4,"Asian, Asian British or Asian Welsh: Pakistani",3,"L4, L5 and L6: Lower managerial, administrative and professional occupations",15
E05014092,Woolwich Arsenal,4,"Asian, Asian British or Asian Welsh: Pakistani",4,L7: Intermediate occupations,9
E05014092,Woolwich Arsenal,4,"Asian, Asian British or Asian Welsh: Pakistani",5,L8 and L9: Small employers and own account workers,9
E05014092,Woolwich Arsenal,4,"Asian, Asian British or Asian Welsh: Pakistani",6,L10 and L11: Lower supervisory and technical occupations,2
E05014092,Woolwich Arsenal,4,"Asian, Asian British or Asian Welsh: Pakistani",7,L12: Semi-routine occupations,8
E05014092,Woolwich Arsenal,4,"Asian, Asian British or Asian Welsh: Pakistani",8,L13: Routine occupations,7
E05014092,Woolwich Arsenal,4,"Asian, Asian British or Asian Welsh: Pakistani",9,L14.1: Never worked,19
E05014092,Woolwich Arsenal,4,"Asian, Asian British or Asian Welsh: Pakistani",10,L14.2: Long-term unemployed,3
E05014092,Woolwich Arsenal,4,"Asian, Asian British or Asian Welsh: Pakistani",11,L15: Full-time students,8
E05014092,Woolwich Arsenal,5,"Asian, Asian British or Asian Welsh: Other Asian",-8,Does not apply,107
E05014092,Woolwich Arsenal,5,"Asian, Asian British or Asian Welsh: Other Asian",1,L1 and L2: Large employers and higher managerial and administrative occupations,23
E05014092,Woolwich Arsenal,5,"Asian, Asian British or Asian Welsh: Other Asian",2,L3: Higher professional occupations,79
E05014092,Woolwich Arsenal,5,"Asian, Asian British or Asian Welsh: Other Asian",3,"L4, L5 and L6: Lower managerial, administrative and professional occupations",101
E05014092,Woolwich Arsenal,5,"Asian, Asian British or Asian Welsh: Other Asian",4,L7: Intermediate occupations,46
E05014092,Woolwich Arsenal,5,"Asian, Asian British or Asian Welsh: Other Asian",5,L8 and L9: Small employers and own account workers,22
E05014092,Woolwich Arsenal,5,"Asian, Asian British or Asian Welsh: Other Asian",6,L10 and L11: Lower supervisory and technical occupations,34
E05014092,Woolwich Arsenal,5,"Asian, Asian British or Asian Welsh: Other Asian",7,L12: Semi-routine occupations,86
E05014092,Woolwich Arsenal,5,"Asian, Asian British or Asian Welsh: Other Asian",8,L13: Routine occupations,61
E05014092,Woolwich Arsenal,5,"Asian, Asian British or Asian Welsh: Other Asian",9,L14.1: Never worked,49
E05014092,Woolwich Arsenal,5,"Asian, Asian British or Asian Welsh: Other Asian",10,L14.2: Long-term unemployed,14
E05014092,Woolwich Arsenal,5,"Asian, Asian British or Asian Welsh: Other Asian",11,L15: Full-time students,51
E05014092,Woolwich Arsenal,6,"Black, Black British, Black Welsh, Caribbean or African: African",-8,Does not apply,364
E05014092,Woolwich Arsenal,6,"Black, Black British, Black Welsh, Caribbean or African: African",1,L1 and L2: Large employers and higher managerial and administrative occupations,62
E05014092,Woolwich Arsenal,6,"Black, Black British, Black Welsh, Caribbean or African: African",2,L3: Higher professional occupations,163
E05014092,Woolwich Arsenal,6,"Black, Black British, Black Welsh, Caribbean or African: African",3,"L4, L5 and L6: Lower managerial, administrative and professional occupations",295
E05014092,Woolwich Arsenal,6,"Black, Black British, Black Welsh, Caribbean or African: African",4,L7: Intermediate occupations,119
E05014092,Woolwich Arsenal,6,"Black, Black British, Black Welsh, Caribbean or African: African",5,L8 and L9: Small employers and own account workers,146
E05014092,Woolwich Arsenal,6,"Black, Black British, Black Welsh, Caribbean or African: African",6,L10 and L11: Lower supervisory and technical occupations,65
E05014092,Woolwich Arsenal,6,"Black, Black British, Black Welsh, Caribbean or African: African",7,L12: Semi-routine occupations,205
E05014092,Woolwich Arsenal,6,"Black, Black British, Black Welsh, Caribbean or African: African",8,L13: Routine occupations,104
E05014092,Woolwich Arsenal,6,"Black, Black British, Black Welsh, Caribbean or African: African",9,L14.1: Never worked,103
E05014092,Woolwich Arsenal,6,"Black, Black British, Black Welsh, Caribbean or African: African",10,L14.2: Long-term unemployed,36
E05014092,Woolwich Arsenal,6,"Black, Black British, Black Welsh, Caribbean or African: African",11,L15: Full-time students,227
E05014092,Woolwich Arsenal,7,"Black, Black British, Black Welsh, Caribbean or African: Caribbean",-8,Does not apply,49
E05014092,Woolwich Arsenal,7,"Black, Black British, Black Welsh, Caribbean or African: Caribbean",1,L1 and L2: Large employers and higher managerial and administrative occupations,18
E05014092,Woolwich Arsenal,7,"Black, Black British, Black Welsh, Caribbean or African: Caribbean",2,L3: Higher professional occupations,18
E05014092,Woolwich Arsenal,7,"Black, Black British, Black Welsh, Caribbean or African: Caribbean",3,"L4, L5 and L6: Lower managerial, administrative and professional occupations",75
E05014092,Woolwich Arsenal,7,"Black, Black British, Black Welsh, Caribbean or African: Caribbean",4,L7: Intermediate occupations,46
E05014092,Woolwich Arsenal,7,"Black, Black British, Black Welsh, Caribbean or African: Caribbean",5,L8 and L9: Small employers and own account workers,23
E05014092,Woolwich Arsenal,7,"Black, Black British, Black Welsh, Caribbean or African: Caribbean",6,L10 and L11: Lower supervisory and technical occupations,12
E05014092,Woolwich Arsenal,7,"Black, Black British, Black Welsh, Caribbean or African: Caribbean",7,L12: Semi-routine occupations,25
E05014092,Woolwich Arsenal,7,"Black, Black British, Black Welsh, Caribbean or African: Caribbean",8,L13: Routine occupations,21
E05014092,Woolwich Arsenal,7,"Black, Black British, Black Welsh, Caribbean or African: Caribbean",9,L14.1: Never worked,22
E05014092,Woolwich Arsenal,7,"Black, Black British, Black Welsh, Caribbean or African: Caribbean",10,L14.2: Long-term unemployed,6
E05014092,Woolwich Arsenal,7,"Black, Black British, Black Welsh, Caribbean or African: Caribbean",11,L15: Full-time students,19
E05014092,Woolwich Arsenal,8,"Black, Black British, Black Welsh, Caribbean or African: Other Black",-8,Does not apply,134
E05014092,Woolwich Arsenal,8,"Black, Black British, Black Welsh, Caribbean or African: Other Black",1,L1 and L2: Large employers and higher managerial and administrative occupations,1
E05014092,Woolwich Arsenal,8,"Black, Black British, Black Welsh, Caribbean or African: Other Black",2,L3: Higher professional occupations,13
E05014092,Woolwich Arsenal,8,"Black, Black British, Black Welsh, Caribbean or African: Other Black",3,"L4, L5 and L6: Lower managerial, administrative and professional occupations",27
E05014092,Woolwich Arsenal,8,"Black, Black British, Black Welsh, Caribbean or African: Other Black",4,L7: Intermediate occupations,12
E05014092,Woolwich Arsenal,8,"Black, Black British, Black Welsh, Caribbean or African: Other Black",5,L8 and L9: Small employers and own account workers,7
E05014092,Woolwich Arsenal,8,"Black, Black British, Black Welsh, Caribbean or African: Other Black",6,L10 and L11: Lower supervisory and technical occupations,10
E05014092,Woolwich Arsenal,8,"Black, Black British, Black Welsh, Caribbean or African: Other Black",7,L12: Semi-routine occupations,23
E05014092,Woolwich Arsenal,8,"Black, Black British, Black Welsh, Caribbean or African: Other Black",8,L13: Routine occupations,12
E05014092,Woolwich Arsenal,8,"Black, Black British, Black Welsh, Caribbean or African: Other Black",9,L14.1: Never worked,24
E05014092,Woolwich Arsenal,8,"Black, Black British, Black Welsh, Caribbean or African: Other Black",10,L14.2: Long-term unemployed,8
E05014092,Woolwich Arsenal,8,"Black, Black British, Black Welsh, Caribbean or African: Other Black",11,L15: Full-time students,55
E05014092,Woolwich Arsenal,9,Mixed or Multiple ethnic groups: White and Asian,-8,Does not apply,56
E05014092,Woolwich Arsenal,9,Mixed or Multiple ethnic groups: White and Asian,1,L1 and L2: Large employers and higher managerial and administrative occupations,11
E05014092,Woolwich Arsenal,9,Mixed or Multiple ethnic groups: White and Asian,2,L3: Higher professional occupations,34
E05014092,Woolwich Arsenal,9,Mixed or Multiple ethnic groups: White and Asian,3,"L4, L5 and L6: Lower managerial, administrative and professional occupations",24
E05014092,Woolwich Arsenal,9,Mixed or Multiple ethnic groups: White and Asian,4,L7: Intermediate occupations,12
E05014092,Woolwich Arsenal,9,Mixed or Multiple ethnic groups: White and Asian,5,L8 and L9: Small employers and own account workers,8
E05014092,Woolwich Arsenal,9,Mixed or Multiple ethnic groups: White and Asian,6,L10 and L11: Lower supervisory and technical occupations,3
E05014092,Woolwich Arsenal,9,Mixed or Multiple ethnic groups: White and Asian,7,L12: Semi-routine occupations,4
E05014092,Woolwich Arsenal,9,Mixed or Multiple ethnic groups: White and Asian,8,L13: Routine occupations,0
E05014092,Woolwich Arsenal,9,Mixed or Multiple ethnic groups: White and Asian,9,L14.1: Never worked,1
E05014092,Woolwich Arsenal,9,Mixed or Multiple ethnic groups: White and Asian,10,L14.2: Long-term unemployed,5
E05014092,Woolwich Arsenal,9,Mixed or Multiple ethnic groups: White and Asian,11,L15: Full-time students,7
E05014092,Woolwich Arsenal,10,Mixed or Multiple ethnic groups: White and Black African,-8,Does not apply,113
E05014092,Woolwich Arsenal,10,Mixed or Multiple ethnic groups: White and Black African,1,L1 and L2: Large employers and higher managerial and administrative occupations,8
E05014092,Woolwich Arsenal,10,Mixed or Multiple ethnic groups: White and Black African,2,L3: Higher professional occupations,12
E05014092,Woolwich Arsenal,10,Mixed or Multiple ethnic groups: White and Black African,3,"L4, L5 and L6: Lower managerial, administrative and professional occupations",29
E05014092,Woolwich Arsenal,10,Mixed or Multiple ethnic groups: White and Black African,4,L7: Intermediate occupations,6
E05014092,Woolwich Arsenal,10,Mixed or Multiple ethnic groups: White and Black African,5,L8 and L9: Small employers and own account workers,9
E05014092,Woolwich Arsenal,10,Mixed or Multiple ethnic groups: White and Black African,6,L10 and L11: Lower supervisory and technical occupations,5
E05014092,Woolwich Arsenal,10,Mixed or Multiple ethnic groups: White and Black African,7,L12: Semi-routine occupations,15
E05014092,Woolwich Arsenal,10,Mixed or Multiple ethnic groups: White and Black African,8,L13: Routine occupations,10
E05014092,Woolwich Arsenal,10,Mixed or Multiple ethnic groups: White and Black African,9,L14.1: Never worked,9
E05014092,Woolwich Arsenal,10,Mixed or Multiple ethnic groups: White and Black African,10,L14.2: Long-term unemployed,3
E05014092,Woolwich Arsenal,10,Mixed or Multiple ethnic groups: White and Black African,11,L15: Full-time students,26
E05014092,Woolwich Arsenal,11,Mixed or Multiple ethnic groups: White and Black Caribbean,-8,Does not apply,54
E05014092,Woolwich Arsenal,11,Mixed or Multiple ethnic groups: White and Black Caribbean,1,L1 and L2: Large employers and higher managerial and administrative occupations,8
E05014092,Woolwich Arsenal,11,Mixed or Multiple ethnic groups: White and Black Caribbean,2,L3: Higher professional occupations,11
E05014092,Woolwich Arsenal,11,Mixed or Multiple ethnic groups: White and Black Caribbean,3,"L4, L5 and L6: Lower managerial, administrative and professional occupations",34
E05014092,Woolwich Arsenal,11,Mixed or Multiple ethnic groups: White and Black Caribbean,4,L7: Intermediate occupations,13
E05014092,Woolwich Arsenal,11,Mixed or Multiple ethnic groups: White and Black Caribbean,5,L8 and L9: Small employers and own account workers,7
E05014092,Woolwich Arsenal,11,Mixed or Multiple ethnic groups: White and Black Caribbean,6,L10 and L11: Lower supervisory and technical occupations,7
E05014092,Woolwich Arsenal,11,Mixed or Multiple ethnic groups: White and Black Caribbean,7,L12: Semi-routine occupations,11
E05014092,Woolwich Arsenal,11,Mixed or Multiple ethnic groups: White and Black Caribbean,8,L13: Routine occupations,20
E05014092,Woolwich Arsenal,11,Mixed or Multiple ethnic groups: White and Black Caribbean,9,L14.1: Never worked,9
E05014092,Woolwich Arsenal,11,Mixed or Multiple ethnic groups: White and Black Caribbean,10,L14.2: Long-term unemployed,5
E05014092,Woolwich Arsenal,11,Mixed or Multiple ethnic groups: White and Black Caribbean,11,L15: Full-time students,12
E05014092,Woolwich Arsenal,12,Mixed or Multiple ethnic groups: Other Mixed or Multiple ethnic groups,-8,Does not apply,134
E05014092,Woolwich Arsenal,12,Mixed or Multiple ethnic groups: Other Mixed or Multiple ethnic groups,1,L1 and L2: Large employers and higher managerial and administrative occupations,7
E05014092,Woolwich Arsenal,12,Mixed or Multiple ethnic groups: Other Mixed or Multiple ethnic groups,2,L3: Higher professional occupations,33
E05014092,Woolwich Arsenal,12,Mixed or Multiple ethnic groups: Other Mixed or Multiple ethnic groups,3,"L4, L5 and L6: Lower managerial, administrative and professional occupations",49
E05014092,Woolwich Arsenal,12,Mixed or Multiple ethnic groups: Other Mixed or Multiple ethnic groups,4,L7: Intermediate occupations,21
E05014092,Woolwich Arsenal,12,Mixed or Multiple ethnic groups: Other Mixed or Multiple ethnic groups,5,L8 and L9: Small employers and own account workers,12
E05014092,Woolwich Arsenal,12,Mixed or Multiple ethnic groups: Other Mixed or Multiple ethnic groups,6,L10 and L11: Lower supervisory and technical occupations,6
E05014092,Woolwich Arsenal,12,Mixed or Multiple ethnic groups: Other Mixed or Multiple ethnic groups,7,L12: Semi-routine occupations,21
E05014092,Woolwich Arsenal,12,Mixed or Multiple ethnic groups: Other Mixed or Multiple ethnic groups,8,L13: Routine occupations,24
E05014092,Woolwich Arsenal,12,Mixed or Multiple ethnic groups: Other Mixed or Multiple ethnic groups,9,L14.1: Never worked,6
E05014092,Woolwich Arsenal,12,Mixed or Multiple ethnic groups: Other Mixed or Multiple ethnic groups,10,L14.2: Long-term unemployed,3
E05014092,Woolwich Arsenal,12,Mixed or Multiple ethnic groups: Other Mixed or Multiple ethnic groups,11,L15: Full-time students,25
E05014092,Woolwich Arsenal,13,"White: English, Welsh, Scottish, Northern Irish or British",-8,Does not apply,376
E05014092,Woolwich Arsenal,13,"White: English, Welsh, Scottish, Northern Irish or British",1,L1 and L2: Large employers and higher managerial and administrative occupations,218
E05014092,Woolwich Arsenal,13,"White: English, Welsh, Scottish, Northern Irish or British",2,L3: Higher professional occupations,660
E05014092,Woolwich Arsenal,13,"White: English, Welsh, Scottish, Northern Irish or British",3,"L4, L5 and L6: Lower managerial, administrative and professional occupations",852
E05014092,Woolwich Arsenal,13,"White: English, Welsh, Scottish, Northern Irish or British",4,L7: Intermediate occupations,304
E05014092,Woolwich Arsenal,13,"White: English, Welsh, Scottish, Northern Irish or British",5,L8 and L9: Small employers and own account workers,215
E05014092,Woolwich Arsenal,13,"White: English, Welsh, Scottish, Northern Irish or British",6,L10 and L11: Lower supervisory and technical occupations,105
E05014092,Woolwich Arsenal,13,"White: English, Welsh, Scottish, Northern Irish or British",7,L12: Semi-routine occupations,235
E05014092,Woolwich Arsenal,13,"White: English, Welsh, Scottish, Northern Irish or British",8,L13: Routine occupations,253
E05014092,Woolwich Arsenal,13,"White: English, Welsh, Scottish, Northern Irish or British",9,L14.1: Never worked,158
E05014092,Woolwich Arsenal,13,"White: English, Welsh, Scottish, Northern Irish or British",10,L14.2: Long-term unemployed,31
E05014092,Woolwich Arsenal,13,"White: English, Welsh, Scottish, Northern Irish or British",11,L15: Full-time students,123
E05014092,Woolwich Arsenal,14,White: Irish,-8,Does not apply,5
E05014092,Woolwich Arsenal,14,White: Irish,1,L1 and L2: Large employers and higher managerial and administrative occupations,10
E05014092,Woolwich Arsenal,14,White: Irish,2,L3: Higher professional occupations,19
E05014092,Woolwich Arsenal,14,White: Irish,3,"L4, L5 and L6: Lower managerial, administrative and professional occupations",51
E05014092,Woolwich Arsenal,14,White: Irish,4,L7: Intermediate occupations,10
E05014092,Woolwich Arsenal,14,White: Irish,5,L8 and L9: Small employers and own account workers,15
E05014092,Woolwich Arsenal,14,White: Irish,6,L10 and L11: Lower supervisory and technical occupations,9
E05014092,Woolwich Arsenal,14,White: Irish,7,L12: Semi-routine occupations,8
E05014092,Woolwich Arsenal,14,White: Irish,8,L13: Routine occupations,10
E05014092,Woolwich Arsenal,14,White: Irish,9,L14.1: Never worked,5
E05014092,Woolwich Arsenal,14,White: Irish,10,L14.2: Long-term unemployed,6
E05014092,Woolwich Arsenal,14,White: Irish,11,L15: Full-time students,0
E05014092,Woolwich Arsenal,15,White: Gypsy or Irish Traveller,-8,Does not apply,0
E05014092,Woolwich Arsenal,15,White: Gypsy or Irish Traveller,1,L1 and L2: Large employers and higher managerial and administrative occupations,0
E05014092,Woolwich Arsenal,15,White: Gypsy or Irish Traveller,2,L3: Higher professional occupations,0
E05014092,Woolwich Arsenal,15,White: Gypsy or Irish Traveller,3,"L4, L5 and L6: Lower managerial, administrative and professional occupations",0
E05014092,Woolwich Arsenal,15,White: Gypsy or Irish Traveller,4,L7: Intermediate occupations,0
E05014092,Woolwich Arsenal,15,White: Gypsy or Irish Traveller,5,L8 and L9: Small employers and own account workers,0
E05014092,Woolwich Arsenal,15,White: Gypsy or Irish Traveller,6,L10 and L11: Lower supervisory and technical occupations,0
E05014092,Woolwich Arsenal,15,White: Gypsy or Irish Traveller,7,L12: Semi-routine occupations,0
E05014092,Woolwich Arsenal,15,White: Gypsy or Irish Traveller,8,L13: Routine occupations,0
E05014092,Woolwich Arsenal,15,White: Gypsy or Irish Traveller,9,L14.1: Never worked,2
E05014092,Woolwich Arsenal,15,White: Gypsy or Irish Traveller,10,L14.2: Long-term unemployed,0
E05014092,Woolwich Arsenal,15,White: Gypsy or Irish Traveller,11,L15: Full-time students,0
E05014092,Woolwich Arsenal,16,White: Roma,-8,Does not apply,7
E05014092,Woolwich Arsenal,16,White: Roma,1,L1 and L2: Large employers and higher managerial and administrative occupations,4
E05014092,Woolwich Arsenal,16,White: Roma,2,L3: Higher professional occupations,3
E05014092,Woolwich Arsenal,16,White: Roma,3,"L4, L5 and L6: Lower managerial, administrative and professional occupations",15
E05014092,Woolwich Arsenal,16,White: Roma,4,L7: Intermediate occupations,3
E05014092,Woolwich Arsenal,16,White: Roma,5,L8 and L9: Small employers and own account workers,9
E05014092,Woolwich Arsenal,16,White: Roma,6,L10 and L11: Lower supervisory and technical occupations,5
E05014092,Woolwich Arsenal,16,White: Roma,7,L12: Semi-routine occupations,3
E05014092,Woolwich Arsenal,16,White: Roma,8,L13: Routine occupations,7
E05014092,Woolwich Arsenal,16,White: Roma,9,L14.1: Never worked,5
E05014092,Woolwich Arsenal,16,White: Roma,10,L14.2: Long-term unemployed,3
E05014092,Woolwich Arsenal,16,White: Roma,11,L15: Full-time students,8
E05014092,Woolwich Arsenal,17,White: Other White,-8,Does not apply,194
E05014092,Woolwich Arsenal,17,White: Other White,1,L1 and L2: Large employers and higher managerial and administrative occupations,120
E05014092,Woolwich Arsenal,17,White: Other White,2,L3: Higher professional occupations,419
E05014092,Woolwich Arsenal,17,White: Other White,3,"L4, L5 and L6: Lower managerial, administrative and professional occupations",529
E05014092,Woolwich Arsenal,17,White: Other White,4,L7: Intermediate occupations,166
E05014092,Woolwich Arsenal,17,White: Other White,5,L8 and L9: Small employers and own account workers,257
E05014092,Woolwich Arsenal,17,White: Other White,6,L10 and L11: Lower supervisory and technical occupations,96
E05014092,Woolwich Arsenal,17,White: Other White,7,L12: Semi-routine occupations,122
E05014092,Woolwich Arsenal,17,White: Other White,8,L13: Routine occupations,175
E05014092,Woolwich Arsenal,17,White: Other White,9,L14.1: Never worked,69
E05014092,Woolwich Arsenal,17,White: Other White,10,L14.2: Long-term unemployed,33
E05014092,Woolwich Arsenal,17,White: Other White,11,L15: Full-time students,125
E05014092,Woolwich Arsenal,18,Other ethnic group: Arab,-8,Does not apply,16
E05014092,Woolwich Arsenal,18,Other ethnic group: Arab,1,L1 and L2: Large employers and higher managerial and administrative occupations,4
E05014092,Woolwich Arsenal,18,Other ethnic group: Arab,2,L3: Higher professional occupations,15
E05014092,Woolwich Arsenal,18,Other ethnic group: Arab,3,"L4, L5 and L6: Lower managerial, administrative and professional occupations",16
E05014092,Woolwich Arsenal,18,Other ethnic group: Arab,4,L7: Intermediate occupations,1
E05014092,Woolwich Arsenal,18,Other ethnic group: Arab,5,L8 and L9: Small employers and own account workers,11
E05014092,Woolwich Arsenal,18,Other ethnic group: Arab,6,L10 and L11: Lower supervisory and technical occupations,2
E05014092,Woolwich Arsenal,18,Other ethnic group: Arab,7,L12: Semi-routine occupations,3
E05014092,Woolwich Arsenal,18,Other ethnic group: Arab,8,L13: Routine occupations,1
E05014092,Woolwich Arsenal,18,Other ethnic group: Arab,9,L14.1: Never worked,11
E05014092,Woolwich Arsenal,18,Other ethnic group: Arab,10,L14.2: Long-term unemployed,1
E05014092,Woolwich Arsenal,18,Other ethnic group: Arab,11,L15: Full-time students,8
E05014092,Woolwich Arsenal,19,Other ethnic group: Any other ethnic group,-8,Does not apply,61
E05014092,Woolwich Arsenal,19,Other ethnic group: Any other ethnic group,1,L1 and L2: Large employers and higher managerial and administrative occupations,20
E05014092,Woolwich Arsenal,19,Other ethnic group: Any other ethnic group,2,L3: Higher professional occupations,40
E05014092,Woolwich Arsenal,19,Other ethnic group: Any other ethnic group,3,"L4, L5 and L6: Lower managerial, administrative and professional occupations",63
E05014092,Woolwich Arsenal,19,Other ethnic group: Any other ethnic group,4,L7: Intermediate occupations,26
E05014092,Woolwich Arsenal,19,Other ethnic group: Any other ethnic group,5,L8 and L9: Small employers and own account workers,49
E05014092,Woolwich Arsenal,19,Other ethnic group: Any other ethnic group,6,L10 and L11: Lower supervisory and technical occupations,16
E05014092,Woolwich Arsenal,19,Other ethnic group: Any other ethnic group,7,L12: Semi-routine occupations,35
E05014092,Woolwich Arsenal,19,Other ethnic group: Any other ethnic group,8,L13: Routine occupations,46
E05014092,Woolwich Arsenal,19,Other ethnic group: Any other ethnic group,9,L14.1: Never worked,63
E05014092,Woolwich Arsenal,19,Other ethnic group: Any other ethnic group,10,L14.2: Long-term unemployed,16
E05014092,Woolwich Arsenal,19,Other ethnic group: Any other ethnic group,11,L15: Full-time students,29
E05014093,Woolwich Common,-8,Does not apply,-8,Does not apply,0
E05014093,Woolwich Common,-8,Does not apply,1,L1 and L2: Large employers and higher managerial and administrative occupations,0
E05014093,Woolwich Common,-8,Does not apply,2,L3: Higher professional occupations,0
E05014093,Woolwich Common,-8,Does not apply,3,"L4, L5 and L6: Lower managerial, administrative and professional occupations",0
E05014093,Woolwich Common,-8,Does not apply,4,L7: Intermediate occupations,0
E05014093,Woolwich Common,-8,Does not apply,5,L8 and L9: Small employers and own account workers,0
E05014093,Woolwich Common,-8,Does not apply,6,L10 and L11: Lower supervisory and technical occupations,0
E05014093,Woolwich Common,-8,Does not apply,7,L12: Semi-routine occupations,0
E05014093,Woolwich Common,-8,Does not apply,8,L13: Routine occupations,0
E05014093,Woolwich Common,-8,Does not apply,9,L14.1: Never worked,0
E05014093,Woolwich Common,-8,Does not apply,10,L14.2: Long-term unemployed,0
E05014093,Woolwich Common,-8,Does not apply,11,L15: Full-time students,0
E05014093,Woolwich Common,1,"Asian, Asian British or Asian Welsh: Bangladeshi",-8,Does not apply,32
E05014093,Woolwich Common,1,"Asian, Asian British or Asian Welsh: Bangladeshi",1,L1 and L2: Large employers and higher managerial and administrative occupations,2
E05014093,Woolwich Common,1,"Asian, Asian British or Asian Welsh: Bangladeshi",2,L3: Higher professional occupations,6
E05014093,Woolwich Common,1,"Asian, Asian British or Asian Welsh: Bangladeshi",3,"L4, L5 and L6: Lower managerial, administrative and professional occupations",15
E05014093,Woolwich Common,1,"Asian, Asian British or Asian Welsh: Bangladeshi",4,L7: Intermediate occupations,13
E05014093,Woolwich Common,1,"Asian, Asian British or Asian Welsh: Bangladeshi",5,L8 and L9: Small employers and own account workers,8
E05014093,Woolwich Common,1,"Asian, Asian British or Asian Welsh: Bangladeshi",6,L10 and L11: Lower supervisory and technical occupations,1
E05014093,Woolwich Common,1,"Asian, Asian British or Asian Welsh: Bangladeshi",7,L12: Semi-routine occupations,14
E05014093,Woolwich Common,1,"Asian, Asian British or Asian Welsh: Bangladeshi",8,L13: Routine occupations,7
E05014093,Woolwich Common,1,"Asian, Asian British or Asian Welsh: Bangladeshi",9,L14.1: Never worked,8
E05014093,Woolwich Common,1,"Asian, Asian British or Asian Welsh: Bangladeshi",10,L14.2: Long-term unemployed,0
E05014093,Woolwich Common,1,"Asian, Asian British or Asian Welsh: Bangladeshi",11,L15: Full-time students,9
E05014093,Woolwich Common,2,"Asian, Asian British or Asian Welsh: Chinese",-8,Does not apply,58
E05014093,Woolwich Common,2,"Asian, Asian British or Asian Welsh: Chinese",1,L1 and L2: Large employers and higher managerial and administrative occupations,6
E05014093,Woolwich Common,2,"Asian, Asian British or Asian Welsh: Chinese",2,L3: Higher professional occupations,36
E05014093,Woolwich Common,2,"Asian, Asian British or Asian Welsh: Chinese",3,"L4, L5 and L6: Lower managerial, administrative and professional occupations",36
E05014093,Woolwich Common,2,"Asian, Asian British or Asian Welsh: Chinese",4,L7: Intermediate occupations,18
E05014093,Woolwich Common,2,"Asian, Asian British or Asian Welsh: Chinese",5,L8 and L9: Small employers and own account workers,19
E05014093,Woolwich Common,2,"Asian, Asian British or Asian Welsh: Chinese",6,L10 and L11: Lower supervisory and technical occupations,32
E05014093,Woolwich Common,2,"Asian, Asian British or Asian Welsh: Chinese",7,L12: Semi-routine occupations,25
E05014093,Woolwich Common,2,"Asian, Asian British or Asian Welsh: Chinese",8,L13: Routine occupations,23
E05014093,Woolwich Common,2,"Asian, Asian British or Asian Welsh: Chinese",9,L14.1: Never worked,49
E05014093,Woolwich Common,2,"Asian, Asian British or Asian Welsh: Chinese",10,L14.2: Long-term unemployed,4
E05014093,Woolwich Common,2,"Asian, Asian British or Asian Welsh: Chinese",11,L15: Full-time students,14
E05014093,Woolwich Common,3,"Asian, Asian British or Asian Welsh: Indian",-8,Does not apply,82
E05014093,Woolwich Common,3,"Asian, Asian British or Asian Welsh: Indian",1,L1 and L2: Large employers and higher managerial and administrative occupations,17
E05014093,Woolwich Common,3,"Asian, Asian British or Asian Welsh: Indian",2,L3: Higher professional occupations,92
E05014093,Woolwich Common,3,"Asian, Asian British or Asian Welsh: Indian",3,"L4, L5 and L6: Lower managerial, administrative and professional occupations",78
E05014093,Woolwich Common,3,"Asian, Asian British or Asian Welsh: Indian",4,L7: Intermediate occupations,51
E05014093,Woolwich Common,3,"Asian, Asian British or Asian Welsh: Indian",5,L8 and L9: Small employers and own account workers,55
E05014093,Woolwich Common,3,"Asian, Asian British or Asian Welsh: Indian",6,L10 and L11: Lower supervisory and technical occupations,20
E05014093,Woolwich Common,3,"Asian, Asian British or Asian Welsh: Indian",7,L12: Semi-routine occupations,65
E05014093,Woolwich Common,3,"Asian, Asian British or Asian Welsh: Indian",8,L13: Routine occupations,32
E05014093,Woolwich Common,3,"Asian, Asian British or Asian Welsh: Indian",9,L14.1: Never worked,41
E05014093,Woolwich Common,3,"Asian, Asian British or Asian Welsh: Indian",10,L14.2: Long-term unemployed,6
E05014093,Woolwich Common,3,"Asian, Asian British or Asian Welsh: Indian",11,L15: Full-time students,33
E05014093,Woolwich Common,4,"Asian, Asian British or Asian Welsh: Pakistani",-8,Does not apply,32
E05014093,Woolwich Common,4,"Asian, Asian British or Asian Welsh: Pakistani",1,L1 and L2: Large employers and higher managerial and administrative occupations,2
E05014093,Woolwich Common,4,"Asian, Asian British or Asian Welsh: Pakistani",2,L3: Higher professional occupations,6
E05014093,Woolwich Common,4,"Asian, Asian British or Asian Welsh: Pakistani",3,"L4, L5 and L6: Lower managerial, administrative and professional occupations",11
E05014093,Woolwich Common,4,"Asian, Asian British or Asian Welsh: Pakistani",4,L7: Intermediate occupations,12
E05014093,Woolwich Common,4,"Asian, Asian British or Asian Welsh: Pakistani",5,L8 and L9: Small employers and own account workers,12
E05014093,Woolwich Common,4,"Asian, Asian British or Asian Welsh: Pakistani",6,L10 and L11: Lower supervisory and technical occupations,3
E05014093,Woolwich Common,4,"Asian, Asian British or Asian Welsh: Pakistani",7,L12: Semi-routine occupations,11
E05014093,Woolwich Common,4,"Asian, Asian British or Asian Welsh: Pakistani",8,L13: Routine occupations,6
E05014093,Woolwich Common,4,"Asian, Asian British or Asian Welsh: Pakistani",9,L14.1: Never worked,20
E05014093,Woolwich Common,4,"Asian, Asian British or Asian Welsh: Pakistani",10,L14.2: Long-term unemployed,1
E05014093,Woolwich Common,4,"Asian, Asian British or Asian Welsh: Pakistani",11,L15: Full-time students,12
E05014093,Woolwich Common,5,"Asian, Asian British or Asian Welsh: Other Asian",-8,Does not apply,196
E05014093,Woolwich Common,5,"Asian, Asian British or Asian Welsh: Other Asian",1,L1 and L2: Large employers and higher managerial and administrative occupations,7
E05014093,Woolwich Common,5,"Asian, Asian British or Asian Welsh: Other Asian",2,L3: Higher professional occupations,37
E05014093,Woolwich Common,5,"Asian, Asian British or Asian Welsh: Other Asian",3,"L4, L5 and L6: Lower managerial, administrative and professional occupations",130
E05014093,Woolwich Common,5,"Asian, Asian British or Asian Welsh: Other Asian",4,L7: Intermediate occupations,53
E05014093,Woolwich Common,5,"Asian, Asian British or Asian Welsh: Other Asian",5,L8 and L9: Small employers and own account workers,46
E05014093,Woolwich Common,5,"Asian, Asian British or Asian Welsh: Other Asian",6,L10 and L11: Lower supervisory and technical occupations,76
E05014093,Woolwich Common,5,"Asian, Asian British or Asian Welsh: Other Asian",7,L12: Semi-routine occupations,175
E05014093,Woolwich Common,5,"Asian, Asian British or Asian Welsh: Other Asian",8,L13: Routine occupations,114
E05014093,Woolwich Common,5,"Asian, Asian British or Asian Welsh: Other Asian",9,L14.1: Never worked,143
E05014093,Woolwich Common,5,"Asian, Asian British or Asian Welsh: Other Asian",10,L14.2: Long-term unemployed,21
E05014093,Woolwich Common,5,"Asian, Asian British or Asian Welsh: Other Asian",11,L15: Full-time students,109
E05014093,Woolwich Common,6,"Black, Black British, Black Welsh, Caribbean or African: African",-8,Does not apply,818
E05014093,Woolwich Common,6,"Black, Black British, Black Welsh, Caribbean or African: African",1,L1 and L2: Large employers and higher managerial and administrative occupations,27
E05014093,Woolwich Common,6,"Black, Black British, Black Welsh, Caribbean or African: African",2,L3: Higher professional occupations,116
E05014093,Woolwich Common,6,"Black, Black British, Black Welsh, Caribbean or African: African",3,"L4, L5 and L6: Lower managerial, administrative and professional occupations",357
E05014093,Woolwich Common,6,"Black, Black British, Black Welsh, Caribbean or African: African",4,L7: Intermediate occupations,212
E05014093,Woolwich Common,6,"Black, Black British, Black Welsh, Caribbean or African: African",5,L8 and L9: Small employers and own account workers,196
E05014093,Woolwich Common,6,"Black, Black British, Black Welsh, Caribbean or African: African",6,L10 and L11: Lower supervisory and technical occupations,74
E05014093,Woolwich Common,6,"Black, Black British, Black Welsh, Caribbean or African: African",7,L12: Semi-routine occupations,282
E05014093,Woolwich Common,6,"Black, Black British, Black Welsh, Caribbean or African: African",8,L13: Routine occupations,234
E05014093,Woolwich Common,6,"Black, Black British, Black Welsh, Caribbean or African: African",9,L14.1: Never worked,163
E05014093,Woolwich Common,6,"Black, Black British, Black Welsh, Caribbean or African: African",10,L14.2: Long-term unemployed,56
E05014093,Woolwich Common,6,"Black, Black British, Black Welsh, Caribbean or African: African",11,L15: Full-time students,448
E05014093,Woolwich Common,7,"Black, Black British, Black Welsh, Caribbean or African: Caribbean",-8,Does not apply,62
E05014093,Woolwich Common,7,"Black, Black British, Black Welsh, Caribbean or African: Caribbean",1,L1 and L2: Large employers and higher managerial and administrative occupations,8
E05014093,Woolwich Common,7,"Black, Black British, Black Welsh, Caribbean or African: Caribbean",2,L3: Higher professional occupations,18
E05014093,Woolwich Common,7,"Black, Black British, Black Welsh, Caribbean or African: Caribbean",3,"L4, L5 and L6: Lower managerial, administrative and professional occupations",87
E05014093,Woolwich Common,7,"Black, Black British, Black Welsh, Caribbean or African: Caribbean",4,L7: Intermediate occupations,53
E05014093,Woolwich Common,7,"Black, Black British, Black Welsh, Caribbean or African: Caribbean",5,L8 and L9: Small employers and own account workers,20
E05014093,Woolwich Common,7,"Black, Black British, Black Welsh, Caribbean or African: Caribbean",6,L10 and L11: Lower supervisory and technical occupations,18
E05014093,Woolwich Common,7,"Black, Black British, Black Welsh, Caribbean or African: Caribbean",7,L12: Semi-routine occupations,67
E05014093,Woolwich Common,7,"Black, Black British, Black Welsh, Caribbean or African: Caribbean",8,L13: Routine occupations,52
E05014093,Woolwich Common,7,"Black, Black British, Black Welsh, Caribbean or African: Caribbean",9,L14.1: Never worked,43
E05014093,Woolwich Common,7,"Black, Black British, Black Welsh, Caribbean or African: Caribbean",10,L14.2: Long-term unemployed,13
E05014093,Woolwich Common,7,"Black, Black British, Black Welsh, Caribbean or African: Caribbean",11,L15: Full-time students,37
E05014093,Woolwich Common,8,"Black, Black British, Black Welsh, Caribbean or African: Other Black",-8,Does not apply,180
E05014093,Woolwich Common,8,"Black, Black British, Black Welsh, Caribbean or African: Other Black",1,L1 and L2: Large employers and higher managerial and administrative occupations,7
E05014093,Woolwich Common,8,"Black, Black British, Black Welsh, Caribbean or African: Other Black",2,L3: Higher professional occupations,11
E05014093,Woolwich Common,8,"Black, Black British, Black Welsh, Caribbean or African: Other Black",3,"L4, L5 and L6: Lower managerial, administrative and professional occupations",22
E05014093,Woolwich Common,8,"Black, Black British, Black Welsh, Caribbean or African: Other Black",4,L7: Intermediate occupations,22
E05014093,Woolwich Common,8,"Black, Black British, Black Welsh, Caribbean or African: Other Black",5,L8 and L9: Small employers and own account workers,16
E05014093,Woolwich Common,8,"Black, Black British, Black Welsh, Caribbean or African: Other Black",6,L10 and L11: Lower supervisory and technical occupations,8
E05014093,Woolwich Common,8,"Black, Black British, Black Welsh, Caribbean or African: Other Black",7,L12: Semi-routine occupations,43
E05014093,Woolwich Common,8,"Black, Black British, Black Welsh, Caribbean or African: Other Black",8,L13: Routine occupations,16
E05014093,Woolwich Common,8,"Black, Black British, Black Welsh, Caribbean or African: Other Black",9,L14.1: Never worked,10
E05014093,Woolwich Common,8,"Black, Black British, Black Welsh, Caribbean or African: Other Black",10,L14.2: Long-term unemployed,13
E05014093,Woolwich Common,8,"Black, Black British, Black Welsh, Caribbean or African: Other Black",11,L15: Full-time students,55
E05014093,Woolwich Common,9,Mixed or Multiple ethnic groups: White and Asian,-8,Does not apply,29
E05014093,Woolwich Common,9,Mixed or Multiple ethnic groups: White and Asian,1,L1 and L2: Large employers and higher managerial and administrative occupations,0
E05014093,Woolwich Common,9,Mixed or Multiple ethnic groups: White and Asian,2,L3: Higher professional occupations,7
E05014093,Woolwich Common,9,Mixed or Multiple ethnic groups: White and Asian,3,"L4, L5 and L6: Lower managerial, administrative and professional occupations",13
E05014093,Woolwich Common,9,Mixed or Multiple ethnic groups: White and Asian,4,L7: Intermediate occupations,6
E05014093,Woolwich Common,9,Mixed or Multiple ethnic groups: White and Asian,5,L8 and L9: Small employers and own account workers,2
E05014093,Woolwich Common,9,Mixed or Multiple ethnic groups: White and Asian,6,L10 and L11: Lower supervisory and technical occupations,3
E05014093,Woolwich Common,9,Mixed or Multiple ethnic groups: White and Asian,7,L12: Semi-routine occupations,4
E05014093,Woolwich Common,9,Mixed or Multiple ethnic groups: White and Asian,8,L13: Routine occupations,5
E05014093,Woolwich Common,9,Mixed or Multiple ethnic groups: White and Asian,9,L14.1: Never worked,7
E05014093,Woolwich Common,9,Mixed or Multiple ethnic groups: White and Asian,10,L14.2: Long-term unemployed,0
E05014093,Woolwich Common,9,Mixed or Multiple ethnic groups: White and Asian,11,L15: Full-time students,5
E05014093,Woolwich Common,10,Mixed or Multiple ethnic groups: White and Black African,-8,Does not apply,83
E05014093,Woolwich Common,10,Mixed or Multiple ethnic groups: White and Black African,1,L1 and L2: Large employers and higher managerial and administrative occupations,3
E05014093,Woolwich Common,10,Mixed or Multiple ethnic groups: White and Black African,2,L3: Higher professional occupations,3
E05014093,Woolwich Common,10,Mixed or Multiple ethnic groups: White and Black African,3,"L4, L5 and L6: Lower managerial, administrative and professional occupations",15
E05014093,Woolwich Common,10,Mixed or Multiple ethnic groups: White and Black African,4,L7: Intermediate occupations,11
E05014093,Woolwich Common,10,Mixed or Multiple ethnic groups: White and Black African,5,L8 and L9: Small employers and own account workers,8
E05014093,Woolwich Common,10,Mixed or Multiple ethnic groups: White and Black African,6,L10 and L11: Lower supervisory and technical occupations,4
E05014093,Woolwich Common,10,Mixed or Multiple ethnic groups: White and Black African,7,L12: Semi-routine occupations,4
E05014093,Woolwich Common,10,Mixed or Multiple ethnic groups: White and Black African,8,L13: Routine occupations,12
E05014093,Woolwich Common,10,Mixed or Multiple ethnic groups: White and Black African,9,L14.1: Never worked,14
E05014093,Woolwich Common,10,Mixed or Multiple ethnic groups: White and Black African,10,L14.2: Long-term unemployed,2
E05014093,Woolwich Common,10,Mixed or Multiple ethnic groups: White and Black African,11,L15: Full-time students,15
E05014093,Woolwich Common,11,Mixed or Multiple ethnic groups: White and Black Caribbean,-8,Does not apply,134
E05014093,Woolwich Common,11,Mixed or Multiple ethnic groups: White and Black Caribbean,1,L1 and L2: Large employers and higher managerial and administrative occupations,2
E05014093,Woolwich Common,11,Mixed or Multiple ethnic groups: White and Black Caribbean,2,L3: Higher professional occupations,1
E05014093,Woolwich Common,11,Mixed or Multiple ethnic groups: White and Black Caribbean,3,"L4, L5 and L6: Lower managerial, administrative and professional occupations",29
E05014093,Woolwich Common,11,Mixed or Multiple ethnic groups: White and Black Caribbean,4,L7: Intermediate occupations,16
E05014093,Woolwich Common,11,Mixed or Multiple ethnic groups: White and Black Caribbean,5,L8 and L9: Small employers and own account workers,6
E05014093,Woolwich Common,11,Mixed or Multiple ethnic groups: White and Black Caribbean,6,L10 and L11: Lower supervisory and technical occupations,12
E05014093,Woolwich Common,11,Mixed or Multiple ethnic groups: White and Black Caribbean,7,L12: Semi-routine occupations,15
E05014093,Woolwich Common,11,Mixed or Multiple ethnic groups: White and Black Caribbean,8,L13: Routine occupations,17
E05014093,Woolwich Common,11,Mixed or Multiple ethnic groups: White and Black Caribbean,9,L14.1: Never worked,11
E05014093,Woolwich Common,11,Mixed or Multiple ethnic groups: White and Black Caribbean,10,L14.2: Long-term unemployed,5
E05014093,Woolwich Common,11,Mixed or Multiple ethnic groups: White and Black Caribbean,11,L15: Full-time students,22
E05014093,Woolwich Common,12,Mixed or Multiple ethnic groups: Other Mixed or Multiple ethnic groups,-8,Does not apply,118
E05014093,Woolwich Common,12,Mixed or Multiple ethnic groups: Other Mixed or Multiple ethnic groups,1,L1 and L2: Large employers and higher managerial and administrative occupations,1
E05014093,Woolwich Common,12,Mixed or Multiple ethnic groups: Other Mixed or Multiple ethnic groups,2,L3: Higher professional occupations,15
E05014093,Woolwich Common,12,Mixed or Multiple ethnic groups: Other Mixed or Multiple ethnic groups,3,"L4, L5 and L6: Lower managerial, administrative and professional occupations",54
E05014093,Woolwich Common,12,Mixed or Multiple ethnic groups: Other Mixed or Multiple ethnic groups,4,L7: Intermediate occupations,14
E05014093,Woolwich Common,12,Mixed or Multiple ethnic groups: Other Mixed or Multiple ethnic groups,5,L8 and L9: Small employers and own account workers,10
E05014093,Woolwich Common,12,Mixed or Multiple ethnic groups: Other Mixed or Multiple ethnic groups,6,L10 and L11: Lower supervisory and technical occupations,4
E05014093,Woolwich Common,12,Mixed or Multiple ethnic groups: Other Mixed or Multiple ethnic groups,7,L12: Semi-routine occupations,7
E05014093,Woolwich Common,12,Mixed or Multiple ethnic groups: Other Mixed or Multiple ethnic groups,8,L13: Routine occupations,20
E05014093,Woolwich Common,12,Mixed or Multiple ethnic groups: Other Mixed or Multiple ethnic groups,9,L14.1: Never worked,6
E05014093,Woolwich Common,12,Mixed or Multiple ethnic groups: Other Mixed or Multiple ethnic groups,10,L14.2: Long-term unemployed,2
E05014093,Woolwich Common,12,Mixed or Multiple ethnic groups: Other Mixed or Multiple ethnic groups,11,L15: Full-time students,23
E05014093,Woolwich Common,13,"White: English, Welsh, Scottish, Northern Irish or British",-8,Does not apply,728
E05014093,Woolwich Common,13,"White: English, Welsh, Scottish, Northern Irish or British",1,L1 and L2: Large employers and higher managerial and administrative occupations,110
E05014093,Woolwich Common,13,"White: English, Welsh, Scottish, Northern Irish or British",2,L3: Higher professional occupations,221
E05014093,Woolwich Common,13,"White: English, Welsh, Scottish, Northern Irish or British",3,"L4, L5 and L6: Lower managerial, administrative and professional occupations",600
E05014093,Woolwich Common,13,"White: English, Welsh, Scottish, Northern Irish or British",4,L7: Intermediate occupations,334
E05014093,Woolwich Common,13,"White: English, Welsh, Scottish, Northern Irish or British",5,L8 and L9: Small employers and own account workers,199
E05014093,Woolwich Common,13,"White: English, Welsh, Scottish, Northern Irish or British",6,L10 and L11: Lower supervisory and technical occupations,149
E05014093,Woolwich Common,13,"White: English, Welsh, Scottish, Northern Irish or British",7,L12: Semi-routine occupations,386
E05014093,Woolwich Common,13,"White: English, Welsh, Scottish, Northern Irish or British",8,L13: Routine occupations,389
E05014093,Woolwich Common,13,"White: English, Welsh, Scottish, Northern Irish or British",9,L14.1: Never worked,387
E05014093,Woolwich Common,13,"White: English, Welsh, Scottish, Northern Irish or British",10,L14.2: Long-term unemployed,66
E05014093,Woolwich Common,13,"White: English, Welsh, Scottish, Northern Irish or British",11,L15: Full-time students,152
E05014093,Woolwich Common,14,White: Irish,-8,Does not apply,1
E05014093,Woolwich Common,14,White: Irish,1,L1 and L2: Large employers and higher managerial and administrative occupations,3
E05014093,Woolwich Common,14,White: Irish,2,L3: Higher professional occupations,11
E05014093,Woolwich Common,14,White: Irish,3,"L4, L5 and L6: Lower managerial, administrative and professional occupations",37
E05014093,Woolwich Common,14,White: Irish,4,L7: Intermediate occupations,19
E05014093,Woolwich Common,14,White: Irish,5,L8 and L9: Small employers and own account workers,9
E05014093,Woolwich Common,14,White: Irish,6,L10 and L11: Lower supervisory and technical occupations,4
E05014093,Woolwich Common,14,White: Irish,7,L12: Semi-routine occupations,11
E05014093,Woolwich Common,14,White: Irish,8,L13: Routine occupations,17
E05014093,Woolwich Common,14,White: Irish,9,L14.1: Never worked,5
E05014093,Woolwich Common,14,White: Irish,10,L14.2: Long-term unemployed,1
E05014093,Woolwich Common,14,White: Irish,11,L15: Full-time students,3
E05014093,Woolwich Common,15,White: Gypsy or Irish Traveller,-8,Does not apply,4
E05014093,Woolwich Common,15,White: Gypsy or Irish Traveller,1,L1 and L2: Large employers and higher managerial and administrative occupations,0
E05014093,Woolwich Common,15,White: Gypsy or Irish Traveller,2,L3: Higher professional occupations,0
E05014093,Woolwich Common,15,White: Gypsy or Irish Traveller,3,"L4, L5 and L6: Lower managerial, administrative and professional occupations",0
E05014093,Woolwich Common,15,White: Gypsy or Irish Traveller,4,L7: Intermediate occupations,3
E05014093,Woolwich Common,15,White: Gypsy or Irish Traveller,5,L8 and L9: Small employers and own account workers,1
E05014093,Woolwich Common,15,White: Gypsy or Irish Traveller,6,L10 and L11: Lower supervisory and technical occupations,0
E05014093,Woolwich Common,15,White: Gypsy or Irish Traveller,7,L12: Semi-routine occupations,1
E05014093,Woolwich Common,15,White: Gypsy or Irish Traveller,8,L13: Routine occupations,2
E05014093,Woolwich Common,15,White: Gypsy or Irish Traveller,9,L14.1: Never worked,2
E05014093,Woolwich Common,15,White: Gypsy or Irish Traveller,10,L14.2: Long-term unemployed,0
E05014093,Woolwich Common,15,White: Gypsy or Irish Traveller,11,L15: Full-time students,0
E05014093,Woolwich Common,16,White: Roma,-8,Does not apply,14
E05014093,Woolwich Common,16,White: Roma,1,L1 and L2: Large employers and higher managerial and administrative occupations,0
E05014093,Woolwich Common,16,White: Roma,2,L3: Higher professional occupations,3
E05014093,Woolwich Common,16,White: Roma,3,"L4, L5 and L6: Lower managerial, administrative and professional occupations",1
E05014093,Woolwich Common,16,White: Roma,4,L7: Intermediate occupations,0
E05014093,Woolwich Common,16,White: Roma,5,L8 and L9: Small employers and own account workers,14
E05014093,Woolwich Common,16,White: Roma,6,L10 and L11: Lower supervisory and technical occupations,3
E05014093,Woolwich Common,16,White: Roma,7,L12: Semi-routine occupations,1
E05014093,Woolwich Common,16,White: Roma,8,L13: Routine occupations,13
E05014093,Woolwich Common,16,White: Roma,9,L14.1: Never worked,6
E05014093,Woolwich Common,16,White: Roma,10,L14.2: Long-term unemployed,0
E05014093,Woolwich Common,16,White: Roma,11,L15: Full-time students,2
E05014093,Woolwich Common,17,White: Other White,-8,Does not apply,141
E05014093,Woolwich Common,17,White: Other White,1,L1 and L2: Large employers and higher managerial and administrative occupations,36
E05014093,Woolwich Common,17,White: Other White,2,L3: Higher professional occupations,89
E05014093,Woolwich Common,17,White: Other White,3,"L4, L5 and L6: Lower managerial, administrative and professional occupations",188
E05014093,Woolwich Common,17,White: Other White,4,L7: Intermediate occupations,82
E05014093,Woolwich Common,17,White: Other White,5,L8 and L9: Small employers and own account workers,213
E05014093,Woolwich Common,17,White: Other White,6,L10 and L11: Lower supervisory and technical occupations,48
E05014093,Woolwich Common,17,White: Other White,7,L12: Semi-routine occupations,87
E05014093,Woolwich Common,17,White: Other White,8,L13: Routine occupations,137
E05014093,Woolwich Common,17,White: Other White,9,L14.1: Never worked,46
E05014093,Woolwich Common,17,White: Other White,10,L14.2: Long-term unemployed,20
E05014093,Woolwich Common,17,White: Other White,11,L15: Full-time students,93
E05014093,Woolwich Common,18,Other ethnic group: Arab,-8,Does not apply,12
E05014093,Woolwich Common,18,Other ethnic group: Arab,1,L1 and L2: Large employers and higher managerial and administrative occupations,0
E05014093,Woolwich Common,18,Other ethnic group: Arab,2,L3: Higher professional occupations,0
E05014093,Woolwich Common,18,Other ethnic group: Arab,3,"L4, L5 and L6: Lower managerial, administrative and professional occupations",7
E05014093,Woolwich Common,18,Other ethnic group: Arab,4,L7: Intermediate occupations,3
E05014093,Woolwich Common,18,Other ethnic group: Arab,5,L8 and L9: Small employers and own account workers,5
E05014093,Woolwich Common,18,Other ethnic group: Arab,6,L10 and L11: Lower supervisory and technical occupations,1
E05014093,Woolwich Common,18,Other ethnic group: Arab,7,L12: Semi-routine occupations,6
E05014093,Woolwich Common,18,Other ethnic group: Arab,8,L13: Routine occupations,1
E05014093,Woolwich Common,18,Other ethnic group: Arab,9,L14.1: Never worked,12
E05014093,Woolwich Common,18,Other ethnic group: Arab,10,L14.2: Long-term unemployed,1
E05014093,Woolwich Common,18,Other ethnic group: Arab,11,L15: Full-time students,7
E05014093,Woolwich Common,19,Other ethnic group: Any other ethnic group,-8,Does not apply,122
E05014093,Woolwich Common,19,Other ethnic group: Any other ethnic group,1,L1 and L2: Large employers and higher managerial and administrative occupations,8
E05014093,Woolwich Common,19,Other ethnic group: Any other ethnic group,2,L3: Higher professional occupations,23
E05014093,Woolwich Common,19,Other ethnic group: Any other ethnic group,3,"L4, L5 and L6: Lower managerial, administrative and professional occupations",48
E05014093,Woolwich Common,19,Other ethnic group: Any other ethnic group,4,L7: Intermediate occupations,34
E05014093,Woolwich Common,19,Other ethnic group: Any other ethnic group,5,L8 and L9: Small employers and own account workers,44
E05014093,Woolwich Common,19,Other ethnic group: Any other ethnic group,6,L10 and L11: Lower supervisory and technical occupations,34
E05014093,Woolwich Common,19,Other ethnic group: Any other ethnic group,7,L12: Semi-routine occupations,72
E05014093,Woolwich Common,19,Other ethnic group: Any other ethnic group,8,L13: Routine occupations,99
E05014093,Woolwich Common,19,Other ethnic group: Any other ethnic group,9,L14.1: Never worked,109
E05014093,Woolwich Common,19,Other ethnic group: Any other ethnic group,10,L14.2: Long-term unemployed,7
E05014093,Woolwich Common,19,Other ethnic group: Any other ethnic group,11,L15: Full-time students,37
E05014094,Woolwich Dockyard,-8,Does not apply,-8,Does not apply,0
E05014094,Woolwich Dockyard,-8,Does not apply,1,L1 and L2: Large employers and higher managerial and administrative occupations,0
E05014094,Woolwich Dockyard,-8,Does not apply,2,L3: Higher professional occupations,0
E05014094,Woolwich Dockyard,-8,Does not apply,3,"L4, L5 and L6: Lower managerial, administrative and professional occupations",0
E05014094,Woolwich Dockyard,-8,Does not apply,4,L7: Intermediate occupations,0
E05014094,Woolwich Dockyard,-8,Does not apply,5,L8 and L9: Small employers and own account workers,0
E05014094,Woolwich Dockyard,-8,Does not apply,6,L10 and L11: Lower supervisory and technical occupations,0
E05014094,Woolwich Dockyard,-8,Does not apply,7,L12: Semi-routine occupations,0
E05014094,Woolwich Dockyard,-8,Does not apply,8,L13: Routine occupations,0
E05014094,Woolwich Dockyard,-8,Does not apply,9,L14.1: Never worked,0
E05014094,Woolwich Dockyard,-8,Does not apply,10,L14.2: Long-term unemployed,0
E05014094,Woolwich Dockyard,-8,Does not apply,11,L15: Full-time students,0
E05014094,Woolwich Dockyard,1,"Asian, Asian British or Asian Welsh: Bangladeshi",-8,Does not apply,48
E05014094,Woolwich Dockyard,1,"Asian, Asian British or Asian Welsh: Bangladeshi",1,L1 and L2: Large employers and higher managerial and administrative occupations,3
E05014094,Woolwich Dockyard,1,"Asian, Asian British or Asian Welsh: Bangladeshi",2,L3: Higher professional occupations,10
E05014094,Woolwich Dockyard,1,"Asian, Asian British or Asian Welsh: Bangladeshi",3,"L4, L5 and L6: Lower managerial, administrative and professional occupations",19
E05014094,Woolwich Dockyard,1,"Asian, Asian British or Asian Welsh: Bangladeshi",4,L7: Intermediate occupations,7
E05014094,Woolwich Dockyard,1,"Asian, Asian British or Asian Welsh: Bangladeshi",5,L8 and L9: Small employers and own account workers,9
E05014094,Woolwich Dockyard,1,"Asian, Asian British or Asian Welsh: Bangladeshi",6,L10 and L11: Lower supervisory and technical occupations,7
E05014094,Woolwich Dockyard,1,"Asian, Asian British or Asian Welsh: Bangladeshi",7,L12: Semi-routine occupations,25
E05014094,Woolwich Dockyard,1,"Asian, Asian British or Asian Welsh: Bangladeshi",8,L13: Routine occupations,12
E05014094,Woolwich Dockyard,1,"Asian, Asian British or Asian Welsh: Bangladeshi",9,L14.1: Never worked,27
E05014094,Woolwich Dockyard,1,"Asian, Asian British or Asian Welsh: Bangladeshi",10,L14.2: Long-term unemployed,3
E05014094,Woolwich Dockyard,1,"Asian, Asian British or Asian Welsh: Bangladeshi",11,L15: Full-time students,20
E05014094,Woolwich Dockyard,2,"Asian, Asian British or Asian Welsh: Chinese",-8,Does not apply,61
E05014094,Woolwich Dockyard,2,"Asian, Asian British or Asian Welsh: Chinese",1,L1 and L2: Large employers and higher managerial and administrative occupations,5
E05014094,Woolwich Dockyard,2,"Asian, Asian British or Asian Welsh: Chinese",2,L3: Higher professional occupations,34
E05014094,Woolwich Dockyard,2,"Asian, Asian British or Asian Welsh: Chinese",3,"L4, L5 and L6: Lower managerial, administrative and professional occupations",27
E05014094,Woolwich Dockyard,2,"Asian, Asian British or Asian Welsh: Chinese",4,L7: Intermediate occupations,16
E05014094,Woolwich Dockyard,2,"Asian, Asian British or Asian Welsh: Chinese",5,L8 and L9: Small employers and own account workers,24
E05014094,Woolwich Dockyard,2,"Asian, Asian British or Asian Welsh: Chinese",6,L10 and L11: Lower supervisory and technical occupations,41
E05014094,Woolwich Dockyard,2,"Asian, Asian British or Asian Welsh: Chinese",7,L12: Semi-routine occupations,30
E05014094,Woolwich Dockyard,2,"Asian, Asian British or Asian Welsh: Chinese",8,L13: Routine occupations,35
E05014094,Woolwich Dockyard,2,"Asian, Asian British or Asian Welsh: Chinese",9,L14.1: Never worked,90
E05014094,Woolwich Dockyard,2,"Asian, Asian British or Asian Welsh: Chinese",10,L14.2: Long-term unemployed,9
E05014094,Woolwich Dockyard,2,"Asian, Asian British or Asian Welsh: Chinese",11,L15: Full-time students,15
E05014094,Woolwich Dockyard,3,"Asian, Asian British or Asian Welsh: Indian",-8,Does not apply,40
E05014094,Woolwich Dockyard,3,"Asian, Asian British or Asian Welsh: Indian",1,L1 and L2: Large employers and higher managerial and administrative occupations,10
E05014094,Woolwich Dockyard,3,"Asian, Asian British or Asian Welsh: Indian",2,L3: Higher professional occupations,40
E05014094,Woolwich Dockyard,3,"Asian, Asian British or Asian Welsh: Indian",3,"L4, L5 and L6: Lower managerial, administrative and professional occupations",42
E05014094,Woolwich Dockyard,3,"Asian, Asian British or Asian Welsh: Indian",4,L7: Intermediate occupations,16
E05014094,Woolwich Dockyard,3,"Asian, Asian British or Asian Welsh: Indian",5,L8 and L9: Small employers and own account workers,8
E05014094,Woolwich Dockyard,3,"Asian, Asian British or Asian Welsh: Indian",6,L10 and L11: Lower supervisory and technical occupations,9
E05014094,Woolwich Dockyard,3,"Asian, Asian British or Asian Welsh: Indian",7,L12: Semi-routine occupations,23
E05014094,Woolwich Dockyard,3,"Asian, Asian British or Asian Welsh: Indian",8,L13: Routine occupations,15
E05014094,Woolwich Dockyard,3,"Asian, Asian British or Asian Welsh: Indian",9,L14.1: Never worked,28
E05014094,Woolwich Dockyard,3,"Asian, Asian British or Asian Welsh: Indian",10,L14.2: Long-term unemployed,8
E05014094,Woolwich Dockyard,3,"Asian, Asian British or Asian Welsh: Indian",11,L15: Full-time students,22
E05014094,Woolwich Dockyard,4,"Asian, Asian British or Asian Welsh: Pakistani",-8,Does not apply,26
E05014094,Woolwich Dockyard,4,"Asian, Asian British or Asian Welsh: Pakistani",1,L1 and L2: Large employers and higher managerial and administrative occupations,1
E05014094,Woolwich Dockyard,4,"Asian, Asian British or Asian Welsh: Pakistani",2,L3: Higher professional occupations,8
E05014094,Woolwich Dockyard,4,"Asian, Asian British or Asian Welsh: Pakistani",3,"L4, L5 and L6: Lower managerial, administrative and professional occupations",8
E05014094,Woolwich Dockyard,4,"Asian, Asian British or Asian Welsh: Pakistani",4,L7: Intermediate occupations,13
E05014094,Woolwich Dockyard,4,"Asian, Asian British or Asian Welsh: Pakistani",5,L8 and L9: Small employers and own account workers,9
E05014094,Woolwich Dockyard,4,"Asian, Asian British or Asian Welsh: Pakistani",6,L10 and L11: Lower supervisory and technical occupations,3
E05014094,Woolwich Dockyard,4,"Asian, Asian British or Asian Welsh: Pakistani",7,L12: Semi-routine occupations,11
E05014094,Woolwich Dockyard,4,"Asian, Asian British or Asian Welsh: Pakistani",8,L13: Routine occupations,9
E05014094,Woolwich Dockyard,4,"Asian, Asian British or Asian Welsh: Pakistani",9,L14.1: Never worked,16
E05014094,Woolwich Dockyard,4,"Asian, Asian British or Asian Welsh: Pakistani",10,L14.2: Long-term unemployed,1
E05014094,Woolwich Dockyard,4,"Asian, Asian British or Asian Welsh: Pakistani",11,L15: Full-time students,6
E05014094,Woolwich Dockyard,5,"Asian, Asian British or Asian Welsh: Other Asian",-8,Does not apply,199
E05014094,Woolwich Dockyard,5,"Asian, Asian British or Asian Welsh: Other Asian",1,L1 and L2: Large employers and higher managerial and administrative occupations,17
E05014094,Woolwich Dockyard,5,"Asian, Asian British or Asian Welsh: Other Asian",2,L3: Higher professional occupations,33
E05014094,Woolwich Dockyard,5,"Asian, Asian British or Asian Welsh: Other Asian",3,"L4, L5 and L6: Lower managerial, administrative and professional occupations",124
E05014094,Woolwich Dockyard,5,"Asian, Asian British or Asian Welsh: Other Asian",4,L7: Intermediate occupations,31
E05014094,Woolwich Dockyard,5,"Asian, Asian British or Asian Welsh: Other Asian",5,L8 and L9: Small employers and own account workers,44
E05014094,Woolwich Dockyard,5,"Asian, Asian British or Asian Welsh: Other Asian",6,L10 and L11: Lower supervisory and technical occupations,58
E05014094,Woolwich Dockyard,5,"Asian, Asian British or Asian Welsh: Other Asian",7,L12: Semi-routine occupations,165
E05014094,Woolwich Dockyard,5,"Asian, Asian British or Asian Welsh: Other Asian",8,L13: Routine occupations,78
E05014094,Woolwich Dockyard,5,"Asian, Asian British or Asian Welsh: Other Asian",9,L14.1: Never worked,137
E05014094,Woolwich Dockyard,5,"Asian, Asian British or Asian Welsh: Other Asian",10,L14.2: Long-term unemployed,16
E05014094,Woolwich Dockyard,5,"Asian, Asian British or Asian Welsh: Other Asian",11,L15: Full-time students,78
E05014094,Woolwich Dockyard,6,"Black, Black British, Black Welsh, Caribbean or African: African",-8,Does not apply,882
E05014094,Woolwich Dockyard,6,"Black, Black British, Black Welsh, Caribbean or African: African",1,L1 and L2: Large employers and higher managerial and administrative occupations,44
E05014094,Woolwich Dockyard,6,"Black, Black British, Black Welsh, Caribbean or African: African",2,L3: Higher professional occupations,119
E05014094,Woolwich Dockyard,6,"Black, Black British, Black Welsh, Caribbean or African: African",3,"L4, L5 and L6: Lower managerial, administrative and professional occupations",370
E05014094,Woolwich Dockyard,6,"Black, Black British, Black Welsh, Caribbean or African: African",4,L7: Intermediate occupations,246
E05014094,Woolwich Dockyard,6,"Black, Black British, Black Welsh, Caribbean or African: African",5,L8 and L9: Small employers and own account workers,194
E05014094,Woolwich Dockyard,6,"Black, Black British, Black Welsh, Caribbean or African: African",6,L10 and L11: Lower supervisory and technical occupations,81
E05014094,Woolwich Dockyard,6,"Black, Black British, Black Welsh, Caribbean or African: African",7,L12: Semi-routine occupations,375
E05014094,Woolwich Dockyard,6,"Black, Black British, Black Welsh, Caribbean or African: African",8,L13: Routine occupations,252
E05014094,Woolwich Dockyard,6,"Black, Black British, Black Welsh, Caribbean or African: African",9,L14.1: Never worked,184
E05014094,Woolwich Dockyard,6,"Black, Black British, Black Welsh, Caribbean or African: African",10,L14.2: Long-term unemployed,55
E05014094,Woolwich Dockyard,6,"Black, Black British, Black Welsh, Caribbean or African: African",11,L15: Full-time students,405
E05014094,Woolwich Dockyard,7,"Black, Black British, Black Welsh, Caribbean or African: Caribbean",-8,Does not apply,60
E05014094,Woolwich Dockyard,7,"Black, Black British, Black Welsh, Caribbean or African: Caribbean",1,L1 and L2: Large employers and higher managerial and administrative occupations,5
E05014094,Woolwich Dockyard,7,"Black, Black British, Black Welsh, Caribbean or African: Caribbean",2,L3: Higher professional occupations,14
E05014094,Woolwich Dockyard,7,"Black, Black British, Black Welsh, Caribbean or African: Caribbean",3,"L4, L5 and L6: Lower managerial, administrative and professional occupations",69
E05014094,Woolwich Dockyard,7,"Black, Black British, Black Welsh, Caribbean or African: Caribbean",4,L7: Intermediate occupations,48
E05014094,Woolwich Dockyard,7,"Black, Black British, Black Welsh, Caribbean or African: Caribbean",5,L8 and L9: Small employers and own account workers,23
E05014094,Woolwich Dockyard,7,"Black, Black British, Black Welsh, Caribbean or African: Caribbean",6,L10 and L11: Lower supervisory and technical occupations,17
E05014094,Woolwich Dockyard,7,"Black, Black British, Black Welsh, Caribbean or African: Caribbean",7,L12: Semi-routine occupations,43
E05014094,Woolwich Dockyard,7,"Black, Black British, Black Welsh, Caribbean or African: Caribbean",8,L13: Routine occupations,41
E05014094,Woolwich Dockyard,7,"Black, Black British, Black Welsh, Caribbean or African: Caribbean",9,L14.1: Never worked,32
E05014094,Woolwich Dockyard,7,"Black, Black British, Black Welsh, Caribbean or African: Caribbean",10,L14.2: Long-term unemployed,10
E05014094,Woolwich Dockyard,7,"Black, Black British, Black Welsh, Caribbean or African: Caribbean",11,L15: Full-time students,28
E05014094,Woolwich Dockyard,8,"Black, Black British, Black Welsh, Caribbean or African: Other Black",-8,Does not apply,244
E05014094,Woolwich Dockyard,8,"Black, Black British, Black Welsh, Caribbean or African: Other Black",1,L1 and L2: Large employers and higher managerial and administrative occupations,3
E05014094,Woolwich Dockyard,8,"Black, Black British, Black Welsh, Caribbean or African: Other Black",2,L3: Higher professional occupations,11
E05014094,Woolwich Dockyard,8,"Black, Black British, Black Welsh, Caribbean or African: Other Black",3,"L4, L5 and L6: Lower managerial, administrative and professional occupations",46
E05014094,Woolwich Dockyard,8,"Black, Black British, Black Welsh, Caribbean or African: Other Black",4,L7: Intermediate occupations,19
E05014094,Woolwich Dockyard,8,"Black, Black British, Black Welsh, Caribbean or African: Other Black",5,L8 and L9: Small employers and own account workers,9
E05014094,Woolwich Dockyard,8,"Black, Black British, Black Welsh, Caribbean or African: Other Black",6,L10 and L11: Lower supervisory and technical occupations,10
E05014094,Woolwich Dockyard,8,"Black, Black British, Black Welsh, Caribbean or African: Other Black",7,L12: Semi-routine occupations,33
E05014094,Woolwich Dockyard,8,"Black, Black British, Black Welsh, Caribbean or African: Other Black",8,L13: Routine occupations,16
E05014094,Woolwich Dockyard,8,"Black, Black British, Black Welsh, Caribbean or African: Other Black",9,L14.1: Never worked,19
E05014094,Woolwich Dockyard,8,"Black, Black British, Black Welsh, Caribbean or African: Other Black",10,L14.2: Long-term unemployed,8
E05014094,Woolwich Dockyard,8,"Black, Black British, Black Welsh, Caribbean or African: Other Black",11,L15: Full-time students,62
E05014094,Woolwich Dockyard,9,Mixed or Multiple ethnic groups: White and Asian,-8,Does not apply,34
E05014094,Woolwich Dockyard,9,Mixed or Multiple ethnic groups: White and Asian,1,L1 and L2: Large employers and higher managerial and administrative occupations,0
E05014094,Woolwich Dockyard,9,Mixed or Multiple ethnic groups: White and Asian,2,L3: Higher professional occupations,6
E05014094,Woolwich Dockyard,9,Mixed or Multiple ethnic groups: White and Asian,3,"L4, L5 and L6: Lower managerial, administrative and professional occupations",13
E05014094,Woolwich Dockyard,9,Mixed or Multiple ethnic groups: White and Asian,4,L7: Intermediate occupations,5
E05014094,Woolwich Dockyard,9,Mixed or Multiple ethnic groups: White and Asian,5,L8 and L9: Small employers and own account workers,2
E05014094,Woolwich Dockyard,9,Mixed or Multiple ethnic groups: White and Asian,6,L10 and L11: Lower supervisory and technical occupations,3
E05014094,Woolwich Dockyard,9,Mixed or Multiple ethnic groups: White and Asian,7,L12: Semi-routine occupations,10
E05014094,Woolwich Dockyard,9,Mixed or Multiple ethnic groups: White and Asian,8,L13: Routine occupations,4
E05014094,Woolwich Dockyard,9,Mixed or Multiple ethnic groups: White and Asian,9,L14.1: Never worked,3
E05014094,Woolwich Dockyard,9,Mixed or Multiple ethnic groups: White and Asian,10,L14.2: Long-term unemployed,1
E05014094,Woolwich Dockyard,9,Mixed or Multiple ethnic groups: White and Asian,11,L15: Full-time students,4
E05014094,Woolwich Dockyard,10,Mixed or Multiple ethnic groups: White and Black African,-8,Does not apply,94
E05014094,Woolwich Dockyard,10,Mixed or Multiple ethnic groups: White and Black African,1,L1 and L2: Large employers and higher managerial and administrative occupations,2
E05014094,Woolwich Dockyard,10,Mixed or Multiple ethnic groups: White and Black African,2,L3: Higher professional occupations,4
E05014094,Woolwich Dockyard,10,Mixed or Multiple ethnic groups: White and Black African,3,"L4, L5 and L6: Lower managerial, administrative and professional occupations",24
E05014094,Woolwich Dockyard,10,Mixed or Multiple ethnic groups: White and Black African,4,L7: Intermediate occupations,6
E05014094,Woolwich Dockyard,10,Mixed or Multiple ethnic groups: White and Black African,5,L8 and L9: Small employers and own account workers,2
E05014094,Woolwich Dockyard,10,Mixed or Multiple ethnic groups: White and Black African,6,L10 and L11: Lower supervisory and technical occupations,6
E05014094,Woolwich Dockyard,10,Mixed or Multiple ethnic groups: White and Black African,7,L12: Semi-routine occupations,12
E05014094,Woolwich Dockyard,10,Mixed or Multiple ethnic groups: White and Black African,8,L13: Routine occupations,11
E05014094,Woolwich Dockyard,10,Mixed or Multiple ethnic groups: White and Black African,9,L14.1: Never worked,7
E05014094,Woolwich Dockyard,10,Mixed or Multiple ethnic groups: White and Black African,10,L14.2: Long-term unemployed,4
E05014094,Woolwich Dockyard,10,Mixed or Multiple ethnic groups: White and Black African,11,L15: Full-time students,13
E05014094,Woolwich Dockyard,11,Mixed or Multiple ethnic groups: White and Black Caribbean,-8,Does not apply,83
E05014094,Woolwich Dockyard,11,Mixed or Multiple ethnic groups: White and Black Caribbean,1,L1 and L2: Large employers and higher managerial and administrative occupations,5
E05014094,Woolwich Dockyard,11,Mixed or Multiple ethnic groups: White and Black Caribbean,2,L3: Higher professional occupations,5
E05014094,Woolwich Dockyard,11,Mixed or Multiple ethnic groups: White and Black Caribbean,3,"L4, L5 and L6: Lower managerial, administrative and professional occupations",23
E05014094,Woolwich Dockyard,11,Mixed or Multiple ethnic groups: White and Black Caribbean,4,L7: Intermediate occupations,11
E05014094,Woolwich Dockyard,11,Mixed or Multiple ethnic groups: White and Black Caribbean,5,L8 and L9: Small employers and own account workers,5
E05014094,Woolwich Dockyard,11,Mixed or Multiple ethnic groups: White and Black Caribbean,6,L10 and L11: Lower supervisory and technical occupations,10
E05014094,Woolwich Dockyard,11,Mixed or Multiple ethnic groups: White and Black Caribbean,7,L12: Semi-routine occupations,12
E05014094,Woolwich Dockyard,11,Mixed or Multiple ethnic groups: White and Black Caribbean,8,L13: Routine occupations,14
E05014094,Woolwich Dockyard,11,Mixed or Multiple ethnic groups: White and Black Caribbean,9,L14.1: Never worked,9
E05014094,Woolwich Dockyard,11,Mixed or Multiple ethnic groups: White and Black Caribbean,10,L14.2: Long-term unemployed,5
E05014094,Woolwich Dockyard,11,Mixed or Multiple ethnic groups: White and Black Caribbean,11,L15: Full-time students,13
E05014094,Woolwich Dockyard,12,Mixed or Multiple ethnic groups: Other Mixed or Multiple ethnic groups,-8,Does not apply,72
E05014094,Woolwich Dockyard,12,Mixed or Multiple ethnic groups: Other Mixed or Multiple ethnic groups,1,L1 and L2: Large employers and higher managerial and administrative occupations,1
E05014094,Woolwich Dockyard,12,Mixed or Multiple ethnic groups: Other Mixed or Multiple ethnic groups,2,L3: Higher professional occupations,7
E05014094,Woolwich Dockyard,12,Mixed or Multiple ethnic groups: Other Mixed or Multiple ethnic groups,3,"L4, L5 and L6: Lower managerial, administrative and professional occupations",17
E05014094,Woolwich Dockyard,12,Mixed or Multiple ethnic groups: Other Mixed or Multiple ethnic groups,4,L7: Intermediate occupations,13
E05014094,Woolwich Dockyard,12,Mixed or Multiple ethnic groups: Other Mixed or Multiple ethnic groups,5,L8 and L9: Small employers and own account workers,8
E05014094,Woolwich Dockyard,12,Mixed or Multiple ethnic groups: Other Mixed or Multiple ethnic groups,6,L10 and L11: Lower supervisory and technical occupations,8
E05014094,Woolwich Dockyard,12,Mixed or Multiple ethnic groups: Other Mixed or Multiple ethnic groups,7,L12: Semi-routine occupations,14
E05014094,Woolwich Dockyard,12,Mixed or Multiple ethnic groups: Other Mixed or Multiple ethnic groups,8,L13: Routine occupations,20
E05014094,Woolwich Dockyard,12,Mixed or Multiple ethnic groups: Other Mixed or Multiple ethnic groups,9,L14.1: Never worked,8
E05014094,Woolwich Dockyard,12,Mixed or Multiple ethnic groups: Other Mixed or Multiple ethnic groups,10,L14.2: Long-term unemployed,3
E05014094,Woolwich Dockyard,12,Mixed or Multiple ethnic groups: Other Mixed or Multiple ethnic groups,11,L15: Full-time students,25
E05014094,Woolwich Dockyard,13,"White: English, Welsh, Scottish, Northern Irish or British",-8,Does not apply,569
E05014094,Woolwich Dockyard,13,"White: English, Welsh, Scottish, Northern Irish or British",1,L1 and L2: Large employers and higher managerial and administrative occupations,71
E05014094,Woolwich Dockyard,13,"White: English, Welsh, Scottish, Northern Irish or British",2,L3: Higher professional occupations,153
E05014094,Woolwich Dockyard,13,"White: English, Welsh, Scottish, Northern Irish or British",3,"L4, L5 and L6: Lower managerial, administrative and professional occupations",414
E05014094,Woolwich Dockyard,13,"White: English, Welsh, Scottish, Northern Irish or British",4,L7: Intermediate occupations,251
E05014094,Woolwich Dockyard,13,"White: English, Welsh, Scottish, Northern Irish or British",5,L8 and L9: Small employers and own account workers,236
E05014094,Woolwich Dockyard,13,"White: English, Welsh, Scottish, Northern Irish or British",6,L10 and L11: Lower supervisory and technical occupations,149
E05014094,Woolwich Dockyard,13,"White: English, Welsh, Scottish, Northern Irish or British",7,L12: Semi-routine occupations,360
E05014094,Woolwich Dockyard,13,"White: English, Welsh, Scottish, Northern Irish or British",8,L13: Routine occupations,401
E05014094,Woolwich Dockyard,13,"White: English, Welsh, Scottish, Northern Irish or British",9,L14.1: Never worked,386
E05014094,Woolwich Dockyard,13,"White: English, Welsh, Scottish, Northern Irish or British",10,L14.2: Long-term unemployed,68
E05014094,Woolwich Dockyard,13,"White: English, Welsh, Scottish, Northern Irish or British",11,L15: Full-time students,102
E05014094,Woolwich Dockyard,14,White: Irish,-8,Does not apply,6
E05014094,Woolwich Dockyard,14,White: Irish,1,L1 and L2: Large employers and higher managerial and administrative occupations,5
E05014094,Woolwich Dockyard,14,White: Irish,2,L3: Higher professional occupations,11
E05014094,Woolwich Dockyard,14,White: Irish,3,"L4, L5 and L6: Lower managerial, administrative and professional occupations",21
E05014094,Woolwich Dockyard,14,White: Irish,4,L7: Intermediate occupations,4
E05014094,Woolwich Dockyard,14,White: Irish,5,L8 and L9: Small employers and own account workers,4
E05014094,Woolwich Dockyard,14,White: Irish,6,L10 and L11: Lower supervisory and technical occupations,2
E05014094,Woolwich Dockyard,14,White: Irish,7,L12: Semi-routine occupations,17
E05014094,Woolwich Dockyard,14,White: Irish,8,L13: Routine occupations,2
E05014094,Woolwich Dockyard,14,White: Irish,9,L14.1: Never worked,7
E05014094,Woolwich Dockyard,14,White: Irish,10,L14.2: Long-term unemployed,3
E05014094,Woolwich Dockyard,14,White: Irish,11,L15: Full-time students,2
E05014094,Woolwich Dockyard,15,White: Gypsy or Irish Traveller,-8,Does not apply,0
E05014094,Woolwich Dockyard,15,White: Gypsy or Irish Traveller,1,L1 and L2: Large employers and higher managerial and administrative occupations,0
E05014094,Woolwich Dockyard,15,White: Gypsy or Irish Traveller,2,L3: Higher professional occupations,0
E05014094,Woolwich Dockyard,15,White: Gypsy or Irish Traveller,3,"L4, L5 and L6: Lower managerial, administrative and professional occupations",2
E05014094,Woolwich Dockyard,15,White: Gypsy or Irish Traveller,4,L7: Intermediate occupations,0
E05014094,Woolwich Dockyard,15,White: Gypsy or Irish Traveller,5,L8 and L9: Small employers and own account workers,0
E05014094,Woolwich Dockyard,15,White: Gypsy or Irish Traveller,6,L10 and L11: Lower supervisory and technical occupations,0
E05014094,Woolwich Dockyard,15,White: Gypsy or Irish Traveller,7,L12: Semi-routine occupations,3
E05014094,Woolwich Dockyard,15,White: Gypsy or Irish Traveller,8,L13: Routine occupations,0
E05014094,Woolwich Dockyard,15,White: Gypsy or Irish Traveller,9,L14.1: Never worked,3
E05014094,Woolwich Dockyard,15,White: Gypsy or Irish Traveller,10,L14.2: Long-term unemployed,0
E05014094,Woolwich Dockyard,15,White: Gypsy or Irish Traveller,11,L15: Full-time students,0
E05014094,Woolwich Dockyard,16,White: Roma,-8,Does not apply,2
E05014094,Woolwich Dockyard,16,White: Roma,1,L1 and L2: Large employers and higher managerial and administrative occupations,1
E05014094,Woolwich Dockyard,16,White: Roma,2,L3: Higher professional occupations,4
E05014094,Woolwich Dockyard,16,White: Roma,3,"L4, L5 and L6: Lower managerial, administrative and professional occupations",6
E05014094,Woolwich Dockyard,16,White: Roma,4,L7: Intermediate occupations,1
E05014094,Woolwich Dockyard,16,White: Roma,5,L8 and L9: Small employers and own account workers,7
E05014094,Woolwich Dockyard,16,White: Roma,6,L10 and L11: Lower supervisory and technical occupations,4
E05014094,Woolwich Dockyard,16,White: Roma,7,L12: Semi-routine occupations,4
E05014094,Woolwich Dockyard,16,White: Roma,8,L13: Routine occupations,2
E05014094,Woolwich Dockyard,16,White: Roma,9,L14.1: Never worked,0
E05014094,Woolwich Dockyard,16,White: Roma,10,L14.2: Long-term unemployed,1
E05014094,Woolwich Dockyard,16,White: Roma,11,L15: Full-time students,2
E05014094,Woolwich Dockyard,17,White: Other White,-8,Does not apply,164
E05014094,Woolwich Dockyard,17,White: Other White,1,L1 and L2: Large employers and higher managerial and administrative occupations,22
E05014094,Woolwich Dockyard,17,White: Other White,2,L3: Higher professional occupations,95
E05014094,Woolwich Dockyard,17,White: Other White,3,"L4, L5 and L6: Lower managerial, administrative and professional occupations",190
E05014094,Woolwich Dockyard,17,White: Other White,4,L7: Intermediate occupations,77
E05014094,Woolwich Dockyard,17,White: Other White,5,L8 and L9: Small employers and own account workers,214
E05014094,Woolwich Dockyard,17,White: Other White,6,L10 and L11: Lower supervisory and technical occupations,75
E05014094,Woolwich Dockyard,17,White: Other White,7,L12: Semi-routine occupations,81
E05014094,Woolwich Dockyard,17,White: Other White,8,L13: Routine occupations,135
E05014094,Woolwich Dockyard,17,White: Other White,9,L14.1: Never worked,78
E05014094,Woolwich Dockyard,17,White: Other White,10,L14.2: Long-term unemployed,16
E05014094,Woolwich Dockyard,17,White: Other White,11,L15: Full-time students,100
E05014094,Woolwich Dockyard,18,Other ethnic group: Arab,-8,Does not apply,34
E05014094,Woolwich Dockyard,18,Other ethnic group: Arab,1,L1 and L2: Large employers and higher managerial and administrative occupations,2
E05014094,Woolwich Dockyard,18,Other ethnic group: Arab,2,L3: Higher professional occupations,6
E05014094,Woolwich Dockyard,18,Other ethnic group: Arab,3,"L4, L5 and L6: Lower managerial, administrative and professional occupations",10
E05014094,Woolwich Dockyard,18,Other ethnic group: Arab,4,L7: Intermediate occupations,1
E05014094,Woolwich Dockyard,18,Other ethnic group: Arab,5,L8 and L9: Small employers and own account workers,6
E05014094,Woolwich Dockyard,18,Other ethnic group: Arab,6,L10 and L11: Lower supervisory and technical occupations,0
E05014094,Woolwich Dockyard,18,Other ethnic group: Arab,7,L12: Semi-routine occupations,5
E05014094,Woolwich Dockyard,18,Other ethnic group: Arab,8,L13: Routine occupations,4
E05014094,Woolwich Dockyard,18,Other ethnic group: Arab,9,L14.1: Never worked,18
E05014094,Woolwich Dockyard,18,Other ethnic group: Arab,10,L14.2: Long-term unemployed,2
E05014094,Woolwich Dockyard,18,Other ethnic group: Arab,11,L15: Full-time students,14
E05014094,Woolwich Dockyard,19,Other ethnic group: Any other ethnic group,-8,Does not apply,80
E05014094,Woolwich Dockyard,19,Other ethnic group: Any other ethnic group,1,L1 and L2: Large employers and higher managerial and administrative occupations,5
E05014094,Woolwich Dockyard,19,Other ethnic group: Any other ethnic group,2,L3: Higher professional occupations,20
E05014094,Woolwich Dockyard,19,Other ethnic group: Any other ethnic group,3,"L4, L5 and L6: Lower managerial, administrative and professional occupations",31
E05014094,Woolwich Dockyard,19,Other ethnic group: Any other ethnic group,4,L7: Intermediate occupations,17
E05014094,Woolwich Dockyard,19,Other ethnic group: Any other ethnic group,5,L8 and L9: Small employers and own account workers,31
E05014094,Woolwich Dockyard,19,Other ethnic group: Any other ethnic group,6,L10 and L11: Lower supervisory and technical occupations,23
E05014094,Woolwich Dockyard,19,Other ethnic group: Any other ethnic group,7,L12: Semi-routine occupations,41
E05014094,Woolwich Dockyard,19,Other ethnic group: Any other ethnic group,8,L13: Routine occupations,34
E05014094,Woolwich Dockyard,19,Other ethnic group: Any other ethnic group,9,L14.1: Never worked,63
E05014094,Woolwich Dockyard,19,Other ethnic group: Any other ethnic group,10,L14.2: Long-term unemployed,6
E05014094,Woolwich Dockyard,19,Other ethnic group: Any other ethnic group,11,L15: Full-time students,38
