Electoral wards and divisions Code,Electoral wards and divisions,Ethnic group (20 categories) Code,Ethnic group (20 categories),National Statistics Socio-economic Classification (NS-SeC) (12 categories) Code,National Statistics Socio-economic Classification (NS-SeC) (12 categories),Observation
E05013628,Barnet Vale,-8,Does not apply,-8,Does not apply,0
E05013628,Barnet Vale,-8,Does not apply,1,L1 and L2: Large employers and higher managerial and administrative occupations,0
E05013628,Barnet Vale,-8,Does not apply,2,L3: Higher professional occupations,0
E05013628,Barnet Vale,-8,Does not apply,3,"L4, L5 and L6: Lower managerial, administrative and professional occupations",0
E05013628,Barnet Vale,-8,Does not apply,4,L7: Intermediate occupations,0
E05013628,Barnet Vale,-8,Does not apply,5,L8 and L9: Small employers and own account workers,0
E05013628,Barnet Vale,-8,Does not apply,6,L10 and L11: Lower supervisory and technical occupations,0
E05013628,Barnet Vale,-8,Does not apply,7,L12: Semi-routine occupations,0
E05013628,Barnet Vale,-8,Does not apply,8,L13: Routine occupations,0
E05013628,Barnet Vale,-8,Does not apply,9,L14.1: Never worked,0
E05013628,Barnet Vale,-8,Does not apply,10,L14.2: Long-term unemployed,0
E05013628,Barnet Vale,-8,Does not apply,11,L15: Full-time students,0
E05013628,Barnet Vale,1,"Asian, Asian British or Asian Welsh: Bangladeshi",-8,Does not apply,21
E05013628,Barnet Vale,1,"Asian, Asian British or Asian Welsh: Bangladeshi",1,L1 and L2: Large employers and higher managerial and administrative occupations,4
E05013628,Barnet Vale,1,"Asian, Asian British or Asian Welsh: Bangladeshi",2,L3: Higher professional occupations,11
E05013628,Barnet Vale,1,"Asian, Asian British or Asian Welsh: Bangladeshi",3,"L4, L5 and L6: Lower managerial, administrative and professional occupations",11
E05013628,Barnet Vale,1,"Asian, Asian British or Asian Welsh: Bangladeshi",4,L7: Intermediate occupations,2
E05013628,Barnet Vale,1,"Asian, Asian British or Asian Welsh: Bangladeshi",5,L8 and L9: Small employers and own account workers,5
E05013628,Barnet Vale,1,"Asian, Asian British or Asian Welsh: Bangladeshi",6,L10 and L11: Lower supervisory and technical occupations,3
E05013628,Barnet Vale,1,"Asian, Asian British or Asian Welsh: Bangladeshi",7,L12: Semi-routine occupations,3
E05013628,Barnet Vale,1,"Asian, Asian British or Asian Welsh: Bangladeshi",8,L13: Routine occupations,2
E05013628,Barnet Vale,1,"Asian, Asian British or Asian Welsh: Bangladeshi",9,L14.1: Never worked,9
E05013628,Barnet Vale,1,"Asian, Asian British or Asian Welsh: Bangladeshi",10,L14.2: Long-term unemployed,6
E05013628,Barnet Vale,1,"Asian, Asian British or Asian Welsh: Bangladeshi",11,L15: Full-time students,9
E05013628,Barnet Vale,2,"Asian, Asian British or Asian Welsh: Chinese",-8,Does not apply,41
E05013628,Barnet Vale,2,"Asian, Asian British or Asian Welsh: Chinese",1,L1 and L2: Large employers and higher managerial and administrative occupations,15
E05013628,Barnet Vale,2,"Asian, Asian British or Asian Welsh: Chinese",2,L3: Higher professional occupations,63
E05013628,Barnet Vale,2,"Asian, Asian British or Asian Welsh: Chinese",3,"L4, L5 and L6: Lower managerial, administrative and professional occupations",51
E05013628,Barnet Vale,2,"Asian, Asian British or Asian Welsh: Chinese",4,L7: Intermediate occupations,17
E05013628,Barnet Vale,2,"Asian, Asian British or Asian Welsh: Chinese",5,L8 and L9: Small employers and own account workers,16
E05013628,Barnet Vale,2,"Asian, Asian British or Asian Welsh: Chinese",6,L10 and L11: Lower supervisory and technical occupations,13
E05013628,Barnet Vale,2,"Asian, Asian British or Asian Welsh: Chinese",7,L12: Semi-routine occupations,19
E05013628,Barnet Vale,2,"Asian, Asian British or Asian Welsh: Chinese",8,L13: Routine occupations,7
E05013628,Barnet Vale,2,"Asian, Asian British or Asian Welsh: Chinese",9,L14.1: Never worked,13
E05013628,Barnet Vale,2,"Asian, Asian British or Asian Welsh: Chinese",10,L14.2: Long-term unemployed,2
E05013628,Barnet Vale,2,"Asian, Asian British or Asian Welsh: Chinese",11,L15: Full-time students,16
E05013628,Barnet Vale,3,"Asian, Asian British or Asian Welsh: Indian",-8,Does not apply,205
E05013628,Barnet Vale,3,"Asian, Asian British or Asian Welsh: Indian",1,L1 and L2: Large employers and higher managerial and administrative occupations,65
E05013628,Barnet Vale,3,"Asian, Asian British or Asian Welsh: Indian",2,L3: Higher professional occupations,227
E05013628,Barnet Vale,3,"Asian, Asian British or Asian Welsh: Indian",3,"L4, L5 and L6: Lower managerial, administrative and professional occupations",217
E05013628,Barnet Vale,3,"Asian, Asian British or Asian Welsh: Indian",4,L7: Intermediate occupations,98
E05013628,Barnet Vale,3,"Asian, Asian British or Asian Welsh: Indian",5,L8 and L9: Small employers and own account workers,86
E05013628,Barnet Vale,3,"Asian, Asian British or Asian Welsh: Indian",6,L10 and L11: Lower supervisory and technical occupations,19
E05013628,Barnet Vale,3,"Asian, Asian British or Asian Welsh: Indian",7,L12: Semi-routine occupations,66
E05013628,Barnet Vale,3,"Asian, Asian British or Asian Welsh: Indian",8,L13: Routine occupations,29
E05013628,Barnet Vale,3,"Asian, Asian British or Asian Welsh: Indian",9,L14.1: Never worked,45
E05013628,Barnet Vale,3,"Asian, Asian British or Asian Welsh: Indian",10,L14.2: Long-term unemployed,8
E05013628,Barnet Vale,3,"Asian, Asian British or Asian Welsh: Indian",11,L15: Full-time students,51
E05013628,Barnet Vale,4,"Asian, Asian British or Asian Welsh: Pakistani",-8,Does not apply,35
E05013628,Barnet Vale,4,"Asian, Asian British or Asian Welsh: Pakistani",1,L1 and L2: Large employers and higher managerial and administrative occupations,8
E05013628,Barnet Vale,4,"Asian, Asian British or Asian Welsh: Pakistani",2,L3: Higher professional occupations,34
E05013628,Barnet Vale,4,"Asian, Asian British or Asian Welsh: Pakistani",3,"L4, L5 and L6: Lower managerial, administrative and professional occupations",28
E05013628,Barnet Vale,4,"Asian, Asian British or Asian Welsh: Pakistani",4,L7: Intermediate occupations,12
E05013628,Barnet Vale,4,"Asian, Asian British or Asian Welsh: Pakistani",5,L8 and L9: Small employers and own account workers,10
E05013628,Barnet Vale,4,"Asian, Asian British or Asian Welsh: Pakistani",6,L10 and L11: Lower supervisory and technical occupations,3
E05013628,Barnet Vale,4,"Asian, Asian British or Asian Welsh: Pakistani",7,L12: Semi-routine occupations,8
E05013628,Barnet Vale,4,"Asian, Asian British or Asian Welsh: Pakistani",8,L13: Routine occupations,3
E05013628,Barnet Vale,4,"Asian, Asian British or Asian Welsh: Pakistani",9,L14.1: Never worked,20
E05013628,Barnet Vale,4,"Asian, Asian British or Asian Welsh: Pakistani",10,L14.2: Long-term unemployed,3
E05013628,Barnet Vale,4,"Asian, Asian British or Asian Welsh: Pakistani",11,L15: Full-time students,12
E05013628,Barnet Vale,5,"Asian, Asian British or Asian Welsh: Other Asian",-8,Does not apply,154
E05013628,Barnet Vale,5,"Asian, Asian British or Asian Welsh: Other Asian",1,L1 and L2: Large employers and higher managerial and administrative occupations,22
E05013628,Barnet Vale,5,"Asian, Asian British or Asian Welsh: Other Asian",2,L3: Higher professional occupations,67
E05013628,Barnet Vale,5,"Asian, Asian British or Asian Welsh: Other Asian",3,"L4, L5 and L6: Lower managerial, administrative and professional occupations",98
E05013628,Barnet Vale,5,"Asian, Asian British or Asian Welsh: Other Asian",4,L7: Intermediate occupations,55
E05013628,Barnet Vale,5,"Asian, Asian British or Asian Welsh: Other Asian",5,L8 and L9: Small employers and own account workers,68
E05013628,Barnet Vale,5,"Asian, Asian British or Asian Welsh: Other Asian",6,L10 and L11: Lower supervisory and technical occupations,20
E05013628,Barnet Vale,5,"Asian, Asian British or Asian Welsh: Other Asian",7,L12: Semi-routine occupations,57
E05013628,Barnet Vale,5,"Asian, Asian British or Asian Welsh: Other Asian",8,L13: Routine occupations,33
E05013628,Barnet Vale,5,"Asian, Asian British or Asian Welsh: Other Asian",9,L14.1: Never worked,118
E05013628,Barnet Vale,5,"Asian, Asian British or Asian Welsh: Other Asian",10,L14.2: Long-term unemployed,10
E05013628,Barnet Vale,5,"Asian, Asian British or Asian Welsh: Other Asian",11,L15: Full-time students,64
E05013628,Barnet Vale,6,"Black, Black British, Black Welsh, Caribbean or African: African",-8,Does not apply,197
E05013628,Barnet Vale,6,"Black, Black British, Black Welsh, Caribbean or African: African",1,L1 and L2: Large employers and higher managerial and administrative occupations,26
E05013628,Barnet Vale,6,"Black, Black British, Black Welsh, Caribbean or African: African",2,L3: Higher professional occupations,63
E05013628,Barnet Vale,6,"Black, Black British, Black Welsh, Caribbean or African: African",3,"L4, L5 and L6: Lower managerial, administrative and professional occupations",120
E05013628,Barnet Vale,6,"Black, Black British, Black Welsh, Caribbean or African: African",4,L7: Intermediate occupations,57
E05013628,Barnet Vale,6,"Black, Black British, Black Welsh, Caribbean or African: African",5,L8 and L9: Small employers and own account workers,60
E05013628,Barnet Vale,6,"Black, Black British, Black Welsh, Caribbean or African: African",6,L10 and L11: Lower supervisory and technical occupations,23
E05013628,Barnet Vale,6,"Black, Black British, Black Welsh, Caribbean or African: African",7,L12: Semi-routine occupations,75
E05013628,Barnet Vale,6,"Black, Black British, Black Welsh, Caribbean or African: African",8,L13: Routine occupations,22
E05013628,Barnet Vale,6,"Black, Black British, Black Welsh, Caribbean or African: African",9,L14.1: Never worked,37
E05013628,Barnet Vale,6,"Black, Black British, Black Welsh, Caribbean or African: African",10,L14.2: Long-term unemployed,16
E05013628,Barnet Vale,6,"Black, Black British, Black Welsh, Caribbean or African: African",11,L15: Full-time students,150
E05013628,Barnet Vale,7,"Black, Black British, Black Welsh, Caribbean or African: Caribbean",-8,Does not apply,26
E05013628,Barnet Vale,7,"Black, Black British, Black Welsh, Caribbean or African: Caribbean",1,L1 and L2: Large employers and higher managerial and administrative occupations,5
E05013628,Barnet Vale,7,"Black, Black British, Black Welsh, Caribbean or African: Caribbean",2,L3: Higher professional occupations,14
E05013628,Barnet Vale,7,"Black, Black British, Black Welsh, Caribbean or African: Caribbean",3,"L4, L5 and L6: Lower managerial, administrative and professional occupations",39
E05013628,Barnet Vale,7,"Black, Black British, Black Welsh, Caribbean or African: Caribbean",4,L7: Intermediate occupations,17
E05013628,Barnet Vale,7,"Black, Black British, Black Welsh, Caribbean or African: Caribbean",5,L8 and L9: Small employers and own account workers,14
E05013628,Barnet Vale,7,"Black, Black British, Black Welsh, Caribbean or African: Caribbean",6,L10 and L11: Lower supervisory and technical occupations,9
E05013628,Barnet Vale,7,"Black, Black British, Black Welsh, Caribbean or African: Caribbean",7,L12: Semi-routine occupations,16
E05013628,Barnet Vale,7,"Black, Black British, Black Welsh, Caribbean or African: Caribbean",8,L13: Routine occupations,17
E05013628,Barnet Vale,7,"Black, Black British, Black Welsh, Caribbean or African: Caribbean",9,L14.1: Never worked,10
E05013628,Barnet Vale,7,"Black, Black British, Black Welsh, Caribbean or African: Caribbean",10,L14.2: Long-term unemployed,8
E05013628,Barnet Vale,7,"Black, Black British, Black Welsh, Caribbean or African: Caribbean",11,L15: Full-time students,15
E05013628,Barnet Vale,8,"Black, Black British, Black Welsh, Caribbean or African: Other Black",-8,Does not apply,30
E05013628,Barnet Vale,8,"Black, Black British, Black Welsh, Caribbean or African: Other Black",1,L1 and L2: Large employers and higher managerial and administrative occupations,3
E05013628,Barnet Vale,8,"Black, Black British, Black Welsh, Caribbean or African: Other Black",2,L3: Higher professional occupations,9
E05013628,Barnet Vale,8,"Black, Black British, Black Welsh, Caribbean or African: Other Black",3,"L4, L5 and L6: Lower managerial, administrative and professional occupations",8
E05013628,Barnet Vale,8,"Black, Black British, Black Welsh, Caribbean or African: Other Black",4,L7: Intermediate occupations,5
E05013628,Barnet Vale,8,"Black, Black British, Black Welsh, Caribbean or African: Other Black",5,L8 and L9: Small employers and own account workers,2
E05013628,Barnet Vale,8,"Black, Black British, Black Welsh, Caribbean or African: Other Black",6,L10 and L11: Lower supervisory and technical occupations,0
E05013628,Barnet Vale,8,"Black, Black British, Black Welsh, Caribbean or African: Other Black",7,L12: Semi-routine occupations,8
E05013628,Barnet Vale,8,"Black, Black British, Black Welsh, Caribbean or African: Other Black",8,L13: Routine occupations,2
E05013628,Barnet Vale,8,"Black, Black British, Black Welsh, Caribbean or African: Other Black",9,L14.1: Never worked,11
E05013628,Barnet Vale,8,"Black, Black British, Black Welsh, Caribbean or African: Other Black",10,L14.2: Long-term unemployed,0
E05013628,Barnet Vale,8,"Black, Black British, Black Welsh, Caribbean or African: Other Black",11,L15: Full-time students,10
E05013628,Barnet Vale,9,Mixed or Multiple ethnic groups: White and Asian,-8,Does not apply,156
E05013628,Barnet Vale,9,Mixed or Multiple ethnic groups: White and Asian,1,L1 and L2: Large employers and higher managerial and administrative occupations,11
E05013628,Barnet Vale,9,Mixed or Multiple ethnic groups: White and Asian,2,L3: Higher professional occupations,20
E05013628,Barnet Vale,9,Mixed or Multiple ethnic groups: White and Asian,3,"L4, L5 and L6: Lower managerial, administrative and professional occupations",39
E05013628,Barnet Vale,9,Mixed or Multiple ethnic groups: White and Asian,4,L7: Intermediate occupations,12
E05013628,Barnet Vale,9,Mixed or Multiple ethnic groups: White and Asian,5,L8 and L9: Small employers and own account workers,8
E05013628,Barnet Vale,9,Mixed or Multiple ethnic groups: White and Asian,6,L10 and L11: Lower supervisory and technical occupations,3
E05013628,Barnet Vale,9,Mixed or Multiple ethnic groups: White and Asian,7,L12: Semi-routine occupations,12
E05013628,Barnet Vale,9,Mixed or Multiple ethnic groups: White and Asian,8,L13: Routine occupations,4
E05013628,Barnet Vale,9,Mixed or Multiple ethnic groups: White and Asian,9,L14.1: Never worked,8
E05013628,Barnet Vale,9,Mixed or Multiple ethnic groups: White and Asian,10,L14.2: Long-term unemployed,1
E05013628,Barnet Vale,9,Mixed or Multiple ethnic groups: White and Asian,11,L15: Full-time students,35
E05013628,Barnet Vale,10,Mixed or Multiple ethnic groups: White and Black African,-8,Does not apply,70
E05013628,Barnet Vale,10,Mixed or Multiple ethnic groups: White and Black African,1,L1 and L2: Large employers and higher managerial and administrative occupations,2
E05013628,Barnet Vale,10,Mixed or Multiple ethnic groups: White and Black African,2,L3: Higher professional occupations,4
E05013628,Barnet Vale,10,Mixed or Multiple ethnic groups: White and Black African,3,"L4, L5 and L6: Lower managerial, administrative and professional occupations",12
E05013628,Barnet Vale,10,Mixed or Multiple ethnic groups: White and Black African,4,L7: Intermediate occupations,5
E05013628,Barnet Vale,10,Mixed or Multiple ethnic groups: White and Black African,5,L8 and L9: Small employers and own account workers,7
E05013628,Barnet Vale,10,Mixed or Multiple ethnic groups: White and Black African,6,L10 and L11: Lower supervisory and technical occupations,4
E05013628,Barnet Vale,10,Mixed or Multiple ethnic groups: White and Black African,7,L12: Semi-routine occupations,7
E05013628,Barnet Vale,10,Mixed or Multiple ethnic groups: White and Black African,8,L13: Routine occupations,9
E05013628,Barnet Vale,10,Mixed or Multiple ethnic groups: White and Black African,9,L14.1: Never worked,8
E05013628,Barnet Vale,10,Mixed or Multiple ethnic groups: White and Black African,10,L14.2: Long-term unemployed,3
E05013628,Barnet Vale,10,Mixed or Multiple ethnic groups: White and Black African,11,L15: Full-time students,18
E05013628,Barnet Vale,11,Mixed or Multiple ethnic groups: White and Black Caribbean,-8,Does not apply,63
E05013628,Barnet Vale,11,Mixed or Multiple ethnic groups: White and Black Caribbean,1,L1 and L2: Large employers and higher managerial and administrative occupations,7
E05013628,Barnet Vale,11,Mixed or Multiple ethnic groups: White and Black Caribbean,2,L3: Higher professional occupations,9
E05013628,Barnet Vale,11,Mixed or Multiple ethnic groups: White and Black Caribbean,3,"L4, L5 and L6: Lower managerial, administrative and professional occupations",32
E05013628,Barnet Vale,11,Mixed or Multiple ethnic groups: White and Black Caribbean,4,L7: Intermediate occupations,13
E05013628,Barnet Vale,11,Mixed or Multiple ethnic groups: White and Black Caribbean,5,L8 and L9: Small employers and own account workers,8
E05013628,Barnet Vale,11,Mixed or Multiple ethnic groups: White and Black Caribbean,6,L10 and L11: Lower supervisory and technical occupations,15
E05013628,Barnet Vale,11,Mixed or Multiple ethnic groups: White and Black Caribbean,7,L12: Semi-routine occupations,8
E05013628,Barnet Vale,11,Mixed or Multiple ethnic groups: White and Black Caribbean,8,L13: Routine occupations,7
E05013628,Barnet Vale,11,Mixed or Multiple ethnic groups: White and Black Caribbean,9,L14.1: Never worked,8
E05013628,Barnet Vale,11,Mixed or Multiple ethnic groups: White and Black Caribbean,10,L14.2: Long-term unemployed,2
E05013628,Barnet Vale,11,Mixed or Multiple ethnic groups: White and Black Caribbean,11,L15: Full-time students,17
E05013628,Barnet Vale,12,Mixed or Multiple ethnic groups: Other Mixed or Multiple ethnic groups,-8,Does not apply,142
E05013628,Barnet Vale,12,Mixed or Multiple ethnic groups: Other Mixed or Multiple ethnic groups,1,L1 and L2: Large employers and higher managerial and administrative occupations,8
E05013628,Barnet Vale,12,Mixed or Multiple ethnic groups: Other Mixed or Multiple ethnic groups,2,L3: Higher professional occupations,30
E05013628,Barnet Vale,12,Mixed or Multiple ethnic groups: Other Mixed or Multiple ethnic groups,3,"L4, L5 and L6: Lower managerial, administrative and professional occupations",45
E05013628,Barnet Vale,12,Mixed or Multiple ethnic groups: Other Mixed or Multiple ethnic groups,4,L7: Intermediate occupations,20
E05013628,Barnet Vale,12,Mixed or Multiple ethnic groups: Other Mixed or Multiple ethnic groups,5,L8 and L9: Small employers and own account workers,20
E05013628,Barnet Vale,12,Mixed or Multiple ethnic groups: Other Mixed or Multiple ethnic groups,6,L10 and L11: Lower supervisory and technical occupations,5
E05013628,Barnet Vale,12,Mixed or Multiple ethnic groups: Other Mixed or Multiple ethnic groups,7,L12: Semi-routine occupations,17
E05013628,Barnet Vale,12,Mixed or Multiple ethnic groups: Other Mixed or Multiple ethnic groups,8,L13: Routine occupations,11
E05013628,Barnet Vale,12,Mixed or Multiple ethnic groups: Other Mixed or Multiple ethnic groups,9,L14.1: Never worked,5
E05013628,Barnet Vale,12,Mixed or Multiple ethnic groups: Other Mixed or Multiple ethnic groups,10,L14.2: Long-term unemployed,8
E05013628,Barnet Vale,12,Mixed or Multiple ethnic groups: Other Mixed or Multiple ethnic groups,11,L15: Full-time students,25
E05013628,Barnet Vale,13,"White: English, Welsh, Scottish, Northern Irish or British",-8,Does not apply,1319
E05013628,Barnet Vale,13,"White: English, Welsh, Scottish, Northern Irish or British",1,L1 and L2: Large employers and higher managerial and administrative occupations,467
E05013628,Barnet Vale,13,"White: English, Welsh, Scottish, Northern Irish or British",2,L3: Higher professional occupations,1012
E05013628,Barnet Vale,13,"White: English, Welsh, Scottish, Northern Irish or British",3,"L4, L5 and L6: Lower managerial, administrative and professional occupations",1901
E05013628,Barnet Vale,13,"White: English, Welsh, Scottish, Northern Irish or British",4,L7: Intermediate occupations,896
E05013628,Barnet Vale,13,"White: English, Welsh, Scottish, Northern Irish or British",5,L8 and L9: Small employers and own account workers,820
E05013628,Barnet Vale,13,"White: English, Welsh, Scottish, Northern Irish or British",6,L10 and L11: Lower supervisory and technical occupations,217
E05013628,Barnet Vale,13,"White: English, Welsh, Scottish, Northern Irish or British",7,L12: Semi-routine occupations,454
E05013628,Barnet Vale,13,"White: English, Welsh, Scottish, Northern Irish or British",8,L13: Routine occupations,357
E05013628,Barnet Vale,13,"White: English, Welsh, Scottish, Northern Irish or British",9,L14.1: Never worked,329
E05013628,Barnet Vale,13,"White: English, Welsh, Scottish, Northern Irish or British",10,L14.2: Long-term unemployed,85
E05013628,Barnet Vale,13,"White: English, Welsh, Scottish, Northern Irish or British",11,L15: Full-time students,339
E05013628,Barnet Vale,14,White: Irish,-8,Does not apply,42
E05013628,Barnet Vale,14,White: Irish,1,L1 and L2: Large employers and higher managerial and administrative occupations,33
E05013628,Barnet Vale,14,White: Irish,2,L3: Higher professional occupations,60
E05013628,Barnet Vale,14,White: Irish,3,"L4, L5 and L6: Lower managerial, administrative and professional occupations",152
E05013628,Barnet Vale,14,White: Irish,4,L7: Intermediate occupations,52
E05013628,Barnet Vale,14,White: Irish,5,L8 and L9: Small employers and own account workers,87
E05013628,Barnet Vale,14,White: Irish,6,L10 and L11: Lower supervisory and technical occupations,16
E05013628,Barnet Vale,14,White: Irish,7,L12: Semi-routine occupations,38
E05013628,Barnet Vale,14,White: Irish,8,L13: Routine occupations,25
E05013628,Barnet Vale,14,White: Irish,9,L14.1: Never worked,26
E05013628,Barnet Vale,14,White: Irish,10,L14.2: Long-term unemployed,0
E05013628,Barnet Vale,14,White: Irish,11,L15: Full-time students,13
E05013628,Barnet Vale,15,White: Gypsy or Irish Traveller,-8,Does not apply,0
E05013628,Barnet Vale,15,White: Gypsy or Irish Traveller,1,L1 and L2: Large employers and higher managerial and administrative occupations,0
E05013628,Barnet Vale,15,White: Gypsy or Irish Traveller,2,L3: Higher professional occupations,0
E05013628,Barnet Vale,15,White: Gypsy or Irish Traveller,3,"L4, L5 and L6: Lower managerial, administrative and professional occupations",0
E05013628,Barnet Vale,15,White: Gypsy or Irish Traveller,4,L7: Intermediate occupations,0
E05013628,Barnet Vale,15,White: Gypsy or Irish Traveller,5,L8 and L9: Small employers and own account workers,0
E05013628,Barnet Vale,15,White: Gypsy or Irish Traveller,6,L10 and L11: Lower supervisory and technical occupations,0
E05013628,Barnet Vale,15,White: Gypsy or Irish Traveller,7,L12: Semi-routine occupations,0
E05013628,Barnet Vale,15,White: Gypsy or Irish Traveller,8,L13: Routine occupations,1
E05013628,Barnet Vale,15,White: Gypsy or Irish Traveller,9,L14.1: Never worked,0
E05013628,Barnet Vale,15,White: Gypsy or Irish Traveller,10,L14.2: Long-term unemployed,0
E05013628,Barnet Vale,15,White: Gypsy or Irish Traveller,11,L15: Full-time students,0
E05013628,Barnet Vale,16,White: Roma,-8,Does not apply,4
E05013628,Barnet Vale,16,White: Roma,1,L1 and L2: Large employers and higher managerial and administrative occupations,0
E05013628,Barnet Vale,16,White: Roma,2,L3: Higher professional occupations,1
E05013628,Barnet Vale,16,White: Roma,3,"L4, L5 and L6: Lower managerial, administrative and professional occupations",2
E05013628,Barnet Vale,16,White: Roma,4,L7: Intermediate occupations,0
E05013628,Barnet Vale,16,White: Roma,5,L8 and L9: Small employers and own account workers,5
E05013628,Barnet Vale,16,White: Roma,6,L10 and L11: Lower supervisory and technical occupations,2
E05013628,Barnet Vale,16,White: Roma,7,L12: Semi-routine occupations,3
E05013628,Barnet Vale,16,White: Roma,8,L13: Routine occupations,5
E05013628,Barnet Vale,16,White: Roma,9,L14.1: Never worked,3
E05013628,Barnet Vale,16,White: Roma,10,L14.2: Long-term unemployed,3
E05013628,Barnet Vale,16,White: Roma,11,L15: Full-time students,2
E05013628,Barnet Vale,17,White: Other White,-8,Does not apply,396
E05013628,Barnet Vale,17,White: Other White,1,L1 and L2: Large employers and higher managerial and administrative occupations,86
E05013628,Barnet Vale,17,White: Other White,2,L3: Higher professional occupations,314
E05013628,Barnet Vale,17,White: Other White,3,"L4, L5 and L6: Lower managerial, administrative and professional occupations",460
E05013628,Barnet Vale,17,White: Other White,4,L7: Intermediate occupations,181
E05013628,Barnet Vale,17,White: Other White,5,L8 and L9: Small employers and own account workers,442
E05013628,Barnet Vale,17,White: Other White,6,L10 and L11: Lower supervisory and technical occupations,102
E05013628,Barnet Vale,17,White: Other White,7,L12: Semi-routine occupations,148
E05013628,Barnet Vale,17,White: Other White,8,L13: Routine occupations,160
E05013628,Barnet Vale,17,White: Other White,9,L14.1: Never worked,90
E05013628,Barnet Vale,17,White: Other White,10,L14.2: Long-term unemployed,31
E05013628,Barnet Vale,17,White: Other White,11,L15: Full-time students,130
E05013628,Barnet Vale,18,Other ethnic group: Arab,-8,Does not apply,32
E05013628,Barnet Vale,18,Other ethnic group: Arab,1,L1 and L2: Large employers and higher managerial and administrative occupations,2
E05013628,Barnet Vale,18,Other ethnic group: Arab,2,L3: Higher professional occupations,18
E05013628,Barnet Vale,18,Other ethnic group: Arab,3,"L4, L5 and L6: Lower managerial, administrative and professional occupations",19
E05013628,Barnet Vale,18,Other ethnic group: Arab,4,L7: Intermediate occupations,8
E05013628,Barnet Vale,18,Other ethnic group: Arab,5,L8 and L9: Small employers and own account workers,10
E05013628,Barnet Vale,18,Other ethnic group: Arab,6,L10 and L11: Lower supervisory and technical occupations,2
E05013628,Barnet Vale,18,Other ethnic group: Arab,7,L12: Semi-routine occupations,6
E05013628,Barnet Vale,18,Other ethnic group: Arab,8,L13: Routine occupations,7
E05013628,Barnet Vale,18,Other ethnic group: Arab,9,L14.1: Never worked,16
E05013628,Barnet Vale,18,Other ethnic group: Arab,10,L14.2: Long-term unemployed,3
E05013628,Barnet Vale,18,Other ethnic group: Arab,11,L15: Full-time students,14
E05013628,Barnet Vale,19,Other ethnic group: Any other ethnic group,-8,Does not apply,156
E05013628,Barnet Vale,19,Other ethnic group: Any other ethnic group,1,L1 and L2: Large employers and higher managerial and administrative occupations,38
E05013628,Barnet Vale,19,Other ethnic group: Any other ethnic group,2,L3: Higher professional occupations,102
E05013628,Barnet Vale,19,Other ethnic group: Any other ethnic group,3,"L4, L5 and L6: Lower managerial, administrative and professional occupations",137
E05013628,Barnet Vale,19,Other ethnic group: Any other ethnic group,4,L7: Intermediate occupations,64
E05013628,Barnet Vale,19,Other ethnic group: Any other ethnic group,5,L8 and L9: Small employers and own account workers,101
E05013628,Barnet Vale,19,Other ethnic group: Any other ethnic group,6,L10 and L11: Lower supervisory and technical occupations,16
E05013628,Barnet Vale,19,Other ethnic group: Any other ethnic group,7,L12: Semi-routine occupations,45
E05013628,Barnet Vale,19,Other ethnic group: Any other ethnic group,8,L13: Routine occupations,51
E05013628,Barnet Vale,19,Other ethnic group: Any other ethnic group,9,L14.1: Never worked,105
E05013628,Barnet Vale,19,Other ethnic group: Any other ethnic group,10,L14.2: Long-term unemployed,13
E05013628,Barnet Vale,19,Other ethnic group: Any other ethnic group,11,L15: Full-time students,65
E05013629,Brunswick Park,-8,Does not apply,-8,Does not apply,0
E05013629,Brunswick Park,-8,Does not apply,1,L1 and L2: Large employers and higher managerial and administrative occupations,0
E05013629,Brunswick Park,-8,Does not apply,2,L3: Higher professional occupations,0
E05013629,Brunswick Park,-8,Does not apply,3,"L4, L5 and L6: Lower managerial, administrative and professional occupations",0
E05013629,Brunswick Park,-8,Does not apply,4,L7: Intermediate occupations,0
E05013629,Brunswick Park,-8,Does not apply,5,L8 and L9: Small employers and own account workers,0
E05013629,Brunswick Park,-8,Does not apply,6,L10 and L11: Lower supervisory and technical occupations,0
E05013629,Brunswick Park,-8,Does not apply,7,L12: Semi-routine occupations,0
E05013629,Brunswick Park,-8,Does not apply,8,L13: Routine occupations,0
E05013629,Brunswick Park,-8,Does not apply,9,L14.1: Never worked,0
E05013629,Brunswick Park,-8,Does not apply,10,L14.2: Long-term unemployed,0
E05013629,Brunswick Park,-8,Does not apply,11,L15: Full-time students,0
E05013629,Brunswick Park,1,"Asian, Asian British or Asian Welsh: Bangladeshi",-8,Does not apply,49
E05013629,Brunswick Park,1,"Asian, Asian British or Asian Welsh: Bangladeshi",1,L1 and L2: Large employers and higher managerial and administrative occupations,8
E05013629,Brunswick Park,1,"Asian, Asian British or Asian Welsh: Bangladeshi",2,L3: Higher professional occupations,33
E05013629,Brunswick Park,1,"Asian, Asian British or Asian Welsh: Bangladeshi",3,"L4, L5 and L6: Lower managerial, administrative and professional occupations",29
E05013629,Brunswick Park,1,"Asian, Asian British or Asian Welsh: Bangladeshi",4,L7: Intermediate occupations,14
E05013629,Brunswick Park,1,"Asian, Asian British or Asian Welsh: Bangladeshi",5,L8 and L9: Small employers and own account workers,15
E05013629,Brunswick Park,1,"Asian, Asian British or Asian Welsh: Bangladeshi",6,L10 and L11: Lower supervisory and technical occupations,5
E05013629,Brunswick Park,1,"Asian, Asian British or Asian Welsh: Bangladeshi",7,L12: Semi-routine occupations,9
E05013629,Brunswick Park,1,"Asian, Asian British or Asian Welsh: Bangladeshi",8,L13: Routine occupations,7
E05013629,Brunswick Park,1,"Asian, Asian British or Asian Welsh: Bangladeshi",9,L14.1: Never worked,15
E05013629,Brunswick Park,1,"Asian, Asian British or Asian Welsh: Bangladeshi",10,L14.2: Long-term unemployed,2
E05013629,Brunswick Park,1,"Asian, Asian British or Asian Welsh: Bangladeshi",11,L15: Full-time students,19
E05013629,Brunswick Park,2,"Asian, Asian British or Asian Welsh: Chinese",-8,Does not apply,58
E05013629,Brunswick Park,2,"Asian, Asian British or Asian Welsh: Chinese",1,L1 and L2: Large employers and higher managerial and administrative occupations,13
E05013629,Brunswick Park,2,"Asian, Asian British or Asian Welsh: Chinese",2,L3: Higher professional occupations,56
E05013629,Brunswick Park,2,"Asian, Asian British or Asian Welsh: Chinese",3,"L4, L5 and L6: Lower managerial, administrative and professional occupations",62
E05013629,Brunswick Park,2,"Asian, Asian British or Asian Welsh: Chinese",4,L7: Intermediate occupations,25
E05013629,Brunswick Park,2,"Asian, Asian British or Asian Welsh: Chinese",5,L8 and L9: Small employers and own account workers,24
E05013629,Brunswick Park,2,"Asian, Asian British or Asian Welsh: Chinese",6,L10 and L11: Lower supervisory and technical occupations,8
E05013629,Brunswick Park,2,"Asian, Asian British or Asian Welsh: Chinese",7,L12: Semi-routine occupations,19
E05013629,Brunswick Park,2,"Asian, Asian British or Asian Welsh: Chinese",8,L13: Routine occupations,16
E05013629,Brunswick Park,2,"Asian, Asian British or Asian Welsh: Chinese",9,L14.1: Never worked,11
E05013629,Brunswick Park,2,"Asian, Asian British or Asian Welsh: Chinese",10,L14.2: Long-term unemployed,5
E05013629,Brunswick Park,2,"Asian, Asian British or Asian Welsh: Chinese",11,L15: Full-time students,19
E05013629,Brunswick Park,3,"Asian, Asian British or Asian Welsh: Indian",-8,Does not apply,237
E05013629,Brunswick Park,3,"Asian, Asian British or Asian Welsh: Indian",1,L1 and L2: Large employers and higher managerial and administrative occupations,79
E05013629,Brunswick Park,3,"Asian, Asian British or Asian Welsh: Indian",2,L3: Higher professional occupations,247
E05013629,Brunswick Park,3,"Asian, Asian British or Asian Welsh: Indian",3,"L4, L5 and L6: Lower managerial, administrative and professional occupations",273
E05013629,Brunswick Park,3,"Asian, Asian British or Asian Welsh: Indian",4,L7: Intermediate occupations,151
E05013629,Brunswick Park,3,"Asian, Asian British or Asian Welsh: Indian",5,L8 and L9: Small employers and own account workers,115
E05013629,Brunswick Park,3,"Asian, Asian British or Asian Welsh: Indian",6,L10 and L11: Lower supervisory and technical occupations,21
E05013629,Brunswick Park,3,"Asian, Asian British or Asian Welsh: Indian",7,L12: Semi-routine occupations,102
E05013629,Brunswick Park,3,"Asian, Asian British or Asian Welsh: Indian",8,L13: Routine occupations,45
E05013629,Brunswick Park,3,"Asian, Asian British or Asian Welsh: Indian",9,L14.1: Never worked,92
E05013629,Brunswick Park,3,"Asian, Asian British or Asian Welsh: Indian",10,L14.2: Long-term unemployed,18
E05013629,Brunswick Park,3,"Asian, Asian British or Asian Welsh: Indian",11,L15: Full-time students,56
E05013629,Brunswick Park,4,"Asian, Asian British or Asian Welsh: Pakistani",-8,Does not apply,56
E05013629,Brunswick Park,4,"Asian, Asian British or Asian Welsh: Pakistani",1,L1 and L2: Large employers and higher managerial and administrative occupations,11
E05013629,Brunswick Park,4,"Asian, Asian British or Asian Welsh: Pakistani",2,L3: Higher professional occupations,29
E05013629,Brunswick Park,4,"Asian, Asian British or Asian Welsh: Pakistani",3,"L4, L5 and L6: Lower managerial, administrative and professional occupations",49
E05013629,Brunswick Park,4,"Asian, Asian British or Asian Welsh: Pakistani",4,L7: Intermediate occupations,23
E05013629,Brunswick Park,4,"Asian, Asian British or Asian Welsh: Pakistani",5,L8 and L9: Small employers and own account workers,13
E05013629,Brunswick Park,4,"Asian, Asian British or Asian Welsh: Pakistani",6,L10 and L11: Lower supervisory and technical occupations,3
E05013629,Brunswick Park,4,"Asian, Asian British or Asian Welsh: Pakistani",7,L12: Semi-routine occupations,9
E05013629,Brunswick Park,4,"Asian, Asian British or Asian Welsh: Pakistani",8,L13: Routine occupations,7
E05013629,Brunswick Park,4,"Asian, Asian British or Asian Welsh: Pakistani",9,L14.1: Never worked,19
E05013629,Brunswick Park,4,"Asian, Asian British or Asian Welsh: Pakistani",10,L14.2: Long-term unemployed,8
E05013629,Brunswick Park,4,"Asian, Asian British or Asian Welsh: Pakistani",11,L15: Full-time students,27
E05013629,Brunswick Park,5,"Asian, Asian British or Asian Welsh: Other Asian",-8,Does not apply,144
E05013629,Brunswick Park,5,"Asian, Asian British or Asian Welsh: Other Asian",1,L1 and L2: Large employers and higher managerial and administrative occupations,21
E05013629,Brunswick Park,5,"Asian, Asian British or Asian Welsh: Other Asian",2,L3: Higher professional occupations,78
E05013629,Brunswick Park,5,"Asian, Asian British or Asian Welsh: Other Asian",3,"L4, L5 and L6: Lower managerial, administrative and professional occupations",89
E05013629,Brunswick Park,5,"Asian, Asian British or Asian Welsh: Other Asian",4,L7: Intermediate occupations,59
E05013629,Brunswick Park,5,"Asian, Asian British or Asian Welsh: Other Asian",5,L8 and L9: Small employers and own account workers,74
E05013629,Brunswick Park,5,"Asian, Asian British or Asian Welsh: Other Asian",6,L10 and L11: Lower supervisory and technical occupations,14
E05013629,Brunswick Park,5,"Asian, Asian British or Asian Welsh: Other Asian",7,L12: Semi-routine occupations,66
E05013629,Brunswick Park,5,"Asian, Asian British or Asian Welsh: Other Asian",8,L13: Routine occupations,27
E05013629,Brunswick Park,5,"Asian, Asian British or Asian Welsh: Other Asian",9,L14.1: Never worked,103
E05013629,Brunswick Park,5,"Asian, Asian British or Asian Welsh: Other Asian",10,L14.2: Long-term unemployed,8
E05013629,Brunswick Park,5,"Asian, Asian British or Asian Welsh: Other Asian",11,L15: Full-time students,87
E05013629,Brunswick Park,6,"Black, Black British, Black Welsh, Caribbean or African: African",-8,Does not apply,89
E05013629,Brunswick Park,6,"Black, Black British, Black Welsh, Caribbean or African: African",1,L1 and L2: Large employers and higher managerial and administrative occupations,11
E05013629,Brunswick Park,6,"Black, Black British, Black Welsh, Caribbean or African: African",2,L3: Higher professional occupations,46
E05013629,Brunswick Park,6,"Black, Black British, Black Welsh, Caribbean or African: African",3,"L4, L5 and L6: Lower managerial, administrative and professional occupations",90
E05013629,Brunswick Park,6,"Black, Black British, Black Welsh, Caribbean or African: African",4,L7: Intermediate occupations,20
E05013629,Brunswick Park,6,"Black, Black British, Black Welsh, Caribbean or African: African",5,L8 and L9: Small employers and own account workers,31
E05013629,Brunswick Park,6,"Black, Black British, Black Welsh, Caribbean or African: African",6,L10 and L11: Lower supervisory and technical occupations,8
E05013629,Brunswick Park,6,"Black, Black British, Black Welsh, Caribbean or African: African",7,L12: Semi-routine occupations,43
E05013629,Brunswick Park,6,"Black, Black British, Black Welsh, Caribbean or African: African",8,L13: Routine occupations,18
E05013629,Brunswick Park,6,"Black, Black British, Black Welsh, Caribbean or African: African",9,L14.1: Never worked,37
E05013629,Brunswick Park,6,"Black, Black British, Black Welsh, Caribbean or African: African",10,L14.2: Long-term unemployed,19
E05013629,Brunswick Park,6,"Black, Black British, Black Welsh, Caribbean or African: African",11,L15: Full-time students,56
E05013629,Brunswick Park,7,"Black, Black British, Black Welsh, Caribbean or African: Caribbean",-8,Does not apply,26
E05013629,Brunswick Park,7,"Black, Black British, Black Welsh, Caribbean or African: Caribbean",1,L1 and L2: Large employers and higher managerial and administrative occupations,16
E05013629,Brunswick Park,7,"Black, Black British, Black Welsh, Caribbean or African: Caribbean",2,L3: Higher professional occupations,19
E05013629,Brunswick Park,7,"Black, Black British, Black Welsh, Caribbean or African: Caribbean",3,"L4, L5 and L6: Lower managerial, administrative and professional occupations",58
E05013629,Brunswick Park,7,"Black, Black British, Black Welsh, Caribbean or African: Caribbean",4,L7: Intermediate occupations,30
E05013629,Brunswick Park,7,"Black, Black British, Black Welsh, Caribbean or African: Caribbean",5,L8 and L9: Small employers and own account workers,21
E05013629,Brunswick Park,7,"Black, Black British, Black Welsh, Caribbean or African: Caribbean",6,L10 and L11: Lower supervisory and technical occupations,11
E05013629,Brunswick Park,7,"Black, Black British, Black Welsh, Caribbean or African: Caribbean",7,L12: Semi-routine occupations,28
E05013629,Brunswick Park,7,"Black, Black British, Black Welsh, Caribbean or African: Caribbean",8,L13: Routine occupations,18
E05013629,Brunswick Park,7,"Black, Black British, Black Welsh, Caribbean or African: Caribbean",9,L14.1: Never worked,12
E05013629,Brunswick Park,7,"Black, Black British, Black Welsh, Caribbean or African: Caribbean",10,L14.2: Long-term unemployed,8
E05013629,Brunswick Park,7,"Black, Black British, Black Welsh, Caribbean or African: Caribbean",11,L15: Full-time students,15
E05013629,Brunswick Park,8,"Black, Black British, Black Welsh, Caribbean or African: Other Black",-8,Does not apply,29
E05013629,Brunswick Park,8,"Black, Black British, Black Welsh, Caribbean or African: Other Black",1,L1 and L2: Large employers and higher managerial and administrative occupations,1
E05013629,Brunswick Park,8,"Black, Black British, Black Welsh, Caribbean or African: Other Black",2,L3: Higher professional occupations,6
E05013629,Brunswick Park,8,"Black, Black British, Black Welsh, Caribbean or African: Other Black",3,"L4, L5 and L6: Lower managerial, administrative and professional occupations",19
E05013629,Brunswick Park,8,"Black, Black British, Black Welsh, Caribbean or African: Other Black",4,L7: Intermediate occupations,9
E05013629,Brunswick Park,8,"Black, Black British, Black Welsh, Caribbean or African: Other Black",5,L8 and L9: Small employers and own account workers,11
E05013629,Brunswick Park,8,"Black, Black British, Black Welsh, Caribbean or African: Other Black",6,L10 and L11: Lower supervisory and technical occupations,2
E05013629,Brunswick Park,8,"Black, Black British, Black Welsh, Caribbean or African: Other Black",7,L12: Semi-routine occupations,7
E05013629,Brunswick Park,8,"Black, Black British, Black Welsh, Caribbean or African: Other Black",8,L13: Routine occupations,2
E05013629,Brunswick Park,8,"Black, Black British, Black Welsh, Caribbean or African: Other Black",9,L14.1: Never worked,7
E05013629,Brunswick Park,8,"Black, Black British, Black Welsh, Caribbean or African: Other Black",10,L14.2: Long-term unemployed,1
E05013629,Brunswick Park,8,"Black, Black British, Black Welsh, Caribbean or African: Other Black",11,L15: Full-time students,25
E05013629,Brunswick Park,9,Mixed or Multiple ethnic groups: White and Asian,-8,Does not apply,156
E05013629,Brunswick Park,9,Mixed or Multiple ethnic groups: White and Asian,1,L1 and L2: Large employers and higher managerial and administrative occupations,3
E05013629,Brunswick Park,9,Mixed or Multiple ethnic groups: White and Asian,2,L3: Higher professional occupations,17
E05013629,Brunswick Park,9,Mixed or Multiple ethnic groups: White and Asian,3,"L4, L5 and L6: Lower managerial, administrative and professional occupations",34
E05013629,Brunswick Park,9,Mixed or Multiple ethnic groups: White and Asian,4,L7: Intermediate occupations,14
E05013629,Brunswick Park,9,Mixed or Multiple ethnic groups: White and Asian,5,L8 and L9: Small employers and own account workers,9
E05013629,Brunswick Park,9,Mixed or Multiple ethnic groups: White and Asian,6,L10 and L11: Lower supervisory and technical occupations,8
E05013629,Brunswick Park,9,Mixed or Multiple ethnic groups: White and Asian,7,L12: Semi-routine occupations,12
E05013629,Brunswick Park,9,Mixed or Multiple ethnic groups: White and Asian,8,L13: Routine occupations,7
E05013629,Brunswick Park,9,Mixed or Multiple ethnic groups: White and Asian,9,L14.1: Never worked,12
E05013629,Brunswick Park,9,Mixed or Multiple ethnic groups: White and Asian,10,L14.2: Long-term unemployed,1
E05013629,Brunswick Park,9,Mixed or Multiple ethnic groups: White and Asian,11,L15: Full-time students,24
E05013629,Brunswick Park,10,Mixed or Multiple ethnic groups: White and Black African,-8,Does not apply,36
E05013629,Brunswick Park,10,Mixed or Multiple ethnic groups: White and Black African,1,L1 and L2: Large employers and higher managerial and administrative occupations,1
E05013629,Brunswick Park,10,Mixed or Multiple ethnic groups: White and Black African,2,L3: Higher professional occupations,8
E05013629,Brunswick Park,10,Mixed or Multiple ethnic groups: White and Black African,3,"L4, L5 and L6: Lower managerial, administrative and professional occupations",13
E05013629,Brunswick Park,10,Mixed or Multiple ethnic groups: White and Black African,4,L7: Intermediate occupations,2
E05013629,Brunswick Park,10,Mixed or Multiple ethnic groups: White and Black African,5,L8 and L9: Small employers and own account workers,5
E05013629,Brunswick Park,10,Mixed or Multiple ethnic groups: White and Black African,6,L10 and L11: Lower supervisory and technical occupations,0
E05013629,Brunswick Park,10,Mixed or Multiple ethnic groups: White and Black African,7,L12: Semi-routine occupations,5
E05013629,Brunswick Park,10,Mixed or Multiple ethnic groups: White and Black African,8,L13: Routine occupations,3
E05013629,Brunswick Park,10,Mixed or Multiple ethnic groups: White and Black African,9,L14.1: Never worked,4
E05013629,Brunswick Park,10,Mixed or Multiple ethnic groups: White and Black African,10,L14.2: Long-term unemployed,0
E05013629,Brunswick Park,10,Mixed or Multiple ethnic groups: White and Black African,11,L15: Full-time students,12
E05013629,Brunswick Park,11,Mixed or Multiple ethnic groups: White and Black Caribbean,-8,Does not apply,75
E05013629,Brunswick Park,11,Mixed or Multiple ethnic groups: White and Black Caribbean,1,L1 and L2: Large employers and higher managerial and administrative occupations,5
E05013629,Brunswick Park,11,Mixed or Multiple ethnic groups: White and Black Caribbean,2,L3: Higher professional occupations,9
E05013629,Brunswick Park,11,Mixed or Multiple ethnic groups: White and Black Caribbean,3,"L4, L5 and L6: Lower managerial, administrative and professional occupations",25
E05013629,Brunswick Park,11,Mixed or Multiple ethnic groups: White and Black Caribbean,4,L7: Intermediate occupations,21
E05013629,Brunswick Park,11,Mixed or Multiple ethnic groups: White and Black Caribbean,5,L8 and L9: Small employers and own account workers,12
E05013629,Brunswick Park,11,Mixed or Multiple ethnic groups: White and Black Caribbean,6,L10 and L11: Lower supervisory and technical occupations,4
E05013629,Brunswick Park,11,Mixed or Multiple ethnic groups: White and Black Caribbean,7,L12: Semi-routine occupations,16
E05013629,Brunswick Park,11,Mixed or Multiple ethnic groups: White and Black Caribbean,8,L13: Routine occupations,9
E05013629,Brunswick Park,11,Mixed or Multiple ethnic groups: White and Black Caribbean,9,L14.1: Never worked,11
E05013629,Brunswick Park,11,Mixed or Multiple ethnic groups: White and Black Caribbean,10,L14.2: Long-term unemployed,4
E05013629,Brunswick Park,11,Mixed or Multiple ethnic groups: White and Black Caribbean,11,L15: Full-time students,9
E05013629,Brunswick Park,12,Mixed or Multiple ethnic groups: Other Mixed or Multiple ethnic groups,-8,Does not apply,206
E05013629,Brunswick Park,12,Mixed or Multiple ethnic groups: Other Mixed or Multiple ethnic groups,1,L1 and L2: Large employers and higher managerial and administrative occupations,8
E05013629,Brunswick Park,12,Mixed or Multiple ethnic groups: Other Mixed or Multiple ethnic groups,2,L3: Higher professional occupations,32
E05013629,Brunswick Park,12,Mixed or Multiple ethnic groups: Other Mixed or Multiple ethnic groups,3,"L4, L5 and L6: Lower managerial, administrative and professional occupations",41
E05013629,Brunswick Park,12,Mixed or Multiple ethnic groups: Other Mixed or Multiple ethnic groups,4,L7: Intermediate occupations,28
E05013629,Brunswick Park,12,Mixed or Multiple ethnic groups: Other Mixed or Multiple ethnic groups,5,L8 and L9: Small employers and own account workers,18
E05013629,Brunswick Park,12,Mixed or Multiple ethnic groups: Other Mixed or Multiple ethnic groups,6,L10 and L11: Lower supervisory and technical occupations,8
E05013629,Brunswick Park,12,Mixed or Multiple ethnic groups: Other Mixed or Multiple ethnic groups,7,L12: Semi-routine occupations,24
E05013629,Brunswick Park,12,Mixed or Multiple ethnic groups: Other Mixed or Multiple ethnic groups,8,L13: Routine occupations,16
E05013629,Brunswick Park,12,Mixed or Multiple ethnic groups: Other Mixed or Multiple ethnic groups,9,L14.1: Never worked,25
E05013629,Brunswick Park,12,Mixed or Multiple ethnic groups: Other Mixed or Multiple ethnic groups,10,L14.2: Long-term unemployed,4
E05013629,Brunswick Park,12,Mixed or Multiple ethnic groups: Other Mixed or Multiple ethnic groups,11,L15: Full-time students,30
E05013629,Brunswick Park,13,"White: English, Welsh, Scottish, Northern Irish or British",-8,Does not apply,1102
E05013629,Brunswick Park,13,"White: English, Welsh, Scottish, Northern Irish or British",1,L1 and L2: Large employers and higher managerial and administrative occupations,263
E05013629,Brunswick Park,13,"White: English, Welsh, Scottish, Northern Irish or British",2,L3: Higher professional occupations,534
E05013629,Brunswick Park,13,"White: English, Welsh, Scottish, Northern Irish or British",3,"L4, L5 and L6: Lower managerial, administrative and professional occupations",1162
E05013629,Brunswick Park,13,"White: English, Welsh, Scottish, Northern Irish or British",4,L7: Intermediate occupations,731
E05013629,Brunswick Park,13,"White: English, Welsh, Scottish, Northern Irish or British",5,L8 and L9: Small employers and own account workers,693
E05013629,Brunswick Park,13,"White: English, Welsh, Scottish, Northern Irish or British",6,L10 and L11: Lower supervisory and technical occupations,215
E05013629,Brunswick Park,13,"White: English, Welsh, Scottish, Northern Irish or British",7,L12: Semi-routine occupations,405
E05013629,Brunswick Park,13,"White: English, Welsh, Scottish, Northern Irish or British",8,L13: Routine occupations,363
E05013629,Brunswick Park,13,"White: English, Welsh, Scottish, Northern Irish or British",9,L14.1: Never worked,365
E05013629,Brunswick Park,13,"White: English, Welsh, Scottish, Northern Irish or British",10,L14.2: Long-term unemployed,69
E05013629,Brunswick Park,13,"White: English, Welsh, Scottish, Northern Irish or British",11,L15: Full-time students,310
E05013629,Brunswick Park,14,White: Irish,-8,Does not apply,33
E05013629,Brunswick Park,14,White: Irish,1,L1 and L2: Large employers and higher managerial and administrative occupations,17
E05013629,Brunswick Park,14,White: Irish,2,L3: Higher professional occupations,43
E05013629,Brunswick Park,14,White: Irish,3,"L4, L5 and L6: Lower managerial, administrative and professional occupations",99
E05013629,Brunswick Park,14,White: Irish,4,L7: Intermediate occupations,52
E05013629,Brunswick Park,14,White: Irish,5,L8 and L9: Small employers and own account workers,69
E05013629,Brunswick Park,14,White: Irish,6,L10 and L11: Lower supervisory and technical occupations,20
E05013629,Brunswick Park,14,White: Irish,7,L12: Semi-routine occupations,30
E05013629,Brunswick Park,14,White: Irish,8,L13: Routine occupations,29
E05013629,Brunswick Park,14,White: Irish,9,L14.1: Never worked,17
E05013629,Brunswick Park,14,White: Irish,10,L14.2: Long-term unemployed,2
E05013629,Brunswick Park,14,White: Irish,11,L15: Full-time students,11
E05013629,Brunswick Park,15,White: Gypsy or Irish Traveller,-8,Does not apply,0
E05013629,Brunswick Park,15,White: Gypsy or Irish Traveller,1,L1 and L2: Large employers and higher managerial and administrative occupations,0
E05013629,Brunswick Park,15,White: Gypsy or Irish Traveller,2,L3: Higher professional occupations,0
E05013629,Brunswick Park,15,White: Gypsy or Irish Traveller,3,"L4, L5 and L6: Lower managerial, administrative and professional occupations",3
E05013629,Brunswick Park,15,White: Gypsy or Irish Traveller,4,L7: Intermediate occupations,0
E05013629,Brunswick Park,15,White: Gypsy or Irish Traveller,5,L8 and L9: Small employers and own account workers,0
E05013629,Brunswick Park,15,White: Gypsy or Irish Traveller,6,L10 and L11: Lower supervisory and technical occupations,0
E05013629,Brunswick Park,15,White: Gypsy or Irish Traveller,7,L12: Semi-routine occupations,0
E05013629,Brunswick Park,15,White: Gypsy or Irish Traveller,8,L13: Routine occupations,0
E05013629,Brunswick Park,15,White: Gypsy or Irish Traveller,9,L14.1: Never worked,0
E05013629,Brunswick Park,15,White: Gypsy or Irish Traveller,10,L14.2: Long-term unemployed,0
E05013629,Brunswick Park,15,White: Gypsy or Irish Traveller,11,L15: Full-time students,1
E05013629,Brunswick Park,16,White: Roma,-8,Does not apply,7
E05013629,Brunswick Park,16,White: Roma,1,L1 and L2: Large employers and higher managerial and administrative occupations,1
E05013629,Brunswick Park,16,White: Roma,2,L3: Higher professional occupations,1
E05013629,Brunswick Park,16,White: Roma,3,"L4, L5 and L6: Lower managerial, administrative and professional occupations",4
E05013629,Brunswick Park,16,White: Roma,4,L7: Intermediate occupations,1
E05013629,Brunswick Park,16,White: Roma,5,L8 and L9: Small employers and own account workers,10
E05013629,Brunswick Park,16,White: Roma,6,L10 and L11: Lower supervisory and technical occupations,0
E05013629,Brunswick Park,16,White: Roma,7,L12: Semi-routine occupations,4
E05013629,Brunswick Park,16,White: Roma,8,L13: Routine occupations,4
E05013629,Brunswick Park,16,White: Roma,9,L14.1: Never worked,2
E05013629,Brunswick Park,16,White: Roma,10,L14.2: Long-term unemployed,0
E05013629,Brunswick Park,16,White: Roma,11,L15: Full-time students,2
E05013629,Brunswick Park,17,White: Other White,-8,Does not apply,522
E05013629,Brunswick Park,17,White: Other White,1,L1 and L2: Large employers and higher managerial and administrative occupations,114
E05013629,Brunswick Park,17,White: Other White,2,L3: Higher professional occupations,246
E05013629,Brunswick Park,17,White: Other White,3,"L4, L5 and L6: Lower managerial, administrative and professional occupations",481
E05013629,Brunswick Park,17,White: Other White,4,L7: Intermediate occupations,227
E05013629,Brunswick Park,17,White: Other White,5,L8 and L9: Small employers and own account workers,591
E05013629,Brunswick Park,17,White: Other White,6,L10 and L11: Lower supervisory and technical occupations,95
E05013629,Brunswick Park,17,White: Other White,7,L12: Semi-routine occupations,166
E05013629,Brunswick Park,17,White: Other White,8,L13: Routine occupations,215
E05013629,Brunswick Park,17,White: Other White,9,L14.1: Never worked,178
E05013629,Brunswick Park,17,White: Other White,10,L14.2: Long-term unemployed,25
E05013629,Brunswick Park,17,White: Other White,11,L15: Full-time students,199
E05013629,Brunswick Park,18,Other ethnic group: Arab,-8,Does not apply,41
E05013629,Brunswick Park,18,Other ethnic group: Arab,1,L1 and L2: Large employers and higher managerial and administrative occupations,6
E05013629,Brunswick Park,18,Other ethnic group: Arab,2,L3: Higher professional occupations,12
E05013629,Brunswick Park,18,Other ethnic group: Arab,3,"L4, L5 and L6: Lower managerial, administrative and professional occupations",12
E05013629,Brunswick Park,18,Other ethnic group: Arab,4,L7: Intermediate occupations,5
E05013629,Brunswick Park,18,Other ethnic group: Arab,5,L8 and L9: Small employers and own account workers,15
E05013629,Brunswick Park,18,Other ethnic group: Arab,6,L10 and L11: Lower supervisory and technical occupations,2
E05013629,Brunswick Park,18,Other ethnic group: Arab,7,L12: Semi-routine occupations,7
E05013629,Brunswick Park,18,Other ethnic group: Arab,8,L13: Routine occupations,4
E05013629,Brunswick Park,18,Other ethnic group: Arab,9,L14.1: Never worked,23
E05013629,Brunswick Park,18,Other ethnic group: Arab,10,L14.2: Long-term unemployed,1
E05013629,Brunswick Park,18,Other ethnic group: Arab,11,L15: Full-time students,9
E05013629,Brunswick Park,19,Other ethnic group: Any other ethnic group,-8,Does not apply,274
E05013629,Brunswick Park,19,Other ethnic group: Any other ethnic group,1,L1 and L2: Large employers and higher managerial and administrative occupations,59
E05013629,Brunswick Park,19,Other ethnic group: Any other ethnic group,2,L3: Higher professional occupations,153
E05013629,Brunswick Park,19,Other ethnic group: Any other ethnic group,3,"L4, L5 and L6: Lower managerial, administrative and professional occupations",251
E05013629,Brunswick Park,19,Other ethnic group: Any other ethnic group,4,L7: Intermediate occupations,115
E05013629,Brunswick Park,19,Other ethnic group: Any other ethnic group,5,L8 and L9: Small employers and own account workers,198
E05013629,Brunswick Park,19,Other ethnic group: Any other ethnic group,6,L10 and L11: Lower supervisory and technical occupations,38
E05013629,Brunswick Park,19,Other ethnic group: Any other ethnic group,7,L12: Semi-routine occupations,79
E05013629,Brunswick Park,19,Other ethnic group: Any other ethnic group,8,L13: Routine occupations,94
E05013629,Brunswick Park,19,Other ethnic group: Any other ethnic group,9,L14.1: Never worked,123
E05013629,Brunswick Park,19,Other ethnic group: Any other ethnic group,10,L14.2: Long-term unemployed,21
E05013629,Brunswick Park,19,Other ethnic group: Any other ethnic group,11,L15: Full-time students,93
E05013630,Burnt Oak,-8,Does not apply,-8,Does not apply,0
E05013630,Burnt Oak,-8,Does not apply,1,L1 and L2: Large employers and higher managerial and administrative occupations,0
E05013630,Burnt Oak,-8,Does not apply,2,L3: Higher professional occupations,0
E05013630,Burnt Oak,-8,Does not apply,3,"L4, L5 and L6: Lower managerial, administrative and professional occupations",0
E05013630,Burnt Oak,-8,Does not apply,4,L7: Intermediate occupations,0
E05013630,Burnt Oak,-8,Does not apply,5,L8 and L9: Small employers and own account workers,0
E05013630,Burnt Oak,-8,Does not apply,6,L10 and L11: Lower supervisory and technical occupations,0
E05013630,Burnt Oak,-8,Does not apply,7,L12: Semi-routine occupations,0
E05013630,Burnt Oak,-8,Does not apply,8,L13: Routine occupations,0
E05013630,Burnt Oak,-8,Does not apply,9,L14.1: Never worked,0
E05013630,Burnt Oak,-8,Does not apply,10,L14.2: Long-term unemployed,0
E05013630,Burnt Oak,-8,Does not apply,11,L15: Full-time students,0
E05013630,Burnt Oak,1,"Asian, Asian British or Asian Welsh: Bangladeshi",-8,Does not apply,49
E05013630,Burnt Oak,1,"Asian, Asian British or Asian Welsh: Bangladeshi",1,L1 and L2: Large employers and higher managerial and administrative occupations,2
E05013630,Burnt Oak,1,"Asian, Asian British or Asian Welsh: Bangladeshi",2,L3: Higher professional occupations,10
E05013630,Burnt Oak,1,"Asian, Asian British or Asian Welsh: Bangladeshi",3,"L4, L5 and L6: Lower managerial, administrative and professional occupations",20
E05013630,Burnt Oak,1,"Asian, Asian British or Asian Welsh: Bangladeshi",4,L7: Intermediate occupations,20
E05013630,Burnt Oak,1,"Asian, Asian British or Asian Welsh: Bangladeshi",5,L8 and L9: Small employers and own account workers,13
E05013630,Burnt Oak,1,"Asian, Asian British or Asian Welsh: Bangladeshi",6,L10 and L11: Lower supervisory and technical occupations,8
E05013630,Burnt Oak,1,"Asian, Asian British or Asian Welsh: Bangladeshi",7,L12: Semi-routine occupations,25
E05013630,Burnt Oak,1,"Asian, Asian British or Asian Welsh: Bangladeshi",8,L13: Routine occupations,8
E05013630,Burnt Oak,1,"Asian, Asian British or Asian Welsh: Bangladeshi",9,L14.1: Never worked,15
E05013630,Burnt Oak,1,"Asian, Asian British or Asian Welsh: Bangladeshi",10,L14.2: Long-term unemployed,7
E05013630,Burnt Oak,1,"Asian, Asian British or Asian Welsh: Bangladeshi",11,L15: Full-time students,25
E05013630,Burnt Oak,2,"Asian, Asian British or Asian Welsh: Chinese",-8,Does not apply,113
E05013630,Burnt Oak,2,"Asian, Asian British or Asian Welsh: Chinese",1,L1 and L2: Large employers and higher managerial and administrative occupations,17
E05013630,Burnt Oak,2,"Asian, Asian British or Asian Welsh: Chinese",2,L3: Higher professional occupations,78
E05013630,Burnt Oak,2,"Asian, Asian British or Asian Welsh: Chinese",3,"L4, L5 and L6: Lower managerial, administrative and professional occupations",149
E05013630,Burnt Oak,2,"Asian, Asian British or Asian Welsh: Chinese",4,L7: Intermediate occupations,66
E05013630,Burnt Oak,2,"Asian, Asian British or Asian Welsh: Chinese",5,L8 and L9: Small employers and own account workers,43
E05013630,Burnt Oak,2,"Asian, Asian British or Asian Welsh: Chinese",6,L10 and L11: Lower supervisory and technical occupations,48
E05013630,Burnt Oak,2,"Asian, Asian British or Asian Welsh: Chinese",7,L12: Semi-routine occupations,68
E05013630,Burnt Oak,2,"Asian, Asian British or Asian Welsh: Chinese",8,L13: Routine occupations,57
E05013630,Burnt Oak,2,"Asian, Asian British or Asian Welsh: Chinese",9,L14.1: Never worked,57
E05013630,Burnt Oak,2,"Asian, Asian British or Asian Welsh: Chinese",10,L14.2: Long-term unemployed,7
E05013630,Burnt Oak,2,"Asian, Asian British or Asian Welsh: Chinese",11,L15: Full-time students,52
E05013630,Burnt Oak,3,"Asian, Asian British or Asian Welsh: Indian",-8,Does not apply,240
E05013630,Burnt Oak,3,"Asian, Asian British or Asian Welsh: Indian",1,L1 and L2: Large employers and higher managerial and administrative occupations,51
E05013630,Burnt Oak,3,"Asian, Asian British or Asian Welsh: Indian",2,L3: Higher professional occupations,127
E05013630,Burnt Oak,3,"Asian, Asian British or Asian Welsh: Indian",3,"L4, L5 and L6: Lower managerial, administrative and professional occupations",250
E05013630,Burnt Oak,3,"Asian, Asian British or Asian Welsh: Indian",4,L7: Intermediate occupations,154
E05013630,Burnt Oak,3,"Asian, Asian British or Asian Welsh: Indian",5,L8 and L9: Small employers and own account workers,127
E05013630,Burnt Oak,3,"Asian, Asian British or Asian Welsh: Indian",6,L10 and L11: Lower supervisory and technical occupations,44
E05013630,Burnt Oak,3,"Asian, Asian British or Asian Welsh: Indian",7,L12: Semi-routine occupations,156
E05013630,Burnt Oak,3,"Asian, Asian British or Asian Welsh: Indian",8,L13: Routine occupations,127
E05013630,Burnt Oak,3,"Asian, Asian British or Asian Welsh: Indian",9,L14.1: Never worked,134
E05013630,Burnt Oak,3,"Asian, Asian British or Asian Welsh: Indian",10,L14.2: Long-term unemployed,17
E05013630,Burnt Oak,3,"Asian, Asian British or Asian Welsh: Indian",11,L15: Full-time students,89
E05013630,Burnt Oak,4,"Asian, Asian British or Asian Welsh: Pakistani",-8,Does not apply,129
E05013630,Burnt Oak,4,"Asian, Asian British or Asian Welsh: Pakistani",1,L1 and L2: Large employers and higher managerial and administrative occupations,12
E05013630,Burnt Oak,4,"Asian, Asian British or Asian Welsh: Pakistani",2,L3: Higher professional occupations,30
E05013630,Burnt Oak,4,"Asian, Asian British or Asian Welsh: Pakistani",3,"L4, L5 and L6: Lower managerial, administrative and professional occupations",58
E05013630,Burnt Oak,4,"Asian, Asian British or Asian Welsh: Pakistani",4,L7: Intermediate occupations,45
E05013630,Burnt Oak,4,"Asian, Asian British or Asian Welsh: Pakistani",5,L8 and L9: Small employers and own account workers,42
E05013630,Burnt Oak,4,"Asian, Asian British or Asian Welsh: Pakistani",6,L10 and L11: Lower supervisory and technical occupations,7
E05013630,Burnt Oak,4,"Asian, Asian British or Asian Welsh: Pakistani",7,L12: Semi-routine occupations,23
E05013630,Burnt Oak,4,"Asian, Asian British or Asian Welsh: Pakistani",8,L13: Routine occupations,21
E05013630,Burnt Oak,4,"Asian, Asian British or Asian Welsh: Pakistani",9,L14.1: Never worked,66
E05013630,Burnt Oak,4,"Asian, Asian British or Asian Welsh: Pakistani",10,L14.2: Long-term unemployed,8
E05013630,Burnt Oak,4,"Asian, Asian British or Asian Welsh: Pakistani",11,L15: Full-time students,50
E05013630,Burnt Oak,5,"Asian, Asian British or Asian Welsh: Other Asian",-8,Does not apply,654
E05013630,Burnt Oak,5,"Asian, Asian British or Asian Welsh: Other Asian",1,L1 and L2: Large employers and higher managerial and administrative occupations,25
E05013630,Burnt Oak,5,"Asian, Asian British or Asian Welsh: Other Asian",2,L3: Higher professional occupations,114
E05013630,Burnt Oak,5,"Asian, Asian British or Asian Welsh: Other Asian",3,"L4, L5 and L6: Lower managerial, administrative and professional occupations",269
E05013630,Burnt Oak,5,"Asian, Asian British or Asian Welsh: Other Asian",4,L7: Intermediate occupations,147
E05013630,Burnt Oak,5,"Asian, Asian British or Asian Welsh: Other Asian",5,L8 and L9: Small employers and own account workers,245
E05013630,Burnt Oak,5,"Asian, Asian British or Asian Welsh: Other Asian",6,L10 and L11: Lower supervisory and technical occupations,92
E05013630,Burnt Oak,5,"Asian, Asian British or Asian Welsh: Other Asian",7,L12: Semi-routine occupations,293
E05013630,Burnt Oak,5,"Asian, Asian British or Asian Welsh: Other Asian",8,L13: Routine occupations,234
E05013630,Burnt Oak,5,"Asian, Asian British or Asian Welsh: Other Asian",9,L14.1: Never worked,311
E05013630,Burnt Oak,5,"Asian, Asian British or Asian Welsh: Other Asian",10,L14.2: Long-term unemployed,30
E05013630,Burnt Oak,5,"Asian, Asian British or Asian Welsh: Other Asian",11,L15: Full-time students,237
E05013630,Burnt Oak,6,"Black, Black British, Black Welsh, Caribbean or African: African",-8,Does not apply,719
E05013630,Burnt Oak,6,"Black, Black British, Black Welsh, Caribbean or African: African",1,L1 and L2: Large employers and higher managerial and administrative occupations,33
E05013630,Burnt Oak,6,"Black, Black British, Black Welsh, Caribbean or African: African",2,L3: Higher professional occupations,142
E05013630,Burnt Oak,6,"Black, Black British, Black Welsh, Caribbean or African: African",3,"L4, L5 and L6: Lower managerial, administrative and professional occupations",353
E05013630,Burnt Oak,6,"Black, Black British, Black Welsh, Caribbean or African: African",4,L7: Intermediate occupations,226
E05013630,Burnt Oak,6,"Black, Black British, Black Welsh, Caribbean or African: African",5,L8 and L9: Small employers and own account workers,136
E05013630,Burnt Oak,6,"Black, Black British, Black Welsh, Caribbean or African: African",6,L10 and L11: Lower supervisory and technical occupations,53
E05013630,Burnt Oak,6,"Black, Black British, Black Welsh, Caribbean or African: African",7,L12: Semi-routine occupations,252
E05013630,Burnt Oak,6,"Black, Black British, Black Welsh, Caribbean or African: African",8,L13: Routine occupations,208
E05013630,Burnt Oak,6,"Black, Black British, Black Welsh, Caribbean or African: African",9,L14.1: Never worked,227
E05013630,Burnt Oak,6,"Black, Black British, Black Welsh, Caribbean or African: African",10,L14.2: Long-term unemployed,89
E05013630,Burnt Oak,6,"Black, Black British, Black Welsh, Caribbean or African: African",11,L15: Full-time students,421
E05013630,Burnt Oak,7,"Black, Black British, Black Welsh, Caribbean or African: Caribbean",-8,Does not apply,93
E05013630,Burnt Oak,7,"Black, Black British, Black Welsh, Caribbean or African: Caribbean",1,L1 and L2: Large employers and higher managerial and administrative occupations,13
E05013630,Burnt Oak,7,"Black, Black British, Black Welsh, Caribbean or African: Caribbean",2,L3: Higher professional occupations,15
E05013630,Burnt Oak,7,"Black, Black British, Black Welsh, Caribbean or African: Caribbean",3,"L4, L5 and L6: Lower managerial, administrative and professional occupations",82
E05013630,Burnt Oak,7,"Black, Black British, Black Welsh, Caribbean or African: Caribbean",4,L7: Intermediate occupations,56
E05013630,Burnt Oak,7,"Black, Black British, Black Welsh, Caribbean or African: Caribbean",5,L8 and L9: Small employers and own account workers,28
E05013630,Burnt Oak,7,"Black, Black British, Black Welsh, Caribbean or African: Caribbean",6,L10 and L11: Lower supervisory and technical occupations,17
E05013630,Burnt Oak,7,"Black, Black British, Black Welsh, Caribbean or African: Caribbean",7,L12: Semi-routine occupations,40
E05013630,Burnt Oak,7,"Black, Black British, Black Welsh, Caribbean or African: Caribbean",8,L13: Routine occupations,41
E05013630,Burnt Oak,7,"Black, Black British, Black Welsh, Caribbean or African: Caribbean",9,L14.1: Never worked,28
E05013630,Burnt Oak,7,"Black, Black British, Black Welsh, Caribbean or African: Caribbean",10,L14.2: Long-term unemployed,5
E05013630,Burnt Oak,7,"Black, Black British, Black Welsh, Caribbean or African: Caribbean",11,L15: Full-time students,19
E05013630,Burnt Oak,8,"Black, Black British, Black Welsh, Caribbean or African: Other Black",-8,Does not apply,126
E05013630,Burnt Oak,8,"Black, Black British, Black Welsh, Caribbean or African: Other Black",1,L1 and L2: Large employers and higher managerial and administrative occupations,4
E05013630,Burnt Oak,8,"Black, Black British, Black Welsh, Caribbean or African: Other Black",2,L3: Higher professional occupations,10
E05013630,Burnt Oak,8,"Black, Black British, Black Welsh, Caribbean or African: Other Black",3,"L4, L5 and L6: Lower managerial, administrative and professional occupations",29
E05013630,Burnt Oak,8,"Black, Black British, Black Welsh, Caribbean or African: Other Black",4,L7: Intermediate occupations,27
E05013630,Burnt Oak,8,"Black, Black British, Black Welsh, Caribbean or African: Other Black",5,L8 and L9: Small employers and own account workers,12
E05013630,Burnt Oak,8,"Black, Black British, Black Welsh, Caribbean or African: Other Black",6,L10 and L11: Lower supervisory and technical occupations,5
E05013630,Burnt Oak,8,"Black, Black British, Black Welsh, Caribbean or African: Other Black",7,L12: Semi-routine occupations,25
E05013630,Burnt Oak,8,"Black, Black British, Black Welsh, Caribbean or African: Other Black",8,L13: Routine occupations,16
E05013630,Burnt Oak,8,"Black, Black British, Black Welsh, Caribbean or African: Other Black",9,L14.1: Never worked,18
E05013630,Burnt Oak,8,"Black, Black British, Black Welsh, Caribbean or African: Other Black",10,L14.2: Long-term unemployed,4
E05013630,Burnt Oak,8,"Black, Black British, Black Welsh, Caribbean or African: Other Black",11,L15: Full-time students,38
E05013630,Burnt Oak,9,Mixed or Multiple ethnic groups: White and Asian,-8,Does not apply,130
E05013630,Burnt Oak,9,Mixed or Multiple ethnic groups: White and Asian,1,L1 and L2: Large employers and higher managerial and administrative occupations,2
E05013630,Burnt Oak,9,Mixed or Multiple ethnic groups: White and Asian,2,L3: Higher professional occupations,4
E05013630,Burnt Oak,9,Mixed or Multiple ethnic groups: White and Asian,3,"L4, L5 and L6: Lower managerial, administrative and professional occupations",27
E05013630,Burnt Oak,9,Mixed or Multiple ethnic groups: White and Asian,4,L7: Intermediate occupations,9
E05013630,Burnt Oak,9,Mixed or Multiple ethnic groups: White and Asian,5,L8 and L9: Small employers and own account workers,13
E05013630,Burnt Oak,9,Mixed or Multiple ethnic groups: White and Asian,6,L10 and L11: Lower supervisory and technical occupations,8
E05013630,Burnt Oak,9,Mixed or Multiple ethnic groups: White and Asian,7,L12: Semi-routine occupations,11
E05013630,Burnt Oak,9,Mixed or Multiple ethnic groups: White and Asian,8,L13: Routine occupations,12
E05013630,Burnt Oak,9,Mixed or Multiple ethnic groups: White and Asian,9,L14.1: Never worked,11
E05013630,Burnt Oak,9,Mixed or Multiple ethnic groups: White and Asian,10,L14.2: Long-term unemployed,2
E05013630,Burnt Oak,9,Mixed or Multiple ethnic groups: White and Asian,11,L15: Full-time students,30
E05013630,Burnt Oak,10,Mixed or Multiple ethnic groups: White and Black African,-8,Does not apply,249
E05013630,Burnt Oak,10,Mixed or Multiple ethnic groups: White and Black African,1,L1 and L2: Large employers and higher managerial and administrative occupations,4
E05013630,Burnt Oak,10,Mixed or Multiple ethnic groups: White and Black African,2,L3: Higher professional occupations,7
E05013630,Burnt Oak,10,Mixed or Multiple ethnic groups: White and Black African,3,"L4, L5 and L6: Lower managerial, administrative and professional occupations",27
E05013630,Burnt Oak,10,Mixed or Multiple ethnic groups: White and Black African,4,L7: Intermediate occupations,22
E05013630,Burnt Oak,10,Mixed or Multiple ethnic groups: White and Black African,5,L8 and L9: Small employers and own account workers,16
E05013630,Burnt Oak,10,Mixed or Multiple ethnic groups: White and Black African,6,L10 and L11: Lower supervisory and technical occupations,16
E05013630,Burnt Oak,10,Mixed or Multiple ethnic groups: White and Black African,7,L12: Semi-routine occupations,18
E05013630,Burnt Oak,10,Mixed or Multiple ethnic groups: White and Black African,8,L13: Routine occupations,39
E05013630,Burnt Oak,10,Mixed or Multiple ethnic groups: White and Black African,9,L14.1: Never worked,23
E05013630,Burnt Oak,10,Mixed or Multiple ethnic groups: White and Black African,10,L14.2: Long-term unemployed,4
E05013630,Burnt Oak,10,Mixed or Multiple ethnic groups: White and Black African,11,L15: Full-time students,44
E05013630,Burnt Oak,11,Mixed or Multiple ethnic groups: White and Black Caribbean,-8,Does not apply,100
E05013630,Burnt Oak,11,Mixed or Multiple ethnic groups: White and Black Caribbean,1,L1 and L2: Large employers and higher managerial and administrative occupations,3
E05013630,Burnt Oak,11,Mixed or Multiple ethnic groups: White and Black Caribbean,2,L3: Higher professional occupations,8
E05013630,Burnt Oak,11,Mixed or Multiple ethnic groups: White and Black Caribbean,3,"L4, L5 and L6: Lower managerial, administrative and professional occupations",18
E05013630,Burnt Oak,11,Mixed or Multiple ethnic groups: White and Black Caribbean,4,L7: Intermediate occupations,19
E05013630,Burnt Oak,11,Mixed or Multiple ethnic groups: White and Black Caribbean,5,L8 and L9: Small employers and own account workers,13
E05013630,Burnt Oak,11,Mixed or Multiple ethnic groups: White and Black Caribbean,6,L10 and L11: Lower supervisory and technical occupations,3
E05013630,Burnt Oak,11,Mixed or Multiple ethnic groups: White and Black Caribbean,7,L12: Semi-routine occupations,21
E05013630,Burnt Oak,11,Mixed or Multiple ethnic groups: White and Black Caribbean,8,L13: Routine occupations,10
E05013630,Burnt Oak,11,Mixed or Multiple ethnic groups: White and Black Caribbean,9,L14.1: Never worked,18
E05013630,Burnt Oak,11,Mixed or Multiple ethnic groups: White and Black Caribbean,10,L14.2: Long-term unemployed,2
E05013630,Burnt Oak,11,Mixed or Multiple ethnic groups: White and Black Caribbean,11,L15: Full-time students,28
E05013630,Burnt Oak,12,Mixed or Multiple ethnic groups: Other Mixed or Multiple ethnic groups,-8,Does not apply,142
E05013630,Burnt Oak,12,Mixed or Multiple ethnic groups: Other Mixed or Multiple ethnic groups,1,L1 and L2: Large employers and higher managerial and administrative occupations,3
E05013630,Burnt Oak,12,Mixed or Multiple ethnic groups: Other Mixed or Multiple ethnic groups,2,L3: Higher professional occupations,18
E05013630,Burnt Oak,12,Mixed or Multiple ethnic groups: Other Mixed or Multiple ethnic groups,3,"L4, L5 and L6: Lower managerial, administrative and professional occupations",29
E05013630,Burnt Oak,12,Mixed or Multiple ethnic groups: Other Mixed or Multiple ethnic groups,4,L7: Intermediate occupations,28
E05013630,Burnt Oak,12,Mixed or Multiple ethnic groups: Other Mixed or Multiple ethnic groups,5,L8 and L9: Small employers and own account workers,29
E05013630,Burnt Oak,12,Mixed or Multiple ethnic groups: Other Mixed or Multiple ethnic groups,6,L10 and L11: Lower supervisory and technical occupations,8
E05013630,Burnt Oak,12,Mixed or Multiple ethnic groups: Other Mixed or Multiple ethnic groups,7,L12: Semi-routine occupations,13
E05013630,Burnt Oak,12,Mixed or Multiple ethnic groups: Other Mixed or Multiple ethnic groups,8,L13: Routine occupations,22
E05013630,Burnt Oak,12,Mixed or Multiple ethnic groups: Other Mixed or Multiple ethnic groups,9,L14.1: Never worked,18
E05013630,Burnt Oak,12,Mixed or Multiple ethnic groups: Other Mixed or Multiple ethnic groups,10,L14.2: Long-term unemployed,3
E05013630,Burnt Oak,12,Mixed or Multiple ethnic groups: Other Mixed or Multiple ethnic groups,11,L15: Full-time students,45
E05013630,Burnt Oak,13,"White: English, Welsh, Scottish, Northern Irish or British",-8,Does not apply,922
E05013630,Burnt Oak,13,"White: English, Welsh, Scottish, Northern Irish or British",1,L1 and L2: Large employers and higher managerial and administrative occupations,118
E05013630,Burnt Oak,13,"White: English, Welsh, Scottish, Northern Irish or British",2,L3: Higher professional occupations,216
E05013630,Burnt Oak,13,"White: English, Welsh, Scottish, Northern Irish or British",3,"L4, L5 and L6: Lower managerial, administrative and professional occupations",662
E05013630,Burnt Oak,13,"White: English, Welsh, Scottish, Northern Irish or British",4,L7: Intermediate occupations,559
E05013630,Burnt Oak,13,"White: English, Welsh, Scottish, Northern Irish or British",5,L8 and L9: Small employers and own account workers,490
E05013630,Burnt Oak,13,"White: English, Welsh, Scottish, Northern Irish or British",6,L10 and L11: Lower supervisory and technical occupations,259
E05013630,Burnt Oak,13,"White: English, Welsh, Scottish, Northern Irish or British",7,L12: Semi-routine occupations,506
E05013630,Burnt Oak,13,"White: English, Welsh, Scottish, Northern Irish or British",8,L13: Routine occupations,548
E05013630,Burnt Oak,13,"White: English, Welsh, Scottish, Northern Irish or British",9,L14.1: Never worked,468
E05013630,Burnt Oak,13,"White: English, Welsh, Scottish, Northern Irish or British",10,L14.2: Long-term unemployed,56
E05013630,Burnt Oak,13,"White: English, Welsh, Scottish, Northern Irish or British",11,L15: Full-time students,252
E05013630,Burnt Oak,14,White: Irish,-8,Does not apply,43
E05013630,Burnt Oak,14,White: Irish,1,L1 and L2: Large employers and higher managerial and administrative occupations,11
E05013630,Burnt Oak,14,White: Irish,2,L3: Higher professional occupations,22
E05013630,Burnt Oak,14,White: Irish,3,"L4, L5 and L6: Lower managerial, administrative and professional occupations",75
E05013630,Burnt Oak,14,White: Irish,4,L7: Intermediate occupations,50
E05013630,Burnt Oak,14,White: Irish,5,L8 and L9: Small employers and own account workers,68
E05013630,Burnt Oak,14,White: Irish,6,L10 and L11: Lower supervisory and technical occupations,22
E05013630,Burnt Oak,14,White: Irish,7,L12: Semi-routine occupations,48
E05013630,Burnt Oak,14,White: Irish,8,L13: Routine occupations,64
E05013630,Burnt Oak,14,White: Irish,9,L14.1: Never worked,37
E05013630,Burnt Oak,14,White: Irish,10,L14.2: Long-term unemployed,4
E05013630,Burnt Oak,14,White: Irish,11,L15: Full-time students,13
E05013630,Burnt Oak,15,White: Gypsy or Irish Traveller,-8,Does not apply,7
E05013630,Burnt Oak,15,White: Gypsy or Irish Traveller,1,L1 and L2: Large employers and higher managerial and administrative occupations,0
E05013630,Burnt Oak,15,White: Gypsy or Irish Traveller,2,L3: Higher professional occupations,0
E05013630,Burnt Oak,15,White: Gypsy or Irish Traveller,3,"L4, L5 and L6: Lower managerial, administrative and professional occupations",1
E05013630,Burnt Oak,15,White: Gypsy or Irish Traveller,4,L7: Intermediate occupations,0
E05013630,Burnt Oak,15,White: Gypsy or Irish Traveller,5,L8 and L9: Small employers and own account workers,5
E05013630,Burnt Oak,15,White: Gypsy or Irish Traveller,6,L10 and L11: Lower supervisory and technical occupations,0
E05013630,Burnt Oak,15,White: Gypsy or Irish Traveller,7,L12: Semi-routine occupations,0
E05013630,Burnt Oak,15,White: Gypsy or Irish Traveller,8,L13: Routine occupations,0
E05013630,Burnt Oak,15,White: Gypsy or Irish Traveller,9,L14.1: Never worked,8
E05013630,Burnt Oak,15,White: Gypsy or Irish Traveller,10,L14.2: Long-term unemployed,1
E05013630,Burnt Oak,15,White: Gypsy or Irish Traveller,11,L15: Full-time students,0
E05013630,Burnt Oak,16,White: Roma,-8,Does not apply,33
E05013630,Burnt Oak,16,White: Roma,1,L1 and L2: Large employers and higher managerial and administrative occupations,1
E05013630,Burnt Oak,16,White: Roma,2,L3: Higher professional occupations,4
E05013630,Burnt Oak,16,White: Roma,3,"L4, L5 and L6: Lower managerial, administrative and professional occupations",11
E05013630,Burnt Oak,16,White: Roma,4,L7: Intermediate occupations,3
E05013630,Burnt Oak,16,White: Roma,5,L8 and L9: Small employers and own account workers,46
E05013630,Burnt Oak,16,White: Roma,6,L10 and L11: Lower supervisory and technical occupations,5
E05013630,Burnt Oak,16,White: Roma,7,L12: Semi-routine occupations,7
E05013630,Burnt Oak,16,White: Roma,8,L13: Routine occupations,19
E05013630,Burnt Oak,16,White: Roma,9,L14.1: Never worked,4
E05013630,Burnt Oak,16,White: Roma,10,L14.2: Long-term unemployed,0
E05013630,Burnt Oak,16,White: Roma,11,L15: Full-time students,9
E05013630,Burnt Oak,17,White: Other White,-8,Does not apply,630
E05013630,Burnt Oak,17,White: Other White,1,L1 and L2: Large employers and higher managerial and administrative occupations,46
E05013630,Burnt Oak,17,White: Other White,2,L3: Higher professional occupations,131
E05013630,Burnt Oak,17,White: Other White,3,"L4, L5 and L6: Lower managerial, administrative and professional occupations",334
E05013630,Burnt Oak,17,White: Other White,4,L7: Intermediate occupations,198
E05013630,Burnt Oak,17,White: Other White,5,L8 and L9: Small employers and own account workers,1059
E05013630,Burnt Oak,17,White: Other White,6,L10 and L11: Lower supervisory and technical occupations,145
E05013630,Burnt Oak,17,White: Other White,7,L12: Semi-routine occupations,234
E05013630,Burnt Oak,17,White: Other White,8,L13: Routine occupations,331
E05013630,Burnt Oak,17,White: Other White,9,L14.1: Never worked,234
E05013630,Burnt Oak,17,White: Other White,10,L14.2: Long-term unemployed,50
E05013630,Burnt Oak,17,White: Other White,11,L15: Full-time students,329
E05013630,Burnt Oak,18,Other ethnic group: Arab,-8,Does not apply,208
E05013630,Burnt Oak,18,Other ethnic group: Arab,1,L1 and L2: Large employers and higher managerial and administrative occupations,4
E05013630,Burnt Oak,18,Other ethnic group: Arab,2,L3: Higher professional occupations,12
E05013630,Burnt Oak,18,Other ethnic group: Arab,3,"L4, L5 and L6: Lower managerial, administrative and professional occupations",37
E05013630,Burnt Oak,18,Other ethnic group: Arab,4,L7: Intermediate occupations,19
E05013630,Burnt Oak,18,Other ethnic group: Arab,5,L8 and L9: Small employers and own account workers,43
E05013630,Burnt Oak,18,Other ethnic group: Arab,6,L10 and L11: Lower supervisory and technical occupations,16
E05013630,Burnt Oak,18,Other ethnic group: Arab,7,L12: Semi-routine occupations,25
E05013630,Burnt Oak,18,Other ethnic group: Arab,8,L13: Routine occupations,36
E05013630,Burnt Oak,18,Other ethnic group: Arab,9,L14.1: Never worked,121
E05013630,Burnt Oak,18,Other ethnic group: Arab,10,L14.2: Long-term unemployed,11
E05013630,Burnt Oak,18,Other ethnic group: Arab,11,L15: Full-time students,76
E05013630,Burnt Oak,19,Other ethnic group: Any other ethnic group,-8,Does not apply,263
E05013630,Burnt Oak,19,Other ethnic group: Any other ethnic group,1,L1 and L2: Large employers and higher managerial and administrative occupations,16
E05013630,Burnt Oak,19,Other ethnic group: Any other ethnic group,2,L3: Higher professional occupations,59
E05013630,Burnt Oak,19,Other ethnic group: Any other ethnic group,3,"L4, L5 and L6: Lower managerial, administrative and professional occupations",135
E05013630,Burnt Oak,19,Other ethnic group: Any other ethnic group,4,L7: Intermediate occupations,79
E05013630,Burnt Oak,19,Other ethnic group: Any other ethnic group,5,L8 and L9: Small employers and own account workers,160
E05013630,Burnt Oak,19,Other ethnic group: Any other ethnic group,6,L10 and L11: Lower supervisory and technical occupations,51
E05013630,Burnt Oak,19,Other ethnic group: Any other ethnic group,7,L12: Semi-routine occupations,98
E05013630,Burnt Oak,19,Other ethnic group: Any other ethnic group,8,L13: Routine occupations,126
E05013630,Burnt Oak,19,Other ethnic group: Any other ethnic group,9,L14.1: Never worked,188
E05013630,Burnt Oak,19,Other ethnic group: Any other ethnic group,10,L14.2: Long-term unemployed,17
E05013630,Burnt Oak,19,Other ethnic group: Any other ethnic group,11,L15: Full-time students,101
E05013631,Childs Hill,-8,Does not apply,-8,Does not apply,0
E05013631,Childs Hill,-8,Does not apply,1,L1 and L2: Large employers and higher managerial and administrative occupations,0
E05013631,Childs Hill,-8,Does not apply,2,L3: Higher professional occupations,0
E05013631,Childs Hill,-8,Does not apply,3,"L4, L5 and L6: Lower managerial, administrative and professional occupations",0
E05013631,Childs Hill,-8,Does not apply,4,L7: Intermediate occupations,0
E05013631,Childs Hill,-8,Does not apply,5,L8 and L9: Small employers and own account workers,0
E05013631,Childs Hill,-8,Does not apply,6,L10 and L11: Lower supervisory and technical occupations,0
E05013631,Childs Hill,-8,Does not apply,7,L12: Semi-routine occupations,0
E05013631,Childs Hill,-8,Does not apply,8,L13: Routine occupations,0
E05013631,Childs Hill,-8,Does not apply,9,L14.1: Never worked,0
E05013631,Childs Hill,-8,Does not apply,10,L14.2: Long-term unemployed,0
E05013631,Childs Hill,-8,Does not apply,11,L15: Full-time students,0
E05013631,Childs Hill,1,"Asian, Asian British or Asian Welsh: Bangladeshi",-8,Does not apply,21
E05013631,Childs Hill,1,"Asian, Asian British or Asian Welsh: Bangladeshi",1,L1 and L2: Large employers and higher managerial and administrative occupations,4
E05013631,Childs Hill,1,"Asian, Asian British or Asian Welsh: Bangladeshi",2,L3: Higher professional occupations,6
E05013631,Childs Hill,1,"Asian, Asian British or Asian Welsh: Bangladeshi",3,"L4, L5 and L6: Lower managerial, administrative and professional occupations",11
E05013631,Childs Hill,1,"Asian, Asian British or Asian Welsh: Bangladeshi",4,L7: Intermediate occupations,10
E05013631,Childs Hill,1,"Asian, Asian British or Asian Welsh: Bangladeshi",5,L8 and L9: Small employers and own account workers,7
E05013631,Childs Hill,1,"Asian, Asian British or Asian Welsh: Bangladeshi",6,L10 and L11: Lower supervisory and technical occupations,5
E05013631,Childs Hill,1,"Asian, Asian British or Asian Welsh: Bangladeshi",7,L12: Semi-routine occupations,4
E05013631,Childs Hill,1,"Asian, Asian British or Asian Welsh: Bangladeshi",8,L13: Routine occupations,5
E05013631,Childs Hill,1,"Asian, Asian British or Asian Welsh: Bangladeshi",9,L14.1: Never worked,9
E05013631,Childs Hill,1,"Asian, Asian British or Asian Welsh: Bangladeshi",10,L14.2: Long-term unemployed,0
E05013631,Childs Hill,1,"Asian, Asian British or Asian Welsh: Bangladeshi",11,L15: Full-time students,17
E05013631,Childs Hill,2,"Asian, Asian British or Asian Welsh: Chinese",-8,Does not apply,35
E05013631,Childs Hill,2,"Asian, Asian British or Asian Welsh: Chinese",1,L1 and L2: Large employers and higher managerial and administrative occupations,19
E05013631,Childs Hill,2,"Asian, Asian British or Asian Welsh: Chinese",2,L3: Higher professional occupations,81
E05013631,Childs Hill,2,"Asian, Asian British or Asian Welsh: Chinese",3,"L4, L5 and L6: Lower managerial, administrative and professional occupations",76
E05013631,Childs Hill,2,"Asian, Asian British or Asian Welsh: Chinese",4,L7: Intermediate occupations,30
E05013631,Childs Hill,2,"Asian, Asian British or Asian Welsh: Chinese",5,L8 and L9: Small employers and own account workers,34
E05013631,Childs Hill,2,"Asian, Asian British or Asian Welsh: Chinese",6,L10 and L11: Lower supervisory and technical occupations,8
E05013631,Childs Hill,2,"Asian, Asian British or Asian Welsh: Chinese",7,L12: Semi-routine occupations,17
E05013631,Childs Hill,2,"Asian, Asian British or Asian Welsh: Chinese",8,L13: Routine occupations,13
E05013631,Childs Hill,2,"Asian, Asian British or Asian Welsh: Chinese",9,L14.1: Never worked,40
E05013631,Childs Hill,2,"Asian, Asian British or Asian Welsh: Chinese",10,L14.2: Long-term unemployed,5
E05013631,Childs Hill,2,"Asian, Asian British or Asian Welsh: Chinese",11,L15: Full-time students,32
E05013631,Childs Hill,3,"Asian, Asian British or Asian Welsh: Indian",-8,Does not apply,215
E05013631,Childs Hill,3,"Asian, Asian British or Asian Welsh: Indian",1,L1 and L2: Large employers and higher managerial and administrative occupations,119
E05013631,Childs Hill,3,"Asian, Asian British or Asian Welsh: Indian",2,L3: Higher professional occupations,239
E05013631,Childs Hill,3,"Asian, Asian British or Asian Welsh: Indian",3,"L4, L5 and L6: Lower managerial, administrative and professional occupations",198
E05013631,Childs Hill,3,"Asian, Asian British or Asian Welsh: Indian",4,L7: Intermediate occupations,63
E05013631,Childs Hill,3,"Asian, Asian British or Asian Welsh: Indian",5,L8 and L9: Small employers and own account workers,99
E05013631,Childs Hill,3,"Asian, Asian British or Asian Welsh: Indian",6,L10 and L11: Lower supervisory and technical occupations,14
E05013631,Childs Hill,3,"Asian, Asian British or Asian Welsh: Indian",7,L12: Semi-routine occupations,57
E05013631,Childs Hill,3,"Asian, Asian British or Asian Welsh: Indian",8,L13: Routine occupations,38
E05013631,Childs Hill,3,"Asian, Asian British or Asian Welsh: Indian",9,L14.1: Never worked,108
E05013631,Childs Hill,3,"Asian, Asian British or Asian Welsh: Indian",10,L14.2: Long-term unemployed,14
E05013631,Childs Hill,3,"Asian, Asian British or Asian Welsh: Indian",11,L15: Full-time students,55
E05013631,Childs Hill,4,"Asian, Asian British or Asian Welsh: Pakistani",-8,Does not apply,66
E05013631,Childs Hill,4,"Asian, Asian British or Asian Welsh: Pakistani",1,L1 and L2: Large employers and higher managerial and administrative occupations,19
E05013631,Childs Hill,4,"Asian, Asian British or Asian Welsh: Pakistani",2,L3: Higher professional occupations,50
E05013631,Childs Hill,4,"Asian, Asian British or Asian Welsh: Pakistani",3,"L4, L5 and L6: Lower managerial, administrative and professional occupations",57
E05013631,Childs Hill,4,"Asian, Asian British or Asian Welsh: Pakistani",4,L7: Intermediate occupations,25
E05013631,Childs Hill,4,"Asian, Asian British or Asian Welsh: Pakistani",5,L8 and L9: Small employers and own account workers,24
E05013631,Childs Hill,4,"Asian, Asian British or Asian Welsh: Pakistani",6,L10 and L11: Lower supervisory and technical occupations,1
E05013631,Childs Hill,4,"Asian, Asian British or Asian Welsh: Pakistani",7,L12: Semi-routine occupations,15
E05013631,Childs Hill,4,"Asian, Asian British or Asian Welsh: Pakistani",8,L13: Routine occupations,4
E05013631,Childs Hill,4,"Asian, Asian British or Asian Welsh: Pakistani",9,L14.1: Never worked,33
E05013631,Childs Hill,4,"Asian, Asian British or Asian Welsh: Pakistani",10,L14.2: Long-term unemployed,3
E05013631,Childs Hill,4,"Asian, Asian British or Asian Welsh: Pakistani",11,L15: Full-time students,26
E05013631,Childs Hill,5,"Asian, Asian British or Asian Welsh: Other Asian",-8,Does not apply,257
E05013631,Childs Hill,5,"Asian, Asian British or Asian Welsh: Other Asian",1,L1 and L2: Large employers and higher managerial and administrative occupations,46
E05013631,Childs Hill,5,"Asian, Asian British or Asian Welsh: Other Asian",2,L3: Higher professional occupations,95
E05013631,Childs Hill,5,"Asian, Asian British or Asian Welsh: Other Asian",3,"L4, L5 and L6: Lower managerial, administrative and professional occupations",156
E05013631,Childs Hill,5,"Asian, Asian British or Asian Welsh: Other Asian",4,L7: Intermediate occupations,65
E05013631,Childs Hill,5,"Asian, Asian British or Asian Welsh: Other Asian",5,L8 and L9: Small employers and own account workers,149
E05013631,Childs Hill,5,"Asian, Asian British or Asian Welsh: Other Asian",6,L10 and L11: Lower supervisory and technical occupations,57
E05013631,Childs Hill,5,"Asian, Asian British or Asian Welsh: Other Asian",7,L12: Semi-routine occupations,138
E05013631,Childs Hill,5,"Asian, Asian British or Asian Welsh: Other Asian",8,L13: Routine occupations,122
E05013631,Childs Hill,5,"Asian, Asian British or Asian Welsh: Other Asian",9,L14.1: Never worked,273
E05013631,Childs Hill,5,"Asian, Asian British or Asian Welsh: Other Asian",10,L14.2: Long-term unemployed,17
E05013631,Childs Hill,5,"Asian, Asian British or Asian Welsh: Other Asian",11,L15: Full-time students,112
E05013631,Childs Hill,6,"Black, Black British, Black Welsh, Caribbean or African: African",-8,Does not apply,240
E05013631,Childs Hill,6,"Black, Black British, Black Welsh, Caribbean or African: African",1,L1 and L2: Large employers and higher managerial and administrative occupations,38
E05013631,Childs Hill,6,"Black, Black British, Black Welsh, Caribbean or African: African",2,L3: Higher professional occupations,75
E05013631,Childs Hill,6,"Black, Black British, Black Welsh, Caribbean or African: African",3,"L4, L5 and L6: Lower managerial, administrative and professional occupations",121
E05013631,Childs Hill,6,"Black, Black British, Black Welsh, Caribbean or African: African",4,L7: Intermediate occupations,62
E05013631,Childs Hill,6,"Black, Black British, Black Welsh, Caribbean or African: African",5,L8 and L9: Small employers and own account workers,74
E05013631,Childs Hill,6,"Black, Black British, Black Welsh, Caribbean or African: African",6,L10 and L11: Lower supervisory and technical occupations,21
E05013631,Childs Hill,6,"Black, Black British, Black Welsh, Caribbean or African: African",7,L12: Semi-routine occupations,74
E05013631,Childs Hill,6,"Black, Black British, Black Welsh, Caribbean or African: African",8,L13: Routine occupations,55
E05013631,Childs Hill,6,"Black, Black British, Black Welsh, Caribbean or African: African",9,L14.1: Never worked,111
E05013631,Childs Hill,6,"Black, Black British, Black Welsh, Caribbean or African: African",10,L14.2: Long-term unemployed,23
E05013631,Childs Hill,6,"Black, Black British, Black Welsh, Caribbean or African: African",11,L15: Full-time students,103
E05013631,Childs Hill,7,"Black, Black British, Black Welsh, Caribbean or African: Caribbean",-8,Does not apply,15
E05013631,Childs Hill,7,"Black, Black British, Black Welsh, Caribbean or African: Caribbean",1,L1 and L2: Large employers and higher managerial and administrative occupations,8
E05013631,Childs Hill,7,"Black, Black British, Black Welsh, Caribbean or African: Caribbean",2,L3: Higher professional occupations,6
E05013631,Childs Hill,7,"Black, Black British, Black Welsh, Caribbean or African: Caribbean",3,"L4, L5 and L6: Lower managerial, administrative and professional occupations",26
E05013631,Childs Hill,7,"Black, Black British, Black Welsh, Caribbean or African: Caribbean",4,L7: Intermediate occupations,28
E05013631,Childs Hill,7,"Black, Black British, Black Welsh, Caribbean or African: Caribbean",5,L8 and L9: Small employers and own account workers,9
E05013631,Childs Hill,7,"Black, Black British, Black Welsh, Caribbean or African: Caribbean",6,L10 and L11: Lower supervisory and technical occupations,19
E05013631,Childs Hill,7,"Black, Black British, Black Welsh, Caribbean or African: Caribbean",7,L12: Semi-routine occupations,26
E05013631,Childs Hill,7,"Black, Black British, Black Welsh, Caribbean or African: Caribbean",8,L13: Routine occupations,19
E05013631,Childs Hill,7,"Black, Black British, Black Welsh, Caribbean or African: Caribbean",9,L14.1: Never worked,14
E05013631,Childs Hill,7,"Black, Black British, Black Welsh, Caribbean or African: Caribbean",10,L14.2: Long-term unemployed,4
E05013631,Childs Hill,7,"Black, Black British, Black Welsh, Caribbean or African: Caribbean",11,L15: Full-time students,4
E05013631,Childs Hill,8,"Black, Black British, Black Welsh, Caribbean or African: Other Black",-8,Does not apply,25
E05013631,Childs Hill,8,"Black, Black British, Black Welsh, Caribbean or African: Other Black",1,L1 and L2: Large employers and higher managerial and administrative occupations,1
E05013631,Childs Hill,8,"Black, Black British, Black Welsh, Caribbean or African: Other Black",2,L3: Higher professional occupations,6
E05013631,Childs Hill,8,"Black, Black British, Black Welsh, Caribbean or African: Other Black",3,"L4, L5 and L6: Lower managerial, administrative and professional occupations",15
E05013631,Childs Hill,8,"Black, Black British, Black Welsh, Caribbean or African: Other Black",4,L7: Intermediate occupations,7
E05013631,Childs Hill,8,"Black, Black British, Black Welsh, Caribbean or African: Other Black",5,L8 and L9: Small employers and own account workers,4
E05013631,Childs Hill,8,"Black, Black British, Black Welsh, Caribbean or African: Other Black",6,L10 and L11: Lower supervisory and technical occupations,3
E05013631,Childs Hill,8,"Black, Black British, Black Welsh, Caribbean or African: Other Black",7,L12: Semi-routine occupations,5
E05013631,Childs Hill,8,"Black, Black British, Black Welsh, Caribbean or African: Other Black",8,L13: Routine occupations,5
E05013631,Childs Hill,8,"Black, Black British, Black Welsh, Caribbean or African: Other Black",9,L14.1: Never worked,8
E05013631,Childs Hill,8,"Black, Black British, Black Welsh, Caribbean or African: Other Black",10,L14.2: Long-term unemployed,2
E05013631,Childs Hill,8,"Black, Black British, Black Welsh, Caribbean or African: Other Black",11,L15: Full-time students,15
E05013631,Childs Hill,9,Mixed or Multiple ethnic groups: White and Asian,-8,Does not apply,145
E05013631,Childs Hill,9,Mixed or Multiple ethnic groups: White and Asian,1,L1 and L2: Large employers and higher managerial and administrative occupations,11
E05013631,Childs Hill,9,Mixed or Multiple ethnic groups: White and Asian,2,L3: Higher professional occupations,15
E05013631,Childs Hill,9,Mixed or Multiple ethnic groups: White and Asian,3,"L4, L5 and L6: Lower managerial, administrative and professional occupations",36
E05013631,Childs Hill,9,Mixed or Multiple ethnic groups: White and Asian,4,L7: Intermediate occupations,12
E05013631,Childs Hill,9,Mixed or Multiple ethnic groups: White and Asian,5,L8 and L9: Small employers and own account workers,23
E05013631,Childs Hill,9,Mixed or Multiple ethnic groups: White and Asian,6,L10 and L11: Lower supervisory and technical occupations,4
E05013631,Childs Hill,9,Mixed or Multiple ethnic groups: White and Asian,7,L12: Semi-routine occupations,8
E05013631,Childs Hill,9,Mixed or Multiple ethnic groups: White and Asian,8,L13: Routine occupations,10
E05013631,Childs Hill,9,Mixed or Multiple ethnic groups: White and Asian,9,L14.1: Never worked,28
E05013631,Childs Hill,9,Mixed or Multiple ethnic groups: White and Asian,10,L14.2: Long-term unemployed,1
E05013631,Childs Hill,9,Mixed or Multiple ethnic groups: White and Asian,11,L15: Full-time students,35
E05013631,Childs Hill,10,Mixed or Multiple ethnic groups: White and Black African,-8,Does not apply,44
E05013631,Childs Hill,10,Mixed or Multiple ethnic groups: White and Black African,1,L1 and L2: Large employers and higher managerial and administrative occupations,2
E05013631,Childs Hill,10,Mixed or Multiple ethnic groups: White and Black African,2,L3: Higher professional occupations,7
E05013631,Childs Hill,10,Mixed or Multiple ethnic groups: White and Black African,3,"L4, L5 and L6: Lower managerial, administrative and professional occupations",29
E05013631,Childs Hill,10,Mixed or Multiple ethnic groups: White and Black African,4,L7: Intermediate occupations,18
E05013631,Childs Hill,10,Mixed or Multiple ethnic groups: White and Black African,5,L8 and L9: Small employers and own account workers,10
E05013631,Childs Hill,10,Mixed or Multiple ethnic groups: White and Black African,6,L10 and L11: Lower supervisory and technical occupations,5
E05013631,Childs Hill,10,Mixed or Multiple ethnic groups: White and Black African,7,L12: Semi-routine occupations,8
E05013631,Childs Hill,10,Mixed or Multiple ethnic groups: White and Black African,8,L13: Routine occupations,18
E05013631,Childs Hill,10,Mixed or Multiple ethnic groups: White and Black African,9,L14.1: Never worked,10
E05013631,Childs Hill,10,Mixed or Multiple ethnic groups: White and Black African,10,L14.2: Long-term unemployed,5
E05013631,Childs Hill,10,Mixed or Multiple ethnic groups: White and Black African,11,L15: Full-time students,15
E05013631,Childs Hill,11,Mixed or Multiple ethnic groups: White and Black Caribbean,-8,Does not apply,45
E05013631,Childs Hill,11,Mixed or Multiple ethnic groups: White and Black Caribbean,1,L1 and L2: Large employers and higher managerial and administrative occupations,0
E05013631,Childs Hill,11,Mixed or Multiple ethnic groups: White and Black Caribbean,2,L3: Higher professional occupations,6
E05013631,Childs Hill,11,Mixed or Multiple ethnic groups: White and Black Caribbean,3,"L4, L5 and L6: Lower managerial, administrative and professional occupations",16
E05013631,Childs Hill,11,Mixed or Multiple ethnic groups: White and Black Caribbean,4,L7: Intermediate occupations,3
E05013631,Childs Hill,11,Mixed or Multiple ethnic groups: White and Black Caribbean,5,L8 and L9: Small employers and own account workers,7
E05013631,Childs Hill,11,Mixed or Multiple ethnic groups: White and Black Caribbean,6,L10 and L11: Lower supervisory and technical occupations,1
E05013631,Childs Hill,11,Mixed or Multiple ethnic groups: White and Black Caribbean,7,L12: Semi-routine occupations,8
E05013631,Childs Hill,11,Mixed or Multiple ethnic groups: White and Black Caribbean,8,L13: Routine occupations,6
E05013631,Childs Hill,11,Mixed or Multiple ethnic groups: White and Black Caribbean,9,L14.1: Never worked,5
E05013631,Childs Hill,11,Mixed or Multiple ethnic groups: White and Black Caribbean,10,L14.2: Long-term unemployed,1
E05013631,Childs Hill,11,Mixed or Multiple ethnic groups: White and Black Caribbean,11,L15: Full-time students,15
E05013631,Childs Hill,12,Mixed or Multiple ethnic groups: Other Mixed or Multiple ethnic groups,-8,Does not apply,160
E05013631,Childs Hill,12,Mixed or Multiple ethnic groups: Other Mixed or Multiple ethnic groups,1,L1 and L2: Large employers and higher managerial and administrative occupations,14
E05013631,Childs Hill,12,Mixed or Multiple ethnic groups: Other Mixed or Multiple ethnic groups,2,L3: Higher professional occupations,37
E05013631,Childs Hill,12,Mixed or Multiple ethnic groups: Other Mixed or Multiple ethnic groups,3,"L4, L5 and L6: Lower managerial, administrative and professional occupations",54
E05013631,Childs Hill,12,Mixed or Multiple ethnic groups: Other Mixed or Multiple ethnic groups,4,L7: Intermediate occupations,15
E05013631,Childs Hill,12,Mixed or Multiple ethnic groups: Other Mixed or Multiple ethnic groups,5,L8 and L9: Small employers and own account workers,32
E05013631,Childs Hill,12,Mixed or Multiple ethnic groups: Other Mixed or Multiple ethnic groups,6,L10 and L11: Lower supervisory and technical occupations,6
E05013631,Childs Hill,12,Mixed or Multiple ethnic groups: Other Mixed or Multiple ethnic groups,7,L12: Semi-routine occupations,17
E05013631,Childs Hill,12,Mixed or Multiple ethnic groups: Other Mixed or Multiple ethnic groups,8,L13: Routine occupations,11
E05013631,Childs Hill,12,Mixed or Multiple ethnic groups: Other Mixed or Multiple ethnic groups,9,L14.1: Never worked,10
E05013631,Childs Hill,12,Mixed or Multiple ethnic groups: Other Mixed or Multiple ethnic groups,10,L14.2: Long-term unemployed,6
E05013631,Childs Hill,12,Mixed or Multiple ethnic groups: Other Mixed or Multiple ethnic groups,11,L15: Full-time students,34
E05013631,Childs Hill,13,"White: English, Welsh, Scottish, Northern Irish or British",-8,Does not apply,1331
E05013631,Childs Hill,13,"White: English, Welsh, Scottish, Northern Irish or British",1,L1 and L2: Large employers and higher managerial and administrative occupations,343
E05013631,Childs Hill,13,"White: English, Welsh, Scottish, Northern Irish or British",2,L3: Higher professional occupations,835
E05013631,Childs Hill,13,"White: English, Welsh, Scottish, Northern Irish or British",3,"L4, L5 and L6: Lower managerial, administrative and professional occupations",1266
E05013631,Childs Hill,13,"White: English, Welsh, Scottish, Northern Irish or British",4,L7: Intermediate occupations,536
E05013631,Childs Hill,13,"White: English, Welsh, Scottish, Northern Irish or British",5,L8 and L9: Small employers and own account workers,677
E05013631,Childs Hill,13,"White: English, Welsh, Scottish, Northern Irish or British",6,L10 and L11: Lower supervisory and technical occupations,105
E05013631,Childs Hill,13,"White: English, Welsh, Scottish, Northern Irish or British",7,L12: Semi-routine occupations,247
E05013631,Childs Hill,13,"White: English, Welsh, Scottish, Northern Irish or British",8,L13: Routine occupations,170
E05013631,Childs Hill,13,"White: English, Welsh, Scottish, Northern Irish or British",9,L14.1: Never worked,325
E05013631,Childs Hill,13,"White: English, Welsh, Scottish, Northern Irish or British",10,L14.2: Long-term unemployed,43
E05013631,Childs Hill,13,"White: English, Welsh, Scottish, Northern Irish or British",11,L15: Full-time students,442
E05013631,Childs Hill,14,White: Irish,-8,Does not apply,16
E05013631,Childs Hill,14,White: Irish,1,L1 and L2: Large employers and higher managerial and administrative occupations,17
E05013631,Childs Hill,14,White: Irish,2,L3: Higher professional occupations,35
E05013631,Childs Hill,14,White: Irish,3,"L4, L5 and L6: Lower managerial, administrative and professional occupations",58
E05013631,Childs Hill,14,White: Irish,4,L7: Intermediate occupations,24
E05013631,Childs Hill,14,White: Irish,5,L8 and L9: Small employers and own account workers,42
E05013631,Childs Hill,14,White: Irish,6,L10 and L11: Lower supervisory and technical occupations,12
E05013631,Childs Hill,14,White: Irish,7,L12: Semi-routine occupations,22
E05013631,Childs Hill,14,White: Irish,8,L13: Routine occupations,23
E05013631,Childs Hill,14,White: Irish,9,L14.1: Never worked,30
E05013631,Childs Hill,14,White: Irish,10,L14.2: Long-term unemployed,2
E05013631,Childs Hill,14,White: Irish,11,L15: Full-time students,11
E05013631,Childs Hill,15,White: Gypsy or Irish Traveller,-8,Does not apply,0
E05013631,Childs Hill,15,White: Gypsy or Irish Traveller,1,L1 and L2: Large employers and higher managerial and administrative occupations,0
E05013631,Childs Hill,15,White: Gypsy or Irish Traveller,2,L3: Higher professional occupations,0
E05013631,Childs Hill,15,White: Gypsy or Irish Traveller,3,"L4, L5 and L6: Lower managerial, administrative and professional occupations",0
E05013631,Childs Hill,15,White: Gypsy or Irish Traveller,4,L7: Intermediate occupations,0
E05013631,Childs Hill,15,White: Gypsy or Irish Traveller,5,L8 and L9: Small employers and own account workers,1
E05013631,Childs Hill,15,White: Gypsy or Irish Traveller,6,L10 and L11: Lower supervisory and technical occupations,0
E05013631,Childs Hill,15,White: Gypsy or Irish Traveller,7,L12: Semi-routine occupations,0
E05013631,Childs Hill,15,White: Gypsy or Irish Traveller,8,L13: Routine occupations,0
E05013631,Childs Hill,15,White: Gypsy or Irish Traveller,9,L14.1: Never worked,1
E05013631,Childs Hill,15,White: Gypsy or Irish Traveller,10,L14.2: Long-term unemployed,0
E05013631,Childs Hill,15,White: Gypsy or Irish Traveller,11,L15: Full-time students,0
E05013631,Childs Hill,16,White: Roma,-8,Does not apply,6
E05013631,Childs Hill,16,White: Roma,1,L1 and L2: Large employers and higher managerial and administrative occupations,0
E05013631,Childs Hill,16,White: Roma,2,L3: Higher professional occupations,18
E05013631,Childs Hill,16,White: Roma,3,"L4, L5 and L6: Lower managerial, administrative and professional occupations",21
E05013631,Childs Hill,16,White: Roma,4,L7: Intermediate occupations,2
E05013631,Childs Hill,16,White: Roma,5,L8 and L9: Small employers and own account workers,14
E05013631,Childs Hill,16,White: Roma,6,L10 and L11: Lower supervisory and technical occupations,14
E05013631,Childs Hill,16,White: Roma,7,L12: Semi-routine occupations,7
E05013631,Childs Hill,16,White: Roma,8,L13: Routine occupations,19
E05013631,Childs Hill,16,White: Roma,9,L14.1: Never worked,7
E05013631,Childs Hill,16,White: Roma,10,L14.2: Long-term unemployed,0
E05013631,Childs Hill,16,White: Roma,11,L15: Full-time students,4
E05013631,Childs Hill,17,White: Other White,-8,Does not apply,673
E05013631,Childs Hill,17,White: Other White,1,L1 and L2: Large employers and higher managerial and administrative occupations,252
E05013631,Childs Hill,17,White: Other White,2,L3: Higher professional occupations,670
E05013631,Childs Hill,17,White: Other White,3,"L4, L5 and L6: Lower managerial, administrative and professional occupations",851
E05013631,Childs Hill,17,White: Other White,4,L7: Intermediate occupations,314
E05013631,Childs Hill,17,White: Other White,5,L8 and L9: Small employers and own account workers,685
E05013631,Childs Hill,17,White: Other White,6,L10 and L11: Lower supervisory and technical occupations,138
E05013631,Childs Hill,17,White: Other White,7,L12: Semi-routine occupations,232
E05013631,Childs Hill,17,White: Other White,8,L13: Routine occupations,303
E05013631,Childs Hill,17,White: Other White,9,L14.1: Never worked,187
E05013631,Childs Hill,17,White: Other White,10,L14.2: Long-term unemployed,56
E05013631,Childs Hill,17,White: Other White,11,L15: Full-time students,330
E05013631,Childs Hill,18,Other ethnic group: Arab,-8,Does not apply,163
E05013631,Childs Hill,18,Other ethnic group: Arab,1,L1 and L2: Large employers and higher managerial and administrative occupations,6
E05013631,Childs Hill,18,Other ethnic group: Arab,2,L3: Higher professional occupations,35
E05013631,Childs Hill,18,Other ethnic group: Arab,3,"L4, L5 and L6: Lower managerial, administrative and professional occupations",48
E05013631,Childs Hill,18,Other ethnic group: Arab,4,L7: Intermediate occupations,27
E05013631,Childs Hill,18,Other ethnic group: Arab,5,L8 and L9: Small employers and own account workers,44
E05013631,Childs Hill,18,Other ethnic group: Arab,6,L10 and L11: Lower supervisory and technical occupations,8
E05013631,Childs Hill,18,Other ethnic group: Arab,7,L12: Semi-routine occupations,33
E05013631,Childs Hill,18,Other ethnic group: Arab,8,L13: Routine occupations,38
E05013631,Childs Hill,18,Other ethnic group: Arab,9,L14.1: Never worked,123
E05013631,Childs Hill,18,Other ethnic group: Arab,10,L14.2: Long-term unemployed,6
E05013631,Childs Hill,18,Other ethnic group: Arab,11,L15: Full-time students,58
E05013631,Childs Hill,19,Other ethnic group: Any other ethnic group,-8,Does not apply,354
E05013631,Childs Hill,19,Other ethnic group: Any other ethnic group,1,L1 and L2: Large employers and higher managerial and administrative occupations,65
E05013631,Childs Hill,19,Other ethnic group: Any other ethnic group,2,L3: Higher professional occupations,192
E05013631,Childs Hill,19,Other ethnic group: Any other ethnic group,3,"L4, L5 and L6: Lower managerial, administrative and professional occupations",249
E05013631,Childs Hill,19,Other ethnic group: Any other ethnic group,4,L7: Intermediate occupations,97
E05013631,Childs Hill,19,Other ethnic group: Any other ethnic group,5,L8 and L9: Small employers and own account workers,213
E05013631,Childs Hill,19,Other ethnic group: Any other ethnic group,6,L10 and L11: Lower supervisory and technical occupations,30
E05013631,Childs Hill,19,Other ethnic group: Any other ethnic group,7,L12: Semi-routine occupations,108
E05013631,Childs Hill,19,Other ethnic group: Any other ethnic group,8,L13: Routine occupations,100
E05013631,Childs Hill,19,Other ethnic group: Any other ethnic group,9,L14.1: Never worked,232
E05013631,Childs Hill,19,Other ethnic group: Any other ethnic group,10,L14.2: Long-term unemployed,29
E05013631,Childs Hill,19,Other ethnic group: Any other ethnic group,11,L15: Full-time students,145
E05013632,Colindale North,-8,Does not apply,-8,Does not apply,0
E05013632,Colindale North,-8,Does not apply,1,L1 and L2: Large employers and higher managerial and administrative occupations,0
E05013632,Colindale North,-8,Does not apply,2,L3: Higher professional occupations,0
E05013632,Colindale North,-8,Does not apply,3,"L4, L5 and L6: Lower managerial, administrative and professional occupations",0
E05013632,Colindale North,-8,Does not apply,4,L7: Intermediate occupations,0
E05013632,Colindale North,-8,Does not apply,5,L8 and L9: Small employers and own account workers,0
E05013632,Colindale North,-8,Does not apply,6,L10 and L11: Lower supervisory and technical occupations,0
E05013632,Colindale North,-8,Does not apply,7,L12: Semi-routine occupations,0
E05013632,Colindale North,-8,Does not apply,8,L13: Routine occupations,0
E05013632,Colindale North,-8,Does not apply,9,L14.1: Never worked,0
E05013632,Colindale North,-8,Does not apply,10,L14.2: Long-term unemployed,0
E05013632,Colindale North,-8,Does not apply,11,L15: Full-time students,0
E05013632,Colindale North,1,"Asian, Asian British or Asian Welsh: Bangladeshi",-8,Does not apply,34
E05013632,Colindale North,1,"Asian, Asian British or Asian Welsh: Bangladeshi",1,L1 and L2: Large employers and higher managerial and administrative occupations,3
E05013632,Colindale North,1,"Asian, Asian British or Asian Welsh: Bangladeshi",2,L3: Higher professional occupations,12
E05013632,Colindale North,1,"Asian, Asian British or Asian Welsh: Bangladeshi",3,"L4, L5 and L6: Lower managerial, administrative and professional occupations",7
E05013632,Colindale North,1,"Asian, Asian British or Asian Welsh: Bangladeshi",4,L7: Intermediate occupations,8
E05013632,Colindale North,1,"Asian, Asian British or Asian Welsh: Bangladeshi",5,L8 and L9: Small employers and own account workers,5
E05013632,Colindale North,1,"Asian, Asian British or Asian Welsh: Bangladeshi",6,L10 and L11: Lower supervisory and technical occupations,3
E05013632,Colindale North,1,"Asian, Asian British or Asian Welsh: Bangladeshi",7,L12: Semi-routine occupations,7
E05013632,Colindale North,1,"Asian, Asian British or Asian Welsh: Bangladeshi",8,L13: Routine occupations,3
E05013632,Colindale North,1,"Asian, Asian British or Asian Welsh: Bangladeshi",9,L14.1: Never worked,7
E05013632,Colindale North,1,"Asian, Asian British or Asian Welsh: Bangladeshi",10,L14.2: Long-term unemployed,3
E05013632,Colindale North,1,"Asian, Asian British or Asian Welsh: Bangladeshi",11,L15: Full-time students,17
E05013632,Colindale North,2,"Asian, Asian British or Asian Welsh: Chinese",-8,Does not apply,84
E05013632,Colindale North,2,"Asian, Asian British or Asian Welsh: Chinese",1,L1 and L2: Large employers and higher managerial and administrative occupations,18
E05013632,Colindale North,2,"Asian, Asian British or Asian Welsh: Chinese",2,L3: Higher professional occupations,80
E05013632,Colindale North,2,"Asian, Asian British or Asian Welsh: Chinese",3,"L4, L5 and L6: Lower managerial, administrative and professional occupations",74
E05013632,Colindale North,2,"Asian, Asian British or Asian Welsh: Chinese",4,L7: Intermediate occupations,30
E05013632,Colindale North,2,"Asian, Asian British or Asian Welsh: Chinese",5,L8 and L9: Small employers and own account workers,37
E05013632,Colindale North,2,"Asian, Asian British or Asian Welsh: Chinese",6,L10 and L11: Lower supervisory and technical occupations,39
E05013632,Colindale North,2,"Asian, Asian British or Asian Welsh: Chinese",7,L12: Semi-routine occupations,31
E05013632,Colindale North,2,"Asian, Asian British or Asian Welsh: Chinese",8,L13: Routine occupations,43
E05013632,Colindale North,2,"Asian, Asian British or Asian Welsh: Chinese",9,L14.1: Never worked,40
E05013632,Colindale North,2,"Asian, Asian British or Asian Welsh: Chinese",10,L14.2: Long-term unemployed,6
E05013632,Colindale North,2,"Asian, Asian British or Asian Welsh: Chinese",11,L15: Full-time students,31
E05013632,Colindale North,3,"Asian, Asian British or Asian Welsh: Indian",-8,Does not apply,111
E05013632,Colindale North,3,"Asian, Asian British or Asian Welsh: Indian",1,L1 and L2: Large employers and higher managerial and administrative occupations,30
E05013632,Colindale North,3,"Asian, Asian British or Asian Welsh: Indian",2,L3: Higher professional occupations,107
E05013632,Colindale North,3,"Asian, Asian British or Asian Welsh: Indian",3,"L4, L5 and L6: Lower managerial, administrative and professional occupations",117
E05013632,Colindale North,3,"Asian, Asian British or Asian Welsh: Indian",4,L7: Intermediate occupations,57
E05013632,Colindale North,3,"Asian, Asian British or Asian Welsh: Indian",5,L8 and L9: Small employers and own account workers,38
E05013632,Colindale North,3,"Asian, Asian British or Asian Welsh: Indian",6,L10 and L11: Lower supervisory and technical occupations,19
E05013632,Colindale North,3,"Asian, Asian British or Asian Welsh: Indian",7,L12: Semi-routine occupations,63
E05013632,Colindale North,3,"Asian, Asian British or Asian Welsh: Indian",8,L13: Routine occupations,33
E05013632,Colindale North,3,"Asian, Asian British or Asian Welsh: Indian",9,L14.1: Never worked,56
E05013632,Colindale North,3,"Asian, Asian British or Asian Welsh: Indian",10,L14.2: Long-term unemployed,7
E05013632,Colindale North,3,"Asian, Asian British or Asian Welsh: Indian",11,L15: Full-time students,30
E05013632,Colindale North,4,"Asian, Asian British or Asian Welsh: Pakistani",-8,Does not apply,83
E05013632,Colindale North,4,"Asian, Asian British or Asian Welsh: Pakistani",1,L1 and L2: Large employers and higher managerial and administrative occupations,7
E05013632,Colindale North,4,"Asian, Asian British or Asian Welsh: Pakistani",2,L3: Higher professional occupations,21
E05013632,Colindale North,4,"Asian, Asian British or Asian Welsh: Pakistani",3,"L4, L5 and L6: Lower managerial, administrative and professional occupations",42
E05013632,Colindale North,4,"Asian, Asian British or Asian Welsh: Pakistani",4,L7: Intermediate occupations,23
E05013632,Colindale North,4,"Asian, Asian British or Asian Welsh: Pakistani",5,L8 and L9: Small employers and own account workers,24
E05013632,Colindale North,4,"Asian, Asian British or Asian Welsh: Pakistani",6,L10 and L11: Lower supervisory and technical occupations,5
E05013632,Colindale North,4,"Asian, Asian British or Asian Welsh: Pakistani",7,L12: Semi-routine occupations,22
E05013632,Colindale North,4,"Asian, Asian British or Asian Welsh: Pakistani",8,L13: Routine occupations,12
E05013632,Colindale North,4,"Asian, Asian British or Asian Welsh: Pakistani",9,L14.1: Never worked,35
E05013632,Colindale North,4,"Asian, Asian British or Asian Welsh: Pakistani",10,L14.2: Long-term unemployed,5
E05013632,Colindale North,4,"Asian, Asian British or Asian Welsh: Pakistani",11,L15: Full-time students,22
E05013632,Colindale North,5,"Asian, Asian British or Asian Welsh: Other Asian",-8,Does not apply,351
E05013632,Colindale North,5,"Asian, Asian British or Asian Welsh: Other Asian",1,L1 and L2: Large employers and higher managerial and administrative occupations,21
E05013632,Colindale North,5,"Asian, Asian British or Asian Welsh: Other Asian",2,L3: Higher professional occupations,62
E05013632,Colindale North,5,"Asian, Asian British or Asian Welsh: Other Asian",3,"L4, L5 and L6: Lower managerial, administrative and professional occupations",114
E05013632,Colindale North,5,"Asian, Asian British or Asian Welsh: Other Asian",4,L7: Intermediate occupations,76
E05013632,Colindale North,5,"Asian, Asian British or Asian Welsh: Other Asian",5,L8 and L9: Small employers and own account workers,131
E05013632,Colindale North,5,"Asian, Asian British or Asian Welsh: Other Asian",6,L10 and L11: Lower supervisory and technical occupations,36
E05013632,Colindale North,5,"Asian, Asian British or Asian Welsh: Other Asian",7,L12: Semi-routine occupations,90
E05013632,Colindale North,5,"Asian, Asian British or Asian Welsh: Other Asian",8,L13: Routine occupations,99
E05013632,Colindale North,5,"Asian, Asian British or Asian Welsh: Other Asian",9,L14.1: Never worked,158
E05013632,Colindale North,5,"Asian, Asian British or Asian Welsh: Other Asian",10,L14.2: Long-term unemployed,10
E05013632,Colindale North,5,"Asian, Asian British or Asian Welsh: Other Asian",11,L15: Full-time students,108
E05013632,Colindale North,6,"Black, Black British, Black Welsh, Caribbean or African: African",-8,Does not apply,518
E05013632,Colindale North,6,"Black, Black British, Black Welsh, Caribbean or African: African",1,L1 and L2: Large employers and higher managerial and administrative occupations,43
E05013632,Colindale North,6,"Black, Black British, Black Welsh, Caribbean or African: African",2,L3: Higher professional occupations,114
E05013632,Colindale North,6,"Black, Black British, Black Welsh, Caribbean or African: African",3,"L4, L5 and L6: Lower managerial, administrative and professional occupations",257
E05013632,Colindale North,6,"Black, Black British, Black Welsh, Caribbean or African: African",4,L7: Intermediate occupations,122
E05013632,Colindale North,6,"Black, Black British, Black Welsh, Caribbean or African: African",5,L8 and L9: Small employers and own account workers,122
E05013632,Colindale North,6,"Black, Black British, Black Welsh, Caribbean or African: African",6,L10 and L11: Lower supervisory and technical occupations,48
E05013632,Colindale North,6,"Black, Black British, Black Welsh, Caribbean or African: African",7,L12: Semi-routine occupations,232
E05013632,Colindale North,6,"Black, Black British, Black Welsh, Caribbean or African: African",8,L13: Routine occupations,156
E05013632,Colindale North,6,"Black, Black British, Black Welsh, Caribbean or African: African",9,L14.1: Never worked,151
E05013632,Colindale North,6,"Black, Black British, Black Welsh, Caribbean or African: African",10,L14.2: Long-term unemployed,61
E05013632,Colindale North,6,"Black, Black British, Black Welsh, Caribbean or African: African",11,L15: Full-time students,303
E05013632,Colindale North,7,"Black, Black British, Black Welsh, Caribbean or African: Caribbean",-8,Does not apply,41
E05013632,Colindale North,7,"Black, Black British, Black Welsh, Caribbean or African: Caribbean",1,L1 and L2: Large employers and higher managerial and administrative occupations,3
E05013632,Colindale North,7,"Black, Black British, Black Welsh, Caribbean or African: Caribbean",2,L3: Higher professional occupations,15
E05013632,Colindale North,7,"Black, Black British, Black Welsh, Caribbean or African: Caribbean",3,"L4, L5 and L6: Lower managerial, administrative and professional occupations",36
E05013632,Colindale North,7,"Black, Black British, Black Welsh, Caribbean or African: Caribbean",4,L7: Intermediate occupations,25
E05013632,Colindale North,7,"Black, Black British, Black Welsh, Caribbean or African: Caribbean",5,L8 and L9: Small employers and own account workers,12
E05013632,Colindale North,7,"Black, Black British, Black Welsh, Caribbean or African: Caribbean",6,L10 and L11: Lower supervisory and technical occupations,20
E05013632,Colindale North,7,"Black, Black British, Black Welsh, Caribbean or African: Caribbean",7,L12: Semi-routine occupations,27
E05013632,Colindale North,7,"Black, Black British, Black Welsh, Caribbean or African: Caribbean",8,L13: Routine occupations,19
E05013632,Colindale North,7,"Black, Black British, Black Welsh, Caribbean or African: Caribbean",9,L14.1: Never worked,11
E05013632,Colindale North,7,"Black, Black British, Black Welsh, Caribbean or African: Caribbean",10,L14.2: Long-term unemployed,6
E05013632,Colindale North,7,"Black, Black British, Black Welsh, Caribbean or African: Caribbean",11,L15: Full-time students,12
E05013632,Colindale North,8,"Black, Black British, Black Welsh, Caribbean or African: Other Black",-8,Does not apply,101
E05013632,Colindale North,8,"Black, Black British, Black Welsh, Caribbean or African: Other Black",1,L1 and L2: Large employers and higher managerial and administrative occupations,2
E05013632,Colindale North,8,"Black, Black British, Black Welsh, Caribbean or African: Other Black",2,L3: Higher professional occupations,12
E05013632,Colindale North,8,"Black, Black British, Black Welsh, Caribbean or African: Other Black",3,"L4, L5 and L6: Lower managerial, administrative and professional occupations",18
E05013632,Colindale North,8,"Black, Black British, Black Welsh, Caribbean or African: Other Black",4,L7: Intermediate occupations,18
E05013632,Colindale North,8,"Black, Black British, Black Welsh, Caribbean or African: Other Black",5,L8 and L9: Small employers and own account workers,5
E05013632,Colindale North,8,"Black, Black British, Black Welsh, Caribbean or African: Other Black",6,L10 and L11: Lower supervisory and technical occupations,2
E05013632,Colindale North,8,"Black, Black British, Black Welsh, Caribbean or African: Other Black",7,L12: Semi-routine occupations,11
E05013632,Colindale North,8,"Black, Black British, Black Welsh, Caribbean or African: Other Black",8,L13: Routine occupations,4
E05013632,Colindale North,8,"Black, Black British, Black Welsh, Caribbean or African: Other Black",9,L14.1: Never worked,10
E05013632,Colindale North,8,"Black, Black British, Black Welsh, Caribbean or African: Other Black",10,L14.2: Long-term unemployed,7
E05013632,Colindale North,8,"Black, Black British, Black Welsh, Caribbean or African: Other Black",11,L15: Full-time students,25
E05013632,Colindale North,9,Mixed or Multiple ethnic groups: White and Asian,-8,Does not apply,73
E05013632,Colindale North,9,Mixed or Multiple ethnic groups: White and Asian,1,L1 and L2: Large employers and higher managerial and administrative occupations,0
E05013632,Colindale North,9,Mixed or Multiple ethnic groups: White and Asian,2,L3: Higher professional occupations,7
E05013632,Colindale North,9,Mixed or Multiple ethnic groups: White and Asian,3,"L4, L5 and L6: Lower managerial, administrative and professional occupations",7
E05013632,Colindale North,9,Mixed or Multiple ethnic groups: White and Asian,4,L7: Intermediate occupations,8
E05013632,Colindale North,9,Mixed or Multiple ethnic groups: White and Asian,5,L8 and L9: Small employers and own account workers,3
E05013632,Colindale North,9,Mixed or Multiple ethnic groups: White and Asian,6,L10 and L11: Lower supervisory and technical occupations,1
E05013632,Colindale North,9,Mixed or Multiple ethnic groups: White and Asian,7,L12: Semi-routine occupations,7
E05013632,Colindale North,9,Mixed or Multiple ethnic groups: White and Asian,8,L13: Routine occupations,1
E05013632,Colindale North,9,Mixed or Multiple ethnic groups: White and Asian,9,L14.1: Never worked,6
E05013632,Colindale North,9,Mixed or Multiple ethnic groups: White and Asian,10,L14.2: Long-term unemployed,3
E05013632,Colindale North,9,Mixed or Multiple ethnic groups: White and Asian,11,L15: Full-time students,4
E05013632,Colindale North,10,Mixed or Multiple ethnic groups: White and Black African,-8,Does not apply,98
E05013632,Colindale North,10,Mixed or Multiple ethnic groups: White and Black African,1,L1 and L2: Large employers and higher managerial and administrative occupations,1
E05013632,Colindale North,10,Mixed or Multiple ethnic groups: White and Black African,2,L3: Higher professional occupations,3
E05013632,Colindale North,10,Mixed or Multiple ethnic groups: White and Black African,3,"L4, L5 and L6: Lower managerial, administrative and professional occupations",22
E05013632,Colindale North,10,Mixed or Multiple ethnic groups: White and Black African,4,L7: Intermediate occupations,15
E05013632,Colindale North,10,Mixed or Multiple ethnic groups: White and Black African,5,L8 and L9: Small employers and own account workers,9
E05013632,Colindale North,10,Mixed or Multiple ethnic groups: White and Black African,6,L10 and L11: Lower supervisory and technical occupations,6
E05013632,Colindale North,10,Mixed or Multiple ethnic groups: White and Black African,7,L12: Semi-routine occupations,12
E05013632,Colindale North,10,Mixed or Multiple ethnic groups: White and Black African,8,L13: Routine occupations,13
E05013632,Colindale North,10,Mixed or Multiple ethnic groups: White and Black African,9,L14.1: Never worked,13
E05013632,Colindale North,10,Mixed or Multiple ethnic groups: White and Black African,10,L14.2: Long-term unemployed,4
E05013632,Colindale North,10,Mixed or Multiple ethnic groups: White and Black African,11,L15: Full-time students,34
E05013632,Colindale North,11,Mixed or Multiple ethnic groups: White and Black Caribbean,-8,Does not apply,41
E05013632,Colindale North,11,Mixed or Multiple ethnic groups: White and Black Caribbean,1,L1 and L2: Large employers and higher managerial and administrative occupations,2
E05013632,Colindale North,11,Mixed or Multiple ethnic groups: White and Black Caribbean,2,L3: Higher professional occupations,2
E05013632,Colindale North,11,Mixed or Multiple ethnic groups: White and Black Caribbean,3,"L4, L5 and L6: Lower managerial, administrative and professional occupations",14
E05013632,Colindale North,11,Mixed or Multiple ethnic groups: White and Black Caribbean,4,L7: Intermediate occupations,12
E05013632,Colindale North,11,Mixed or Multiple ethnic groups: White and Black Caribbean,5,L8 and L9: Small employers and own account workers,5
E05013632,Colindale North,11,Mixed or Multiple ethnic groups: White and Black Caribbean,6,L10 and L11: Lower supervisory and technical occupations,4
E05013632,Colindale North,11,Mixed or Multiple ethnic groups: White and Black Caribbean,7,L12: Semi-routine occupations,8
E05013632,Colindale North,11,Mixed or Multiple ethnic groups: White and Black Caribbean,8,L13: Routine occupations,10
E05013632,Colindale North,11,Mixed or Multiple ethnic groups: White and Black Caribbean,9,L14.1: Never worked,7
E05013632,Colindale North,11,Mixed or Multiple ethnic groups: White and Black Caribbean,10,L14.2: Long-term unemployed,0
E05013632,Colindale North,11,Mixed or Multiple ethnic groups: White and Black Caribbean,11,L15: Full-time students,8
E05013632,Colindale North,12,Mixed or Multiple ethnic groups: Other Mixed or Multiple ethnic groups,-8,Does not apply,96
E05013632,Colindale North,12,Mixed or Multiple ethnic groups: Other Mixed or Multiple ethnic groups,1,L1 and L2: Large employers and higher managerial and administrative occupations,3
E05013632,Colindale North,12,Mixed or Multiple ethnic groups: Other Mixed or Multiple ethnic groups,2,L3: Higher professional occupations,11
E05013632,Colindale North,12,Mixed or Multiple ethnic groups: Other Mixed or Multiple ethnic groups,3,"L4, L5 and L6: Lower managerial, administrative and professional occupations",34
E05013632,Colindale North,12,Mixed or Multiple ethnic groups: Other Mixed or Multiple ethnic groups,4,L7: Intermediate occupations,19
E05013632,Colindale North,12,Mixed or Multiple ethnic groups: Other Mixed or Multiple ethnic groups,5,L8 and L9: Small employers and own account workers,9
E05013632,Colindale North,12,Mixed or Multiple ethnic groups: Other Mixed or Multiple ethnic groups,6,L10 and L11: Lower supervisory and technical occupations,1
E05013632,Colindale North,12,Mixed or Multiple ethnic groups: Other Mixed or Multiple ethnic groups,7,L12: Semi-routine occupations,10
E05013632,Colindale North,12,Mixed or Multiple ethnic groups: Other Mixed or Multiple ethnic groups,8,L13: Routine occupations,16
E05013632,Colindale North,12,Mixed or Multiple ethnic groups: Other Mixed or Multiple ethnic groups,9,L14.1: Never worked,8
E05013632,Colindale North,12,Mixed or Multiple ethnic groups: Other Mixed or Multiple ethnic groups,10,L14.2: Long-term unemployed,3
E05013632,Colindale North,12,Mixed or Multiple ethnic groups: Other Mixed or Multiple ethnic groups,11,L15: Full-time students,27
E05013632,Colindale North,13,"White: English, Welsh, Scottish, Northern Irish or British",-8,Does not apply,588
E05013632,Colindale North,13,"White: English, Welsh, Scottish, Northern Irish or British",1,L1 and L2: Large employers and higher managerial and administrative occupations,50
E05013632,Colindale North,13,"White: English, Welsh, Scottish, Northern Irish or British",2,L3: Higher professional occupations,112
E05013632,Colindale North,13,"White: English, Welsh, Scottish, Northern Irish or British",3,"L4, L5 and L6: Lower managerial, administrative and professional occupations",301
E05013632,Colindale North,13,"White: English, Welsh, Scottish, Northern Irish or British",4,L7: Intermediate occupations,211
E05013632,Colindale North,13,"White: English, Welsh, Scottish, Northern Irish or British",5,L8 and L9: Small employers and own account workers,175
E05013632,Colindale North,13,"White: English, Welsh, Scottish, Northern Irish or British",6,L10 and L11: Lower supervisory and technical occupations,94
E05013632,Colindale North,13,"White: English, Welsh, Scottish, Northern Irish or British",7,L12: Semi-routine occupations,203
E05013632,Colindale North,13,"White: English, Welsh, Scottish, Northern Irish or British",8,L13: Routine occupations,206
E05013632,Colindale North,13,"White: English, Welsh, Scottish, Northern Irish or British",9,L14.1: Never worked,200
E05013632,Colindale North,13,"White: English, Welsh, Scottish, Northern Irish or British",10,L14.2: Long-term unemployed,46
E05013632,Colindale North,13,"White: English, Welsh, Scottish, Northern Irish or British",11,L15: Full-time students,143
E05013632,Colindale North,14,White: Irish,-8,Does not apply,3
E05013632,Colindale North,14,White: Irish,1,L1 and L2: Large employers and higher managerial and administrative occupations,6
E05013632,Colindale North,14,White: Irish,2,L3: Higher professional occupations,9
E05013632,Colindale North,14,White: Irish,3,"L4, L5 and L6: Lower managerial, administrative and professional occupations",32
E05013632,Colindale North,14,White: Irish,4,L7: Intermediate occupations,10
E05013632,Colindale North,14,White: Irish,5,L8 and L9: Small employers and own account workers,9
E05013632,Colindale North,14,White: Irish,6,L10 and L11: Lower supervisory and technical occupations,20
E05013632,Colindale North,14,White: Irish,7,L12: Semi-routine occupations,9
E05013632,Colindale North,14,White: Irish,8,L13: Routine occupations,13
E05013632,Colindale North,14,White: Irish,9,L14.1: Never worked,9
E05013632,Colindale North,14,White: Irish,10,L14.2: Long-term unemployed,1
E05013632,Colindale North,14,White: Irish,11,L15: Full-time students,1
E05013632,Colindale North,15,White: Gypsy or Irish Traveller,-8,Does not apply,0
E05013632,Colindale North,15,White: Gypsy or Irish Traveller,1,L1 and L2: Large employers and higher managerial and administrative occupations,0
E05013632,Colindale North,15,White: Gypsy or Irish Traveller,2,L3: Higher professional occupations,0
E05013632,Colindale North,15,White: Gypsy or Irish Traveller,3,"L4, L5 and L6: Lower managerial, administrative and professional occupations",0
E05013632,Colindale North,15,White: Gypsy or Irish Traveller,4,L7: Intermediate occupations,10
E05013632,Colindale North,15,White: Gypsy or Irish Traveller,5,L8 and L9: Small employers and own account workers,0
E05013632,Colindale North,15,White: Gypsy or Irish Traveller,6,L10 and L11: Lower supervisory and technical occupations,0
E05013632,Colindale North,15,White: Gypsy or Irish Traveller,7,L12: Semi-routine occupations,0
E05013632,Colindale North,15,White: Gypsy or Irish Traveller,8,L13: Routine occupations,0
E05013632,Colindale North,15,White: Gypsy or Irish Traveller,9,L14.1: Never worked,22
E05013632,Colindale North,15,White: Gypsy or Irish Traveller,10,L14.2: Long-term unemployed,0
E05013632,Colindale North,15,White: Gypsy or Irish Traveller,11,L15: Full-time students,0
E05013632,Colindale North,16,White: Roma,-8,Does not apply,5
E05013632,Colindale North,16,White: Roma,1,L1 and L2: Large employers and higher managerial and administrative occupations,0
E05013632,Colindale North,16,White: Roma,2,L3: Higher professional occupations,0
E05013632,Colindale North,16,White: Roma,3,"L4, L5 and L6: Lower managerial, administrative and professional occupations",2
E05013632,Colindale North,16,White: Roma,4,L7: Intermediate occupations,1
E05013632,Colindale North,16,White: Roma,5,L8 and L9: Small employers and own account workers,14
E05013632,Colindale North,16,White: Roma,6,L10 and L11: Lower supervisory and technical occupations,4
E05013632,Colindale North,16,White: Roma,7,L12: Semi-routine occupations,5
E05013632,Colindale North,16,White: Roma,8,L13: Routine occupations,5
E05013632,Colindale North,16,White: Roma,9,L14.1: Never worked,3
E05013632,Colindale North,16,White: Roma,10,L14.2: Long-term unemployed,0
E05013632,Colindale North,16,White: Roma,11,L15: Full-time students,2
E05013632,Colindale North,17,White: Other White,-8,Does not apply,346
E05013632,Colindale North,17,White: Other White,1,L1 and L2: Large employers and higher managerial and administrative occupations,39
E05013632,Colindale North,17,White: Other White,2,L3: Higher professional occupations,126
E05013632,Colindale North,17,White: Other White,3,"L4, L5 and L6: Lower managerial, administrative and professional occupations",259
E05013632,Colindale North,17,White: Other White,4,L7: Intermediate occupations,145
E05013632,Colindale North,17,White: Other White,5,L8 and L9: Small employers and own account workers,451
E05013632,Colindale North,17,White: Other White,6,L10 and L11: Lower supervisory and technical occupations,91
E05013632,Colindale North,17,White: Other White,7,L12: Semi-routine occupations,147
E05013632,Colindale North,17,White: Other White,8,L13: Routine occupations,192
E05013632,Colindale North,17,White: Other White,9,L14.1: Never worked,86
E05013632,Colindale North,17,White: Other White,10,L14.2: Long-term unemployed,40
E05013632,Colindale North,17,White: Other White,11,L15: Full-time students,186
E05013632,Colindale North,18,Other ethnic group: Arab,-8,Does not apply,134
E05013632,Colindale North,18,Other ethnic group: Arab,1,L1 and L2: Large employers and higher managerial and administrative occupations,3
E05013632,Colindale North,18,Other ethnic group: Arab,2,L3: Higher professional occupations,17
E05013632,Colindale North,18,Other ethnic group: Arab,3,"L4, L5 and L6: Lower managerial, administrative and professional occupations",34
E05013632,Colindale North,18,Other ethnic group: Arab,4,L7: Intermediate occupations,16
E05013632,Colindale North,18,Other ethnic group: Arab,5,L8 and L9: Small employers and own account workers,36
E05013632,Colindale North,18,Other ethnic group: Arab,6,L10 and L11: Lower supervisory and technical occupations,5
E05013632,Colindale North,18,Other ethnic group: Arab,7,L12: Semi-routine occupations,27
E05013632,Colindale North,18,Other ethnic group: Arab,8,L13: Routine occupations,22
E05013632,Colindale North,18,Other ethnic group: Arab,9,L14.1: Never worked,88
E05013632,Colindale North,18,Other ethnic group: Arab,10,L14.2: Long-term unemployed,3
E05013632,Colindale North,18,Other ethnic group: Arab,11,L15: Full-time students,51
E05013632,Colindale North,19,Other ethnic group: Any other ethnic group,-8,Does not apply,142
E05013632,Colindale North,19,Other ethnic group: Any other ethnic group,1,L1 and L2: Large employers and higher managerial and administrative occupations,15
E05013632,Colindale North,19,Other ethnic group: Any other ethnic group,2,L3: Higher professional occupations,49
E05013632,Colindale North,19,Other ethnic group: Any other ethnic group,3,"L4, L5 and L6: Lower managerial, administrative and professional occupations",95
E05013632,Colindale North,19,Other ethnic group: Any other ethnic group,4,L7: Intermediate occupations,57
E05013632,Colindale North,19,Other ethnic group: Any other ethnic group,5,L8 and L9: Small employers and own account workers,95
E05013632,Colindale North,19,Other ethnic group: Any other ethnic group,6,L10 and L11: Lower supervisory and technical occupations,25
E05013632,Colindale North,19,Other ethnic group: Any other ethnic group,7,L12: Semi-routine occupations,72
E05013632,Colindale North,19,Other ethnic group: Any other ethnic group,8,L13: Routine occupations,91
E05013632,Colindale North,19,Other ethnic group: Any other ethnic group,9,L14.1: Never worked,123
E05013632,Colindale North,19,Other ethnic group: Any other ethnic group,10,L14.2: Long-term unemployed,12
E05013632,Colindale North,19,Other ethnic group: Any other ethnic group,11,L15: Full-time students,96
E05013633,Colindale South,-8,Does not apply,-8,Does not apply,0
E05013633,Colindale South,-8,Does not apply,1,L1 and L2: Large employers and higher managerial and administrative occupations,0
E05013633,Colindale South,-8,Does not apply,2,L3: Higher professional occupations,0
E05013633,Colindale South,-8,Does not apply,3,"L4, L5 and L6: Lower managerial, administrative and professional occupations",0
E05013633,Colindale South,-8,Does not apply,4,L7: Intermediate occupations,0
E05013633,Colindale South,-8,Does not apply,5,L8 and L9: Small employers and own account workers,0
E05013633,Colindale South,-8,Does not apply,6,L10 and L11: Lower supervisory and technical occupations,0
E05013633,Colindale South,-8,Does not apply,7,L12: Semi-routine occupations,0
E05013633,Colindale South,-8,Does not apply,8,L13: Routine occupations,0
E05013633,Colindale South,-8,Does not apply,9,L14.1: Never worked,0
E05013633,Colindale South,-8,Does not apply,10,L14.2: Long-term unemployed,0
E05013633,Colindale South,-8,Does not apply,11,L15: Full-time students,0
E05013633,Colindale South,1,"Asian, Asian British or Asian Welsh: Bangladeshi",-8,Does not apply,69
E05013633,Colindale South,1,"Asian, Asian British or Asian Welsh: Bangladeshi",1,L1 and L2: Large employers and higher managerial and administrative occupations,6
E05013633,Colindale South,1,"Asian, Asian British or Asian Welsh: Bangladeshi",2,L3: Higher professional occupations,15
E05013633,Colindale South,1,"Asian, Asian British or Asian Welsh: Bangladeshi",3,"L4, L5 and L6: Lower managerial, administrative and professional occupations",26
E05013633,Colindale South,1,"Asian, Asian British or Asian Welsh: Bangladeshi",4,L7: Intermediate occupations,7
E05013633,Colindale South,1,"Asian, Asian British or Asian Welsh: Bangladeshi",5,L8 and L9: Small employers and own account workers,17
E05013633,Colindale South,1,"Asian, Asian British or Asian Welsh: Bangladeshi",6,L10 and L11: Lower supervisory and technical occupations,4
E05013633,Colindale South,1,"Asian, Asian British or Asian Welsh: Bangladeshi",7,L12: Semi-routine occupations,14
E05013633,Colindale South,1,"Asian, Asian British or Asian Welsh: Bangladeshi",8,L13: Routine occupations,7
E05013633,Colindale South,1,"Asian, Asian British or Asian Welsh: Bangladeshi",9,L14.1: Never worked,9
E05013633,Colindale South,1,"Asian, Asian British or Asian Welsh: Bangladeshi",10,L14.2: Long-term unemployed,2
E05013633,Colindale South,1,"Asian, Asian British or Asian Welsh: Bangladeshi",11,L15: Full-time students,15
E05013633,Colindale South,2,"Asian, Asian British or Asian Welsh: Chinese",-8,Does not apply,171
E05013633,Colindale South,2,"Asian, Asian British or Asian Welsh: Chinese",1,L1 and L2: Large employers and higher managerial and administrative occupations,54
E05013633,Colindale South,2,"Asian, Asian British or Asian Welsh: Chinese",2,L3: Higher professional occupations,285
E05013633,Colindale South,2,"Asian, Asian British or Asian Welsh: Chinese",3,"L4, L5 and L6: Lower managerial, administrative and professional occupations",244
E05013633,Colindale South,2,"Asian, Asian British or Asian Welsh: Chinese",4,L7: Intermediate occupations,95
E05013633,Colindale South,2,"Asian, Asian British or Asian Welsh: Chinese",5,L8 and L9: Small employers and own account workers,84
E05013633,Colindale South,2,"Asian, Asian British or Asian Welsh: Chinese",6,L10 and L11: Lower supervisory and technical occupations,47
E05013633,Colindale South,2,"Asian, Asian British or Asian Welsh: Chinese",7,L12: Semi-routine occupations,45
E05013633,Colindale South,2,"Asian, Asian British or Asian Welsh: Chinese",8,L13: Routine occupations,44
E05013633,Colindale South,2,"Asian, Asian British or Asian Welsh: Chinese",9,L14.1: Never worked,104
E05013633,Colindale South,2,"Asian, Asian British or Asian Welsh: Chinese",10,L14.2: Long-term unemployed,12
E05013633,Colindale South,2,"Asian, Asian British or Asian Welsh: Chinese",11,L15: Full-time students,111
E05013633,Colindale South,3,"Asian, Asian British or Asian Welsh: Indian",-8,Does not apply,247
E05013633,Colindale South,3,"Asian, Asian British or Asian Welsh: Indian",1,L1 and L2: Large employers and higher managerial and administrative occupations,128
E05013633,Colindale South,3,"Asian, Asian British or Asian Welsh: Indian",2,L3: Higher professional occupations,437
E05013633,Colindale South,3,"Asian, Asian British or Asian Welsh: Indian",3,"L4, L5 and L6: Lower managerial, administrative and professional occupations",374
E05013633,Colindale South,3,"Asian, Asian British or Asian Welsh: Indian",4,L7: Intermediate occupations,183
E05013633,Colindale South,3,"Asian, Asian British or Asian Welsh: Indian",5,L8 and L9: Small employers and own account workers,102
E05013633,Colindale South,3,"Asian, Asian British or Asian Welsh: Indian",6,L10 and L11: Lower supervisory and technical occupations,33
E05013633,Colindale South,3,"Asian, Asian British or Asian Welsh: Indian",7,L12: Semi-routine occupations,123
E05013633,Colindale South,3,"Asian, Asian British or Asian Welsh: Indian",8,L13: Routine occupations,97
E05013633,Colindale South,3,"Asian, Asian British or Asian Welsh: Indian",9,L14.1: Never worked,112
E05013633,Colindale South,3,"Asian, Asian British or Asian Welsh: Indian",10,L14.2: Long-term unemployed,20
E05013633,Colindale South,3,"Asian, Asian British or Asian Welsh: Indian",11,L15: Full-time students,144
E05013633,Colindale South,4,"Asian, Asian British or Asian Welsh: Pakistani",-8,Does not apply,144
E05013633,Colindale South,4,"Asian, Asian British or Asian Welsh: Pakistani",1,L1 and L2: Large employers and higher managerial and administrative occupations,26
E05013633,Colindale South,4,"Asian, Asian British or Asian Welsh: Pakistani",2,L3: Higher professional occupations,100
E05013633,Colindale South,4,"Asian, Asian British or Asian Welsh: Pakistani",3,"L4, L5 and L6: Lower managerial, administrative and professional occupations",92
E05013633,Colindale South,4,"Asian, Asian British or Asian Welsh: Pakistani",4,L7: Intermediate occupations,38
E05013633,Colindale South,4,"Asian, Asian British or Asian Welsh: Pakistani",5,L8 and L9: Small employers and own account workers,56
E05013633,Colindale South,4,"Asian, Asian British or Asian Welsh: Pakistani",6,L10 and L11: Lower supervisory and technical occupations,14
E05013633,Colindale South,4,"Asian, Asian British or Asian Welsh: Pakistani",7,L12: Semi-routine occupations,42
E05013633,Colindale South,4,"Asian, Asian British or Asian Welsh: Pakistani",8,L13: Routine occupations,30
E05013633,Colindale South,4,"Asian, Asian British or Asian Welsh: Pakistani",9,L14.1: Never worked,92
E05013633,Colindale South,4,"Asian, Asian British or Asian Welsh: Pakistani",10,L14.2: Long-term unemployed,6
E05013633,Colindale South,4,"Asian, Asian British or Asian Welsh: Pakistani",11,L15: Full-time students,91
E05013633,Colindale South,5,"Asian, Asian British or Asian Welsh: Other Asian",-8,Does not apply,592
E05013633,Colindale South,5,"Asian, Asian British or Asian Welsh: Other Asian",1,L1 and L2: Large employers and higher managerial and administrative occupations,52
E05013633,Colindale South,5,"Asian, Asian British or Asian Welsh: Other Asian",2,L3: Higher professional occupations,163
E05013633,Colindale South,5,"Asian, Asian British or Asian Welsh: Other Asian",3,"L4, L5 and L6: Lower managerial, administrative and professional occupations",273
E05013633,Colindale South,5,"Asian, Asian British or Asian Welsh: Other Asian",4,L7: Intermediate occupations,143
E05013633,Colindale South,5,"Asian, Asian British or Asian Welsh: Other Asian",5,L8 and L9: Small employers and own account workers,231
E05013633,Colindale South,5,"Asian, Asian British or Asian Welsh: Other Asian",6,L10 and L11: Lower supervisory and technical occupations,69
E05013633,Colindale South,5,"Asian, Asian British or Asian Welsh: Other Asian",7,L12: Semi-routine occupations,170
E05013633,Colindale South,5,"Asian, Asian British or Asian Welsh: Other Asian",8,L13: Routine occupations,100
E05013633,Colindale South,5,"Asian, Asian British or Asian Welsh: Other Asian",9,L14.1: Never worked,313
E05013633,Colindale South,5,"Asian, Asian British or Asian Welsh: Other Asian",10,L14.2: Long-term unemployed,27
E05013633,Colindale South,5,"Asian, Asian British or Asian Welsh: Other Asian",11,L15: Full-time students,272
E05013633,Colindale South,6,"Black, Black British, Black Welsh, Caribbean or African: African",-8,Does not apply,409
E05013633,Colindale South,6,"Black, Black British, Black Welsh, Caribbean or African: African",1,L1 and L2: Large employers and higher managerial and administrative occupations,62
E05013633,Colindale South,6,"Black, Black British, Black Welsh, Caribbean or African: African",2,L3: Higher professional occupations,146
E05013633,Colindale South,6,"Black, Black British, Black Welsh, Caribbean or African: African",3,"L4, L5 and L6: Lower managerial, administrative and professional occupations",240
E05013633,Colindale South,6,"Black, Black British, Black Welsh, Caribbean or African: African",4,L7: Intermediate occupations,104
E05013633,Colindale South,6,"Black, Black British, Black Welsh, Caribbean or African: African",5,L8 and L9: Small employers and own account workers,115
E05013633,Colindale South,6,"Black, Black British, Black Welsh, Caribbean or African: African",6,L10 and L11: Lower supervisory and technical occupations,28
E05013633,Colindale South,6,"Black, Black British, Black Welsh, Caribbean or African: African",7,L12: Semi-routine occupations,129
E05013633,Colindale South,6,"Black, Black British, Black Welsh, Caribbean or African: African",8,L13: Routine occupations,70
E05013633,Colindale South,6,"Black, Black British, Black Welsh, Caribbean or African: African",9,L14.1: Never worked,144
E05013633,Colindale South,6,"Black, Black British, Black Welsh, Caribbean or African: African",10,L14.2: Long-term unemployed,33
E05013633,Colindale South,6,"Black, Black British, Black Welsh, Caribbean or African: African",11,L15: Full-time students,225
E05013633,Colindale South,7,"Black, Black British, Black Welsh, Caribbean or African: Caribbean",-8,Does not apply,52
E05013633,Colindale South,7,"Black, Black British, Black Welsh, Caribbean or African: Caribbean",1,L1 and L2: Large employers and higher managerial and administrative occupations,6
E05013633,Colindale South,7,"Black, Black British, Black Welsh, Caribbean or African: Caribbean",2,L3: Higher professional occupations,19
E05013633,Colindale South,7,"Black, Black British, Black Welsh, Caribbean or African: Caribbean",3,"L4, L5 and L6: Lower managerial, administrative and professional occupations",58
E05013633,Colindale South,7,"Black, Black British, Black Welsh, Caribbean or African: Caribbean",4,L7: Intermediate occupations,31
E05013633,Colindale South,7,"Black, Black British, Black Welsh, Caribbean or African: Caribbean",5,L8 and L9: Small employers and own account workers,15
E05013633,Colindale South,7,"Black, Black British, Black Welsh, Caribbean or African: Caribbean",6,L10 and L11: Lower supervisory and technical occupations,11
E05013633,Colindale South,7,"Black, Black British, Black Welsh, Caribbean or African: Caribbean",7,L12: Semi-routine occupations,23
E05013633,Colindale South,7,"Black, Black British, Black Welsh, Caribbean or African: Caribbean",8,L13: Routine occupations,27
E05013633,Colindale South,7,"Black, Black British, Black Welsh, Caribbean or African: Caribbean",9,L14.1: Never worked,20
E05013633,Colindale South,7,"Black, Black British, Black Welsh, Caribbean or African: Caribbean",10,L14.2: Long-term unemployed,4
E05013633,Colindale South,7,"Black, Black British, Black Welsh, Caribbean or African: Caribbean",11,L15: Full-time students,43
E05013633,Colindale South,8,"Black, Black British, Black Welsh, Caribbean or African: Other Black",-8,Does not apply,92
E05013633,Colindale South,8,"Black, Black British, Black Welsh, Caribbean or African: Other Black",1,L1 and L2: Large employers and higher managerial and administrative occupations,2
E05013633,Colindale South,8,"Black, Black British, Black Welsh, Caribbean or African: Other Black",2,L3: Higher professional occupations,8
E05013633,Colindale South,8,"Black, Black British, Black Welsh, Caribbean or African: Other Black",3,"L4, L5 and L6: Lower managerial, administrative and professional occupations",17
E05013633,Colindale South,8,"Black, Black British, Black Welsh, Caribbean or African: Other Black",4,L7: Intermediate occupations,15
E05013633,Colindale South,8,"Black, Black British, Black Welsh, Caribbean or African: Other Black",5,L8 and L9: Small employers and own account workers,11
E05013633,Colindale South,8,"Black, Black British, Black Welsh, Caribbean or African: Other Black",6,L10 and L11: Lower supervisory and technical occupations,6
E05013633,Colindale South,8,"Black, Black British, Black Welsh, Caribbean or African: Other Black",7,L12: Semi-routine occupations,10
E05013633,Colindale South,8,"Black, Black British, Black Welsh, Caribbean or African: Other Black",8,L13: Routine occupations,6
E05013633,Colindale South,8,"Black, Black British, Black Welsh, Caribbean or African: Other Black",9,L14.1: Never worked,16
E05013633,Colindale South,8,"Black, Black British, Black Welsh, Caribbean or African: Other Black",10,L14.2: Long-term unemployed,5
E05013633,Colindale South,8,"Black, Black British, Black Welsh, Caribbean or African: Other Black",11,L15: Full-time students,26
E05013633,Colindale South,9,Mixed or Multiple ethnic groups: White and Asian,-8,Does not apply,106
E05013633,Colindale South,9,Mixed or Multiple ethnic groups: White and Asian,1,L1 and L2: Large employers and higher managerial and administrative occupations,1
E05013633,Colindale South,9,Mixed or Multiple ethnic groups: White and Asian,2,L3: Higher professional occupations,27
E05013633,Colindale South,9,Mixed or Multiple ethnic groups: White and Asian,3,"L4, L5 and L6: Lower managerial, administrative and professional occupations",36
E05013633,Colindale South,9,Mixed or Multiple ethnic groups: White and Asian,4,L7: Intermediate occupations,10
E05013633,Colindale South,9,Mixed or Multiple ethnic groups: White and Asian,5,L8 and L9: Small employers and own account workers,14
E05013633,Colindale South,9,Mixed or Multiple ethnic groups: White and Asian,6,L10 and L11: Lower supervisory and technical occupations,3
E05013633,Colindale South,9,Mixed or Multiple ethnic groups: White and Asian,7,L12: Semi-routine occupations,9
E05013633,Colindale South,9,Mixed or Multiple ethnic groups: White and Asian,8,L13: Routine occupations,8
E05013633,Colindale South,9,Mixed or Multiple ethnic groups: White and Asian,9,L14.1: Never worked,7
E05013633,Colindale South,9,Mixed or Multiple ethnic groups: White and Asian,10,L14.2: Long-term unemployed,1
E05013633,Colindale South,9,Mixed or Multiple ethnic groups: White and Asian,11,L15: Full-time students,15
E05013633,Colindale South,10,Mixed or Multiple ethnic groups: White and Black African,-8,Does not apply,77
E05013633,Colindale South,10,Mixed or Multiple ethnic groups: White and Black African,1,L1 and L2: Large employers and higher managerial and administrative occupations,2
E05013633,Colindale South,10,Mixed or Multiple ethnic groups: White and Black African,2,L3: Higher professional occupations,12
E05013633,Colindale South,10,Mixed or Multiple ethnic groups: White and Black African,3,"L4, L5 and L6: Lower managerial, administrative and professional occupations",26
E05013633,Colindale South,10,Mixed or Multiple ethnic groups: White and Black African,4,L7: Intermediate occupations,11
E05013633,Colindale South,10,Mixed or Multiple ethnic groups: White and Black African,5,L8 and L9: Small employers and own account workers,11
E05013633,Colindale South,10,Mixed or Multiple ethnic groups: White and Black African,6,L10 and L11: Lower supervisory and technical occupations,4
E05013633,Colindale South,10,Mixed or Multiple ethnic groups: White and Black African,7,L12: Semi-routine occupations,13
E05013633,Colindale South,10,Mixed or Multiple ethnic groups: White and Black African,8,L13: Routine occupations,18
E05013633,Colindale South,10,Mixed or Multiple ethnic groups: White and Black African,9,L14.1: Never worked,15
E05013633,Colindale South,10,Mixed or Multiple ethnic groups: White and Black African,10,L14.2: Long-term unemployed,2
E05013633,Colindale South,10,Mixed or Multiple ethnic groups: White and Black African,11,L15: Full-time students,31
E05013633,Colindale South,11,Mixed or Multiple ethnic groups: White and Black Caribbean,-8,Does not apply,77
E05013633,Colindale South,11,Mixed or Multiple ethnic groups: White and Black Caribbean,1,L1 and L2: Large employers and higher managerial and administrative occupations,4
E05013633,Colindale South,11,Mixed or Multiple ethnic groups: White and Black Caribbean,2,L3: Higher professional occupations,8
E05013633,Colindale South,11,Mixed or Multiple ethnic groups: White and Black Caribbean,3,"L4, L5 and L6: Lower managerial, administrative and professional occupations",26
E05013633,Colindale South,11,Mixed or Multiple ethnic groups: White and Black Caribbean,4,L7: Intermediate occupations,9
E05013633,Colindale South,11,Mixed or Multiple ethnic groups: White and Black Caribbean,5,L8 and L9: Small employers and own account workers,9
E05013633,Colindale South,11,Mixed or Multiple ethnic groups: White and Black Caribbean,6,L10 and L11: Lower supervisory and technical occupations,2
E05013633,Colindale South,11,Mixed or Multiple ethnic groups: White and Black Caribbean,7,L12: Semi-routine occupations,13
E05013633,Colindale South,11,Mixed or Multiple ethnic groups: White and Black Caribbean,8,L13: Routine occupations,9
E05013633,Colindale South,11,Mixed or Multiple ethnic groups: White and Black Caribbean,9,L14.1: Never worked,6
E05013633,Colindale South,11,Mixed or Multiple ethnic groups: White and Black Caribbean,10,L14.2: Long-term unemployed,3
E05013633,Colindale South,11,Mixed or Multiple ethnic groups: White and Black Caribbean,11,L15: Full-time students,16
E05013633,Colindale South,12,Mixed or Multiple ethnic groups: Other Mixed or Multiple ethnic groups,-8,Does not apply,158
E05013633,Colindale South,12,Mixed or Multiple ethnic groups: Other Mixed or Multiple ethnic groups,1,L1 and L2: Large employers and higher managerial and administrative occupations,13
E05013633,Colindale South,12,Mixed or Multiple ethnic groups: Other Mixed or Multiple ethnic groups,2,L3: Higher professional occupations,42
E05013633,Colindale South,12,Mixed or Multiple ethnic groups: Other Mixed or Multiple ethnic groups,3,"L4, L5 and L6: Lower managerial, administrative and professional occupations",70
E05013633,Colindale South,12,Mixed or Multiple ethnic groups: Other Mixed or Multiple ethnic groups,4,L7: Intermediate occupations,18
E05013633,Colindale South,12,Mixed or Multiple ethnic groups: Other Mixed or Multiple ethnic groups,5,L8 and L9: Small employers and own account workers,39
E05013633,Colindale South,12,Mixed or Multiple ethnic groups: Other Mixed or Multiple ethnic groups,6,L10 and L11: Lower supervisory and technical occupations,10
E05013633,Colindale South,12,Mixed or Multiple ethnic groups: Other Mixed or Multiple ethnic groups,7,L12: Semi-routine occupations,15
E05013633,Colindale South,12,Mixed or Multiple ethnic groups: Other Mixed or Multiple ethnic groups,8,L13: Routine occupations,10
E05013633,Colindale South,12,Mixed or Multiple ethnic groups: Other Mixed or Multiple ethnic groups,9,L14.1: Never worked,22
E05013633,Colindale South,12,Mixed or Multiple ethnic groups: Other Mixed or Multiple ethnic groups,10,L14.2: Long-term unemployed,3
E05013633,Colindale South,12,Mixed or Multiple ethnic groups: Other Mixed or Multiple ethnic groups,11,L15: Full-time students,38
E05013633,Colindale South,13,"White: English, Welsh, Scottish, Northern Irish or British",-8,Does not apply,539
E05013633,Colindale South,13,"White: English, Welsh, Scottish, Northern Irish or British",1,L1 and L2: Large employers and higher managerial and administrative occupations,86
E05013633,Colindale South,13,"White: English, Welsh, Scottish, Northern Irish or British",2,L3: Higher professional occupations,292
E05013633,Colindale South,13,"White: English, Welsh, Scottish, Northern Irish or British",3,"L4, L5 and L6: Lower managerial, administrative and professional occupations",561
E05013633,Colindale South,13,"White: English, Welsh, Scottish, Northern Irish or British",4,L7: Intermediate occupations,271
E05013633,Colindale South,13,"White: English, Welsh, Scottish, Northern Irish or British",5,L8 and L9: Small employers and own account workers,295
E05013633,Colindale South,13,"White: English, Welsh, Scottish, Northern Irish or British",6,L10 and L11: Lower supervisory and technical occupations,90
E05013633,Colindale South,13,"White: English, Welsh, Scottish, Northern Irish or British",7,L12: Semi-routine occupations,164
E05013633,Colindale South,13,"White: English, Welsh, Scottish, Northern Irish or British",8,L13: Routine occupations,155
E05013633,Colindale South,13,"White: English, Welsh, Scottish, Northern Irish or British",9,L14.1: Never worked,155
E05013633,Colindale South,13,"White: English, Welsh, Scottish, Northern Irish or British",10,L14.2: Long-term unemployed,39
E05013633,Colindale South,13,"White: English, Welsh, Scottish, Northern Irish or British",11,L15: Full-time students,247
E05013633,Colindale South,14,White: Irish,-8,Does not apply,18
E05013633,Colindale South,14,White: Irish,1,L1 and L2: Large employers and higher managerial and administrative occupations,12
E05013633,Colindale South,14,White: Irish,2,L3: Higher professional occupations,21
E05013633,Colindale South,14,White: Irish,3,"L4, L5 and L6: Lower managerial, administrative and professional occupations",58
E05013633,Colindale South,14,White: Irish,4,L7: Intermediate occupations,20
E05013633,Colindale South,14,White: Irish,5,L8 and L9: Small employers and own account workers,35
E05013633,Colindale South,14,White: Irish,6,L10 and L11: Lower supervisory and technical occupations,9
E05013633,Colindale South,14,White: Irish,7,L12: Semi-routine occupations,29
E05013633,Colindale South,14,White: Irish,8,L13: Routine occupations,14
E05013633,Colindale South,14,White: Irish,9,L14.1: Never worked,24
E05013633,Colindale South,14,White: Irish,10,L14.2: Long-term unemployed,2
E05013633,Colindale South,14,White: Irish,11,L15: Full-time students,10
E05013633,Colindale South,15,White: Gypsy or Irish Traveller,-8,Does not apply,0
E05013633,Colindale South,15,White: Gypsy or Irish Traveller,1,L1 and L2: Large employers and higher managerial and administrative occupations,1
E05013633,Colindale South,15,White: Gypsy or Irish Traveller,2,L3: Higher professional occupations,0
E05013633,Colindale South,15,White: Gypsy or Irish Traveller,3,"L4, L5 and L6: Lower managerial, administrative and professional occupations",0
E05013633,Colindale South,15,White: Gypsy or Irish Traveller,4,L7: Intermediate occupations,1
E05013633,Colindale South,15,White: Gypsy or Irish Traveller,5,L8 and L9: Small employers and own account workers,4
E05013633,Colindale South,15,White: Gypsy or Irish Traveller,6,L10 and L11: Lower supervisory and technical occupations,0
E05013633,Colindale South,15,White: Gypsy or Irish Traveller,7,L12: Semi-routine occupations,0
E05013633,Colindale South,15,White: Gypsy or Irish Traveller,8,L13: Routine occupations,2
E05013633,Colindale South,15,White: Gypsy or Irish Traveller,9,L14.1: Never worked,0
E05013633,Colindale South,15,White: Gypsy or Irish Traveller,10,L14.2: Long-term unemployed,0
E05013633,Colindale South,15,White: Gypsy or Irish Traveller,11,L15: Full-time students,0
E05013633,Colindale South,16,White: Roma,-8,Does not apply,15
E05013633,Colindale South,16,White: Roma,1,L1 and L2: Large employers and higher managerial and administrative occupations,5
E05013633,Colindale South,16,White: Roma,2,L3: Higher professional occupations,7
E05013633,Colindale South,16,White: Roma,3,"L4, L5 and L6: Lower managerial, administrative and professional occupations",11
E05013633,Colindale South,16,White: Roma,4,L7: Intermediate occupations,4
E05013633,Colindale South,16,White: Roma,5,L8 and L9: Small employers and own account workers,22
E05013633,Colindale South,16,White: Roma,6,L10 and L11: Lower supervisory and technical occupations,8
E05013633,Colindale South,16,White: Roma,7,L12: Semi-routine occupations,3
E05013633,Colindale South,16,White: Roma,8,L13: Routine occupations,11
E05013633,Colindale South,16,White: Roma,9,L14.1: Never worked,3
E05013633,Colindale South,16,White: Roma,10,L14.2: Long-term unemployed,3
E05013633,Colindale South,16,White: Roma,11,L15: Full-time students,7
E05013633,Colindale South,17,White: Other White,-8,Does not apply,489
E05013633,Colindale South,17,White: Other White,1,L1 and L2: Large employers and higher managerial and administrative occupations,109
E05013633,Colindale South,17,White: Other White,2,L3: Higher professional occupations,362
E05013633,Colindale South,17,White: Other White,3,"L4, L5 and L6: Lower managerial, administrative and professional occupations",593
E05013633,Colindale South,17,White: Other White,4,L7: Intermediate occupations,265
E05013633,Colindale South,17,White: Other White,5,L8 and L9: Small employers and own account workers,825
E05013633,Colindale South,17,White: Other White,6,L10 and L11: Lower supervisory and technical occupations,158
E05013633,Colindale South,17,White: Other White,7,L12: Semi-routine occupations,232
E05013633,Colindale South,17,White: Other White,8,L13: Routine occupations,347
E05013633,Colindale South,17,White: Other White,9,L14.1: Never worked,154
E05013633,Colindale South,17,White: Other White,10,L14.2: Long-term unemployed,42
E05013633,Colindale South,17,White: Other White,11,L15: Full-time students,415
E05013633,Colindale South,18,Other ethnic group: Arab,-8,Does not apply,188
E05013633,Colindale South,18,Other ethnic group: Arab,1,L1 and L2: Large employers and higher managerial and administrative occupations,14
E05013633,Colindale South,18,Other ethnic group: Arab,2,L3: Higher professional occupations,60
E05013633,Colindale South,18,Other ethnic group: Arab,3,"L4, L5 and L6: Lower managerial, administrative and professional occupations",69
E05013633,Colindale South,18,Other ethnic group: Arab,4,L7: Intermediate occupations,23
E05013633,Colindale South,18,Other ethnic group: Arab,5,L8 and L9: Small employers and own account workers,41
E05013633,Colindale South,18,Other ethnic group: Arab,6,L10 and L11: Lower supervisory and technical occupations,14
E05013633,Colindale South,18,Other ethnic group: Arab,7,L12: Semi-routine occupations,47
E05013633,Colindale South,18,Other ethnic group: Arab,8,L13: Routine occupations,33
E05013633,Colindale South,18,Other ethnic group: Arab,9,L14.1: Never worked,111
E05013633,Colindale South,18,Other ethnic group: Arab,10,L14.2: Long-term unemployed,11
E05013633,Colindale South,18,Other ethnic group: Arab,11,L15: Full-time students,95
E05013633,Colindale South,19,Other ethnic group: Any other ethnic group,-8,Does not apply,253
E05013633,Colindale South,19,Other ethnic group: Any other ethnic group,1,L1 and L2: Large employers and higher managerial and administrative occupations,38
E05013633,Colindale South,19,Other ethnic group: Any other ethnic group,2,L3: Higher professional occupations,120
E05013633,Colindale South,19,Other ethnic group: Any other ethnic group,3,"L4, L5 and L6: Lower managerial, administrative and professional occupations",178
E05013633,Colindale South,19,Other ethnic group: Any other ethnic group,4,L7: Intermediate occupations,81
E05013633,Colindale South,19,Other ethnic group: Any other ethnic group,5,L8 and L9: Small employers and own account workers,153
E05013633,Colindale South,19,Other ethnic group: Any other ethnic group,6,L10 and L11: Lower supervisory and technical occupations,42
E05013633,Colindale South,19,Other ethnic group: Any other ethnic group,7,L12: Semi-routine occupations,102
E05013633,Colindale South,19,Other ethnic group: Any other ethnic group,8,L13: Routine occupations,129
E05013633,Colindale South,19,Other ethnic group: Any other ethnic group,9,L14.1: Never worked,275
E05013633,Colindale South,19,Other ethnic group: Any other ethnic group,10,L14.2: Long-term unemployed,16
E05013633,Colindale South,19,Other ethnic group: Any other ethnic group,11,L15: Full-time students,142
E05013634,Cricklewood,-8,Does not apply,-8,Does not apply,0
E05013634,Cricklewood,-8,Does not apply,1,L1 and L2: Large employers and higher managerial and administrative occupations,0
E05013634,Cricklewood,-8,Does not apply,2,L3: Higher professional occupations,0
E05013634,Cricklewood,-8,Does not apply,3,"L4, L5 and L6: Lower managerial, administrative and professional occupations",0
E05013634,Cricklewood,-8,Does not apply,4,L7: Intermediate occupations,0
E05013634,Cricklewood,-8,Does not apply,5,L8 and L9: Small employers and own account workers,0
E05013634,Cricklewood,-8,Does not apply,6,L10 and L11: Lower supervisory and technical occupations,0
E05013634,Cricklewood,-8,Does not apply,7,L12: Semi-routine occupations,0
E05013634,Cricklewood,-8,Does not apply,8,L13: Routine occupations,0
E05013634,Cricklewood,-8,Does not apply,9,L14.1: Never worked,0
E05013634,Cricklewood,-8,Does not apply,10,L14.2: Long-term unemployed,0
E05013634,Cricklewood,-8,Does not apply,11,L15: Full-time students,0
E05013634,Cricklewood,1,"Asian, Asian British or Asian Welsh: Bangladeshi",-8,Does not apply,35
E05013634,Cricklewood,1,"Asian, Asian British or Asian Welsh: Bangladeshi",1,L1 and L2: Large employers and higher managerial and administrative occupations,4
E05013634,Cricklewood,1,"Asian, Asian British or Asian Welsh: Bangladeshi",2,L3: Higher professional occupations,6
E05013634,Cricklewood,1,"Asian, Asian British or Asian Welsh: Bangladeshi",3,"L4, L5 and L6: Lower managerial, administrative and professional occupations",12
E05013634,Cricklewood,1,"Asian, Asian British or Asian Welsh: Bangladeshi",4,L7: Intermediate occupations,11
E05013634,Cricklewood,1,"Asian, Asian British or Asian Welsh: Bangladeshi",5,L8 and L9: Small employers and own account workers,17
E05013634,Cricklewood,1,"Asian, Asian British or Asian Welsh: Bangladeshi",6,L10 and L11: Lower supervisory and technical occupations,6
E05013634,Cricklewood,1,"Asian, Asian British or Asian Welsh: Bangladeshi",7,L12: Semi-routine occupations,15
E05013634,Cricklewood,1,"Asian, Asian British or Asian Welsh: Bangladeshi",8,L13: Routine occupations,10
E05013634,Cricklewood,1,"Asian, Asian British or Asian Welsh: Bangladeshi",9,L14.1: Never worked,12
E05013634,Cricklewood,1,"Asian, Asian British or Asian Welsh: Bangladeshi",10,L14.2: Long-term unemployed,1
E05013634,Cricklewood,1,"Asian, Asian British or Asian Welsh: Bangladeshi",11,L15: Full-time students,32
E05013634,Cricklewood,2,"Asian, Asian British or Asian Welsh: Chinese",-8,Does not apply,29
E05013634,Cricklewood,2,"Asian, Asian British or Asian Welsh: Chinese",1,L1 and L2: Large employers and higher managerial and administrative occupations,6
E05013634,Cricklewood,2,"Asian, Asian British or Asian Welsh: Chinese",2,L3: Higher professional occupations,30
E05013634,Cricklewood,2,"Asian, Asian British or Asian Welsh: Chinese",3,"L4, L5 and L6: Lower managerial, administrative and professional occupations",39
E05013634,Cricklewood,2,"Asian, Asian British or Asian Welsh: Chinese",4,L7: Intermediate occupations,14
E05013634,Cricklewood,2,"Asian, Asian British or Asian Welsh: Chinese",5,L8 and L9: Small employers and own account workers,22
E05013634,Cricklewood,2,"Asian, Asian British or Asian Welsh: Chinese",6,L10 and L11: Lower supervisory and technical occupations,10
E05013634,Cricklewood,2,"Asian, Asian British or Asian Welsh: Chinese",7,L12: Semi-routine occupations,18
E05013634,Cricklewood,2,"Asian, Asian British or Asian Welsh: Chinese",8,L13: Routine occupations,18
E05013634,Cricklewood,2,"Asian, Asian British or Asian Welsh: Chinese",9,L14.1: Never worked,15
E05013634,Cricklewood,2,"Asian, Asian British or Asian Welsh: Chinese",10,L14.2: Long-term unemployed,2
E05013634,Cricklewood,2,"Asian, Asian British or Asian Welsh: Chinese",11,L15: Full-time students,16
E05013634,Cricklewood,3,"Asian, Asian British or Asian Welsh: Indian",-8,Does not apply,41
E05013634,Cricklewood,3,"Asian, Asian British or Asian Welsh: Indian",1,L1 and L2: Large employers and higher managerial and administrative occupations,16
E05013634,Cricklewood,3,"Asian, Asian British or Asian Welsh: Indian",2,L3: Higher professional occupations,53
E05013634,Cricklewood,3,"Asian, Asian British or Asian Welsh: Indian",3,"L4, L5 and L6: Lower managerial, administrative and professional occupations",66
E05013634,Cricklewood,3,"Asian, Asian British or Asian Welsh: Indian",4,L7: Intermediate occupations,31
E05013634,Cricklewood,3,"Asian, Asian British or Asian Welsh: Indian",5,L8 and L9: Small employers and own account workers,32
E05013634,Cricklewood,3,"Asian, Asian British or Asian Welsh: Indian",6,L10 and L11: Lower supervisory and technical occupations,13
E05013634,Cricklewood,3,"Asian, Asian British or Asian Welsh: Indian",7,L12: Semi-routine occupations,36
E05013634,Cricklewood,3,"Asian, Asian British or Asian Welsh: Indian",8,L13: Routine occupations,33
E05013634,Cricklewood,3,"Asian, Asian British or Asian Welsh: Indian",9,L14.1: Never worked,33
E05013634,Cricklewood,3,"Asian, Asian British or Asian Welsh: Indian",10,L14.2: Long-term unemployed,8
E05013634,Cricklewood,3,"Asian, Asian British or Asian Welsh: Indian",11,L15: Full-time students,29
E05013634,Cricklewood,4,"Asian, Asian British or Asian Welsh: Pakistani",-8,Does not apply,50
E05013634,Cricklewood,4,"Asian, Asian British or Asian Welsh: Pakistani",1,L1 and L2: Large employers and higher managerial and administrative occupations,21
E05013634,Cricklewood,4,"Asian, Asian British or Asian Welsh: Pakistani",2,L3: Higher professional occupations,16
E05013634,Cricklewood,4,"Asian, Asian British or Asian Welsh: Pakistani",3,"L4, L5 and L6: Lower managerial, administrative and professional occupations",28
E05013634,Cricklewood,4,"Asian, Asian British or Asian Welsh: Pakistani",4,L7: Intermediate occupations,23
E05013634,Cricklewood,4,"Asian, Asian British or Asian Welsh: Pakistani",5,L8 and L9: Small employers and own account workers,23
E05013634,Cricklewood,4,"Asian, Asian British or Asian Welsh: Pakistani",6,L10 and L11: Lower supervisory and technical occupations,6
E05013634,Cricklewood,4,"Asian, Asian British or Asian Welsh: Pakistani",7,L12: Semi-routine occupations,12
E05013634,Cricklewood,4,"Asian, Asian British or Asian Welsh: Pakistani",8,L13: Routine occupations,6
E05013634,Cricklewood,4,"Asian, Asian British or Asian Welsh: Pakistani",9,L14.1: Never worked,40
E05013634,Cricklewood,4,"Asian, Asian British or Asian Welsh: Pakistani",10,L14.2: Long-term unemployed,4
E05013634,Cricklewood,4,"Asian, Asian British or Asian Welsh: Pakistani",11,L15: Full-time students,31
E05013634,Cricklewood,5,"Asian, Asian British or Asian Welsh: Other Asian",-8,Does not apply,203
E05013634,Cricklewood,5,"Asian, Asian British or Asian Welsh: Other Asian",1,L1 and L2: Large employers and higher managerial and administrative occupations,19
E05013634,Cricklewood,5,"Asian, Asian British or Asian Welsh: Other Asian",2,L3: Higher professional occupations,28
E05013634,Cricklewood,5,"Asian, Asian British or Asian Welsh: Other Asian",3,"L4, L5 and L6: Lower managerial, administrative and professional occupations",87
E05013634,Cricklewood,5,"Asian, Asian British or Asian Welsh: Other Asian",4,L7: Intermediate occupations,62
E05013634,Cricklewood,5,"Asian, Asian British or Asian Welsh: Other Asian",5,L8 and L9: Small employers and own account workers,79
E05013634,Cricklewood,5,"Asian, Asian British or Asian Welsh: Other Asian",6,L10 and L11: Lower supervisory and technical occupations,21
E05013634,Cricklewood,5,"Asian, Asian British or Asian Welsh: Other Asian",7,L12: Semi-routine occupations,104
E05013634,Cricklewood,5,"Asian, Asian British or Asian Welsh: Other Asian",8,L13: Routine occupations,65
E05013634,Cricklewood,5,"Asian, Asian British or Asian Welsh: Other Asian",9,L14.1: Never worked,135
E05013634,Cricklewood,5,"Asian, Asian British or Asian Welsh: Other Asian",10,L14.2: Long-term unemployed,16
E05013634,Cricklewood,5,"Asian, Asian British or Asian Welsh: Other Asian",11,L15: Full-time students,91
E05013634,Cricklewood,6,"Black, Black British, Black Welsh, Caribbean or African: African",-8,Does not apply,326
E05013634,Cricklewood,6,"Black, Black British, Black Welsh, Caribbean or African: African",1,L1 and L2: Large employers and higher managerial and administrative occupations,18
E05013634,Cricklewood,6,"Black, Black British, Black Welsh, Caribbean or African: African",2,L3: Higher professional occupations,64
E05013634,Cricklewood,6,"Black, Black British, Black Welsh, Caribbean or African: African",3,"L4, L5 and L6: Lower managerial, administrative and professional occupations",139
E05013634,Cricklewood,6,"Black, Black British, Black Welsh, Caribbean or African: African",4,L7: Intermediate occupations,74
E05013634,Cricklewood,6,"Black, Black British, Black Welsh, Caribbean or African: African",5,L8 and L9: Small employers and own account workers,72
E05013634,Cricklewood,6,"Black, Black British, Black Welsh, Caribbean or African: African",6,L10 and L11: Lower supervisory and technical occupations,22
E05013634,Cricklewood,6,"Black, Black British, Black Welsh, Caribbean or African: African",7,L12: Semi-routine occupations,85
E05013634,Cricklewood,6,"Black, Black British, Black Welsh, Caribbean or African: African",8,L13: Routine occupations,90
E05013634,Cricklewood,6,"Black, Black British, Black Welsh, Caribbean or African: African",9,L14.1: Never worked,109
E05013634,Cricklewood,6,"Black, Black British, Black Welsh, Caribbean or African: African",10,L14.2: Long-term unemployed,21
E05013634,Cricklewood,6,"Black, Black British, Black Welsh, Caribbean or African: African",11,L15: Full-time students,143
E05013634,Cricklewood,7,"Black, Black British, Black Welsh, Caribbean or African: Caribbean",-8,Does not apply,28
E05013634,Cricklewood,7,"Black, Black British, Black Welsh, Caribbean or African: Caribbean",1,L1 and L2: Large employers and higher managerial and administrative occupations,0
E05013634,Cricklewood,7,"Black, Black British, Black Welsh, Caribbean or African: Caribbean",2,L3: Higher professional occupations,10
E05013634,Cricklewood,7,"Black, Black British, Black Welsh, Caribbean or African: Caribbean",3,"L4, L5 and L6: Lower managerial, administrative and professional occupations",36
E05013634,Cricklewood,7,"Black, Black British, Black Welsh, Caribbean or African: Caribbean",4,L7: Intermediate occupations,31
E05013634,Cricklewood,7,"Black, Black British, Black Welsh, Caribbean or African: Caribbean",5,L8 and L9: Small employers and own account workers,9
E05013634,Cricklewood,7,"Black, Black British, Black Welsh, Caribbean or African: Caribbean",6,L10 and L11: Lower supervisory and technical occupations,8
E05013634,Cricklewood,7,"Black, Black British, Black Welsh, Caribbean or African: Caribbean",7,L12: Semi-routine occupations,16
E05013634,Cricklewood,7,"Black, Black British, Black Welsh, Caribbean or African: Caribbean",8,L13: Routine occupations,20
E05013634,Cricklewood,7,"Black, Black British, Black Welsh, Caribbean or African: Caribbean",9,L14.1: Never worked,9
E05013634,Cricklewood,7,"Black, Black British, Black Welsh, Caribbean or African: Caribbean",10,L14.2: Long-term unemployed,8
E05013634,Cricklewood,7,"Black, Black British, Black Welsh, Caribbean or African: Caribbean",11,L15: Full-time students,30
E05013634,Cricklewood,8,"Black, Black British, Black Welsh, Caribbean or African: Other Black",-8,Does not apply,55
E05013634,Cricklewood,8,"Black, Black British, Black Welsh, Caribbean or African: Other Black",1,L1 and L2: Large employers and higher managerial and administrative occupations,2
E05013634,Cricklewood,8,"Black, Black British, Black Welsh, Caribbean or African: Other Black",2,L3: Higher professional occupations,11
E05013634,Cricklewood,8,"Black, Black British, Black Welsh, Caribbean or African: Other Black",3,"L4, L5 and L6: Lower managerial, administrative and professional occupations",11
E05013634,Cricklewood,8,"Black, Black British, Black Welsh, Caribbean or African: Other Black",4,L7: Intermediate occupations,7
E05013634,Cricklewood,8,"Black, Black British, Black Welsh, Caribbean or African: Other Black",5,L8 and L9: Small employers and own account workers,8
E05013634,Cricklewood,8,"Black, Black British, Black Welsh, Caribbean or African: Other Black",6,L10 and L11: Lower supervisory and technical occupations,2
E05013634,Cricklewood,8,"Black, Black British, Black Welsh, Caribbean or African: Other Black",7,L12: Semi-routine occupations,7
E05013634,Cricklewood,8,"Black, Black British, Black Welsh, Caribbean or African: Other Black",8,L13: Routine occupations,9
E05013634,Cricklewood,8,"Black, Black British, Black Welsh, Caribbean or African: Other Black",9,L14.1: Never worked,12
E05013634,Cricklewood,8,"Black, Black British, Black Welsh, Caribbean or African: Other Black",10,L14.2: Long-term unemployed,4
E05013634,Cricklewood,8,"Black, Black British, Black Welsh, Caribbean or African: Other Black",11,L15: Full-time students,24
E05013634,Cricklewood,9,Mixed or Multiple ethnic groups: White and Asian,-8,Does not apply,97
E05013634,Cricklewood,9,Mixed or Multiple ethnic groups: White and Asian,1,L1 and L2: Large employers and higher managerial and administrative occupations,5
E05013634,Cricklewood,9,Mixed or Multiple ethnic groups: White and Asian,2,L3: Higher professional occupations,11
E05013634,Cricklewood,9,Mixed or Multiple ethnic groups: White and Asian,3,"L4, L5 and L6: Lower managerial, administrative and professional occupations",14
E05013634,Cricklewood,9,Mixed or Multiple ethnic groups: White and Asian,4,L7: Intermediate occupations,9
E05013634,Cricklewood,9,Mixed or Multiple ethnic groups: White and Asian,5,L8 and L9: Small employers and own account workers,6
E05013634,Cricklewood,9,Mixed or Multiple ethnic groups: White and Asian,6,L10 and L11: Lower supervisory and technical occupations,0
E05013634,Cricklewood,9,Mixed or Multiple ethnic groups: White and Asian,7,L12: Semi-routine occupations,5
E05013634,Cricklewood,9,Mixed or Multiple ethnic groups: White and Asian,8,L13: Routine occupations,3
E05013634,Cricklewood,9,Mixed or Multiple ethnic groups: White and Asian,9,L14.1: Never worked,5
E05013634,Cricklewood,9,Mixed or Multiple ethnic groups: White and Asian,10,L14.2: Long-term unemployed,4
E05013634,Cricklewood,9,Mixed or Multiple ethnic groups: White and Asian,11,L15: Full-time students,12
E05013634,Cricklewood,10,Mixed or Multiple ethnic groups: White and Black African,-8,Does not apply,74
E05013634,Cricklewood,10,Mixed or Multiple ethnic groups: White and Black African,1,L1 and L2: Large employers and higher managerial and administrative occupations,1
E05013634,Cricklewood,10,Mixed or Multiple ethnic groups: White and Black African,2,L3: Higher professional occupations,8
E05013634,Cricklewood,10,Mixed or Multiple ethnic groups: White and Black African,3,"L4, L5 and L6: Lower managerial, administrative and professional occupations",14
E05013634,Cricklewood,10,Mixed or Multiple ethnic groups: White and Black African,4,L7: Intermediate occupations,9
E05013634,Cricklewood,10,Mixed or Multiple ethnic groups: White and Black African,5,L8 and L9: Small employers and own account workers,10
E05013634,Cricklewood,10,Mixed or Multiple ethnic groups: White and Black African,6,L10 and L11: Lower supervisory and technical occupations,3
E05013634,Cricklewood,10,Mixed or Multiple ethnic groups: White and Black African,7,L12: Semi-routine occupations,9
E05013634,Cricklewood,10,Mixed or Multiple ethnic groups: White and Black African,8,L13: Routine occupations,10
E05013634,Cricklewood,10,Mixed or Multiple ethnic groups: White and Black African,9,L14.1: Never worked,12
E05013634,Cricklewood,10,Mixed or Multiple ethnic groups: White and Black African,10,L14.2: Long-term unemployed,7
E05013634,Cricklewood,10,Mixed or Multiple ethnic groups: White and Black African,11,L15: Full-time students,21
E05013634,Cricklewood,11,Mixed or Multiple ethnic groups: White and Black Caribbean,-8,Does not apply,35
E05013634,Cricklewood,11,Mixed or Multiple ethnic groups: White and Black Caribbean,1,L1 and L2: Large employers and higher managerial and administrative occupations,1
E05013634,Cricklewood,11,Mixed or Multiple ethnic groups: White and Black Caribbean,2,L3: Higher professional occupations,5
E05013634,Cricklewood,11,Mixed or Multiple ethnic groups: White and Black Caribbean,3,"L4, L5 and L6: Lower managerial, administrative and professional occupations",21
E05013634,Cricklewood,11,Mixed or Multiple ethnic groups: White and Black Caribbean,4,L7: Intermediate occupations,6
E05013634,Cricklewood,11,Mixed or Multiple ethnic groups: White and Black Caribbean,5,L8 and L9: Small employers and own account workers,15
E05013634,Cricklewood,11,Mixed or Multiple ethnic groups: White and Black Caribbean,6,L10 and L11: Lower supervisory and technical occupations,2
E05013634,Cricklewood,11,Mixed or Multiple ethnic groups: White and Black Caribbean,7,L12: Semi-routine occupations,13
E05013634,Cricklewood,11,Mixed or Multiple ethnic groups: White and Black Caribbean,8,L13: Routine occupations,8
E05013634,Cricklewood,11,Mixed or Multiple ethnic groups: White and Black Caribbean,9,L14.1: Never worked,8
E05013634,Cricklewood,11,Mixed or Multiple ethnic groups: White and Black Caribbean,10,L14.2: Long-term unemployed,4
E05013634,Cricklewood,11,Mixed or Multiple ethnic groups: White and Black Caribbean,11,L15: Full-time students,14
E05013634,Cricklewood,12,Mixed or Multiple ethnic groups: Other Mixed or Multiple ethnic groups,-8,Does not apply,84
E05013634,Cricklewood,12,Mixed or Multiple ethnic groups: Other Mixed or Multiple ethnic groups,1,L1 and L2: Large employers and higher managerial and administrative occupations,4
E05013634,Cricklewood,12,Mixed or Multiple ethnic groups: Other Mixed or Multiple ethnic groups,2,L3: Higher professional occupations,16
E05013634,Cricklewood,12,Mixed or Multiple ethnic groups: Other Mixed or Multiple ethnic groups,3,"L4, L5 and L6: Lower managerial, administrative and professional occupations",27
E05013634,Cricklewood,12,Mixed or Multiple ethnic groups: Other Mixed or Multiple ethnic groups,4,L7: Intermediate occupations,13
E05013634,Cricklewood,12,Mixed or Multiple ethnic groups: Other Mixed or Multiple ethnic groups,5,L8 and L9: Small employers and own account workers,36
E05013634,Cricklewood,12,Mixed or Multiple ethnic groups: Other Mixed or Multiple ethnic groups,6,L10 and L11: Lower supervisory and technical occupations,9
E05013634,Cricklewood,12,Mixed or Multiple ethnic groups: Other Mixed or Multiple ethnic groups,7,L12: Semi-routine occupations,21
E05013634,Cricklewood,12,Mixed or Multiple ethnic groups: Other Mixed or Multiple ethnic groups,8,L13: Routine occupations,16
E05013634,Cricklewood,12,Mixed or Multiple ethnic groups: Other Mixed or Multiple ethnic groups,9,L14.1: Never worked,26
E05013634,Cricklewood,12,Mixed or Multiple ethnic groups: Other Mixed or Multiple ethnic groups,10,L14.2: Long-term unemployed,5
E05013634,Cricklewood,12,Mixed or Multiple ethnic groups: Other Mixed or Multiple ethnic groups,11,L15: Full-time students,36
E05013634,Cricklewood,13,"White: English, Welsh, Scottish, Northern Irish or British",-8,Does not apply,439
E05013634,Cricklewood,13,"White: English, Welsh, Scottish, Northern Irish or British",1,L1 and L2: Large employers and higher managerial and administrative occupations,70
E05013634,Cricklewood,13,"White: English, Welsh, Scottish, Northern Irish or British",2,L3: Higher professional occupations,172
E05013634,Cricklewood,13,"White: English, Welsh, Scottish, Northern Irish or British",3,"L4, L5 and L6: Lower managerial, administrative and professional occupations",373
E05013634,Cricklewood,13,"White: English, Welsh, Scottish, Northern Irish or British",4,L7: Intermediate occupations,208
E05013634,Cricklewood,13,"White: English, Welsh, Scottish, Northern Irish or British",5,L8 and L9: Small employers and own account workers,242
E05013634,Cricklewood,13,"White: English, Welsh, Scottish, Northern Irish or British",6,L10 and L11: Lower supervisory and technical occupations,76
E05013634,Cricklewood,13,"White: English, Welsh, Scottish, Northern Irish or British",7,L12: Semi-routine occupations,157
E05013634,Cricklewood,13,"White: English, Welsh, Scottish, Northern Irish or British",8,L13: Routine occupations,189
E05013634,Cricklewood,13,"White: English, Welsh, Scottish, Northern Irish or British",9,L14.1: Never worked,207
E05013634,Cricklewood,13,"White: English, Welsh, Scottish, Northern Irish or British",10,L14.2: Long-term unemployed,40
E05013634,Cricklewood,13,"White: English, Welsh, Scottish, Northern Irish or British",11,L15: Full-time students,129
E05013634,Cricklewood,14,White: Irish,-8,Does not apply,19
E05013634,Cricklewood,14,White: Irish,1,L1 and L2: Large employers and higher managerial and administrative occupations,6
E05013634,Cricklewood,14,White: Irish,2,L3: Higher professional occupations,22
E05013634,Cricklewood,14,White: Irish,3,"L4, L5 and L6: Lower managerial, administrative and professional occupations",50
E05013634,Cricklewood,14,White: Irish,4,L7: Intermediate occupations,36
E05013634,Cricklewood,14,White: Irish,5,L8 and L9: Small employers and own account workers,61
E05013634,Cricklewood,14,White: Irish,6,L10 and L11: Lower supervisory and technical occupations,11
E05013634,Cricklewood,14,White: Irish,7,L12: Semi-routine occupations,27
E05013634,Cricklewood,14,White: Irish,8,L13: Routine occupations,31
E05013634,Cricklewood,14,White: Irish,9,L14.1: Never worked,31
E05013634,Cricklewood,14,White: Irish,10,L14.2: Long-term unemployed,5
E05013634,Cricklewood,14,White: Irish,11,L15: Full-time students,6
E05013634,Cricklewood,15,White: Gypsy or Irish Traveller,-8,Does not apply,3
E05013634,Cricklewood,15,White: Gypsy or Irish Traveller,1,L1 and L2: Large employers and higher managerial and administrative occupations,0
E05013634,Cricklewood,15,White: Gypsy or Irish Traveller,2,L3: Higher professional occupations,0
E05013634,Cricklewood,15,White: Gypsy or Irish Traveller,3,"L4, L5 and L6: Lower managerial, administrative and professional occupations",0
E05013634,Cricklewood,15,White: Gypsy or Irish Traveller,4,L7: Intermediate occupations,1
E05013634,Cricklewood,15,White: Gypsy or Irish Traveller,5,L8 and L9: Small employers and own account workers,0
E05013634,Cricklewood,15,White: Gypsy or Irish Traveller,6,L10 and L11: Lower supervisory and technical occupations,0
E05013634,Cricklewood,15,White: Gypsy or Irish Traveller,7,L12: Semi-routine occupations,0
E05013634,Cricklewood,15,White: Gypsy or Irish Traveller,8,L13: Routine occupations,0
E05013634,Cricklewood,15,White: Gypsy or Irish Traveller,9,L14.1: Never worked,5
E05013634,Cricklewood,15,White: Gypsy or Irish Traveller,10,L14.2: Long-term unemployed,0
E05013634,Cricklewood,15,White: Gypsy or Irish Traveller,11,L15: Full-time students,1
E05013634,Cricklewood,16,White: Roma,-8,Does not apply,5
E05013634,Cricklewood,16,White: Roma,1,L1 and L2: Large employers and higher managerial and administrative occupations,3
E05013634,Cricklewood,16,White: Roma,2,L3: Higher professional occupations,5
E05013634,Cricklewood,16,White: Roma,3,"L4, L5 and L6: Lower managerial, administrative and professional occupations",9
E05013634,Cricklewood,16,White: Roma,4,L7: Intermediate occupations,4
E05013634,Cricklewood,16,White: Roma,5,L8 and L9: Small employers and own account workers,17
E05013634,Cricklewood,16,White: Roma,6,L10 and L11: Lower supervisory and technical occupations,7
E05013634,Cricklewood,16,White: Roma,7,L12: Semi-routine occupations,3
E05013634,Cricklewood,16,White: Roma,8,L13: Routine occupations,18
E05013634,Cricklewood,16,White: Roma,9,L14.1: Never worked,1
E05013634,Cricklewood,16,White: Roma,10,L14.2: Long-term unemployed,2
E05013634,Cricklewood,16,White: Roma,11,L15: Full-time students,10
E05013634,Cricklewood,17,White: Other White,-8,Does not apply,265
E05013634,Cricklewood,17,White: Other White,1,L1 and L2: Large employers and higher managerial and administrative occupations,49
E05013634,Cricklewood,17,White: Other White,2,L3: Higher professional occupations,137
E05013634,Cricklewood,17,White: Other White,3,"L4, L5 and L6: Lower managerial, administrative and professional occupations",297
E05013634,Cricklewood,17,White: Other White,4,L7: Intermediate occupations,130
E05013634,Cricklewood,17,White: Other White,5,L8 and L9: Small employers and own account workers,382
E05013634,Cricklewood,17,White: Other White,6,L10 and L11: Lower supervisory and technical occupations,91
E05013634,Cricklewood,17,White: Other White,7,L12: Semi-routine occupations,136
E05013634,Cricklewood,17,White: Other White,8,L13: Routine occupations,194
E05013634,Cricklewood,17,White: Other White,9,L14.1: Never worked,107
E05013634,Cricklewood,17,White: Other White,10,L14.2: Long-term unemployed,20
E05013634,Cricklewood,17,White: Other White,11,L15: Full-time students,143
E05013634,Cricklewood,18,Other ethnic group: Arab,-8,Does not apply,347
E05013634,Cricklewood,18,Other ethnic group: Arab,1,L1 and L2: Large employers and higher managerial and administrative occupations,11
E05013634,Cricklewood,18,Other ethnic group: Arab,2,L3: Higher professional occupations,37
E05013634,Cricklewood,18,Other ethnic group: Arab,3,"L4, L5 and L6: Lower managerial, administrative and professional occupations",59
E05013634,Cricklewood,18,Other ethnic group: Arab,4,L7: Intermediate occupations,39
E05013634,Cricklewood,18,Other ethnic group: Arab,5,L8 and L9: Small employers and own account workers,76
E05013634,Cricklewood,18,Other ethnic group: Arab,6,L10 and L11: Lower supervisory and technical occupations,29
E05013634,Cricklewood,18,Other ethnic group: Arab,7,L12: Semi-routine occupations,36
E05013634,Cricklewood,18,Other ethnic group: Arab,8,L13: Routine occupations,68
E05013634,Cricklewood,18,Other ethnic group: Arab,9,L14.1: Never worked,174
E05013634,Cricklewood,18,Other ethnic group: Arab,10,L14.2: Long-term unemployed,4
E05013634,Cricklewood,18,Other ethnic group: Arab,11,L15: Full-time students,121
E05013634,Cricklewood,19,Other ethnic group: Any other ethnic group,-8,Does not apply,186
E05013634,Cricklewood,19,Other ethnic group: Any other ethnic group,1,L1 and L2: Large employers and higher managerial and administrative occupations,18
E05013634,Cricklewood,19,Other ethnic group: Any other ethnic group,2,L3: Higher professional occupations,64
E05013634,Cricklewood,19,Other ethnic group: Any other ethnic group,3,"L4, L5 and L6: Lower managerial, administrative and professional occupations",92
E05013634,Cricklewood,19,Other ethnic group: Any other ethnic group,4,L7: Intermediate occupations,39
E05013634,Cricklewood,19,Other ethnic group: Any other ethnic group,5,L8 and L9: Small employers and own account workers,85
E05013634,Cricklewood,19,Other ethnic group: Any other ethnic group,6,L10 and L11: Lower supervisory and technical occupations,23
E05013634,Cricklewood,19,Other ethnic group: Any other ethnic group,7,L12: Semi-routine occupations,56
E05013634,Cricklewood,19,Other ethnic group: Any other ethnic group,8,L13: Routine occupations,49
E05013634,Cricklewood,19,Other ethnic group: Any other ethnic group,9,L14.1: Never worked,133
E05013634,Cricklewood,19,Other ethnic group: Any other ethnic group,10,L14.2: Long-term unemployed,14
E05013634,Cricklewood,19,Other ethnic group: Any other ethnic group,11,L15: Full-time students,73
E05013635,East Barnet,-8,Does not apply,-8,Does not apply,0
E05013635,East Barnet,-8,Does not apply,1,L1 and L2: Large employers and higher managerial and administrative occupations,0
E05013635,East Barnet,-8,Does not apply,2,L3: Higher professional occupations,0
E05013635,East Barnet,-8,Does not apply,3,"L4, L5 and L6: Lower managerial, administrative and professional occupations",0
E05013635,East Barnet,-8,Does not apply,4,L7: Intermediate occupations,0
E05013635,East Barnet,-8,Does not apply,5,L8 and L9: Small employers and own account workers,0
E05013635,East Barnet,-8,Does not apply,6,L10 and L11: Lower supervisory and technical occupations,0
E05013635,East Barnet,-8,Does not apply,7,L12: Semi-routine occupations,0
E05013635,East Barnet,-8,Does not apply,8,L13: Routine occupations,0
E05013635,East Barnet,-8,Does not apply,9,L14.1: Never worked,0
E05013635,East Barnet,-8,Does not apply,10,L14.2: Long-term unemployed,0
E05013635,East Barnet,-8,Does not apply,11,L15: Full-time students,0
E05013635,East Barnet,1,"Asian, Asian British or Asian Welsh: Bangladeshi",-8,Does not apply,30
E05013635,East Barnet,1,"Asian, Asian British or Asian Welsh: Bangladeshi",1,L1 and L2: Large employers and higher managerial and administrative occupations,4
E05013635,East Barnet,1,"Asian, Asian British or Asian Welsh: Bangladeshi",2,L3: Higher professional occupations,13
E05013635,East Barnet,1,"Asian, Asian British or Asian Welsh: Bangladeshi",3,"L4, L5 and L6: Lower managerial, administrative and professional occupations",14
E05013635,East Barnet,1,"Asian, Asian British or Asian Welsh: Bangladeshi",4,L7: Intermediate occupations,8
E05013635,East Barnet,1,"Asian, Asian British or Asian Welsh: Bangladeshi",5,L8 and L9: Small employers and own account workers,5
E05013635,East Barnet,1,"Asian, Asian British or Asian Welsh: Bangladeshi",6,L10 and L11: Lower supervisory and technical occupations,0
E05013635,East Barnet,1,"Asian, Asian British or Asian Welsh: Bangladeshi",7,L12: Semi-routine occupations,4
E05013635,East Barnet,1,"Asian, Asian British or Asian Welsh: Bangladeshi",8,L13: Routine occupations,7
E05013635,East Barnet,1,"Asian, Asian British or Asian Welsh: Bangladeshi",9,L14.1: Never worked,10
E05013635,East Barnet,1,"Asian, Asian British or Asian Welsh: Bangladeshi",10,L14.2: Long-term unemployed,3
E05013635,East Barnet,1,"Asian, Asian British or Asian Welsh: Bangladeshi",11,L15: Full-time students,7
E05013635,East Barnet,2,"Asian, Asian British or Asian Welsh: Chinese",-8,Does not apply,39
E05013635,East Barnet,2,"Asian, Asian British or Asian Welsh: Chinese",1,L1 and L2: Large employers and higher managerial and administrative occupations,16
E05013635,East Barnet,2,"Asian, Asian British or Asian Welsh: Chinese",2,L3: Higher professional occupations,42
E05013635,East Barnet,2,"Asian, Asian British or Asian Welsh: Chinese",3,"L4, L5 and L6: Lower managerial, administrative and professional occupations",52
E05013635,East Barnet,2,"Asian, Asian British or Asian Welsh: Chinese",4,L7: Intermediate occupations,24
E05013635,East Barnet,2,"Asian, Asian British or Asian Welsh: Chinese",5,L8 and L9: Small employers and own account workers,22
E05013635,East Barnet,2,"Asian, Asian British or Asian Welsh: Chinese",6,L10 and L11: Lower supervisory and technical occupations,7
E05013635,East Barnet,2,"Asian, Asian British or Asian Welsh: Chinese",7,L12: Semi-routine occupations,12
E05013635,East Barnet,2,"Asian, Asian British or Asian Welsh: Chinese",8,L13: Routine occupations,9
E05013635,East Barnet,2,"Asian, Asian British or Asian Welsh: Chinese",9,L14.1: Never worked,13
E05013635,East Barnet,2,"Asian, Asian British or Asian Welsh: Chinese",10,L14.2: Long-term unemployed,4
E05013635,East Barnet,2,"Asian, Asian British or Asian Welsh: Chinese",11,L15: Full-time students,16
E05013635,East Barnet,3,"Asian, Asian British or Asian Welsh: Indian",-8,Does not apply,126
E05013635,East Barnet,3,"Asian, Asian British or Asian Welsh: Indian",1,L1 and L2: Large employers and higher managerial and administrative occupations,53
E05013635,East Barnet,3,"Asian, Asian British or Asian Welsh: Indian",2,L3: Higher professional occupations,162
E05013635,East Barnet,3,"Asian, Asian British or Asian Welsh: Indian",3,"L4, L5 and L6: Lower managerial, administrative and professional occupations",173
E05013635,East Barnet,3,"Asian, Asian British or Asian Welsh: Indian",4,L7: Intermediate occupations,82
E05013635,East Barnet,3,"Asian, Asian British or Asian Welsh: Indian",5,L8 and L9: Small employers and own account workers,70
E05013635,East Barnet,3,"Asian, Asian British or Asian Welsh: Indian",6,L10 and L11: Lower supervisory and technical occupations,11
E05013635,East Barnet,3,"Asian, Asian British or Asian Welsh: Indian",7,L12: Semi-routine occupations,35
E05013635,East Barnet,3,"Asian, Asian British or Asian Welsh: Indian",8,L13: Routine occupations,26
E05013635,East Barnet,3,"Asian, Asian British or Asian Welsh: Indian",9,L14.1: Never worked,58
E05013635,East Barnet,3,"Asian, Asian British or Asian Welsh: Indian",10,L14.2: Long-term unemployed,10
E05013635,East Barnet,3,"Asian, Asian British or Asian Welsh: Indian",11,L15: Full-time students,38
E05013635,East Barnet,4,"Asian, Asian British or Asian Welsh: Pakistani",-8,Does not apply,48
E05013635,East Barnet,4,"Asian, Asian British or Asian Welsh: Pakistani",1,L1 and L2: Large employers and higher managerial and administrative occupations,7
E05013635,East Barnet,4,"Asian, Asian British or Asian Welsh: Pakistani",2,L3: Higher professional occupations,25
E05013635,East Barnet,4,"Asian, Asian British or Asian Welsh: Pakistani",3,"L4, L5 and L6: Lower managerial, administrative and professional occupations",23
E05013635,East Barnet,4,"Asian, Asian British or Asian Welsh: Pakistani",4,L7: Intermediate occupations,22
E05013635,East Barnet,4,"Asian, Asian British or Asian Welsh: Pakistani",5,L8 and L9: Small employers and own account workers,16
E05013635,East Barnet,4,"Asian, Asian British or Asian Welsh: Pakistani",6,L10 and L11: Lower supervisory and technical occupations,1
E05013635,East Barnet,4,"Asian, Asian British or Asian Welsh: Pakistani",7,L12: Semi-routine occupations,5
E05013635,East Barnet,4,"Asian, Asian British or Asian Welsh: Pakistani",8,L13: Routine occupations,2
E05013635,East Barnet,4,"Asian, Asian British or Asian Welsh: Pakistani",9,L14.1: Never worked,11
E05013635,East Barnet,4,"Asian, Asian British or Asian Welsh: Pakistani",10,L14.2: Long-term unemployed,3
E05013635,East Barnet,4,"Asian, Asian British or Asian Welsh: Pakistani",11,L15: Full-time students,9
E05013635,East Barnet,5,"Asian, Asian British or Asian Welsh: Other Asian",-8,Does not apply,157
E05013635,East Barnet,5,"Asian, Asian British or Asian Welsh: Other Asian",1,L1 and L2: Large employers and higher managerial and administrative occupations,29
E05013635,East Barnet,5,"Asian, Asian British or Asian Welsh: Other Asian",2,L3: Higher professional occupations,79
E05013635,East Barnet,5,"Asian, Asian British or Asian Welsh: Other Asian",3,"L4, L5 and L6: Lower managerial, administrative and professional occupations",121
E05013635,East Barnet,5,"Asian, Asian British or Asian Welsh: Other Asian",4,L7: Intermediate occupations,54
E05013635,East Barnet,5,"Asian, Asian British or Asian Welsh: Other Asian",5,L8 and L9: Small employers and own account workers,92
E05013635,East Barnet,5,"Asian, Asian British or Asian Welsh: Other Asian",6,L10 and L11: Lower supervisory and technical occupations,19
E05013635,East Barnet,5,"Asian, Asian British or Asian Welsh: Other Asian",7,L12: Semi-routine occupations,43
E05013635,East Barnet,5,"Asian, Asian British or Asian Welsh: Other Asian",8,L13: Routine occupations,37
E05013635,East Barnet,5,"Asian, Asian British or Asian Welsh: Other Asian",9,L14.1: Never worked,91
E05013635,East Barnet,5,"Asian, Asian British or Asian Welsh: Other Asian",10,L14.2: Long-term unemployed,8
E05013635,East Barnet,5,"Asian, Asian British or Asian Welsh: Other Asian",11,L15: Full-time students,49
E05013635,East Barnet,6,"Black, Black British, Black Welsh, Caribbean or African: African",-8,Does not apply,165
E05013635,East Barnet,6,"Black, Black British, Black Welsh, Caribbean or African: African",1,L1 and L2: Large employers and higher managerial and administrative occupations,20
E05013635,East Barnet,6,"Black, Black British, Black Welsh, Caribbean or African: African",2,L3: Higher professional occupations,44
E05013635,East Barnet,6,"Black, Black British, Black Welsh, Caribbean or African: African",3,"L4, L5 and L6: Lower managerial, administrative and professional occupations",98
E05013635,East Barnet,6,"Black, Black British, Black Welsh, Caribbean or African: African",4,L7: Intermediate occupations,41
E05013635,East Barnet,6,"Black, Black British, Black Welsh, Caribbean or African: African",5,L8 and L9: Small employers and own account workers,44
E05013635,East Barnet,6,"Black, Black British, Black Welsh, Caribbean or African: African",6,L10 and L11: Lower supervisory and technical occupations,12
E05013635,East Barnet,6,"Black, Black British, Black Welsh, Caribbean or African: African",7,L12: Semi-routine occupations,57
E05013635,East Barnet,6,"Black, Black British, Black Welsh, Caribbean or African: African",8,L13: Routine occupations,21
E05013635,East Barnet,6,"Black, Black British, Black Welsh, Caribbean or African: African",9,L14.1: Never worked,33
E05013635,East Barnet,6,"Black, Black British, Black Welsh, Caribbean or African: African",10,L14.2: Long-term unemployed,22
E05013635,East Barnet,6,"Black, Black British, Black Welsh, Caribbean or African: African",11,L15: Full-time students,71
E05013635,East Barnet,7,"Black, Black British, Black Welsh, Caribbean or African: Caribbean",-8,Does not apply,34
E05013635,East Barnet,7,"Black, Black British, Black Welsh, Caribbean or African: Caribbean",1,L1 and L2: Large employers and higher managerial and administrative occupations,6
E05013635,East Barnet,7,"Black, Black British, Black Welsh, Caribbean or African: Caribbean",2,L3: Higher professional occupations,8
E05013635,East Barnet,7,"Black, Black British, Black Welsh, Caribbean or African: Caribbean",3,"L4, L5 and L6: Lower managerial, administrative and professional occupations",62
E05013635,East Barnet,7,"Black, Black British, Black Welsh, Caribbean or African: Caribbean",4,L7: Intermediate occupations,21
E05013635,East Barnet,7,"Black, Black British, Black Welsh, Caribbean or African: Caribbean",5,L8 and L9: Small employers and own account workers,13
E05013635,East Barnet,7,"Black, Black British, Black Welsh, Caribbean or African: Caribbean",6,L10 and L11: Lower supervisory and technical occupations,7
E05013635,East Barnet,7,"Black, Black British, Black Welsh, Caribbean or African: Caribbean",7,L12: Semi-routine occupations,26
E05013635,East Barnet,7,"Black, Black British, Black Welsh, Caribbean or African: Caribbean",8,L13: Routine occupations,19
E05013635,East Barnet,7,"Black, Black British, Black Welsh, Caribbean or African: Caribbean",9,L14.1: Never worked,12
E05013635,East Barnet,7,"Black, Black British, Black Welsh, Caribbean or African: Caribbean",10,L14.2: Long-term unemployed,7
E05013635,East Barnet,7,"Black, Black British, Black Welsh, Caribbean or African: Caribbean",11,L15: Full-time students,13
E05013635,East Barnet,8,"Black, Black British, Black Welsh, Caribbean or African: Other Black",-8,Does not apply,64
E05013635,East Barnet,8,"Black, Black British, Black Welsh, Caribbean or African: Other Black",1,L1 and L2: Large employers and higher managerial and administrative occupations,7
E05013635,East Barnet,8,"Black, Black British, Black Welsh, Caribbean or African: Other Black",2,L3: Higher professional occupations,7
E05013635,East Barnet,8,"Black, Black British, Black Welsh, Caribbean or African: Other Black",3,"L4, L5 and L6: Lower managerial, administrative and professional occupations",14
E05013635,East Barnet,8,"Black, Black British, Black Welsh, Caribbean or African: Other Black",4,L7: Intermediate occupations,5
E05013635,East Barnet,8,"Black, Black British, Black Welsh, Caribbean or African: Other Black",5,L8 and L9: Small employers and own account workers,10
E05013635,East Barnet,8,"Black, Black British, Black Welsh, Caribbean or African: Other Black",6,L10 and L11: Lower supervisory and technical occupations,4
E05013635,East Barnet,8,"Black, Black British, Black Welsh, Caribbean or African: Other Black",7,L12: Semi-routine occupations,6
E05013635,East Barnet,8,"Black, Black British, Black Welsh, Caribbean or African: Other Black",8,L13: Routine occupations,3
E05013635,East Barnet,8,"Black, Black British, Black Welsh, Caribbean or African: Other Black",9,L14.1: Never worked,3
E05013635,East Barnet,8,"Black, Black British, Black Welsh, Caribbean or African: Other Black",10,L14.2: Long-term unemployed,4
E05013635,East Barnet,8,"Black, Black British, Black Welsh, Caribbean or African: Other Black",11,L15: Full-time students,15
E05013635,East Barnet,9,Mixed or Multiple ethnic groups: White and Asian,-8,Does not apply,136
E05013635,East Barnet,9,Mixed or Multiple ethnic groups: White and Asian,1,L1 and L2: Large employers and higher managerial and administrative occupations,10
E05013635,East Barnet,9,Mixed or Multiple ethnic groups: White and Asian,2,L3: Higher professional occupations,18
E05013635,East Barnet,9,Mixed or Multiple ethnic groups: White and Asian,3,"L4, L5 and L6: Lower managerial, administrative and professional occupations",33
E05013635,East Barnet,9,Mixed or Multiple ethnic groups: White and Asian,4,L7: Intermediate occupations,14
E05013635,East Barnet,9,Mixed or Multiple ethnic groups: White and Asian,5,L8 and L9: Small employers and own account workers,12
E05013635,East Barnet,9,Mixed or Multiple ethnic groups: White and Asian,6,L10 and L11: Lower supervisory and technical occupations,4
E05013635,East Barnet,9,Mixed or Multiple ethnic groups: White and Asian,7,L12: Semi-routine occupations,10
E05013635,East Barnet,9,Mixed or Multiple ethnic groups: White and Asian,8,L13: Routine occupations,7
E05013635,East Barnet,9,Mixed or Multiple ethnic groups: White and Asian,9,L14.1: Never worked,9
E05013635,East Barnet,9,Mixed or Multiple ethnic groups: White and Asian,10,L14.2: Long-term unemployed,2
E05013635,East Barnet,9,Mixed or Multiple ethnic groups: White and Asian,11,L15: Full-time students,24
E05013635,East Barnet,10,Mixed or Multiple ethnic groups: White and Black African,-8,Does not apply,84
E05013635,East Barnet,10,Mixed or Multiple ethnic groups: White and Black African,1,L1 and L2: Large employers and higher managerial and administrative occupations,3
E05013635,East Barnet,10,Mixed or Multiple ethnic groups: White and Black African,2,L3: Higher professional occupations,6
E05013635,East Barnet,10,Mixed or Multiple ethnic groups: White and Black African,3,"L4, L5 and L6: Lower managerial, administrative and professional occupations",15
E05013635,East Barnet,10,Mixed or Multiple ethnic groups: White and Black African,4,L7: Intermediate occupations,11
E05013635,East Barnet,10,Mixed or Multiple ethnic groups: White and Black African,5,L8 and L9: Small employers and own account workers,9
E05013635,East Barnet,10,Mixed or Multiple ethnic groups: White and Black African,6,L10 and L11: Lower supervisory and technical occupations,4
E05013635,East Barnet,10,Mixed or Multiple ethnic groups: White and Black African,7,L12: Semi-routine occupations,10
E05013635,East Barnet,10,Mixed or Multiple ethnic groups: White and Black African,8,L13: Routine occupations,3
E05013635,East Barnet,10,Mixed or Multiple ethnic groups: White and Black African,9,L14.1: Never worked,6
E05013635,East Barnet,10,Mixed or Multiple ethnic groups: White and Black African,10,L14.2: Long-term unemployed,4
E05013635,East Barnet,10,Mixed or Multiple ethnic groups: White and Black African,11,L15: Full-time students,9
E05013635,East Barnet,11,Mixed or Multiple ethnic groups: White and Black Caribbean,-8,Does not apply,119
E05013635,East Barnet,11,Mixed or Multiple ethnic groups: White and Black Caribbean,1,L1 and L2: Large employers and higher managerial and administrative occupations,0
E05013635,East Barnet,11,Mixed or Multiple ethnic groups: White and Black Caribbean,2,L3: Higher professional occupations,11
E05013635,East Barnet,11,Mixed or Multiple ethnic groups: White and Black Caribbean,3,"L4, L5 and L6: Lower managerial, administrative and professional occupations",28
E05013635,East Barnet,11,Mixed or Multiple ethnic groups: White and Black Caribbean,4,L7: Intermediate occupations,20
E05013635,East Barnet,11,Mixed or Multiple ethnic groups: White and Black Caribbean,5,L8 and L9: Small employers and own account workers,14
E05013635,East Barnet,11,Mixed or Multiple ethnic groups: White and Black Caribbean,6,L10 and L11: Lower supervisory and technical occupations,7
E05013635,East Barnet,11,Mixed or Multiple ethnic groups: White and Black Caribbean,7,L12: Semi-routine occupations,6
E05013635,East Barnet,11,Mixed or Multiple ethnic groups: White and Black Caribbean,8,L13: Routine occupations,20
E05013635,East Barnet,11,Mixed or Multiple ethnic groups: White and Black Caribbean,9,L14.1: Never worked,14
E05013635,East Barnet,11,Mixed or Multiple ethnic groups: White and Black Caribbean,10,L14.2: Long-term unemployed,6
E05013635,East Barnet,11,Mixed or Multiple ethnic groups: White and Black Caribbean,11,L15: Full-time students,36
E05013635,East Barnet,12,Mixed or Multiple ethnic groups: Other Mixed or Multiple ethnic groups,-8,Does not apply,206
E05013635,East Barnet,12,Mixed or Multiple ethnic groups: Other Mixed or Multiple ethnic groups,1,L1 and L2: Large employers and higher managerial and administrative occupations,10
E05013635,East Barnet,12,Mixed or Multiple ethnic groups: Other Mixed or Multiple ethnic groups,2,L3: Higher professional occupations,35
E05013635,East Barnet,12,Mixed or Multiple ethnic groups: Other Mixed or Multiple ethnic groups,3,"L4, L5 and L6: Lower managerial, administrative and professional occupations",63
E05013635,East Barnet,12,Mixed or Multiple ethnic groups: Other Mixed or Multiple ethnic groups,4,L7: Intermediate occupations,17
E05013635,East Barnet,12,Mixed or Multiple ethnic groups: Other Mixed or Multiple ethnic groups,5,L8 and L9: Small employers and own account workers,16
E05013635,East Barnet,12,Mixed or Multiple ethnic groups: Other Mixed or Multiple ethnic groups,6,L10 and L11: Lower supervisory and technical occupations,5
E05013635,East Barnet,12,Mixed or Multiple ethnic groups: Other Mixed or Multiple ethnic groups,7,L12: Semi-routine occupations,11
E05013635,East Barnet,12,Mixed or Multiple ethnic groups: Other Mixed or Multiple ethnic groups,8,L13: Routine occupations,10
E05013635,East Barnet,12,Mixed or Multiple ethnic groups: Other Mixed or Multiple ethnic groups,9,L14.1: Never worked,23
E05013635,East Barnet,12,Mixed or Multiple ethnic groups: Other Mixed or Multiple ethnic groups,10,L14.2: Long-term unemployed,3
E05013635,East Barnet,12,Mixed or Multiple ethnic groups: Other Mixed or Multiple ethnic groups,11,L15: Full-time students,40
E05013635,East Barnet,13,"White: English, Welsh, Scottish, Northern Irish or British",-8,Does not apply,1841
E05013635,East Barnet,13,"White: English, Welsh, Scottish, Northern Irish or British",1,L1 and L2: Large employers and higher managerial and administrative occupations,383
E05013635,East Barnet,13,"White: English, Welsh, Scottish, Northern Irish or British",2,L3: Higher professional occupations,803
E05013635,East Barnet,13,"White: English, Welsh, Scottish, Northern Irish or British",3,"L4, L5 and L6: Lower managerial, administrative and professional occupations",1722
E05013635,East Barnet,13,"White: English, Welsh, Scottish, Northern Irish or British",4,L7: Intermediate occupations,978
E05013635,East Barnet,13,"White: English, Welsh, Scottish, Northern Irish or British",5,L8 and L9: Small employers and own account workers,972
E05013635,East Barnet,13,"White: English, Welsh, Scottish, Northern Irish or British",6,L10 and L11: Lower supervisory and technical occupations,287
E05013635,East Barnet,13,"White: English, Welsh, Scottish, Northern Irish or British",7,L12: Semi-routine occupations,636
E05013635,East Barnet,13,"White: English, Welsh, Scottish, Northern Irish or British",8,L13: Routine occupations,490
E05013635,East Barnet,13,"White: English, Welsh, Scottish, Northern Irish or British",9,L14.1: Never worked,373
E05013635,East Barnet,13,"White: English, Welsh, Scottish, Northern Irish or British",10,L14.2: Long-term unemployed,93
E05013635,East Barnet,13,"White: English, Welsh, Scottish, Northern Irish or British",11,L15: Full-time students,466
E05013635,East Barnet,14,White: Irish,-8,Does not apply,24
E05013635,East Barnet,14,White: Irish,1,L1 and L2: Large employers and higher managerial and administrative occupations,18
E05013635,East Barnet,14,White: Irish,2,L3: Higher professional occupations,44
E05013635,East Barnet,14,White: Irish,3,"L4, L5 and L6: Lower managerial, administrative and professional occupations",83
E05013635,East Barnet,14,White: Irish,4,L7: Intermediate occupations,52
E05013635,East Barnet,14,White: Irish,5,L8 and L9: Small employers and own account workers,49
E05013635,East Barnet,14,White: Irish,6,L10 and L11: Lower supervisory and technical occupations,20
E05013635,East Barnet,14,White: Irish,7,L12: Semi-routine occupations,33
E05013635,East Barnet,14,White: Irish,8,L13: Routine occupations,23
E05013635,East Barnet,14,White: Irish,9,L14.1: Never worked,29
E05013635,East Barnet,14,White: Irish,10,L14.2: Long-term unemployed,4
E05013635,East Barnet,14,White: Irish,11,L15: Full-time students,12
E05013635,East Barnet,15,White: Gypsy or Irish Traveller,-8,Does not apply,15
E05013635,East Barnet,15,White: Gypsy or Irish Traveller,1,L1 and L2: Large employers and higher managerial and administrative occupations,0
E05013635,East Barnet,15,White: Gypsy or Irish Traveller,2,L3: Higher professional occupations,0
E05013635,East Barnet,15,White: Gypsy or Irish Traveller,3,"L4, L5 and L6: Lower managerial, administrative and professional occupations",1
E05013635,East Barnet,15,White: Gypsy or Irish Traveller,4,L7: Intermediate occupations,0
E05013635,East Barnet,15,White: Gypsy or Irish Traveller,5,L8 and L9: Small employers and own account workers,7
E05013635,East Barnet,15,White: Gypsy or Irish Traveller,6,L10 and L11: Lower supervisory and technical occupations,2
E05013635,East Barnet,15,White: Gypsy or Irish Traveller,7,L12: Semi-routine occupations,0
E05013635,East Barnet,15,White: Gypsy or Irish Traveller,8,L13: Routine occupations,4
E05013635,East Barnet,15,White: Gypsy or Irish Traveller,9,L14.1: Never worked,4
E05013635,East Barnet,15,White: Gypsy or Irish Traveller,10,L14.2: Long-term unemployed,0
E05013635,East Barnet,15,White: Gypsy or Irish Traveller,11,L15: Full-time students,0
E05013635,East Barnet,16,White: Roma,-8,Does not apply,4
E05013635,East Barnet,16,White: Roma,1,L1 and L2: Large employers and higher managerial and administrative occupations,0
E05013635,East Barnet,16,White: Roma,2,L3: Higher professional occupations,0
E05013635,East Barnet,16,White: Roma,3,"L4, L5 and L6: Lower managerial, administrative and professional occupations",5
E05013635,East Barnet,16,White: Roma,4,L7: Intermediate occupations,3
E05013635,East Barnet,16,White: Roma,5,L8 and L9: Small employers and own account workers,8
E05013635,East Barnet,16,White: Roma,6,L10 and L11: Lower supervisory and technical occupations,4
E05013635,East Barnet,16,White: Roma,7,L12: Semi-routine occupations,5
E05013635,East Barnet,16,White: Roma,8,L13: Routine occupations,8
E05013635,East Barnet,16,White: Roma,9,L14.1: Never worked,5
E05013635,East Barnet,16,White: Roma,10,L14.2: Long-term unemployed,0
E05013635,East Barnet,16,White: Roma,11,L15: Full-time students,3
E05013635,East Barnet,17,White: Other White,-8,Does not apply,510
E05013635,East Barnet,17,White: Other White,1,L1 and L2: Large employers and higher managerial and administrative occupations,106
E05013635,East Barnet,17,White: Other White,2,L3: Higher professional occupations,273
E05013635,East Barnet,17,White: Other White,3,"L4, L5 and L6: Lower managerial, administrative and professional occupations",444
E05013635,East Barnet,17,White: Other White,4,L7: Intermediate occupations,241
E05013635,East Barnet,17,White: Other White,5,L8 and L9: Small employers and own account workers,450
E05013635,East Barnet,17,White: Other White,6,L10 and L11: Lower supervisory and technical occupations,85
E05013635,East Barnet,17,White: Other White,7,L12: Semi-routine occupations,149
E05013635,East Barnet,17,White: Other White,8,L13: Routine occupations,205
E05013635,East Barnet,17,White: Other White,9,L14.1: Never worked,139
E05013635,East Barnet,17,White: Other White,10,L14.2: Long-term unemployed,29
E05013635,East Barnet,17,White: Other White,11,L15: Full-time students,160
E05013635,East Barnet,18,Other ethnic group: Arab,-8,Does not apply,35
E05013635,East Barnet,18,Other ethnic group: Arab,1,L1 and L2: Large employers and higher managerial and administrative occupations,4
E05013635,East Barnet,18,Other ethnic group: Arab,2,L3: Higher professional occupations,16
E05013635,East Barnet,18,Other ethnic group: Arab,3,"L4, L5 and L6: Lower managerial, administrative and professional occupations",12
E05013635,East Barnet,18,Other ethnic group: Arab,4,L7: Intermediate occupations,3
E05013635,East Barnet,18,Other ethnic group: Arab,5,L8 and L9: Small employers and own account workers,9
E05013635,East Barnet,18,Other ethnic group: Arab,6,L10 and L11: Lower supervisory and technical occupations,4
E05013635,East Barnet,18,Other ethnic group: Arab,7,L12: Semi-routine occupations,7
E05013635,East Barnet,18,Other ethnic group: Arab,8,L13: Routine occupations,6
E05013635,East Barnet,18,Other ethnic group: Arab,9,L14.1: Never worked,25
E05013635,East Barnet,18,Other ethnic group: Arab,10,L14.2: Long-term unemployed,1
E05013635,East Barnet,18,Other ethnic group: Arab,11,L15: Full-time students,14
E05013635,East Barnet,19,Other ethnic group: Any other ethnic group,-8,Does not apply,253
E05013635,East Barnet,19,Other ethnic group: Any other ethnic group,1,L1 and L2: Large employers and higher managerial and administrative occupations,36
E05013635,East Barnet,19,Other ethnic group: Any other ethnic group,2,L3: Higher professional occupations,150
E05013635,East Barnet,19,Other ethnic group: Any other ethnic group,3,"L4, L5 and L6: Lower managerial, administrative and professional occupations",205
E05013635,East Barnet,19,Other ethnic group: Any other ethnic group,4,L7: Intermediate occupations,116
E05013635,East Barnet,19,Other ethnic group: Any other ethnic group,5,L8 and L9: Small employers and own account workers,156
E05013635,East Barnet,19,Other ethnic group: Any other ethnic group,6,L10 and L11: Lower supervisory and technical occupations,33
E05013635,East Barnet,19,Other ethnic group: Any other ethnic group,7,L12: Semi-routine occupations,57
E05013635,East Barnet,19,Other ethnic group: Any other ethnic group,8,L13: Routine occupations,100
E05013635,East Barnet,19,Other ethnic group: Any other ethnic group,9,L14.1: Never worked,146
E05013635,East Barnet,19,Other ethnic group: Any other ethnic group,10,L14.2: Long-term unemployed,30
E05013635,East Barnet,19,Other ethnic group: Any other ethnic group,11,L15: Full-time students,104
E05013636,East Finchley,-8,Does not apply,-8,Does not apply,0
E05013636,East Finchley,-8,Does not apply,1,L1 and L2: Large employers and higher managerial and administrative occupations,0
E05013636,East Finchley,-8,Does not apply,2,L3: Higher professional occupations,0
E05013636,East Finchley,-8,Does not apply,3,"L4, L5 and L6: Lower managerial, administrative and professional occupations",0
E05013636,East Finchley,-8,Does not apply,4,L7: Intermediate occupations,0
E05013636,East Finchley,-8,Does not apply,5,L8 and L9: Small employers and own account workers,0
E05013636,East Finchley,-8,Does not apply,6,L10 and L11: Lower supervisory and technical occupations,0
E05013636,East Finchley,-8,Does not apply,7,L12: Semi-routine occupations,0
E05013636,East Finchley,-8,Does not apply,8,L13: Routine occupations,0
E05013636,East Finchley,-8,Does not apply,9,L14.1: Never worked,0
E05013636,East Finchley,-8,Does not apply,10,L14.2: Long-term unemployed,0
E05013636,East Finchley,-8,Does not apply,11,L15: Full-time students,0
E05013636,East Finchley,1,"Asian, Asian British or Asian Welsh: Bangladeshi",-8,Does not apply,48
E05013636,East Finchley,1,"Asian, Asian British or Asian Welsh: Bangladeshi",1,L1 and L2: Large employers and higher managerial and administrative occupations,3
E05013636,East Finchley,1,"Asian, Asian British or Asian Welsh: Bangladeshi",2,L3: Higher professional occupations,15
E05013636,East Finchley,1,"Asian, Asian British or Asian Welsh: Bangladeshi",3,"L4, L5 and L6: Lower managerial, administrative and professional occupations",21
E05013636,East Finchley,1,"Asian, Asian British or Asian Welsh: Bangladeshi",4,L7: Intermediate occupations,19
E05013636,East Finchley,1,"Asian, Asian British or Asian Welsh: Bangladeshi",5,L8 and L9: Small employers and own account workers,15
E05013636,East Finchley,1,"Asian, Asian British or Asian Welsh: Bangladeshi",6,L10 and L11: Lower supervisory and technical occupations,6
E05013636,East Finchley,1,"Asian, Asian British or Asian Welsh: Bangladeshi",7,L12: Semi-routine occupations,13
E05013636,East Finchley,1,"Asian, Asian British or Asian Welsh: Bangladeshi",8,L13: Routine occupations,6
E05013636,East Finchley,1,"Asian, Asian British or Asian Welsh: Bangladeshi",9,L14.1: Never worked,13
E05013636,East Finchley,1,"Asian, Asian British or Asian Welsh: Bangladeshi",10,L14.2: Long-term unemployed,2
E05013636,East Finchley,1,"Asian, Asian British or Asian Welsh: Bangladeshi",11,L15: Full-time students,17
E05013636,East Finchley,2,"Asian, Asian British or Asian Welsh: Chinese",-8,Does not apply,51
E05013636,East Finchley,2,"Asian, Asian British or Asian Welsh: Chinese",1,L1 and L2: Large employers and higher managerial and administrative occupations,12
E05013636,East Finchley,2,"Asian, Asian British or Asian Welsh: Chinese",2,L3: Higher professional occupations,45
E05013636,East Finchley,2,"Asian, Asian British or Asian Welsh: Chinese",3,"L4, L5 and L6: Lower managerial, administrative and professional occupations",35
E05013636,East Finchley,2,"Asian, Asian British or Asian Welsh: Chinese",4,L7: Intermediate occupations,25
E05013636,East Finchley,2,"Asian, Asian British or Asian Welsh: Chinese",5,L8 and L9: Small employers and own account workers,21
E05013636,East Finchley,2,"Asian, Asian British or Asian Welsh: Chinese",6,L10 and L11: Lower supervisory and technical occupations,6
E05013636,East Finchley,2,"Asian, Asian British or Asian Welsh: Chinese",7,L12: Semi-routine occupations,9
E05013636,East Finchley,2,"Asian, Asian British or Asian Welsh: Chinese",8,L13: Routine occupations,11
E05013636,East Finchley,2,"Asian, Asian British or Asian Welsh: Chinese",9,L14.1: Never worked,15
E05013636,East Finchley,2,"Asian, Asian British or Asian Welsh: Chinese",10,L14.2: Long-term unemployed,2
E05013636,East Finchley,2,"Asian, Asian British or Asian Welsh: Chinese",11,L15: Full-time students,11
E05013636,East Finchley,3,"Asian, Asian British or Asian Welsh: Indian",-8,Does not apply,91
E05013636,East Finchley,3,"Asian, Asian British or Asian Welsh: Indian",1,L1 and L2: Large employers and higher managerial and administrative occupations,64
E05013636,East Finchley,3,"Asian, Asian British or Asian Welsh: Indian",2,L3: Higher professional occupations,150
E05013636,East Finchley,3,"Asian, Asian British or Asian Welsh: Indian",3,"L4, L5 and L6: Lower managerial, administrative and professional occupations",154
E05013636,East Finchley,3,"Asian, Asian British or Asian Welsh: Indian",4,L7: Intermediate occupations,82
E05013636,East Finchley,3,"Asian, Asian British or Asian Welsh: Indian",5,L8 and L9: Small employers and own account workers,57
E05013636,East Finchley,3,"Asian, Asian British or Asian Welsh: Indian",6,L10 and L11: Lower supervisory and technical occupations,28
E05013636,East Finchley,3,"Asian, Asian British or Asian Welsh: Indian",7,L12: Semi-routine occupations,96
E05013636,East Finchley,3,"Asian, Asian British or Asian Welsh: Indian",8,L13: Routine occupations,47
E05013636,East Finchley,3,"Asian, Asian British or Asian Welsh: Indian",9,L14.1: Never worked,99
E05013636,East Finchley,3,"Asian, Asian British or Asian Welsh: Indian",10,L14.2: Long-term unemployed,23
E05013636,East Finchley,3,"Asian, Asian British or Asian Welsh: Indian",11,L15: Full-time students,39
E05013636,East Finchley,4,"Asian, Asian British or Asian Welsh: Pakistani",-8,Does not apply,29
E05013636,East Finchley,4,"Asian, Asian British or Asian Welsh: Pakistani",1,L1 and L2: Large employers and higher managerial and administrative occupations,9
E05013636,East Finchley,4,"Asian, Asian British or Asian Welsh: Pakistani",2,L3: Higher professional occupations,21
E05013636,East Finchley,4,"Asian, Asian British or Asian Welsh: Pakistani",3,"L4, L5 and L6: Lower managerial, administrative and professional occupations",27
E05013636,East Finchley,4,"Asian, Asian British or Asian Welsh: Pakistani",4,L7: Intermediate occupations,17
E05013636,East Finchley,4,"Asian, Asian British or Asian Welsh: Pakistani",5,L8 and L9: Small employers and own account workers,12
E05013636,East Finchley,4,"Asian, Asian British or Asian Welsh: Pakistani",6,L10 and L11: Lower supervisory and technical occupations,4
E05013636,East Finchley,4,"Asian, Asian British or Asian Welsh: Pakistani",7,L12: Semi-routine occupations,9
E05013636,East Finchley,4,"Asian, Asian British or Asian Welsh: Pakistani",8,L13: Routine occupations,6
E05013636,East Finchley,4,"Asian, Asian British or Asian Welsh: Pakistani",9,L14.1: Never worked,23
E05013636,East Finchley,4,"Asian, Asian British or Asian Welsh: Pakistani",10,L14.2: Long-term unemployed,5
E05013636,East Finchley,4,"Asian, Asian British or Asian Welsh: Pakistani",11,L15: Full-time students,4
E05013636,East Finchley,5,"Asian, Asian British or Asian Welsh: Other Asian",-8,Does not apply,129
E05013636,East Finchley,5,"Asian, Asian British or Asian Welsh: Other Asian",1,L1 and L2: Large employers and higher managerial and administrative occupations,11
E05013636,East Finchley,5,"Asian, Asian British or Asian Welsh: Other Asian",2,L3: Higher professional occupations,50
E05013636,East Finchley,5,"Asian, Asian British or Asian Welsh: Other Asian",3,"L4, L5 and L6: Lower managerial, administrative and professional occupations",95
E05013636,East Finchley,5,"Asian, Asian British or Asian Welsh: Other Asian",4,L7: Intermediate occupations,43
E05013636,East Finchley,5,"Asian, Asian British or Asian Welsh: Other Asian",5,L8 and L9: Small employers and own account workers,53
E05013636,East Finchley,5,"Asian, Asian British or Asian Welsh: Other Asian",6,L10 and L11: Lower supervisory and technical occupations,17
E05013636,East Finchley,5,"Asian, Asian British or Asian Welsh: Other Asian",7,L12: Semi-routine occupations,53
E05013636,East Finchley,5,"Asian, Asian British or Asian Welsh: Other Asian",8,L13: Routine occupations,41
E05013636,East Finchley,5,"Asian, Asian British or Asian Welsh: Other Asian",9,L14.1: Never worked,99
E05013636,East Finchley,5,"Asian, Asian British or Asian Welsh: Other Asian",10,L14.2: Long-term unemployed,5
E05013636,East Finchley,5,"Asian, Asian British or Asian Welsh: Other Asian",11,L15: Full-time students,61
E05013636,East Finchley,6,"Black, Black British, Black Welsh, Caribbean or African: African",-8,Does not apply,171
E05013636,East Finchley,6,"Black, Black British, Black Welsh, Caribbean or African: African",1,L1 and L2: Large employers and higher managerial and administrative occupations,17
E05013636,East Finchley,6,"Black, Black British, Black Welsh, Caribbean or African: African",2,L3: Higher professional occupations,57
E05013636,East Finchley,6,"Black, Black British, Black Welsh, Caribbean or African: African",3,"L4, L5 and L6: Lower managerial, administrative and professional occupations",103
E05013636,East Finchley,6,"Black, Black British, Black Welsh, Caribbean or African: African",4,L7: Intermediate occupations,62
E05013636,East Finchley,6,"Black, Black British, Black Welsh, Caribbean or African: African",5,L8 and L9: Small employers and own account workers,50
E05013636,East Finchley,6,"Black, Black British, Black Welsh, Caribbean or African: African",6,L10 and L11: Lower supervisory and technical occupations,21
E05013636,East Finchley,6,"Black, Black British, Black Welsh, Caribbean or African: African",7,L12: Semi-routine occupations,89
E05013636,East Finchley,6,"Black, Black British, Black Welsh, Caribbean or African: African",8,L13: Routine occupations,66
E05013636,East Finchley,6,"Black, Black British, Black Welsh, Caribbean or African: African",9,L14.1: Never worked,75
E05013636,East Finchley,6,"Black, Black British, Black Welsh, Caribbean or African: African",10,L14.2: Long-term unemployed,19
E05013636,East Finchley,6,"Black, Black British, Black Welsh, Caribbean or African: African",11,L15: Full-time students,126
E05013636,East Finchley,7,"Black, Black British, Black Welsh, Caribbean or African: Caribbean",-8,Does not apply,32
E05013636,East Finchley,7,"Black, Black British, Black Welsh, Caribbean or African: Caribbean",1,L1 and L2: Large employers and higher managerial and administrative occupations,5
E05013636,East Finchley,7,"Black, Black British, Black Welsh, Caribbean or African: Caribbean",2,L3: Higher professional occupations,20
E05013636,East Finchley,7,"Black, Black British, Black Welsh, Caribbean or African: Caribbean",3,"L4, L5 and L6: Lower managerial, administrative and professional occupations",33
E05013636,East Finchley,7,"Black, Black British, Black Welsh, Caribbean or African: Caribbean",4,L7: Intermediate occupations,21
E05013636,East Finchley,7,"Black, Black British, Black Welsh, Caribbean or African: Caribbean",5,L8 and L9: Small employers and own account workers,10
E05013636,East Finchley,7,"Black, Black British, Black Welsh, Caribbean or African: Caribbean",6,L10 and L11: Lower supervisory and technical occupations,7
E05013636,East Finchley,7,"Black, Black British, Black Welsh, Caribbean or African: Caribbean",7,L12: Semi-routine occupations,17
E05013636,East Finchley,7,"Black, Black British, Black Welsh, Caribbean or African: Caribbean",8,L13: Routine occupations,15
E05013636,East Finchley,7,"Black, Black British, Black Welsh, Caribbean or African: Caribbean",9,L14.1: Never worked,17
E05013636,East Finchley,7,"Black, Black British, Black Welsh, Caribbean or African: Caribbean",10,L14.2: Long-term unemployed,10
E05013636,East Finchley,7,"Black, Black British, Black Welsh, Caribbean or African: Caribbean",11,L15: Full-time students,12
E05013636,East Finchley,8,"Black, Black British, Black Welsh, Caribbean or African: Other Black",-8,Does not apply,32
E05013636,East Finchley,8,"Black, Black British, Black Welsh, Caribbean or African: Other Black",1,L1 and L2: Large employers and higher managerial and administrative occupations,4
E05013636,East Finchley,8,"Black, Black British, Black Welsh, Caribbean or African: Other Black",2,L3: Higher professional occupations,7
E05013636,East Finchley,8,"Black, Black British, Black Welsh, Caribbean or African: Other Black",3,"L4, L5 and L6: Lower managerial, administrative and professional occupations",15
E05013636,East Finchley,8,"Black, Black British, Black Welsh, Caribbean or African: Other Black",4,L7: Intermediate occupations,11
E05013636,East Finchley,8,"Black, Black British, Black Welsh, Caribbean or African: Other Black",5,L8 and L9: Small employers and own account workers,10
E05013636,East Finchley,8,"Black, Black British, Black Welsh, Caribbean or African: Other Black",6,L10 and L11: Lower supervisory and technical occupations,0
E05013636,East Finchley,8,"Black, Black British, Black Welsh, Caribbean or African: Other Black",7,L12: Semi-routine occupations,10
E05013636,East Finchley,8,"Black, Black British, Black Welsh, Caribbean or African: Other Black",8,L13: Routine occupations,4
E05013636,East Finchley,8,"Black, Black British, Black Welsh, Caribbean or African: Other Black",9,L14.1: Never worked,3
E05013636,East Finchley,8,"Black, Black British, Black Welsh, Caribbean or African: Other Black",10,L14.2: Long-term unemployed,4
E05013636,East Finchley,8,"Black, Black British, Black Welsh, Caribbean or African: Other Black",11,L15: Full-time students,15
E05013636,East Finchley,9,Mixed or Multiple ethnic groups: White and Asian,-8,Does not apply,165
E05013636,East Finchley,9,Mixed or Multiple ethnic groups: White and Asian,1,L1 and L2: Large employers and higher managerial and administrative occupations,11
E05013636,East Finchley,9,Mixed or Multiple ethnic groups: White and Asian,2,L3: Higher professional occupations,16
E05013636,East Finchley,9,Mixed or Multiple ethnic groups: White and Asian,3,"L4, L5 and L6: Lower managerial, administrative and professional occupations",38
E05013636,East Finchley,9,Mixed or Multiple ethnic groups: White and Asian,4,L7: Intermediate occupations,9
E05013636,East Finchley,9,Mixed or Multiple ethnic groups: White and Asian,5,L8 and L9: Small employers and own account workers,7
E05013636,East Finchley,9,Mixed or Multiple ethnic groups: White and Asian,6,L10 and L11: Lower supervisory and technical occupations,2
E05013636,East Finchley,9,Mixed or Multiple ethnic groups: White and Asian,7,L12: Semi-routine occupations,9
E05013636,East Finchley,9,Mixed or Multiple ethnic groups: White and Asian,8,L13: Routine occupations,7
E05013636,East Finchley,9,Mixed or Multiple ethnic groups: White and Asian,9,L14.1: Never worked,9
E05013636,East Finchley,9,Mixed or Multiple ethnic groups: White and Asian,10,L14.2: Long-term unemployed,3
E05013636,East Finchley,9,Mixed or Multiple ethnic groups: White and Asian,11,L15: Full-time students,42
E05013636,East Finchley,10,Mixed or Multiple ethnic groups: White and Black African,-8,Does not apply,52
E05013636,East Finchley,10,Mixed or Multiple ethnic groups: White and Black African,1,L1 and L2: Large employers and higher managerial and administrative occupations,2
E05013636,East Finchley,10,Mixed or Multiple ethnic groups: White and Black African,2,L3: Higher professional occupations,9
E05013636,East Finchley,10,Mixed or Multiple ethnic groups: White and Black African,3,"L4, L5 and L6: Lower managerial, administrative and professional occupations",19
E05013636,East Finchley,10,Mixed or Multiple ethnic groups: White and Black African,4,L7: Intermediate occupations,9
E05013636,East Finchley,10,Mixed or Multiple ethnic groups: White and Black African,5,L8 and L9: Small employers and own account workers,6
E05013636,East Finchley,10,Mixed or Multiple ethnic groups: White and Black African,6,L10 and L11: Lower supervisory and technical occupations,3
E05013636,East Finchley,10,Mixed or Multiple ethnic groups: White and Black African,7,L12: Semi-routine occupations,8
E05013636,East Finchley,10,Mixed or Multiple ethnic groups: White and Black African,8,L13: Routine occupations,11
E05013636,East Finchley,10,Mixed or Multiple ethnic groups: White and Black African,9,L14.1: Never worked,9
E05013636,East Finchley,10,Mixed or Multiple ethnic groups: White and Black African,10,L14.2: Long-term unemployed,4
E05013636,East Finchley,10,Mixed or Multiple ethnic groups: White and Black African,11,L15: Full-time students,21
E05013636,East Finchley,11,Mixed or Multiple ethnic groups: White and Black Caribbean,-8,Does not apply,67
E05013636,East Finchley,11,Mixed or Multiple ethnic groups: White and Black Caribbean,1,L1 and L2: Large employers and higher managerial and administrative occupations,7
E05013636,East Finchley,11,Mixed or Multiple ethnic groups: White and Black Caribbean,2,L3: Higher professional occupations,11
E05013636,East Finchley,11,Mixed or Multiple ethnic groups: White and Black Caribbean,3,"L4, L5 and L6: Lower managerial, administrative and professional occupations",36
E05013636,East Finchley,11,Mixed or Multiple ethnic groups: White and Black Caribbean,4,L7: Intermediate occupations,11
E05013636,East Finchley,11,Mixed or Multiple ethnic groups: White and Black Caribbean,5,L8 and L9: Small employers and own account workers,12
E05013636,East Finchley,11,Mixed or Multiple ethnic groups: White and Black Caribbean,6,L10 and L11: Lower supervisory and technical occupations,2
E05013636,East Finchley,11,Mixed or Multiple ethnic groups: White and Black Caribbean,7,L12: Semi-routine occupations,11
E05013636,East Finchley,11,Mixed or Multiple ethnic groups: White and Black Caribbean,8,L13: Routine occupations,6
E05013636,East Finchley,11,Mixed or Multiple ethnic groups: White and Black Caribbean,9,L14.1: Never worked,12
E05013636,East Finchley,11,Mixed or Multiple ethnic groups: White and Black Caribbean,10,L14.2: Long-term unemployed,1
E05013636,East Finchley,11,Mixed or Multiple ethnic groups: White and Black Caribbean,11,L15: Full-time students,18
E05013636,East Finchley,12,Mixed or Multiple ethnic groups: Other Mixed or Multiple ethnic groups,-8,Does not apply,159
E05013636,East Finchley,12,Mixed or Multiple ethnic groups: Other Mixed or Multiple ethnic groups,1,L1 and L2: Large employers and higher managerial and administrative occupations,19
E05013636,East Finchley,12,Mixed or Multiple ethnic groups: Other Mixed or Multiple ethnic groups,2,L3: Higher professional occupations,30
E05013636,East Finchley,12,Mixed or Multiple ethnic groups: Other Mixed or Multiple ethnic groups,3,"L4, L5 and L6: Lower managerial, administrative and professional occupations",69
E05013636,East Finchley,12,Mixed or Multiple ethnic groups: Other Mixed or Multiple ethnic groups,4,L7: Intermediate occupations,17
E05013636,East Finchley,12,Mixed or Multiple ethnic groups: Other Mixed or Multiple ethnic groups,5,L8 and L9: Small employers and own account workers,36
E05013636,East Finchley,12,Mixed or Multiple ethnic groups: Other Mixed or Multiple ethnic groups,6,L10 and L11: Lower supervisory and technical occupations,11
E05013636,East Finchley,12,Mixed or Multiple ethnic groups: Other Mixed or Multiple ethnic groups,7,L12: Semi-routine occupations,26
E05013636,East Finchley,12,Mixed or Multiple ethnic groups: Other Mixed or Multiple ethnic groups,8,L13: Routine occupations,9
E05013636,East Finchley,12,Mixed or Multiple ethnic groups: Other Mixed or Multiple ethnic groups,9,L14.1: Never worked,9
E05013636,East Finchley,12,Mixed or Multiple ethnic groups: Other Mixed or Multiple ethnic groups,10,L14.2: Long-term unemployed,8
E05013636,East Finchley,12,Mixed or Multiple ethnic groups: Other Mixed or Multiple ethnic groups,11,L15: Full-time students,29
E05013636,East Finchley,13,"White: English, Welsh, Scottish, Northern Irish or British",-8,Does not apply,1340
E05013636,East Finchley,13,"White: English, Welsh, Scottish, Northern Irish or British",1,L1 and L2: Large employers and higher managerial and administrative occupations,398
E05013636,East Finchley,13,"White: English, Welsh, Scottish, Northern Irish or British",2,L3: Higher professional occupations,989
E05013636,East Finchley,13,"White: English, Welsh, Scottish, Northern Irish or British",3,"L4, L5 and L6: Lower managerial, administrative and professional occupations",1614
E05013636,East Finchley,13,"White: English, Welsh, Scottish, Northern Irish or British",4,L7: Intermediate occupations,581
E05013636,East Finchley,13,"White: English, Welsh, Scottish, Northern Irish or British",5,L8 and L9: Small employers and own account workers,639
E05013636,East Finchley,13,"White: English, Welsh, Scottish, Northern Irish or British",6,L10 and L11: Lower supervisory and technical occupations,136
E05013636,East Finchley,13,"White: English, Welsh, Scottish, Northern Irish or British",7,L12: Semi-routine occupations,356
E05013636,East Finchley,13,"White: English, Welsh, Scottish, Northern Irish or British",8,L13: Routine occupations,318
E05013636,East Finchley,13,"White: English, Welsh, Scottish, Northern Irish or British",9,L14.1: Never worked,313
E05013636,East Finchley,13,"White: English, Welsh, Scottish, Northern Irish or British",10,L14.2: Long-term unemployed,77
E05013636,East Finchley,13,"White: English, Welsh, Scottish, Northern Irish or British",11,L15: Full-time students,360
E05013636,East Finchley,14,White: Irish,-8,Does not apply,11
E05013636,East Finchley,14,White: Irish,1,L1 and L2: Large employers and higher managerial and administrative occupations,28
E05013636,East Finchley,14,White: Irish,2,L3: Higher professional occupations,66
E05013636,East Finchley,14,White: Irish,3,"L4, L5 and L6: Lower managerial, administrative and professional occupations",161
E05013636,East Finchley,14,White: Irish,4,L7: Intermediate occupations,41
E05013636,East Finchley,14,White: Irish,5,L8 and L9: Small employers and own account workers,69
E05013636,East Finchley,14,White: Irish,6,L10 and L11: Lower supervisory and technical occupations,15
E05013636,East Finchley,14,White: Irish,7,L12: Semi-routine occupations,33
E05013636,East Finchley,14,White: Irish,8,L13: Routine occupations,33
E05013636,East Finchley,14,White: Irish,9,L14.1: Never worked,30
E05013636,East Finchley,14,White: Irish,10,L14.2: Long-term unemployed,1
E05013636,East Finchley,14,White: Irish,11,L15: Full-time students,10
E05013636,East Finchley,15,White: Gypsy or Irish Traveller,-8,Does not apply,0
E05013636,East Finchley,15,White: Gypsy or Irish Traveller,1,L1 and L2: Large employers and higher managerial and administrative occupations,0
E05013636,East Finchley,15,White: Gypsy or Irish Traveller,2,L3: Higher professional occupations,0
E05013636,East Finchley,15,White: Gypsy or Irish Traveller,3,"L4, L5 and L6: Lower managerial, administrative and professional occupations",0
E05013636,East Finchley,15,White: Gypsy or Irish Traveller,4,L7: Intermediate occupations,0
E05013636,East Finchley,15,White: Gypsy or Irish Traveller,5,L8 and L9: Small employers and own account workers,2
E05013636,East Finchley,15,White: Gypsy or Irish Traveller,6,L10 and L11: Lower supervisory and technical occupations,0
E05013636,East Finchley,15,White: Gypsy or Irish Traveller,7,L12: Semi-routine occupations,0
E05013636,East Finchley,15,White: Gypsy or Irish Traveller,8,L13: Routine occupations,0
E05013636,East Finchley,15,White: Gypsy or Irish Traveller,9,L14.1: Never worked,1
E05013636,East Finchley,15,White: Gypsy or Irish Traveller,10,L14.2: Long-term unemployed,0
E05013636,East Finchley,15,White: Gypsy or Irish Traveller,11,L15: Full-time students,0
E05013636,East Finchley,16,White: Roma,-8,Does not apply,3
E05013636,East Finchley,16,White: Roma,1,L1 and L2: Large employers and higher managerial and administrative occupations,0
E05013636,East Finchley,16,White: Roma,2,L3: Higher professional occupations,7
E05013636,East Finchley,16,White: Roma,3,"L4, L5 and L6: Lower managerial, administrative and professional occupations",12
E05013636,East Finchley,16,White: Roma,4,L7: Intermediate occupations,1
E05013636,East Finchley,16,White: Roma,5,L8 and L9: Small employers and own account workers,7
E05013636,East Finchley,16,White: Roma,6,L10 and L11: Lower supervisory and technical occupations,5
E05013636,East Finchley,16,White: Roma,7,L12: Semi-routine occupations,6
E05013636,East Finchley,16,White: Roma,8,L13: Routine occupations,4
E05013636,East Finchley,16,White: Roma,9,L14.1: Never worked,0
E05013636,East Finchley,16,White: Roma,10,L14.2: Long-term unemployed,2
E05013636,East Finchley,16,White: Roma,11,L15: Full-time students,4
E05013636,East Finchley,17,White: Other White,-8,Does not apply,537
E05013636,East Finchley,17,White: Other White,1,L1 and L2: Large employers and higher managerial and administrative occupations,155
E05013636,East Finchley,17,White: Other White,2,L3: Higher professional occupations,481
E05013636,East Finchley,17,White: Other White,3,"L4, L5 and L6: Lower managerial, administrative and professional occupations",657
E05013636,East Finchley,17,White: Other White,4,L7: Intermediate occupations,209
E05013636,East Finchley,17,White: Other White,5,L8 and L9: Small employers and own account workers,408
E05013636,East Finchley,17,White: Other White,6,L10 and L11: Lower supervisory and technical occupations,107
E05013636,East Finchley,17,White: Other White,7,L12: Semi-routine occupations,165
E05013636,East Finchley,17,White: Other White,8,L13: Routine occupations,186
E05013636,East Finchley,17,White: Other White,9,L14.1: Never worked,105
E05013636,East Finchley,17,White: Other White,10,L14.2: Long-term unemployed,44
E05013636,East Finchley,17,White: Other White,11,L15: Full-time students,214
E05013636,East Finchley,18,Other ethnic group: Arab,-8,Does not apply,50
E05013636,East Finchley,18,Other ethnic group: Arab,1,L1 and L2: Large employers and higher managerial and administrative occupations,2
E05013636,East Finchley,18,Other ethnic group: Arab,2,L3: Higher professional occupations,19
E05013636,East Finchley,18,Other ethnic group: Arab,3,"L4, L5 and L6: Lower managerial, administrative and professional occupations",19
E05013636,East Finchley,18,Other ethnic group: Arab,4,L7: Intermediate occupations,6
E05013636,East Finchley,18,Other ethnic group: Arab,5,L8 and L9: Small employers and own account workers,16
E05013636,East Finchley,18,Other ethnic group: Arab,6,L10 and L11: Lower supervisory and technical occupations,7
E05013636,East Finchley,18,Other ethnic group: Arab,7,L12: Semi-routine occupations,5
E05013636,East Finchley,18,Other ethnic group: Arab,8,L13: Routine occupations,4
E05013636,East Finchley,18,Other ethnic group: Arab,9,L14.1: Never worked,29
E05013636,East Finchley,18,Other ethnic group: Arab,10,L14.2: Long-term unemployed,1
E05013636,East Finchley,18,Other ethnic group: Arab,11,L15: Full-time students,17
E05013636,East Finchley,19,Other ethnic group: Any other ethnic group,-8,Does not apply,195
E05013636,East Finchley,19,Other ethnic group: Any other ethnic group,1,L1 and L2: Large employers and higher managerial and administrative occupations,39
E05013636,East Finchley,19,Other ethnic group: Any other ethnic group,2,L3: Higher professional occupations,144
E05013636,East Finchley,19,Other ethnic group: Any other ethnic group,3,"L4, L5 and L6: Lower managerial, administrative and professional occupations",195
E05013636,East Finchley,19,Other ethnic group: Any other ethnic group,4,L7: Intermediate occupations,43
E05013636,East Finchley,19,Other ethnic group: Any other ethnic group,5,L8 and L9: Small employers and own account workers,96
E05013636,East Finchley,19,Other ethnic group: Any other ethnic group,6,L10 and L11: Lower supervisory and technical occupations,27
E05013636,East Finchley,19,Other ethnic group: Any other ethnic group,7,L12: Semi-routine occupations,51
E05013636,East Finchley,19,Other ethnic group: Any other ethnic group,8,L13: Routine occupations,54
E05013636,East Finchley,19,Other ethnic group: Any other ethnic group,9,L14.1: Never worked,93
E05013636,East Finchley,19,Other ethnic group: Any other ethnic group,10,L14.2: Long-term unemployed,11
E05013636,East Finchley,19,Other ethnic group: Any other ethnic group,11,L15: Full-time students,133
E05013637,Edgware (Barnet),-8,Does not apply,-8,Does not apply,0
E05013637,Edgware (Barnet),-8,Does not apply,1,L1 and L2: Large employers and higher managerial and administrative occupations,0
E05013637,Edgware (Barnet),-8,Does not apply,2,L3: Higher professional occupations,0
E05013637,Edgware (Barnet),-8,Does not apply,3,"L4, L5 and L6: Lower managerial, administrative and professional occupations",0
E05013637,Edgware (Barnet),-8,Does not apply,4,L7: Intermediate occupations,0
E05013637,Edgware (Barnet),-8,Does not apply,5,L8 and L9: Small employers and own account workers,0
E05013637,Edgware (Barnet),-8,Does not apply,6,L10 and L11: Lower supervisory and technical occupations,0
E05013637,Edgware (Barnet),-8,Does not apply,7,L12: Semi-routine occupations,0
E05013637,Edgware (Barnet),-8,Does not apply,8,L13: Routine occupations,0
E05013637,Edgware (Barnet),-8,Does not apply,9,L14.1: Never worked,0
E05013637,Edgware (Barnet),-8,Does not apply,10,L14.2: Long-term unemployed,0
E05013637,Edgware (Barnet),-8,Does not apply,11,L15: Full-time students,0
E05013637,Edgware (Barnet),1,"Asian, Asian British or Asian Welsh: Bangladeshi",-8,Does not apply,32
E05013637,Edgware (Barnet),1,"Asian, Asian British or Asian Welsh: Bangladeshi",1,L1 and L2: Large employers and higher managerial and administrative occupations,3
E05013637,Edgware (Barnet),1,"Asian, Asian British or Asian Welsh: Bangladeshi",2,L3: Higher professional occupations,11
E05013637,Edgware (Barnet),1,"Asian, Asian British or Asian Welsh: Bangladeshi",3,"L4, L5 and L6: Lower managerial, administrative and professional occupations",30
E05013637,Edgware (Barnet),1,"Asian, Asian British or Asian Welsh: Bangladeshi",4,L7: Intermediate occupations,15
E05013637,Edgware (Barnet),1,"Asian, Asian British or Asian Welsh: Bangladeshi",5,L8 and L9: Small employers and own account workers,7
E05013637,Edgware (Barnet),1,"Asian, Asian British or Asian Welsh: Bangladeshi",6,L10 and L11: Lower supervisory and technical occupations,4
E05013637,Edgware (Barnet),1,"Asian, Asian British or Asian Welsh: Bangladeshi",7,L12: Semi-routine occupations,8
E05013637,Edgware (Barnet),1,"Asian, Asian British or Asian Welsh: Bangladeshi",8,L13: Routine occupations,1
E05013637,Edgware (Barnet),1,"Asian, Asian British or Asian Welsh: Bangladeshi",9,L14.1: Never worked,9
E05013637,Edgware (Barnet),1,"Asian, Asian British or Asian Welsh: Bangladeshi",10,L14.2: Long-term unemployed,2
E05013637,Edgware (Barnet),1,"Asian, Asian British or Asian Welsh: Bangladeshi",11,L15: Full-time students,21
E05013637,Edgware (Barnet),2,"Asian, Asian British or Asian Welsh: Chinese",-8,Does not apply,52
E05013637,Edgware (Barnet),2,"Asian, Asian British or Asian Welsh: Chinese",1,L1 and L2: Large employers and higher managerial and administrative occupations,19
E05013637,Edgware (Barnet),2,"Asian, Asian British or Asian Welsh: Chinese",2,L3: Higher professional occupations,83
E05013637,Edgware (Barnet),2,"Asian, Asian British or Asian Welsh: Chinese",3,"L4, L5 and L6: Lower managerial, administrative and professional occupations",96
E05013637,Edgware (Barnet),2,"Asian, Asian British or Asian Welsh: Chinese",4,L7: Intermediate occupations,27
E05013637,Edgware (Barnet),2,"Asian, Asian British or Asian Welsh: Chinese",5,L8 and L9: Small employers and own account workers,45
E05013637,Edgware (Barnet),2,"Asian, Asian British or Asian Welsh: Chinese",6,L10 and L11: Lower supervisory and technical occupations,16
E05013637,Edgware (Barnet),2,"Asian, Asian British or Asian Welsh: Chinese",7,L12: Semi-routine occupations,23
E05013637,Edgware (Barnet),2,"Asian, Asian British or Asian Welsh: Chinese",8,L13: Routine occupations,17
E05013637,Edgware (Barnet),2,"Asian, Asian British or Asian Welsh: Chinese",9,L14.1: Never worked,33
E05013637,Edgware (Barnet),2,"Asian, Asian British or Asian Welsh: Chinese",10,L14.2: Long-term unemployed,6
E05013637,Edgware (Barnet),2,"Asian, Asian British or Asian Welsh: Chinese",11,L15: Full-time students,23
E05013637,Edgware (Barnet),3,"Asian, Asian British or Asian Welsh: Indian",-8,Does not apply,360
E05013637,Edgware (Barnet),3,"Asian, Asian British or Asian Welsh: Indian",1,L1 and L2: Large employers and higher managerial and administrative occupations,187
E05013637,Edgware (Barnet),3,"Asian, Asian British or Asian Welsh: Indian",2,L3: Higher professional occupations,455
E05013637,Edgware (Barnet),3,"Asian, Asian British or Asian Welsh: Indian",3,"L4, L5 and L6: Lower managerial, administrative and professional occupations",510
E05013637,Edgware (Barnet),3,"Asian, Asian British or Asian Welsh: Indian",4,L7: Intermediate occupations,213
E05013637,Edgware (Barnet),3,"Asian, Asian British or Asian Welsh: Indian",5,L8 and L9: Small employers and own account workers,214
E05013637,Edgware (Barnet),3,"Asian, Asian British or Asian Welsh: Indian",6,L10 and L11: Lower supervisory and technical occupations,37
E05013637,Edgware (Barnet),3,"Asian, Asian British or Asian Welsh: Indian",7,L12: Semi-routine occupations,144
E05013637,Edgware (Barnet),3,"Asian, Asian British or Asian Welsh: Indian",8,L13: Routine occupations,70
E05013637,Edgware (Barnet),3,"Asian, Asian British or Asian Welsh: Indian",9,L14.1: Never worked,158
E05013637,Edgware (Barnet),3,"Asian, Asian British or Asian Welsh: Indian",10,L14.2: Long-term unemployed,23
E05013637,Edgware (Barnet),3,"Asian, Asian British or Asian Welsh: Indian",11,L15: Full-time students,110
E05013637,Edgware (Barnet),4,"Asian, Asian British or Asian Welsh: Pakistani",-8,Does not apply,90
E05013637,Edgware (Barnet),4,"Asian, Asian British or Asian Welsh: Pakistani",1,L1 and L2: Large employers and higher managerial and administrative occupations,28
E05013637,Edgware (Barnet),4,"Asian, Asian British or Asian Welsh: Pakistani",2,L3: Higher professional occupations,48
E05013637,Edgware (Barnet),4,"Asian, Asian British or Asian Welsh: Pakistani",3,"L4, L5 and L6: Lower managerial, administrative and professional occupations",73
E05013637,Edgware (Barnet),4,"Asian, Asian British or Asian Welsh: Pakistani",4,L7: Intermediate occupations,38
E05013637,Edgware (Barnet),4,"Asian, Asian British or Asian Welsh: Pakistani",5,L8 and L9: Small employers and own account workers,40
E05013637,Edgware (Barnet),4,"Asian, Asian British or Asian Welsh: Pakistani",6,L10 and L11: Lower supervisory and technical occupations,3
E05013637,Edgware (Barnet),4,"Asian, Asian British or Asian Welsh: Pakistani",7,L12: Semi-routine occupations,27
E05013637,Edgware (Barnet),4,"Asian, Asian British or Asian Welsh: Pakistani",8,L13: Routine occupations,13
E05013637,Edgware (Barnet),4,"Asian, Asian British or Asian Welsh: Pakistani",9,L14.1: Never worked,38
E05013637,Edgware (Barnet),4,"Asian, Asian British or Asian Welsh: Pakistani",10,L14.2: Long-term unemployed,0
E05013637,Edgware (Barnet),4,"Asian, Asian British or Asian Welsh: Pakistani",11,L15: Full-time students,57
E05013637,Edgware (Barnet),5,"Asian, Asian British or Asian Welsh: Other Asian",-8,Does not apply,271
E05013637,Edgware (Barnet),5,"Asian, Asian British or Asian Welsh: Other Asian",1,L1 and L2: Large employers and higher managerial and administrative occupations,39
E05013637,Edgware (Barnet),5,"Asian, Asian British or Asian Welsh: Other Asian",2,L3: Higher professional occupations,92
E05013637,Edgware (Barnet),5,"Asian, Asian British or Asian Welsh: Other Asian",3,"L4, L5 and L6: Lower managerial, administrative and professional occupations",146
E05013637,Edgware (Barnet),5,"Asian, Asian British or Asian Welsh: Other Asian",4,L7: Intermediate occupations,75
E05013637,Edgware (Barnet),5,"Asian, Asian British or Asian Welsh: Other Asian",5,L8 and L9: Small employers and own account workers,110
E05013637,Edgware (Barnet),5,"Asian, Asian British or Asian Welsh: Other Asian",6,L10 and L11: Lower supervisory and technical occupations,41
E05013637,Edgware (Barnet),5,"Asian, Asian British or Asian Welsh: Other Asian",7,L12: Semi-routine occupations,101
E05013637,Edgware (Barnet),5,"Asian, Asian British or Asian Welsh: Other Asian",8,L13: Routine occupations,47
E05013637,Edgware (Barnet),5,"Asian, Asian British or Asian Welsh: Other Asian",9,L14.1: Never worked,143
E05013637,Edgware (Barnet),5,"Asian, Asian British or Asian Welsh: Other Asian",10,L14.2: Long-term unemployed,19
E05013637,Edgware (Barnet),5,"Asian, Asian British or Asian Welsh: Other Asian",11,L15: Full-time students,76
E05013637,Edgware (Barnet),6,"Black, Black British, Black Welsh, Caribbean or African: African",-8,Does not apply,236
E05013637,Edgware (Barnet),6,"Black, Black British, Black Welsh, Caribbean or African: African",1,L1 and L2: Large employers and higher managerial and administrative occupations,20
E05013637,Edgware (Barnet),6,"Black, Black British, Black Welsh, Caribbean or African: African",2,L3: Higher professional occupations,97
E05013637,Edgware (Barnet),6,"Black, Black British, Black Welsh, Caribbean or African: African",3,"L4, L5 and L6: Lower managerial, administrative and professional occupations",175
E05013637,Edgware (Barnet),6,"Black, Black British, Black Welsh, Caribbean or African: African",4,L7: Intermediate occupations,51
E05013637,Edgware (Barnet),6,"Black, Black British, Black Welsh, Caribbean or African: African",5,L8 and L9: Small employers and own account workers,68
E05013637,Edgware (Barnet),6,"Black, Black British, Black Welsh, Caribbean or African: African",6,L10 and L11: Lower supervisory and technical occupations,27
E05013637,Edgware (Barnet),6,"Black, Black British, Black Welsh, Caribbean or African: African",7,L12: Semi-routine occupations,83
E05013637,Edgware (Barnet),6,"Black, Black British, Black Welsh, Caribbean or African: African",8,L13: Routine occupations,83
E05013637,Edgware (Barnet),6,"Black, Black British, Black Welsh, Caribbean or African: African",9,L14.1: Never worked,62
E05013637,Edgware (Barnet),6,"Black, Black British, Black Welsh, Caribbean or African: African",10,L14.2: Long-term unemployed,12
E05013637,Edgware (Barnet),6,"Black, Black British, Black Welsh, Caribbean or African: African",11,L15: Full-time students,129
E05013637,Edgware (Barnet),7,"Black, Black British, Black Welsh, Caribbean or African: Caribbean",-8,Does not apply,31
E05013637,Edgware (Barnet),7,"Black, Black British, Black Welsh, Caribbean or African: Caribbean",1,L1 and L2: Large employers and higher managerial and administrative occupations,5
E05013637,Edgware (Barnet),7,"Black, Black British, Black Welsh, Caribbean or African: Caribbean",2,L3: Higher professional occupations,19
E05013637,Edgware (Barnet),7,"Black, Black British, Black Welsh, Caribbean or African: Caribbean",3,"L4, L5 and L6: Lower managerial, administrative and professional occupations",56
E05013637,Edgware (Barnet),7,"Black, Black British, Black Welsh, Caribbean or African: Caribbean",4,L7: Intermediate occupations,36
E05013637,Edgware (Barnet),7,"Black, Black British, Black Welsh, Caribbean or African: Caribbean",5,L8 and L9: Small employers and own account workers,19
E05013637,Edgware (Barnet),7,"Black, Black British, Black Welsh, Caribbean or African: Caribbean",6,L10 and L11: Lower supervisory and technical occupations,8
E05013637,Edgware (Barnet),7,"Black, Black British, Black Welsh, Caribbean or African: Caribbean",7,L12: Semi-routine occupations,45
E05013637,Edgware (Barnet),7,"Black, Black British, Black Welsh, Caribbean or African: Caribbean",8,L13: Routine occupations,17
E05013637,Edgware (Barnet),7,"Black, Black British, Black Welsh, Caribbean or African: Caribbean",9,L14.1: Never worked,21
E05013637,Edgware (Barnet),7,"Black, Black British, Black Welsh, Caribbean or African: Caribbean",10,L14.2: Long-term unemployed,5
E05013637,Edgware (Barnet),7,"Black, Black British, Black Welsh, Caribbean or African: Caribbean",11,L15: Full-time students,15
E05013637,Edgware (Barnet),8,"Black, Black British, Black Welsh, Caribbean or African: Other Black",-8,Does not apply,64
E05013637,Edgware (Barnet),8,"Black, Black British, Black Welsh, Caribbean or African: Other Black",1,L1 and L2: Large employers and higher managerial and administrative occupations,3
E05013637,Edgware (Barnet),8,"Black, Black British, Black Welsh, Caribbean or African: Other Black",2,L3: Higher professional occupations,11
E05013637,Edgware (Barnet),8,"Black, Black British, Black Welsh, Caribbean or African: Other Black",3,"L4, L5 and L6: Lower managerial, administrative and professional occupations",26
E05013637,Edgware (Barnet),8,"Black, Black British, Black Welsh, Caribbean or African: Other Black",4,L7: Intermediate occupations,11
E05013637,Edgware (Barnet),8,"Black, Black British, Black Welsh, Caribbean or African: Other Black",5,L8 and L9: Small employers and own account workers,2
E05013637,Edgware (Barnet),8,"Black, Black British, Black Welsh, Caribbean or African: Other Black",6,L10 and L11: Lower supervisory and technical occupations,5
E05013637,Edgware (Barnet),8,"Black, Black British, Black Welsh, Caribbean or African: Other Black",7,L12: Semi-routine occupations,6
E05013637,Edgware (Barnet),8,"Black, Black British, Black Welsh, Caribbean or African: Other Black",8,L13: Routine occupations,6
E05013637,Edgware (Barnet),8,"Black, Black British, Black Welsh, Caribbean or African: Other Black",9,L14.1: Never worked,5
E05013637,Edgware (Barnet),8,"Black, Black British, Black Welsh, Caribbean or African: Other Black",10,L14.2: Long-term unemployed,2
E05013637,Edgware (Barnet),8,"Black, Black British, Black Welsh, Caribbean or African: Other Black",11,L15: Full-time students,10
E05013637,Edgware (Barnet),9,Mixed or Multiple ethnic groups: White and Asian,-8,Does not apply,118
E05013637,Edgware (Barnet),9,Mixed or Multiple ethnic groups: White and Asian,1,L1 and L2: Large employers and higher managerial and administrative occupations,4
E05013637,Edgware (Barnet),9,Mixed or Multiple ethnic groups: White and Asian,2,L3: Higher professional occupations,20
E05013637,Edgware (Barnet),9,Mixed or Multiple ethnic groups: White and Asian,3,"L4, L5 and L6: Lower managerial, administrative and professional occupations",18
E05013637,Edgware (Barnet),9,Mixed or Multiple ethnic groups: White and Asian,4,L7: Intermediate occupations,6
E05013637,Edgware (Barnet),9,Mixed or Multiple ethnic groups: White and Asian,5,L8 and L9: Small employers and own account workers,8
E05013637,Edgware (Barnet),9,Mixed or Multiple ethnic groups: White and Asian,6,L10 and L11: Lower supervisory and technical occupations,2
E05013637,Edgware (Barnet),9,Mixed or Multiple ethnic groups: White and Asian,7,L12: Semi-routine occupations,7
E05013637,Edgware (Barnet),9,Mixed or Multiple ethnic groups: White and Asian,8,L13: Routine occupations,6
E05013637,Edgware (Barnet),9,Mixed or Multiple ethnic groups: White and Asian,9,L14.1: Never worked,6
E05013637,Edgware (Barnet),9,Mixed or Multiple ethnic groups: White and Asian,10,L14.2: Long-term unemployed,5
E05013637,Edgware (Barnet),9,Mixed or Multiple ethnic groups: White and Asian,11,L15: Full-time students,25
E05013637,Edgware (Barnet),10,Mixed or Multiple ethnic groups: White and Black African,-8,Does not apply,51
E05013637,Edgware (Barnet),10,Mixed or Multiple ethnic groups: White and Black African,1,L1 and L2: Large employers and higher managerial and administrative occupations,2
E05013637,Edgware (Barnet),10,Mixed or Multiple ethnic groups: White and Black African,2,L3: Higher professional occupations,4
E05013637,Edgware (Barnet),10,Mixed or Multiple ethnic groups: White and Black African,3,"L4, L5 and L6: Lower managerial, administrative and professional occupations",16
E05013637,Edgware (Barnet),10,Mixed or Multiple ethnic groups: White and Black African,4,L7: Intermediate occupations,7
E05013637,Edgware (Barnet),10,Mixed or Multiple ethnic groups: White and Black African,5,L8 and L9: Small employers and own account workers,7
E05013637,Edgware (Barnet),10,Mixed or Multiple ethnic groups: White and Black African,6,L10 and L11: Lower supervisory and technical occupations,8
E05013637,Edgware (Barnet),10,Mixed or Multiple ethnic groups: White and Black African,7,L12: Semi-routine occupations,9
E05013637,Edgware (Barnet),10,Mixed or Multiple ethnic groups: White and Black African,8,L13: Routine occupations,11
E05013637,Edgware (Barnet),10,Mixed or Multiple ethnic groups: White and Black African,9,L14.1: Never worked,5
E05013637,Edgware (Barnet),10,Mixed or Multiple ethnic groups: White and Black African,10,L14.2: Long-term unemployed,1
E05013637,Edgware (Barnet),10,Mixed or Multiple ethnic groups: White and Black African,11,L15: Full-time students,14
E05013637,Edgware (Barnet),11,Mixed or Multiple ethnic groups: White and Black Caribbean,-8,Does not apply,60
E05013637,Edgware (Barnet),11,Mixed or Multiple ethnic groups: White and Black Caribbean,1,L1 and L2: Large employers and higher managerial and administrative occupations,2
E05013637,Edgware (Barnet),11,Mixed or Multiple ethnic groups: White and Black Caribbean,2,L3: Higher professional occupations,4
E05013637,Edgware (Barnet),11,Mixed or Multiple ethnic groups: White and Black Caribbean,3,"L4, L5 and L6: Lower managerial, administrative and professional occupations",17
E05013637,Edgware (Barnet),11,Mixed or Multiple ethnic groups: White and Black Caribbean,4,L7: Intermediate occupations,2
E05013637,Edgware (Barnet),11,Mixed or Multiple ethnic groups: White and Black Caribbean,5,L8 and L9: Small employers and own account workers,7
E05013637,Edgware (Barnet),11,Mixed or Multiple ethnic groups: White and Black Caribbean,6,L10 and L11: Lower supervisory and technical occupations,3
E05013637,Edgware (Barnet),11,Mixed or Multiple ethnic groups: White and Black Caribbean,7,L12: Semi-routine occupations,7
E05013637,Edgware (Barnet),11,Mixed or Multiple ethnic groups: White and Black Caribbean,8,L13: Routine occupations,6
E05013637,Edgware (Barnet),11,Mixed or Multiple ethnic groups: White and Black Caribbean,9,L14.1: Never worked,7
E05013637,Edgware (Barnet),11,Mixed or Multiple ethnic groups: White and Black Caribbean,10,L14.2: Long-term unemployed,2
E05013637,Edgware (Barnet),11,Mixed or Multiple ethnic groups: White and Black Caribbean,11,L15: Full-time students,11
E05013637,Edgware (Barnet),12,Mixed or Multiple ethnic groups: Other Mixed or Multiple ethnic groups,-8,Does not apply,104
E05013637,Edgware (Barnet),12,Mixed or Multiple ethnic groups: Other Mixed or Multiple ethnic groups,1,L1 and L2: Large employers and higher managerial and administrative occupations,16
E05013637,Edgware (Barnet),12,Mixed or Multiple ethnic groups: Other Mixed or Multiple ethnic groups,2,L3: Higher professional occupations,19
E05013637,Edgware (Barnet),12,Mixed or Multiple ethnic groups: Other Mixed or Multiple ethnic groups,3,"L4, L5 and L6: Lower managerial, administrative and professional occupations",22
E05013637,Edgware (Barnet),12,Mixed or Multiple ethnic groups: Other Mixed or Multiple ethnic groups,4,L7: Intermediate occupations,18
E05013637,Edgware (Barnet),12,Mixed or Multiple ethnic groups: Other Mixed or Multiple ethnic groups,5,L8 and L9: Small employers and own account workers,21
E05013637,Edgware (Barnet),12,Mixed or Multiple ethnic groups: Other Mixed or Multiple ethnic groups,6,L10 and L11: Lower supervisory and technical occupations,0
E05013637,Edgware (Barnet),12,Mixed or Multiple ethnic groups: Other Mixed or Multiple ethnic groups,7,L12: Semi-routine occupations,16
E05013637,Edgware (Barnet),12,Mixed or Multiple ethnic groups: Other Mixed or Multiple ethnic groups,8,L13: Routine occupations,15
E05013637,Edgware (Barnet),12,Mixed or Multiple ethnic groups: Other Mixed or Multiple ethnic groups,9,L14.1: Never worked,39
E05013637,Edgware (Barnet),12,Mixed or Multiple ethnic groups: Other Mixed or Multiple ethnic groups,10,L14.2: Long-term unemployed,4
E05013637,Edgware (Barnet),12,Mixed or Multiple ethnic groups: Other Mixed or Multiple ethnic groups,11,L15: Full-time students,27
E05013637,Edgware (Barnet),13,"White: English, Welsh, Scottish, Northern Irish or British",-8,Does not apply,1699
E05013637,Edgware (Barnet),13,"White: English, Welsh, Scottish, Northern Irish or British",1,L1 and L2: Large employers and higher managerial and administrative occupations,361
E05013637,Edgware (Barnet),13,"White: English, Welsh, Scottish, Northern Irish or British",2,L3: Higher professional occupations,784
E05013637,Edgware (Barnet),13,"White: English, Welsh, Scottish, Northern Irish or British",3,"L4, L5 and L6: Lower managerial, administrative and professional occupations",1275
E05013637,Edgware (Barnet),13,"White: English, Welsh, Scottish, Northern Irish or British",4,L7: Intermediate occupations,790
E05013637,Edgware (Barnet),13,"White: English, Welsh, Scottish, Northern Irish or British",5,L8 and L9: Small employers and own account workers,873
E05013637,Edgware (Barnet),13,"White: English, Welsh, Scottish, Northern Irish or British",6,L10 and L11: Lower supervisory and technical occupations,131
E05013637,Edgware (Barnet),13,"White: English, Welsh, Scottish, Northern Irish or British",7,L12: Semi-routine occupations,414
E05013637,Edgware (Barnet),13,"White: English, Welsh, Scottish, Northern Irish or British",8,L13: Routine occupations,250
E05013637,Edgware (Barnet),13,"White: English, Welsh, Scottish, Northern Irish or British",9,L14.1: Never worked,303
E05013637,Edgware (Barnet),13,"White: English, Welsh, Scottish, Northern Irish or British",10,L14.2: Long-term unemployed,70
E05013637,Edgware (Barnet),13,"White: English, Welsh, Scottish, Northern Irish or British",11,L15: Full-time students,316
E05013637,Edgware (Barnet),14,White: Irish,-8,Does not apply,10
E05013637,Edgware (Barnet),14,White: Irish,1,L1 and L2: Large employers and higher managerial and administrative occupations,16
E05013637,Edgware (Barnet),14,White: Irish,2,L3: Higher professional occupations,21
E05013637,Edgware (Barnet),14,White: Irish,3,"L4, L5 and L6: Lower managerial, administrative and professional occupations",57
E05013637,Edgware (Barnet),14,White: Irish,4,L7: Intermediate occupations,26
E05013637,Edgware (Barnet),14,White: Irish,5,L8 and L9: Small employers and own account workers,36
E05013637,Edgware (Barnet),14,White: Irish,6,L10 and L11: Lower supervisory and technical occupations,2
E05013637,Edgware (Barnet),14,White: Irish,7,L12: Semi-routine occupations,14
E05013637,Edgware (Barnet),14,White: Irish,8,L13: Routine occupations,11
E05013637,Edgware (Barnet),14,White: Irish,9,L14.1: Never worked,4
E05013637,Edgware (Barnet),14,White: Irish,10,L14.2: Long-term unemployed,1
E05013637,Edgware (Barnet),14,White: Irish,11,L15: Full-time students,6
E05013637,Edgware (Barnet),15,White: Gypsy or Irish Traveller,-8,Does not apply,0
E05013637,Edgware (Barnet),15,White: Gypsy or Irish Traveller,1,L1 and L2: Large employers and higher managerial and administrative occupations,0
E05013637,Edgware (Barnet),15,White: Gypsy or Irish Traveller,2,L3: Higher professional occupations,1
E05013637,Edgware (Barnet),15,White: Gypsy or Irish Traveller,3,"L4, L5 and L6: Lower managerial, administrative and professional occupations",0
E05013637,Edgware (Barnet),15,White: Gypsy or Irish Traveller,4,L7: Intermediate occupations,0
E05013637,Edgware (Barnet),15,White: Gypsy or Irish Traveller,5,L8 and L9: Small employers and own account workers,0
E05013637,Edgware (Barnet),15,White: Gypsy or Irish Traveller,6,L10 and L11: Lower supervisory and technical occupations,0
E05013637,Edgware (Barnet),15,White: Gypsy or Irish Traveller,7,L12: Semi-routine occupations,0
E05013637,Edgware (Barnet),15,White: Gypsy or Irish Traveller,8,L13: Routine occupations,1
E05013637,Edgware (Barnet),15,White: Gypsy or Irish Traveller,9,L14.1: Never worked,1
E05013637,Edgware (Barnet),15,White: Gypsy or Irish Traveller,10,L14.2: Long-term unemployed,0
E05013637,Edgware (Barnet),15,White: Gypsy or Irish Traveller,11,L15: Full-time students,0
E05013637,Edgware (Barnet),16,White: Roma,-8,Does not apply,11
E05013637,Edgware (Barnet),16,White: Roma,1,L1 and L2: Large employers and higher managerial and administrative occupations,0
E05013637,Edgware (Barnet),16,White: Roma,2,L3: Higher professional occupations,1
E05013637,Edgware (Barnet),16,White: Roma,3,"L4, L5 and L6: Lower managerial, administrative and professional occupations",2
E05013637,Edgware (Barnet),16,White: Roma,4,L7: Intermediate occupations,0
E05013637,Edgware (Barnet),16,White: Roma,5,L8 and L9: Small employers and own account workers,30
E05013637,Edgware (Barnet),16,White: Roma,6,L10 and L11: Lower supervisory and technical occupations,2
E05013637,Edgware (Barnet),16,White: Roma,7,L12: Semi-routine occupations,2
E05013637,Edgware (Barnet),16,White: Roma,8,L13: Routine occupations,8
E05013637,Edgware (Barnet),16,White: Roma,9,L14.1: Never worked,1
E05013637,Edgware (Barnet),16,White: Roma,10,L14.2: Long-term unemployed,2
E05013637,Edgware (Barnet),16,White: Roma,11,L15: Full-time students,5
E05013637,Edgware (Barnet),17,White: Other White,-8,Does not apply,612
E05013637,Edgware (Barnet),17,White: Other White,1,L1 and L2: Large employers and higher managerial and administrative occupations,130
E05013637,Edgware (Barnet),17,White: Other White,2,L3: Higher professional occupations,273
E05013637,Edgware (Barnet),17,White: Other White,3,"L4, L5 and L6: Lower managerial, administrative and professional occupations",480
E05013637,Edgware (Barnet),17,White: Other White,4,L7: Intermediate occupations,266
E05013637,Edgware (Barnet),17,White: Other White,5,L8 and L9: Small employers and own account workers,832
E05013637,Edgware (Barnet),17,White: Other White,6,L10 and L11: Lower supervisory and technical occupations,113
E05013637,Edgware (Barnet),17,White: Other White,7,L12: Semi-routine occupations,221
E05013637,Edgware (Barnet),17,White: Other White,8,L13: Routine occupations,218
E05013637,Edgware (Barnet),17,White: Other White,9,L14.1: Never worked,150
E05013637,Edgware (Barnet),17,White: Other White,10,L14.2: Long-term unemployed,30
E05013637,Edgware (Barnet),17,White: Other White,11,L15: Full-time students,229
E05013637,Edgware (Barnet),18,Other ethnic group: Arab,-8,Does not apply,131
E05013637,Edgware (Barnet),18,Other ethnic group: Arab,1,L1 and L2: Large employers and higher managerial and administrative occupations,4
E05013637,Edgware (Barnet),18,Other ethnic group: Arab,2,L3: Higher professional occupations,24
E05013637,Edgware (Barnet),18,Other ethnic group: Arab,3,"L4, L5 and L6: Lower managerial, administrative and professional occupations",33
E05013637,Edgware (Barnet),18,Other ethnic group: Arab,4,L7: Intermediate occupations,11
E05013637,Edgware (Barnet),18,Other ethnic group: Arab,5,L8 and L9: Small employers and own account workers,25
E05013637,Edgware (Barnet),18,Other ethnic group: Arab,6,L10 and L11: Lower supervisory and technical occupations,8
E05013637,Edgware (Barnet),18,Other ethnic group: Arab,7,L12: Semi-routine occupations,13
E05013637,Edgware (Barnet),18,Other ethnic group: Arab,8,L13: Routine occupations,20
E05013637,Edgware (Barnet),18,Other ethnic group: Arab,9,L14.1: Never worked,71
E05013637,Edgware (Barnet),18,Other ethnic group: Arab,10,L14.2: Long-term unemployed,4
E05013637,Edgware (Barnet),18,Other ethnic group: Arab,11,L15: Full-time students,47
E05013637,Edgware (Barnet),19,Other ethnic group: Any other ethnic group,-8,Does not apply,388
E05013637,Edgware (Barnet),19,Other ethnic group: Any other ethnic group,1,L1 and L2: Large employers and higher managerial and administrative occupations,77
E05013637,Edgware (Barnet),19,Other ethnic group: Any other ethnic group,2,L3: Higher professional occupations,155
E05013637,Edgware (Barnet),19,Other ethnic group: Any other ethnic group,3,"L4, L5 and L6: Lower managerial, administrative and professional occupations",260
E05013637,Edgware (Barnet),19,Other ethnic group: Any other ethnic group,4,L7: Intermediate occupations,115
E05013637,Edgware (Barnet),19,Other ethnic group: Any other ethnic group,5,L8 and L9: Small employers and own account workers,166
E05013637,Edgware (Barnet),19,Other ethnic group: Any other ethnic group,6,L10 and L11: Lower supervisory and technical occupations,23
E05013637,Edgware (Barnet),19,Other ethnic group: Any other ethnic group,7,L12: Semi-routine occupations,77
E05013637,Edgware (Barnet),19,Other ethnic group: Any other ethnic group,8,L13: Routine occupations,61
E05013637,Edgware (Barnet),19,Other ethnic group: Any other ethnic group,9,L14.1: Never worked,115
E05013637,Edgware (Barnet),19,Other ethnic group: Any other ethnic group,10,L14.2: Long-term unemployed,20
E05013637,Edgware (Barnet),19,Other ethnic group: Any other ethnic group,11,L15: Full-time students,119
E05013638,Edgwarebury,-8,Does not apply,-8,Does not apply,0
E05013638,Edgwarebury,-8,Does not apply,1,L1 and L2: Large employers and higher managerial and administrative occupations,0
E05013638,Edgwarebury,-8,Does not apply,2,L3: Higher professional occupations,0
E05013638,Edgwarebury,-8,Does not apply,3,"L4, L5 and L6: Lower managerial, administrative and professional occupations",0
E05013638,Edgwarebury,-8,Does not apply,4,L7: Intermediate occupations,0
E05013638,Edgwarebury,-8,Does not apply,5,L8 and L9: Small employers and own account workers,0
E05013638,Edgwarebury,-8,Does not apply,6,L10 and L11: Lower supervisory and technical occupations,0
E05013638,Edgwarebury,-8,Does not apply,7,L12: Semi-routine occupations,0
E05013638,Edgwarebury,-8,Does not apply,8,L13: Routine occupations,0
E05013638,Edgwarebury,-8,Does not apply,9,L14.1: Never worked,0
E05013638,Edgwarebury,-8,Does not apply,10,L14.2: Long-term unemployed,0
E05013638,Edgwarebury,-8,Does not apply,11,L15: Full-time students,0
E05013638,Edgwarebury,1,"Asian, Asian British or Asian Welsh: Bangladeshi",-8,Does not apply,25
E05013638,Edgwarebury,1,"Asian, Asian British or Asian Welsh: Bangladeshi",1,L1 and L2: Large employers and higher managerial and administrative occupations,4
E05013638,Edgwarebury,1,"Asian, Asian British or Asian Welsh: Bangladeshi",2,L3: Higher professional occupations,11
E05013638,Edgwarebury,1,"Asian, Asian British or Asian Welsh: Bangladeshi",3,"L4, L5 and L6: Lower managerial, administrative and professional occupations",12
E05013638,Edgwarebury,1,"Asian, Asian British or Asian Welsh: Bangladeshi",4,L7: Intermediate occupations,3
E05013638,Edgwarebury,1,"Asian, Asian British or Asian Welsh: Bangladeshi",5,L8 and L9: Small employers and own account workers,6
E05013638,Edgwarebury,1,"Asian, Asian British or Asian Welsh: Bangladeshi",6,L10 and L11: Lower supervisory and technical occupations,3
E05013638,Edgwarebury,1,"Asian, Asian British or Asian Welsh: Bangladeshi",7,L12: Semi-routine occupations,2
E05013638,Edgwarebury,1,"Asian, Asian British or Asian Welsh: Bangladeshi",8,L13: Routine occupations,5
E05013638,Edgwarebury,1,"Asian, Asian British or Asian Welsh: Bangladeshi",9,L14.1: Never worked,11
E05013638,Edgwarebury,1,"Asian, Asian British or Asian Welsh: Bangladeshi",10,L14.2: Long-term unemployed,1
E05013638,Edgwarebury,1,"Asian, Asian British or Asian Welsh: Bangladeshi",11,L15: Full-time students,8
E05013638,Edgwarebury,2,"Asian, Asian British or Asian Welsh: Chinese",-8,Does not apply,19
E05013638,Edgwarebury,2,"Asian, Asian British or Asian Welsh: Chinese",1,L1 and L2: Large employers and higher managerial and administrative occupations,12
E05013638,Edgwarebury,2,"Asian, Asian British or Asian Welsh: Chinese",2,L3: Higher professional occupations,32
E05013638,Edgwarebury,2,"Asian, Asian British or Asian Welsh: Chinese",3,"L4, L5 and L6: Lower managerial, administrative and professional occupations",43
E05013638,Edgwarebury,2,"Asian, Asian British or Asian Welsh: Chinese",4,L7: Intermediate occupations,17
E05013638,Edgwarebury,2,"Asian, Asian British or Asian Welsh: Chinese",5,L8 and L9: Small employers and own account workers,22
E05013638,Edgwarebury,2,"Asian, Asian British or Asian Welsh: Chinese",6,L10 and L11: Lower supervisory and technical occupations,7
E05013638,Edgwarebury,2,"Asian, Asian British or Asian Welsh: Chinese",7,L12: Semi-routine occupations,6
E05013638,Edgwarebury,2,"Asian, Asian British or Asian Welsh: Chinese",8,L13: Routine occupations,11
E05013638,Edgwarebury,2,"Asian, Asian British or Asian Welsh: Chinese",9,L14.1: Never worked,14
E05013638,Edgwarebury,2,"Asian, Asian British or Asian Welsh: Chinese",10,L14.2: Long-term unemployed,2
E05013638,Edgwarebury,2,"Asian, Asian British or Asian Welsh: Chinese",11,L15: Full-time students,24
E05013638,Edgwarebury,3,"Asian, Asian British or Asian Welsh: Indian",-8,Does not apply,176
E05013638,Edgwarebury,3,"Asian, Asian British or Asian Welsh: Indian",1,L1 and L2: Large employers and higher managerial and administrative occupations,76
E05013638,Edgwarebury,3,"Asian, Asian British or Asian Welsh: Indian",2,L3: Higher professional occupations,180
E05013638,Edgwarebury,3,"Asian, Asian British or Asian Welsh: Indian",3,"L4, L5 and L6: Lower managerial, administrative and professional occupations",262
E05013638,Edgwarebury,3,"Asian, Asian British or Asian Welsh: Indian",4,L7: Intermediate occupations,137
E05013638,Edgwarebury,3,"Asian, Asian British or Asian Welsh: Indian",5,L8 and L9: Small employers and own account workers,106
E05013638,Edgwarebury,3,"Asian, Asian British or Asian Welsh: Indian",6,L10 and L11: Lower supervisory and technical occupations,21
E05013638,Edgwarebury,3,"Asian, Asian British or Asian Welsh: Indian",7,L12: Semi-routine occupations,72
E05013638,Edgwarebury,3,"Asian, Asian British or Asian Welsh: Indian",8,L13: Routine occupations,36
E05013638,Edgwarebury,3,"Asian, Asian British or Asian Welsh: Indian",9,L14.1: Never worked,98
E05013638,Edgwarebury,3,"Asian, Asian British or Asian Welsh: Indian",10,L14.2: Long-term unemployed,7
E05013638,Edgwarebury,3,"Asian, Asian British or Asian Welsh: Indian",11,L15: Full-time students,56
E05013638,Edgwarebury,4,"Asian, Asian British or Asian Welsh: Pakistani",-8,Does not apply,59
E05013638,Edgwarebury,4,"Asian, Asian British or Asian Welsh: Pakistani",1,L1 and L2: Large employers and higher managerial and administrative occupations,11
E05013638,Edgwarebury,4,"Asian, Asian British or Asian Welsh: Pakistani",2,L3: Higher professional occupations,21
E05013638,Edgwarebury,4,"Asian, Asian British or Asian Welsh: Pakistani",3,"L4, L5 and L6: Lower managerial, administrative and professional occupations",27
E05013638,Edgwarebury,4,"Asian, Asian British or Asian Welsh: Pakistani",4,L7: Intermediate occupations,21
E05013638,Edgwarebury,4,"Asian, Asian British or Asian Welsh: Pakistani",5,L8 and L9: Small employers and own account workers,34
E05013638,Edgwarebury,4,"Asian, Asian British or Asian Welsh: Pakistani",6,L10 and L11: Lower supervisory and technical occupations,2
E05013638,Edgwarebury,4,"Asian, Asian British or Asian Welsh: Pakistani",7,L12: Semi-routine occupations,10
E05013638,Edgwarebury,4,"Asian, Asian British or Asian Welsh: Pakistani",8,L13: Routine occupations,6
E05013638,Edgwarebury,4,"Asian, Asian British or Asian Welsh: Pakistani",9,L14.1: Never worked,29
E05013638,Edgwarebury,4,"Asian, Asian British or Asian Welsh: Pakistani",10,L14.2: Long-term unemployed,4
E05013638,Edgwarebury,4,"Asian, Asian British or Asian Welsh: Pakistani",11,L15: Full-time students,19
E05013638,Edgwarebury,5,"Asian, Asian British or Asian Welsh: Other Asian",-8,Does not apply,160
E05013638,Edgwarebury,5,"Asian, Asian British or Asian Welsh: Other Asian",1,L1 and L2: Large employers and higher managerial and administrative occupations,17
E05013638,Edgwarebury,5,"Asian, Asian British or Asian Welsh: Other Asian",2,L3: Higher professional occupations,42
E05013638,Edgwarebury,5,"Asian, Asian British or Asian Welsh: Other Asian",3,"L4, L5 and L6: Lower managerial, administrative and professional occupations",62
E05013638,Edgwarebury,5,"Asian, Asian British or Asian Welsh: Other Asian",4,L7: Intermediate occupations,46
E05013638,Edgwarebury,5,"Asian, Asian British or Asian Welsh: Other Asian",5,L8 and L9: Small employers and own account workers,77
E05013638,Edgwarebury,5,"Asian, Asian British or Asian Welsh: Other Asian",6,L10 and L11: Lower supervisory and technical occupations,15
E05013638,Edgwarebury,5,"Asian, Asian British or Asian Welsh: Other Asian",7,L12: Semi-routine occupations,56
E05013638,Edgwarebury,5,"Asian, Asian British or Asian Welsh: Other Asian",8,L13: Routine occupations,32
E05013638,Edgwarebury,5,"Asian, Asian British or Asian Welsh: Other Asian",9,L14.1: Never worked,79
E05013638,Edgwarebury,5,"Asian, Asian British or Asian Welsh: Other Asian",10,L14.2: Long-term unemployed,5
E05013638,Edgwarebury,5,"Asian, Asian British or Asian Welsh: Other Asian",11,L15: Full-time students,66
E05013638,Edgwarebury,6,"Black, Black British, Black Welsh, Caribbean or African: African",-8,Does not apply,180
E05013638,Edgwarebury,6,"Black, Black British, Black Welsh, Caribbean or African: African",1,L1 and L2: Large employers and higher managerial and administrative occupations,25
E05013638,Edgwarebury,6,"Black, Black British, Black Welsh, Caribbean or African: African",2,L3: Higher professional occupations,88
E05013638,Edgwarebury,6,"Black, Black British, Black Welsh, Caribbean or African: African",3,"L4, L5 and L6: Lower managerial, administrative and professional occupations",150
E05013638,Edgwarebury,6,"Black, Black British, Black Welsh, Caribbean or African: African",4,L7: Intermediate occupations,65
E05013638,Edgwarebury,6,"Black, Black British, Black Welsh, Caribbean or African: African",5,L8 and L9: Small employers and own account workers,67
E05013638,Edgwarebury,6,"Black, Black British, Black Welsh, Caribbean or African: African",6,L10 and L11: Lower supervisory and technical occupations,12
E05013638,Edgwarebury,6,"Black, Black British, Black Welsh, Caribbean or African: African",7,L12: Semi-routine occupations,74
E05013638,Edgwarebury,6,"Black, Black British, Black Welsh, Caribbean or African: African",8,L13: Routine occupations,51
E05013638,Edgwarebury,6,"Black, Black British, Black Welsh, Caribbean or African: African",9,L14.1: Never worked,60
E05013638,Edgwarebury,6,"Black, Black British, Black Welsh, Caribbean or African: African",10,L14.2: Long-term unemployed,13
E05013638,Edgwarebury,6,"Black, Black British, Black Welsh, Caribbean or African: African",11,L15: Full-time students,113
E05013638,Edgwarebury,7,"Black, Black British, Black Welsh, Caribbean or African: Caribbean",-8,Does not apply,23
E05013638,Edgwarebury,7,"Black, Black British, Black Welsh, Caribbean or African: Caribbean",1,L1 and L2: Large employers and higher managerial and administrative occupations,3
E05013638,Edgwarebury,7,"Black, Black British, Black Welsh, Caribbean or African: Caribbean",2,L3: Higher professional occupations,9
E05013638,Edgwarebury,7,"Black, Black British, Black Welsh, Caribbean or African: Caribbean",3,"L4, L5 and L6: Lower managerial, administrative and professional occupations",27
E05013638,Edgwarebury,7,"Black, Black British, Black Welsh, Caribbean or African: Caribbean",4,L7: Intermediate occupations,15
E05013638,Edgwarebury,7,"Black, Black British, Black Welsh, Caribbean or African: Caribbean",5,L8 and L9: Small employers and own account workers,6
E05013638,Edgwarebury,7,"Black, Black British, Black Welsh, Caribbean or African: Caribbean",6,L10 and L11: Lower supervisory and technical occupations,5
E05013638,Edgwarebury,7,"Black, Black British, Black Welsh, Caribbean or African: Caribbean",7,L12: Semi-routine occupations,16
E05013638,Edgwarebury,7,"Black, Black British, Black Welsh, Caribbean or African: Caribbean",8,L13: Routine occupations,15
E05013638,Edgwarebury,7,"Black, Black British, Black Welsh, Caribbean or African: Caribbean",9,L14.1: Never worked,9
E05013638,Edgwarebury,7,"Black, Black British, Black Welsh, Caribbean or African: Caribbean",10,L14.2: Long-term unemployed,0
E05013638,Edgwarebury,7,"Black, Black British, Black Welsh, Caribbean or African: Caribbean",11,L15: Full-time students,8
E05013638,Edgwarebury,8,"Black, Black British, Black Welsh, Caribbean or African: Other Black",-8,Does not apply,45
E05013638,Edgwarebury,8,"Black, Black British, Black Welsh, Caribbean or African: Other Black",1,L1 and L2: Large employers and higher managerial and administrative occupations,0
E05013638,Edgwarebury,8,"Black, Black British, Black Welsh, Caribbean or African: Other Black",2,L3: Higher professional occupations,7
E05013638,Edgwarebury,8,"Black, Black British, Black Welsh, Caribbean or African: Other Black",3,"L4, L5 and L6: Lower managerial, administrative and professional occupations",17
E05013638,Edgwarebury,8,"Black, Black British, Black Welsh, Caribbean or African: Other Black",4,L7: Intermediate occupations,6
E05013638,Edgwarebury,8,"Black, Black British, Black Welsh, Caribbean or African: Other Black",5,L8 and L9: Small employers and own account workers,1
E05013638,Edgwarebury,8,"Black, Black British, Black Welsh, Caribbean or African: Other Black",6,L10 and L11: Lower supervisory and technical occupations,3
E05013638,Edgwarebury,8,"Black, Black British, Black Welsh, Caribbean or African: Other Black",7,L12: Semi-routine occupations,6
E05013638,Edgwarebury,8,"Black, Black British, Black Welsh, Caribbean or African: Other Black",8,L13: Routine occupations,3
E05013638,Edgwarebury,8,"Black, Black British, Black Welsh, Caribbean or African: Other Black",9,L14.1: Never worked,6
E05013638,Edgwarebury,8,"Black, Black British, Black Welsh, Caribbean or African: Other Black",10,L14.2: Long-term unemployed,2
E05013638,Edgwarebury,8,"Black, Black British, Black Welsh, Caribbean or African: Other Black",11,L15: Full-time students,4
E05013638,Edgwarebury,9,Mixed or Multiple ethnic groups: White and Asian,-8,Does not apply,64
E05013638,Edgwarebury,9,Mixed or Multiple ethnic groups: White and Asian,1,L1 and L2: Large employers and higher managerial and administrative occupations,2
E05013638,Edgwarebury,9,Mixed or Multiple ethnic groups: White and Asian,2,L3: Higher professional occupations,4
E05013638,Edgwarebury,9,Mixed or Multiple ethnic groups: White and Asian,3,"L4, L5 and L6: Lower managerial, administrative and professional occupations",13
E05013638,Edgwarebury,9,Mixed or Multiple ethnic groups: White and Asian,4,L7: Intermediate occupations,6
E05013638,Edgwarebury,9,Mixed or Multiple ethnic groups: White and Asian,5,L8 and L9: Small employers and own account workers,3
E05013638,Edgwarebury,9,Mixed or Multiple ethnic groups: White and Asian,6,L10 and L11: Lower supervisory and technical occupations,1
E05013638,Edgwarebury,9,Mixed or Multiple ethnic groups: White and Asian,7,L12: Semi-routine occupations,4
E05013638,Edgwarebury,9,Mixed or Multiple ethnic groups: White and Asian,8,L13: Routine occupations,1
E05013638,Edgwarebury,9,Mixed or Multiple ethnic groups: White and Asian,9,L14.1: Never worked,3
E05013638,Edgwarebury,9,Mixed or Multiple ethnic groups: White and Asian,10,L14.2: Long-term unemployed,0
E05013638,Edgwarebury,9,Mixed or Multiple ethnic groups: White and Asian,11,L15: Full-time students,19
E05013638,Edgwarebury,10,Mixed or Multiple ethnic groups: White and Black African,-8,Does not apply,45
E05013638,Edgwarebury,10,Mixed or Multiple ethnic groups: White and Black African,1,L1 and L2: Large employers and higher managerial and administrative occupations,1
E05013638,Edgwarebury,10,Mixed or Multiple ethnic groups: White and Black African,2,L3: Higher professional occupations,6
E05013638,Edgwarebury,10,Mixed or Multiple ethnic groups: White and Black African,3,"L4, L5 and L6: Lower managerial, administrative and professional occupations",5
E05013638,Edgwarebury,10,Mixed or Multiple ethnic groups: White and Black African,4,L7: Intermediate occupations,4
E05013638,Edgwarebury,10,Mixed or Multiple ethnic groups: White and Black African,5,L8 and L9: Small employers and own account workers,3
E05013638,Edgwarebury,10,Mixed or Multiple ethnic groups: White and Black African,6,L10 and L11: Lower supervisory and technical occupations,1
E05013638,Edgwarebury,10,Mixed or Multiple ethnic groups: White and Black African,7,L12: Semi-routine occupations,7
E05013638,Edgwarebury,10,Mixed or Multiple ethnic groups: White and Black African,8,L13: Routine occupations,11
E05013638,Edgwarebury,10,Mixed or Multiple ethnic groups: White and Black African,9,L14.1: Never worked,3
E05013638,Edgwarebury,10,Mixed or Multiple ethnic groups: White and Black African,10,L14.2: Long-term unemployed,0
E05013638,Edgwarebury,10,Mixed or Multiple ethnic groups: White and Black African,11,L15: Full-time students,13
E05013638,Edgwarebury,11,Mixed or Multiple ethnic groups: White and Black Caribbean,-8,Does not apply,39
E05013638,Edgwarebury,11,Mixed or Multiple ethnic groups: White and Black Caribbean,1,L1 and L2: Large employers and higher managerial and administrative occupations,1
E05013638,Edgwarebury,11,Mixed or Multiple ethnic groups: White and Black Caribbean,2,L3: Higher professional occupations,1
E05013638,Edgwarebury,11,Mixed or Multiple ethnic groups: White and Black Caribbean,3,"L4, L5 and L6: Lower managerial, administrative and professional occupations",7
E05013638,Edgwarebury,11,Mixed or Multiple ethnic groups: White and Black Caribbean,4,L7: Intermediate occupations,7
E05013638,Edgwarebury,11,Mixed or Multiple ethnic groups: White and Black Caribbean,5,L8 and L9: Small employers and own account workers,7
E05013638,Edgwarebury,11,Mixed or Multiple ethnic groups: White and Black Caribbean,6,L10 and L11: Lower supervisory and technical occupations,3
E05013638,Edgwarebury,11,Mixed or Multiple ethnic groups: White and Black Caribbean,7,L12: Semi-routine occupations,4
E05013638,Edgwarebury,11,Mixed or Multiple ethnic groups: White and Black Caribbean,8,L13: Routine occupations,5
E05013638,Edgwarebury,11,Mixed or Multiple ethnic groups: White and Black Caribbean,9,L14.1: Never worked,4
E05013638,Edgwarebury,11,Mixed or Multiple ethnic groups: White and Black Caribbean,10,L14.2: Long-term unemployed,1
E05013638,Edgwarebury,11,Mixed or Multiple ethnic groups: White and Black Caribbean,11,L15: Full-time students,9
E05013638,Edgwarebury,12,Mixed or Multiple ethnic groups: Other Mixed or Multiple ethnic groups,-8,Does not apply,69
E05013638,Edgwarebury,12,Mixed or Multiple ethnic groups: Other Mixed or Multiple ethnic groups,1,L1 and L2: Large employers and higher managerial and administrative occupations,4
E05013638,Edgwarebury,12,Mixed or Multiple ethnic groups: Other Mixed or Multiple ethnic groups,2,L3: Higher professional occupations,14
E05013638,Edgwarebury,12,Mixed or Multiple ethnic groups: Other Mixed or Multiple ethnic groups,3,"L4, L5 and L6: Lower managerial, administrative and professional occupations",26
E05013638,Edgwarebury,12,Mixed or Multiple ethnic groups: Other Mixed or Multiple ethnic groups,4,L7: Intermediate occupations,7
E05013638,Edgwarebury,12,Mixed or Multiple ethnic groups: Other Mixed or Multiple ethnic groups,5,L8 and L9: Small employers and own account workers,7
E05013638,Edgwarebury,12,Mixed or Multiple ethnic groups: Other Mixed or Multiple ethnic groups,6,L10 and L11: Lower supervisory and technical occupations,4
E05013638,Edgwarebury,12,Mixed or Multiple ethnic groups: Other Mixed or Multiple ethnic groups,7,L12: Semi-routine occupations,7
E05013638,Edgwarebury,12,Mixed or Multiple ethnic groups: Other Mixed or Multiple ethnic groups,8,L13: Routine occupations,10
E05013638,Edgwarebury,12,Mixed or Multiple ethnic groups: Other Mixed or Multiple ethnic groups,9,L14.1: Never worked,7
E05013638,Edgwarebury,12,Mixed or Multiple ethnic groups: Other Mixed or Multiple ethnic groups,10,L14.2: Long-term unemployed,0
E05013638,Edgwarebury,12,Mixed or Multiple ethnic groups: Other Mixed or Multiple ethnic groups,11,L15: Full-time students,19
E05013638,Edgwarebury,13,"White: English, Welsh, Scottish, Northern Irish or British",-8,Does not apply,1404
E05013638,Edgwarebury,13,"White: English, Welsh, Scottish, Northern Irish or British",1,L1 and L2: Large employers and higher managerial and administrative occupations,198
E05013638,Edgwarebury,13,"White: English, Welsh, Scottish, Northern Irish or British",2,L3: Higher professional occupations,381
E05013638,Edgwarebury,13,"White: English, Welsh, Scottish, Northern Irish or British",3,"L4, L5 and L6: Lower managerial, administrative and professional occupations",818
E05013638,Edgwarebury,13,"White: English, Welsh, Scottish, Northern Irish or British",4,L7: Intermediate occupations,555
E05013638,Edgwarebury,13,"White: English, Welsh, Scottish, Northern Irish or British",5,L8 and L9: Small employers and own account workers,520
E05013638,Edgwarebury,13,"White: English, Welsh, Scottish, Northern Irish or British",6,L10 and L11: Lower supervisory and technical occupations,111
E05013638,Edgwarebury,13,"White: English, Welsh, Scottish, Northern Irish or British",7,L12: Semi-routine occupations,268
E05013638,Edgwarebury,13,"White: English, Welsh, Scottish, Northern Irish or British",8,L13: Routine occupations,218
E05013638,Edgwarebury,13,"White: English, Welsh, Scottish, Northern Irish or British",9,L14.1: Never worked,241
E05013638,Edgwarebury,13,"White: English, Welsh, Scottish, Northern Irish or British",10,L14.2: Long-term unemployed,33
E05013638,Edgwarebury,13,"White: English, Welsh, Scottish, Northern Irish or British",11,L15: Full-time students,244
E05013638,Edgwarebury,14,White: Irish,-8,Does not apply,6
E05013638,Edgwarebury,14,White: Irish,1,L1 and L2: Large employers and higher managerial and administrative occupations,0
E05013638,Edgwarebury,14,White: Irish,2,L3: Higher professional occupations,12
E05013638,Edgwarebury,14,White: Irish,3,"L4, L5 and L6: Lower managerial, administrative and professional occupations",24
E05013638,Edgwarebury,14,White: Irish,4,L7: Intermediate occupations,18
E05013638,Edgwarebury,14,White: Irish,5,L8 and L9: Small employers and own account workers,23
E05013638,Edgwarebury,14,White: Irish,6,L10 and L11: Lower supervisory and technical occupations,4
E05013638,Edgwarebury,14,White: Irish,7,L12: Semi-routine occupations,16
E05013638,Edgwarebury,14,White: Irish,8,L13: Routine occupations,7
E05013638,Edgwarebury,14,White: Irish,9,L14.1: Never worked,11
E05013638,Edgwarebury,14,White: Irish,10,L14.2: Long-term unemployed,0
E05013638,Edgwarebury,14,White: Irish,11,L15: Full-time students,2
E05013638,Edgwarebury,15,White: Gypsy or Irish Traveller,-8,Does not apply,0
E05013638,Edgwarebury,15,White: Gypsy or Irish Traveller,1,L1 and L2: Large employers and higher managerial and administrative occupations,0
E05013638,Edgwarebury,15,White: Gypsy or Irish Traveller,2,L3: Higher professional occupations,0
E05013638,Edgwarebury,15,White: Gypsy or Irish Traveller,3,"L4, L5 and L6: Lower managerial, administrative and professional occupations",0
E05013638,Edgwarebury,15,White: Gypsy or Irish Traveller,4,L7: Intermediate occupations,0
E05013638,Edgwarebury,15,White: Gypsy or Irish Traveller,5,L8 and L9: Small employers and own account workers,0
E05013638,Edgwarebury,15,White: Gypsy or Irish Traveller,6,L10 and L11: Lower supervisory and technical occupations,0
E05013638,Edgwarebury,15,White: Gypsy or Irish Traveller,7,L12: Semi-routine occupations,0
E05013638,Edgwarebury,15,White: Gypsy or Irish Traveller,8,L13: Routine occupations,0
E05013638,Edgwarebury,15,White: Gypsy or Irish Traveller,9,L14.1: Never worked,0
E05013638,Edgwarebury,15,White: Gypsy or Irish Traveller,10,L14.2: Long-term unemployed,0
E05013638,Edgwarebury,15,White: Gypsy or Irish Traveller,11,L15: Full-time students,0
E05013638,Edgwarebury,16,White: Roma,-8,Does not apply,7
E05013638,Edgwarebury,16,White: Roma,1,L1 and L2: Large employers and higher managerial and administrative occupations,0
E05013638,Edgwarebury,16,White: Roma,2,L3: Higher professional occupations,0
E05013638,Edgwarebury,16,White: Roma,3,"L4, L5 and L6: Lower managerial, administrative and professional occupations",1
E05013638,Edgwarebury,16,White: Roma,4,L7: Intermediate occupations,2
E05013638,Edgwarebury,16,White: Roma,5,L8 and L9: Small employers and own account workers,12
E05013638,Edgwarebury,16,White: Roma,6,L10 and L11: Lower supervisory and technical occupations,2
E05013638,Edgwarebury,16,White: Roma,7,L12: Semi-routine occupations,2
E05013638,Edgwarebury,16,White: Roma,8,L13: Routine occupations,5
E05013638,Edgwarebury,16,White: Roma,9,L14.1: Never worked,3
E05013638,Edgwarebury,16,White: Roma,10,L14.2: Long-term unemployed,0
E05013638,Edgwarebury,16,White: Roma,11,L15: Full-time students,1
E05013638,Edgwarebury,17,White: Other White,-8,Does not apply,405
E05013638,Edgwarebury,17,White: Other White,1,L1 and L2: Large employers and higher managerial and administrative occupations,47
E05013638,Edgwarebury,17,White: Other White,2,L3: Higher professional occupations,120
E05013638,Edgwarebury,17,White: Other White,3,"L4, L5 and L6: Lower managerial, administrative and professional occupations",222
E05013638,Edgwarebury,17,White: Other White,4,L7: Intermediate occupations,122
E05013638,Edgwarebury,17,White: Other White,5,L8 and L9: Small employers and own account workers,409
E05013638,Edgwarebury,17,White: Other White,6,L10 and L11: Lower supervisory and technical occupations,40
E05013638,Edgwarebury,17,White: Other White,7,L12: Semi-routine occupations,79
E05013638,Edgwarebury,17,White: Other White,8,L13: Routine occupations,121
E05013638,Edgwarebury,17,White: Other White,9,L14.1: Never worked,86
E05013638,Edgwarebury,17,White: Other White,10,L14.2: Long-term unemployed,17
E05013638,Edgwarebury,17,White: Other White,11,L15: Full-time students,120
E05013638,Edgwarebury,18,Other ethnic group: Arab,-8,Does not apply,75
E05013638,Edgwarebury,18,Other ethnic group: Arab,1,L1 and L2: Large employers and higher managerial and administrative occupations,1
E05013638,Edgwarebury,18,Other ethnic group: Arab,2,L3: Higher professional occupations,6
E05013638,Edgwarebury,18,Other ethnic group: Arab,3,"L4, L5 and L6: Lower managerial, administrative and professional occupations",17
E05013638,Edgwarebury,18,Other ethnic group: Arab,4,L7: Intermediate occupations,8
E05013638,Edgwarebury,18,Other ethnic group: Arab,5,L8 and L9: Small employers and own account workers,14
E05013638,Edgwarebury,18,Other ethnic group: Arab,6,L10 and L11: Lower supervisory and technical occupations,5
E05013638,Edgwarebury,18,Other ethnic group: Arab,7,L12: Semi-routine occupations,7
E05013638,Edgwarebury,18,Other ethnic group: Arab,8,L13: Routine occupations,7
E05013638,Edgwarebury,18,Other ethnic group: Arab,9,L14.1: Never worked,48
E05013638,Edgwarebury,18,Other ethnic group: Arab,10,L14.2: Long-term unemployed,6
E05013638,Edgwarebury,18,Other ethnic group: Arab,11,L15: Full-time students,15
E05013638,Edgwarebury,19,Other ethnic group: Any other ethnic group,-8,Does not apply,276
E05013638,Edgwarebury,19,Other ethnic group: Any other ethnic group,1,L1 and L2: Large employers and higher managerial and administrative occupations,25
E05013638,Edgwarebury,19,Other ethnic group: Any other ethnic group,2,L3: Higher professional occupations,82
E05013638,Edgwarebury,19,Other ethnic group: Any other ethnic group,3,"L4, L5 and L6: Lower managerial, administrative and professional occupations",151
E05013638,Edgwarebury,19,Other ethnic group: Any other ethnic group,4,L7: Intermediate occupations,80
E05013638,Edgwarebury,19,Other ethnic group: Any other ethnic group,5,L8 and L9: Small employers and own account workers,90
E05013638,Edgwarebury,19,Other ethnic group: Any other ethnic group,6,L10 and L11: Lower supervisory and technical occupations,13
E05013638,Edgwarebury,19,Other ethnic group: Any other ethnic group,7,L12: Semi-routine occupations,47
E05013638,Edgwarebury,19,Other ethnic group: Any other ethnic group,8,L13: Routine occupations,30
E05013638,Edgwarebury,19,Other ethnic group: Any other ethnic group,9,L14.1: Never worked,60
E05013638,Edgwarebury,19,Other ethnic group: Any other ethnic group,10,L14.2: Long-term unemployed,13
E05013638,Edgwarebury,19,Other ethnic group: Any other ethnic group,11,L15: Full-time students,67
E05013639,Finchley Church End,-8,Does not apply,-8,Does not apply,0
E05013639,Finchley Church End,-8,Does not apply,1,L1 and L2: Large employers and higher managerial and administrative occupations,0
E05013639,Finchley Church End,-8,Does not apply,2,L3: Higher professional occupations,0
E05013639,Finchley Church End,-8,Does not apply,3,"L4, L5 and L6: Lower managerial, administrative and professional occupations",0
E05013639,Finchley Church End,-8,Does not apply,4,L7: Intermediate occupations,0
E05013639,Finchley Church End,-8,Does not apply,5,L8 and L9: Small employers and own account workers,0
E05013639,Finchley Church End,-8,Does not apply,6,L10 and L11: Lower supervisory and technical occupations,0
E05013639,Finchley Church End,-8,Does not apply,7,L12: Semi-routine occupations,0
E05013639,Finchley Church End,-8,Does not apply,8,L13: Routine occupations,0
E05013639,Finchley Church End,-8,Does not apply,9,L14.1: Never worked,0
E05013639,Finchley Church End,-8,Does not apply,10,L14.2: Long-term unemployed,0
E05013639,Finchley Church End,-8,Does not apply,11,L15: Full-time students,0
E05013639,Finchley Church End,1,"Asian, Asian British or Asian Welsh: Bangladeshi",-8,Does not apply,17
E05013639,Finchley Church End,1,"Asian, Asian British or Asian Welsh: Bangladeshi",1,L1 and L2: Large employers and higher managerial and administrative occupations,4
E05013639,Finchley Church End,1,"Asian, Asian British or Asian Welsh: Bangladeshi",2,L3: Higher professional occupations,14
E05013639,Finchley Church End,1,"Asian, Asian British or Asian Welsh: Bangladeshi",3,"L4, L5 and L6: Lower managerial, administrative and professional occupations",10
E05013639,Finchley Church End,1,"Asian, Asian British or Asian Welsh: Bangladeshi",4,L7: Intermediate occupations,5
E05013639,Finchley Church End,1,"Asian, Asian British or Asian Welsh: Bangladeshi",5,L8 and L9: Small employers and own account workers,5
E05013639,Finchley Church End,1,"Asian, Asian British or Asian Welsh: Bangladeshi",6,L10 and L11: Lower supervisory and technical occupations,2
E05013639,Finchley Church End,1,"Asian, Asian British or Asian Welsh: Bangladeshi",7,L12: Semi-routine occupations,5
E05013639,Finchley Church End,1,"Asian, Asian British or Asian Welsh: Bangladeshi",8,L13: Routine occupations,3
E05013639,Finchley Church End,1,"Asian, Asian British or Asian Welsh: Bangladeshi",9,L14.1: Never worked,8
E05013639,Finchley Church End,1,"Asian, Asian British or Asian Welsh: Bangladeshi",10,L14.2: Long-term unemployed,2
E05013639,Finchley Church End,1,"Asian, Asian British or Asian Welsh: Bangladeshi",11,L15: Full-time students,6
E05013639,Finchley Church End,2,"Asian, Asian British or Asian Welsh: Chinese",-8,Does not apply,35
E05013639,Finchley Church End,2,"Asian, Asian British or Asian Welsh: Chinese",1,L1 and L2: Large employers and higher managerial and administrative occupations,11
E05013639,Finchley Church End,2,"Asian, Asian British or Asian Welsh: Chinese",2,L3: Higher professional occupations,60
E05013639,Finchley Church End,2,"Asian, Asian British or Asian Welsh: Chinese",3,"L4, L5 and L6: Lower managerial, administrative and professional occupations",52
E05013639,Finchley Church End,2,"Asian, Asian British or Asian Welsh: Chinese",4,L7: Intermediate occupations,21
E05013639,Finchley Church End,2,"Asian, Asian British or Asian Welsh: Chinese",5,L8 and L9: Small employers and own account workers,32
E05013639,Finchley Church End,2,"Asian, Asian British or Asian Welsh: Chinese",6,L10 and L11: Lower supervisory and technical occupations,7
E05013639,Finchley Church End,2,"Asian, Asian British or Asian Welsh: Chinese",7,L12: Semi-routine occupations,8
E05013639,Finchley Church End,2,"Asian, Asian British or Asian Welsh: Chinese",8,L13: Routine occupations,4
E05013639,Finchley Church End,2,"Asian, Asian British or Asian Welsh: Chinese",9,L14.1: Never worked,17
E05013639,Finchley Church End,2,"Asian, Asian British or Asian Welsh: Chinese",10,L14.2: Long-term unemployed,2
E05013639,Finchley Church End,2,"Asian, Asian British or Asian Welsh: Chinese",11,L15: Full-time students,21
E05013639,Finchley Church End,3,"Asian, Asian British or Asian Welsh: Indian",-8,Does not apply,169
E05013639,Finchley Church End,3,"Asian, Asian British or Asian Welsh: Indian",1,L1 and L2: Large employers and higher managerial and administrative occupations,119
E05013639,Finchley Church End,3,"Asian, Asian British or Asian Welsh: Indian",2,L3: Higher professional occupations,262
E05013639,Finchley Church End,3,"Asian, Asian British or Asian Welsh: Indian",3,"L4, L5 and L6: Lower managerial, administrative and professional occupations",264
E05013639,Finchley Church End,3,"Asian, Asian British or Asian Welsh: Indian",4,L7: Intermediate occupations,110
E05013639,Finchley Church End,3,"Asian, Asian British or Asian Welsh: Indian",5,L8 and L9: Small employers and own account workers,128
E05013639,Finchley Church End,3,"Asian, Asian British or Asian Welsh: Indian",6,L10 and L11: Lower supervisory and technical occupations,17
E05013639,Finchley Church End,3,"Asian, Asian British or Asian Welsh: Indian",7,L12: Semi-routine occupations,79
E05013639,Finchley Church End,3,"Asian, Asian British or Asian Welsh: Indian",8,L13: Routine occupations,60
E05013639,Finchley Church End,3,"Asian, Asian British or Asian Welsh: Indian",9,L14.1: Never worked,141
E05013639,Finchley Church End,3,"Asian, Asian British or Asian Welsh: Indian",10,L14.2: Long-term unemployed,15
E05013639,Finchley Church End,3,"Asian, Asian British or Asian Welsh: Indian",11,L15: Full-time students,61
E05013639,Finchley Church End,4,"Asian, Asian British or Asian Welsh: Pakistani",-8,Does not apply,40
E05013639,Finchley Church End,4,"Asian, Asian British or Asian Welsh: Pakistani",1,L1 and L2: Large employers and higher managerial and administrative occupations,10
E05013639,Finchley Church End,4,"Asian, Asian British or Asian Welsh: Pakistani",2,L3: Higher professional occupations,39
E05013639,Finchley Church End,4,"Asian, Asian British or Asian Welsh: Pakistani",3,"L4, L5 and L6: Lower managerial, administrative and professional occupations",26
E05013639,Finchley Church End,4,"Asian, Asian British or Asian Welsh: Pakistani",4,L7: Intermediate occupations,16
E05013639,Finchley Church End,4,"Asian, Asian British or Asian Welsh: Pakistani",5,L8 and L9: Small employers and own account workers,27
E05013639,Finchley Church End,4,"Asian, Asian British or Asian Welsh: Pakistani",6,L10 and L11: Lower supervisory and technical occupations,0
E05013639,Finchley Church End,4,"Asian, Asian British or Asian Welsh: Pakistani",7,L12: Semi-routine occupations,8
E05013639,Finchley Church End,4,"Asian, Asian British or Asian Welsh: Pakistani",8,L13: Routine occupations,1
E05013639,Finchley Church End,4,"Asian, Asian British or Asian Welsh: Pakistani",9,L14.1: Never worked,25
E05013639,Finchley Church End,4,"Asian, Asian British or Asian Welsh: Pakistani",10,L14.2: Long-term unemployed,0
E05013639,Finchley Church End,4,"Asian, Asian British or Asian Welsh: Pakistani",11,L15: Full-time students,21
E05013639,Finchley Church End,5,"Asian, Asian British or Asian Welsh: Other Asian",-8,Does not apply,261
E05013639,Finchley Church End,5,"Asian, Asian British or Asian Welsh: Other Asian",1,L1 and L2: Large employers and higher managerial and administrative occupations,52
E05013639,Finchley Church End,5,"Asian, Asian British or Asian Welsh: Other Asian",2,L3: Higher professional occupations,101
E05013639,Finchley Church End,5,"Asian, Asian British or Asian Welsh: Other Asian",3,"L4, L5 and L6: Lower managerial, administrative and professional occupations",132
E05013639,Finchley Church End,5,"Asian, Asian British or Asian Welsh: Other Asian",4,L7: Intermediate occupations,70
E05013639,Finchley Church End,5,"Asian, Asian British or Asian Welsh: Other Asian",5,L8 and L9: Small employers and own account workers,129
E05013639,Finchley Church End,5,"Asian, Asian British or Asian Welsh: Other Asian",6,L10 and L11: Lower supervisory and technical occupations,30
E05013639,Finchley Church End,5,"Asian, Asian British or Asian Welsh: Other Asian",7,L12: Semi-routine occupations,87
E05013639,Finchley Church End,5,"Asian, Asian British or Asian Welsh: Other Asian",8,L13: Routine occupations,64
E05013639,Finchley Church End,5,"Asian, Asian British or Asian Welsh: Other Asian",9,L14.1: Never worked,130
E05013639,Finchley Church End,5,"Asian, Asian British or Asian Welsh: Other Asian",10,L14.2: Long-term unemployed,13
E05013639,Finchley Church End,5,"Asian, Asian British or Asian Welsh: Other Asian",11,L15: Full-time students,75
E05013639,Finchley Church End,6,"Black, Black British, Black Welsh, Caribbean or African: African",-8,Does not apply,122
E05013639,Finchley Church End,6,"Black, Black British, Black Welsh, Caribbean or African: African",1,L1 and L2: Large employers and higher managerial and administrative occupations,26
E05013639,Finchley Church End,6,"Black, Black British, Black Welsh, Caribbean or African: African",2,L3: Higher professional occupations,71
E05013639,Finchley Church End,6,"Black, Black British, Black Welsh, Caribbean or African: African",3,"L4, L5 and L6: Lower managerial, administrative and professional occupations",96
E05013639,Finchley Church End,6,"Black, Black British, Black Welsh, Caribbean or African: African",4,L7: Intermediate occupations,25
E05013639,Finchley Church End,6,"Black, Black British, Black Welsh, Caribbean or African: African",5,L8 and L9: Small employers and own account workers,52
E05013639,Finchley Church End,6,"Black, Black British, Black Welsh, Caribbean or African: African",6,L10 and L11: Lower supervisory and technical occupations,21
E05013639,Finchley Church End,6,"Black, Black British, Black Welsh, Caribbean or African: African",7,L12: Semi-routine occupations,55
E05013639,Finchley Church End,6,"Black, Black British, Black Welsh, Caribbean or African: African",8,L13: Routine occupations,48
E05013639,Finchley Church End,6,"Black, Black British, Black Welsh, Caribbean or African: African",9,L14.1: Never worked,75
E05013639,Finchley Church End,6,"Black, Black British, Black Welsh, Caribbean or African: African",10,L14.2: Long-term unemployed,29
E05013639,Finchley Church End,6,"Black, Black British, Black Welsh, Caribbean or African: African",11,L15: Full-time students,74
E05013639,Finchley Church End,7,"Black, Black British, Black Welsh, Caribbean or African: Caribbean",-8,Does not apply,19
E05013639,Finchley Church End,7,"Black, Black British, Black Welsh, Caribbean or African: Caribbean",1,L1 and L2: Large employers and higher managerial and administrative occupations,8
E05013639,Finchley Church End,7,"Black, Black British, Black Welsh, Caribbean or African: Caribbean",2,L3: Higher professional occupations,17
E05013639,Finchley Church End,7,"Black, Black British, Black Welsh, Caribbean or African: Caribbean",3,"L4, L5 and L6: Lower managerial, administrative and professional occupations",16
E05013639,Finchley Church End,7,"Black, Black British, Black Welsh, Caribbean or African: Caribbean",4,L7: Intermediate occupations,21
E05013639,Finchley Church End,7,"Black, Black British, Black Welsh, Caribbean or African: Caribbean",5,L8 and L9: Small employers and own account workers,12
E05013639,Finchley Church End,7,"Black, Black British, Black Welsh, Caribbean or African: Caribbean",6,L10 and L11: Lower supervisory and technical occupations,4
E05013639,Finchley Church End,7,"Black, Black British, Black Welsh, Caribbean or African: Caribbean",7,L12: Semi-routine occupations,11
E05013639,Finchley Church End,7,"Black, Black British, Black Welsh, Caribbean or African: Caribbean",8,L13: Routine occupations,9
E05013639,Finchley Church End,7,"Black, Black British, Black Welsh, Caribbean or African: Caribbean",9,L14.1: Never worked,6
E05013639,Finchley Church End,7,"Black, Black British, Black Welsh, Caribbean or African: Caribbean",10,L14.2: Long-term unemployed,3
E05013639,Finchley Church End,7,"Black, Black British, Black Welsh, Caribbean or African: Caribbean",11,L15: Full-time students,6
E05013639,Finchley Church End,8,"Black, Black British, Black Welsh, Caribbean or African: Other Black",-8,Does not apply,27
E05013639,Finchley Church End,8,"Black, Black British, Black Welsh, Caribbean or African: Other Black",1,L1 and L2: Large employers and higher managerial and administrative occupations,2
E05013639,Finchley Church End,8,"Black, Black British, Black Welsh, Caribbean or African: Other Black",2,L3: Higher professional occupations,4
E05013639,Finchley Church End,8,"Black, Black British, Black Welsh, Caribbean or African: Other Black",3,"L4, L5 and L6: Lower managerial, administrative and professional occupations",11
E05013639,Finchley Church End,8,"Black, Black British, Black Welsh, Caribbean or African: Other Black",4,L7: Intermediate occupations,3
E05013639,Finchley Church End,8,"Black, Black British, Black Welsh, Caribbean or African: Other Black",5,L8 and L9: Small employers and own account workers,1
E05013639,Finchley Church End,8,"Black, Black British, Black Welsh, Caribbean or African: Other Black",6,L10 and L11: Lower supervisory and technical occupations,1
E05013639,Finchley Church End,8,"Black, Black British, Black Welsh, Caribbean or African: Other Black",7,L12: Semi-routine occupations,8
E05013639,Finchley Church End,8,"Black, Black British, Black Welsh, Caribbean or African: Other Black",8,L13: Routine occupations,3
E05013639,Finchley Church End,8,"Black, Black British, Black Welsh, Caribbean or African: Other Black",9,L14.1: Never worked,3
E05013639,Finchley Church End,8,"Black, Black British, Black Welsh, Caribbean or African: Other Black",10,L14.2: Long-term unemployed,3
E05013639,Finchley Church End,8,"Black, Black British, Black Welsh, Caribbean or African: Other Black",11,L15: Full-time students,7
E05013639,Finchley Church End,9,Mixed or Multiple ethnic groups: White and Asian,-8,Does not apply,135
E05013639,Finchley Church End,9,Mixed or Multiple ethnic groups: White and Asian,1,L1 and L2: Large employers and higher managerial and administrative occupations,11
E05013639,Finchley Church End,9,Mixed or Multiple ethnic groups: White and Asian,2,L3: Higher professional occupations,21
E05013639,Finchley Church End,9,Mixed or Multiple ethnic groups: White and Asian,3,"L4, L5 and L6: Lower managerial, administrative and professional occupations",32
E05013639,Finchley Church End,9,Mixed or Multiple ethnic groups: White and Asian,4,L7: Intermediate occupations,15
E05013639,Finchley Church End,9,Mixed or Multiple ethnic groups: White and Asian,5,L8 and L9: Small employers and own account workers,14
E05013639,Finchley Church End,9,Mixed or Multiple ethnic groups: White and Asian,6,L10 and L11: Lower supervisory and technical occupations,1
E05013639,Finchley Church End,9,Mixed or Multiple ethnic groups: White and Asian,7,L12: Semi-routine occupations,8
E05013639,Finchley Church End,9,Mixed or Multiple ethnic groups: White and Asian,8,L13: Routine occupations,4
E05013639,Finchley Church End,9,Mixed or Multiple ethnic groups: White and Asian,9,L14.1: Never worked,19
E05013639,Finchley Church End,9,Mixed or Multiple ethnic groups: White and Asian,10,L14.2: Long-term unemployed,3
E05013639,Finchley Church End,9,Mixed or Multiple ethnic groups: White and Asian,11,L15: Full-time students,22
E05013639,Finchley Church End,10,Mixed or Multiple ethnic groups: White and Black African,-8,Does not apply,44
E05013639,Finchley Church End,10,Mixed or Multiple ethnic groups: White and Black African,1,L1 and L2: Large employers and higher managerial and administrative occupations,1
E05013639,Finchley Church End,10,Mixed or Multiple ethnic groups: White and Black African,2,L3: Higher professional occupations,11
E05013639,Finchley Church End,10,Mixed or Multiple ethnic groups: White and Black African,3,"L4, L5 and L6: Lower managerial, administrative and professional occupations",14
E05013639,Finchley Church End,10,Mixed or Multiple ethnic groups: White and Black African,4,L7: Intermediate occupations,9
E05013639,Finchley Church End,10,Mixed or Multiple ethnic groups: White and Black African,5,L8 and L9: Small employers and own account workers,10
E05013639,Finchley Church End,10,Mixed or Multiple ethnic groups: White and Black African,6,L10 and L11: Lower supervisory and technical occupations,3
E05013639,Finchley Church End,10,Mixed or Multiple ethnic groups: White and Black African,7,L12: Semi-routine occupations,2
E05013639,Finchley Church End,10,Mixed or Multiple ethnic groups: White and Black African,8,L13: Routine occupations,6
E05013639,Finchley Church End,10,Mixed or Multiple ethnic groups: White and Black African,9,L14.1: Never worked,11
E05013639,Finchley Church End,10,Mixed or Multiple ethnic groups: White and Black African,10,L14.2: Long-term unemployed,11
E05013639,Finchley Church End,10,Mixed or Multiple ethnic groups: White and Black African,11,L15: Full-time students,13
E05013639,Finchley Church End,11,Mixed or Multiple ethnic groups: White and Black Caribbean,-8,Does not apply,25
E05013639,Finchley Church End,11,Mixed or Multiple ethnic groups: White and Black Caribbean,1,L1 and L2: Large employers and higher managerial and administrative occupations,3
E05013639,Finchley Church End,11,Mixed or Multiple ethnic groups: White and Black Caribbean,2,L3: Higher professional occupations,5
E05013639,Finchley Church End,11,Mixed or Multiple ethnic groups: White and Black Caribbean,3,"L4, L5 and L6: Lower managerial, administrative and professional occupations",21
E05013639,Finchley Church End,11,Mixed or Multiple ethnic groups: White and Black Caribbean,4,L7: Intermediate occupations,7
E05013639,Finchley Church End,11,Mixed or Multiple ethnic groups: White and Black Caribbean,5,L8 and L9: Small employers and own account workers,7
E05013639,Finchley Church End,11,Mixed or Multiple ethnic groups: White and Black Caribbean,6,L10 and L11: Lower supervisory and technical occupations,1
E05013639,Finchley Church End,11,Mixed or Multiple ethnic groups: White and Black Caribbean,7,L12: Semi-routine occupations,7
E05013639,Finchley Church End,11,Mixed or Multiple ethnic groups: White and Black Caribbean,8,L13: Routine occupations,5
E05013639,Finchley Church End,11,Mixed or Multiple ethnic groups: White and Black Caribbean,9,L14.1: Never worked,4
E05013639,Finchley Church End,11,Mixed or Multiple ethnic groups: White and Black Caribbean,10,L14.2: Long-term unemployed,3
E05013639,Finchley Church End,11,Mixed or Multiple ethnic groups: White and Black Caribbean,11,L15: Full-time students,11
E05013639,Finchley Church End,12,Mixed or Multiple ethnic groups: Other Mixed or Multiple ethnic groups,-8,Does not apply,120
E05013639,Finchley Church End,12,Mixed or Multiple ethnic groups: Other Mixed or Multiple ethnic groups,1,L1 and L2: Large employers and higher managerial and administrative occupations,23
E05013639,Finchley Church End,12,Mixed or Multiple ethnic groups: Other Mixed or Multiple ethnic groups,2,L3: Higher professional occupations,45
E05013639,Finchley Church End,12,Mixed or Multiple ethnic groups: Other Mixed or Multiple ethnic groups,3,"L4, L5 and L6: Lower managerial, administrative and professional occupations",61
E05013639,Finchley Church End,12,Mixed or Multiple ethnic groups: Other Mixed or Multiple ethnic groups,4,L7: Intermediate occupations,21
E05013639,Finchley Church End,12,Mixed or Multiple ethnic groups: Other Mixed or Multiple ethnic groups,5,L8 and L9: Small employers and own account workers,22
E05013639,Finchley Church End,12,Mixed or Multiple ethnic groups: Other Mixed or Multiple ethnic groups,6,L10 and L11: Lower supervisory and technical occupations,7
E05013639,Finchley Church End,12,Mixed or Multiple ethnic groups: Other Mixed or Multiple ethnic groups,7,L12: Semi-routine occupations,12
E05013639,Finchley Church End,12,Mixed or Multiple ethnic groups: Other Mixed or Multiple ethnic groups,8,L13: Routine occupations,9
E05013639,Finchley Church End,12,Mixed or Multiple ethnic groups: Other Mixed or Multiple ethnic groups,9,L14.1: Never worked,10
E05013639,Finchley Church End,12,Mixed or Multiple ethnic groups: Other Mixed or Multiple ethnic groups,10,L14.2: Long-term unemployed,4
E05013639,Finchley Church End,12,Mixed or Multiple ethnic groups: Other Mixed or Multiple ethnic groups,11,L15: Full-time students,28
E05013639,Finchley Church End,13,"White: English, Welsh, Scottish, Northern Irish or British",-8,Does not apply,1492
E05013639,Finchley Church End,13,"White: English, Welsh, Scottish, Northern Irish or British",1,L1 and L2: Large employers and higher managerial and administrative occupations,464
E05013639,Finchley Church End,13,"White: English, Welsh, Scottish, Northern Irish or British",2,L3: Higher professional occupations,995
E05013639,Finchley Church End,13,"White: English, Welsh, Scottish, Northern Irish or British",3,"L4, L5 and L6: Lower managerial, administrative and professional occupations",1453
E05013639,Finchley Church End,13,"White: English, Welsh, Scottish, Northern Irish or British",4,L7: Intermediate occupations,619
E05013639,Finchley Church End,13,"White: English, Welsh, Scottish, Northern Irish or British",5,L8 and L9: Small employers and own account workers,798
E05013639,Finchley Church End,13,"White: English, Welsh, Scottish, Northern Irish or British",6,L10 and L11: Lower supervisory and technical occupations,133
E05013639,Finchley Church End,13,"White: English, Welsh, Scottish, Northern Irish or British",7,L12: Semi-routine occupations,307
E05013639,Finchley Church End,13,"White: English, Welsh, Scottish, Northern Irish or British",8,L13: Routine occupations,203
E05013639,Finchley Church End,13,"White: English, Welsh, Scottish, Northern Irish or British",9,L14.1: Never worked,364
E05013639,Finchley Church End,13,"White: English, Welsh, Scottish, Northern Irish or British",10,L14.2: Long-term unemployed,87
E05013639,Finchley Church End,13,"White: English, Welsh, Scottish, Northern Irish or British",11,L15: Full-time students,389
E05013639,Finchley Church End,14,White: Irish,-8,Does not apply,11
E05013639,Finchley Church End,14,White: Irish,1,L1 and L2: Large employers and higher managerial and administrative occupations,12
E05013639,Finchley Church End,14,White: Irish,2,L3: Higher professional occupations,28
E05013639,Finchley Church End,14,White: Irish,3,"L4, L5 and L6: Lower managerial, administrative and professional occupations",71
E05013639,Finchley Church End,14,White: Irish,4,L7: Intermediate occupations,32
E05013639,Finchley Church End,14,White: Irish,5,L8 and L9: Small employers and own account workers,36
E05013639,Finchley Church End,14,White: Irish,6,L10 and L11: Lower supervisory and technical occupations,7
E05013639,Finchley Church End,14,White: Irish,7,L12: Semi-routine occupations,27
E05013639,Finchley Church End,14,White: Irish,8,L13: Routine occupations,14
E05013639,Finchley Church End,14,White: Irish,9,L14.1: Never worked,21
E05013639,Finchley Church End,14,White: Irish,10,L14.2: Long-term unemployed,1
E05013639,Finchley Church End,14,White: Irish,11,L15: Full-time students,6
E05013639,Finchley Church End,15,White: Gypsy or Irish Traveller,-8,Does not apply,4
E05013639,Finchley Church End,15,White: Gypsy or Irish Traveller,1,L1 and L2: Large employers and higher managerial and administrative occupations,0
E05013639,Finchley Church End,15,White: Gypsy or Irish Traveller,2,L3: Higher professional occupations,0
E05013639,Finchley Church End,15,White: Gypsy or Irish Traveller,3,"L4, L5 and L6: Lower managerial, administrative and professional occupations",2
E05013639,Finchley Church End,15,White: Gypsy or Irish Traveller,4,L7: Intermediate occupations,0
E05013639,Finchley Church End,15,White: Gypsy or Irish Traveller,5,L8 and L9: Small employers and own account workers,1
E05013639,Finchley Church End,15,White: Gypsy or Irish Traveller,6,L10 and L11: Lower supervisory and technical occupations,0
E05013639,Finchley Church End,15,White: Gypsy or Irish Traveller,7,L12: Semi-routine occupations,0
E05013639,Finchley Church End,15,White: Gypsy or Irish Traveller,8,L13: Routine occupations,0
E05013639,Finchley Church End,15,White: Gypsy or Irish Traveller,9,L14.1: Never worked,3
E05013639,Finchley Church End,15,White: Gypsy or Irish Traveller,10,L14.2: Long-term unemployed,0
E05013639,Finchley Church End,15,White: Gypsy or Irish Traveller,11,L15: Full-time students,0
E05013639,Finchley Church End,16,White: Roma,-8,Does not apply,8
E05013639,Finchley Church End,16,White: Roma,1,L1 and L2: Large employers and higher managerial and administrative occupations,2
E05013639,Finchley Church End,16,White: Roma,2,L3: Higher professional occupations,3
E05013639,Finchley Church End,16,White: Roma,3,"L4, L5 and L6: Lower managerial, administrative and professional occupations",8
E05013639,Finchley Church End,16,White: Roma,4,L7: Intermediate occupations,2
E05013639,Finchley Church End,16,White: Roma,5,L8 and L9: Small employers and own account workers,16
E05013639,Finchley Church End,16,White: Roma,6,L10 and L11: Lower supervisory and technical occupations,8
E05013639,Finchley Church End,16,White: Roma,7,L12: Semi-routine occupations,3
E05013639,Finchley Church End,16,White: Roma,8,L13: Routine occupations,8
E05013639,Finchley Church End,16,White: Roma,9,L14.1: Never worked,7
E05013639,Finchley Church End,16,White: Roma,10,L14.2: Long-term unemployed,2
E05013639,Finchley Church End,16,White: Roma,11,L15: Full-time students,5
E05013639,Finchley Church End,17,White: Other White,-8,Does not apply,634
E05013639,Finchley Church End,17,White: Other White,1,L1 and L2: Large employers and higher managerial and administrative occupations,205
E05013639,Finchley Church End,17,White: Other White,2,L3: Higher professional occupations,562
E05013639,Finchley Church End,17,White: Other White,3,"L4, L5 and L6: Lower managerial, administrative and professional occupations",707
E05013639,Finchley Church End,17,White: Other White,4,L7: Intermediate occupations,255
E05013639,Finchley Church End,17,White: Other White,5,L8 and L9: Small employers and own account workers,703
E05013639,Finchley Church End,17,White: Other White,6,L10 and L11: Lower supervisory and technical occupations,137
E05013639,Finchley Church End,17,White: Other White,7,L12: Semi-routine occupations,182
E05013639,Finchley Church End,17,White: Other White,8,L13: Routine occupations,228
E05013639,Finchley Church End,17,White: Other White,9,L14.1: Never worked,161
E05013639,Finchley Church End,17,White: Other White,10,L14.2: Long-term unemployed,53
E05013639,Finchley Church End,17,White: Other White,11,L15: Full-time students,227
E05013639,Finchley Church End,18,Other ethnic group: Arab,-8,Does not apply,51
E05013639,Finchley Church End,18,Other ethnic group: Arab,1,L1 and L2: Large employers and higher managerial and administrative occupations,12
E05013639,Finchley Church End,18,Other ethnic group: Arab,2,L3: Higher professional occupations,12
E05013639,Finchley Church End,18,Other ethnic group: Arab,3,"L4, L5 and L6: Lower managerial, administrative and professional occupations",28
E05013639,Finchley Church End,18,Other ethnic group: Arab,4,L7: Intermediate occupations,8
E05013639,Finchley Church End,18,Other ethnic group: Arab,5,L8 and L9: Small employers and own account workers,16
E05013639,Finchley Church End,18,Other ethnic group: Arab,6,L10 and L11: Lower supervisory and technical occupations,3
E05013639,Finchley Church End,18,Other ethnic group: Arab,7,L12: Semi-routine occupations,10
E05013639,Finchley Church End,18,Other ethnic group: Arab,8,L13: Routine occupations,12
E05013639,Finchley Church End,18,Other ethnic group: Arab,9,L14.1: Never worked,39
E05013639,Finchley Church End,18,Other ethnic group: Arab,10,L14.2: Long-term unemployed,3
E05013639,Finchley Church End,18,Other ethnic group: Arab,11,L15: Full-time students,8
E05013639,Finchley Church End,19,Other ethnic group: Any other ethnic group,-8,Does not apply,396
E05013639,Finchley Church End,19,Other ethnic group: Any other ethnic group,1,L1 and L2: Large employers and higher managerial and administrative occupations,98
E05013639,Finchley Church End,19,Other ethnic group: Any other ethnic group,2,L3: Higher professional occupations,313
E05013639,Finchley Church End,19,Other ethnic group: Any other ethnic group,3,"L4, L5 and L6: Lower managerial, administrative and professional occupations",340
E05013639,Finchley Church End,19,Other ethnic group: Any other ethnic group,4,L7: Intermediate occupations,109
E05013639,Finchley Church End,19,Other ethnic group: Any other ethnic group,5,L8 and L9: Small employers and own account workers,252
E05013639,Finchley Church End,19,Other ethnic group: Any other ethnic group,6,L10 and L11: Lower supervisory and technical occupations,32
E05013639,Finchley Church End,19,Other ethnic group: Any other ethnic group,7,L12: Semi-routine occupations,80
E05013639,Finchley Church End,19,Other ethnic group: Any other ethnic group,8,L13: Routine occupations,56
E05013639,Finchley Church End,19,Other ethnic group: Any other ethnic group,9,L14.1: Never worked,187
E05013639,Finchley Church End,19,Other ethnic group: Any other ethnic group,10,L14.2: Long-term unemployed,28
E05013639,Finchley Church End,19,Other ethnic group: Any other ethnic group,11,L15: Full-time students,135
E05013640,Friern Barnet,-8,Does not apply,-8,Does not apply,0
E05013640,Friern Barnet,-8,Does not apply,1,L1 and L2: Large employers and higher managerial and administrative occupations,0
E05013640,Friern Barnet,-8,Does not apply,2,L3: Higher professional occupations,0
E05013640,Friern Barnet,-8,Does not apply,3,"L4, L5 and L6: Lower managerial, administrative and professional occupations",0
E05013640,Friern Barnet,-8,Does not apply,4,L7: Intermediate occupations,0
E05013640,Friern Barnet,-8,Does not apply,5,L8 and L9: Small employers and own account workers,0
E05013640,Friern Barnet,-8,Does not apply,6,L10 and L11: Lower supervisory and technical occupations,0
E05013640,Friern Barnet,-8,Does not apply,7,L12: Semi-routine occupations,0
E05013640,Friern Barnet,-8,Does not apply,8,L13: Routine occupations,0
E05013640,Friern Barnet,-8,Does not apply,9,L14.1: Never worked,0
E05013640,Friern Barnet,-8,Does not apply,10,L14.2: Long-term unemployed,0
E05013640,Friern Barnet,-8,Does not apply,11,L15: Full-time students,0
E05013640,Friern Barnet,1,"Asian, Asian British or Asian Welsh: Bangladeshi",-8,Does not apply,36
E05013640,Friern Barnet,1,"Asian, Asian British or Asian Welsh: Bangladeshi",1,L1 and L2: Large employers and higher managerial and administrative occupations,10
E05013640,Friern Barnet,1,"Asian, Asian British or Asian Welsh: Bangladeshi",2,L3: Higher professional occupations,14
E05013640,Friern Barnet,1,"Asian, Asian British or Asian Welsh: Bangladeshi",3,"L4, L5 and L6: Lower managerial, administrative and professional occupations",20
E05013640,Friern Barnet,1,"Asian, Asian British or Asian Welsh: Bangladeshi",4,L7: Intermediate occupations,14
E05013640,Friern Barnet,1,"Asian, Asian British or Asian Welsh: Bangladeshi",5,L8 and L9: Small employers and own account workers,15
E05013640,Friern Barnet,1,"Asian, Asian British or Asian Welsh: Bangladeshi",6,L10 and L11: Lower supervisory and technical occupations,3
E05013640,Friern Barnet,1,"Asian, Asian British or Asian Welsh: Bangladeshi",7,L12: Semi-routine occupations,14
E05013640,Friern Barnet,1,"Asian, Asian British or Asian Welsh: Bangladeshi",8,L13: Routine occupations,5
E05013640,Friern Barnet,1,"Asian, Asian British or Asian Welsh: Bangladeshi",9,L14.1: Never worked,22
E05013640,Friern Barnet,1,"Asian, Asian British or Asian Welsh: Bangladeshi",10,L14.2: Long-term unemployed,4
E05013640,Friern Barnet,1,"Asian, Asian British or Asian Welsh: Bangladeshi",11,L15: Full-time students,22
E05013640,Friern Barnet,2,"Asian, Asian British or Asian Welsh: Chinese",-8,Does not apply,48
E05013640,Friern Barnet,2,"Asian, Asian British or Asian Welsh: Chinese",1,L1 and L2: Large employers and higher managerial and administrative occupations,25
E05013640,Friern Barnet,2,"Asian, Asian British or Asian Welsh: Chinese",2,L3: Higher professional occupations,64
E05013640,Friern Barnet,2,"Asian, Asian British or Asian Welsh: Chinese",3,"L4, L5 and L6: Lower managerial, administrative and professional occupations",69
E05013640,Friern Barnet,2,"Asian, Asian British or Asian Welsh: Chinese",4,L7: Intermediate occupations,35
E05013640,Friern Barnet,2,"Asian, Asian British or Asian Welsh: Chinese",5,L8 and L9: Small employers and own account workers,44
E05013640,Friern Barnet,2,"Asian, Asian British or Asian Welsh: Chinese",6,L10 and L11: Lower supervisory and technical occupations,12
E05013640,Friern Barnet,2,"Asian, Asian British or Asian Welsh: Chinese",7,L12: Semi-routine occupations,14
E05013640,Friern Barnet,2,"Asian, Asian British or Asian Welsh: Chinese",8,L13: Routine occupations,32
E05013640,Friern Barnet,2,"Asian, Asian British or Asian Welsh: Chinese",9,L14.1: Never worked,24
E05013640,Friern Barnet,2,"Asian, Asian British or Asian Welsh: Chinese",10,L14.2: Long-term unemployed,2
E05013640,Friern Barnet,2,"Asian, Asian British or Asian Welsh: Chinese",11,L15: Full-time students,18
E05013640,Friern Barnet,3,"Asian, Asian British or Asian Welsh: Indian",-8,Does not apply,163
E05013640,Friern Barnet,3,"Asian, Asian British or Asian Welsh: Indian",1,L1 and L2: Large employers and higher managerial and administrative occupations,75
E05013640,Friern Barnet,3,"Asian, Asian British or Asian Welsh: Indian",2,L3: Higher professional occupations,181
E05013640,Friern Barnet,3,"Asian, Asian British or Asian Welsh: Indian",3,"L4, L5 and L6: Lower managerial, administrative and professional occupations",208
E05013640,Friern Barnet,3,"Asian, Asian British or Asian Welsh: Indian",4,L7: Intermediate occupations,132
E05013640,Friern Barnet,3,"Asian, Asian British or Asian Welsh: Indian",5,L8 and L9: Small employers and own account workers,127
E05013640,Friern Barnet,3,"Asian, Asian British or Asian Welsh: Indian",6,L10 and L11: Lower supervisory and technical occupations,29
E05013640,Friern Barnet,3,"Asian, Asian British or Asian Welsh: Indian",7,L12: Semi-routine occupations,100
E05013640,Friern Barnet,3,"Asian, Asian British or Asian Welsh: Indian",8,L13: Routine occupations,65
E05013640,Friern Barnet,3,"Asian, Asian British or Asian Welsh: Indian",9,L14.1: Never worked,109
E05013640,Friern Barnet,3,"Asian, Asian British or Asian Welsh: Indian",10,L14.2: Long-term unemployed,15
E05013640,Friern Barnet,3,"Asian, Asian British or Asian Welsh: Indian",11,L15: Full-time students,65
E05013640,Friern Barnet,4,"Asian, Asian British or Asian Welsh: Pakistani",-8,Does not apply,49
E05013640,Friern Barnet,4,"Asian, Asian British or Asian Welsh: Pakistani",1,L1 and L2: Large employers and higher managerial and administrative occupations,10
E05013640,Friern Barnet,4,"Asian, Asian British or Asian Welsh: Pakistani",2,L3: Higher professional occupations,38
E05013640,Friern Barnet,4,"Asian, Asian British or Asian Welsh: Pakistani",3,"L4, L5 and L6: Lower managerial, administrative and professional occupations",38
E05013640,Friern Barnet,4,"Asian, Asian British or Asian Welsh: Pakistani",4,L7: Intermediate occupations,19
E05013640,Friern Barnet,4,"Asian, Asian British or Asian Welsh: Pakistani",5,L8 and L9: Small employers and own account workers,21
E05013640,Friern Barnet,4,"Asian, Asian British or Asian Welsh: Pakistani",6,L10 and L11: Lower supervisory and technical occupations,5
E05013640,Friern Barnet,4,"Asian, Asian British or Asian Welsh: Pakistani",7,L12: Semi-routine occupations,13
E05013640,Friern Barnet,4,"Asian, Asian British or Asian Welsh: Pakistani",8,L13: Routine occupations,3
E05013640,Friern Barnet,4,"Asian, Asian British or Asian Welsh: Pakistani",9,L14.1: Never worked,22
E05013640,Friern Barnet,4,"Asian, Asian British or Asian Welsh: Pakistani",10,L14.2: Long-term unemployed,2
E05013640,Friern Barnet,4,"Asian, Asian British or Asian Welsh: Pakistani",11,L15: Full-time students,25
E05013640,Friern Barnet,5,"Asian, Asian British or Asian Welsh: Other Asian",-8,Does not apply,170
E05013640,Friern Barnet,5,"Asian, Asian British or Asian Welsh: Other Asian",1,L1 and L2: Large employers and higher managerial and administrative occupations,27
E05013640,Friern Barnet,5,"Asian, Asian British or Asian Welsh: Other Asian",2,L3: Higher professional occupations,65
E05013640,Friern Barnet,5,"Asian, Asian British or Asian Welsh: Other Asian",3,"L4, L5 and L6: Lower managerial, administrative and professional occupations",99
E05013640,Friern Barnet,5,"Asian, Asian British or Asian Welsh: Other Asian",4,L7: Intermediate occupations,61
E05013640,Friern Barnet,5,"Asian, Asian British or Asian Welsh: Other Asian",5,L8 and L9: Small employers and own account workers,85
E05013640,Friern Barnet,5,"Asian, Asian British or Asian Welsh: Other Asian",6,L10 and L11: Lower supervisory and technical occupations,30
E05013640,Friern Barnet,5,"Asian, Asian British or Asian Welsh: Other Asian",7,L12: Semi-routine occupations,68
E05013640,Friern Barnet,5,"Asian, Asian British or Asian Welsh: Other Asian",8,L13: Routine occupations,55
E05013640,Friern Barnet,5,"Asian, Asian British or Asian Welsh: Other Asian",9,L14.1: Never worked,158
E05013640,Friern Barnet,5,"Asian, Asian British or Asian Welsh: Other Asian",10,L14.2: Long-term unemployed,11
E05013640,Friern Barnet,5,"Asian, Asian British or Asian Welsh: Other Asian",11,L15: Full-time students,106
E05013640,Friern Barnet,6,"Black, Black British, Black Welsh, Caribbean or African: African",-8,Does not apply,268
E05013640,Friern Barnet,6,"Black, Black British, Black Welsh, Caribbean or African: African",1,L1 and L2: Large employers and higher managerial and administrative occupations,20
E05013640,Friern Barnet,6,"Black, Black British, Black Welsh, Caribbean or African: African",2,L3: Higher professional occupations,83
E05013640,Friern Barnet,6,"Black, Black British, Black Welsh, Caribbean or African: African",3,"L4, L5 and L6: Lower managerial, administrative and professional occupations",146
E05013640,Friern Barnet,6,"Black, Black British, Black Welsh, Caribbean or African: African",4,L7: Intermediate occupations,75
E05013640,Friern Barnet,6,"Black, Black British, Black Welsh, Caribbean or African: African",5,L8 and L9: Small employers and own account workers,54
E05013640,Friern Barnet,6,"Black, Black British, Black Welsh, Caribbean or African: African",6,L10 and L11: Lower supervisory and technical occupations,22
E05013640,Friern Barnet,6,"Black, Black British, Black Welsh, Caribbean or African: African",7,L12: Semi-routine occupations,112
E05013640,Friern Barnet,6,"Black, Black British, Black Welsh, Caribbean or African: African",8,L13: Routine occupations,63
E05013640,Friern Barnet,6,"Black, Black British, Black Welsh, Caribbean or African: African",9,L14.1: Never worked,81
E05013640,Friern Barnet,6,"Black, Black British, Black Welsh, Caribbean or African: African",10,L14.2: Long-term unemployed,28
E05013640,Friern Barnet,6,"Black, Black British, Black Welsh, Caribbean or African: African",11,L15: Full-time students,129
E05013640,Friern Barnet,7,"Black, Black British, Black Welsh, Caribbean or African: Caribbean",-8,Does not apply,56
E05013640,Friern Barnet,7,"Black, Black British, Black Welsh, Caribbean or African: Caribbean",1,L1 and L2: Large employers and higher managerial and administrative occupations,8
E05013640,Friern Barnet,7,"Black, Black British, Black Welsh, Caribbean or African: Caribbean",2,L3: Higher professional occupations,33
E05013640,Friern Barnet,7,"Black, Black British, Black Welsh, Caribbean or African: Caribbean",3,"L4, L5 and L6: Lower managerial, administrative and professional occupations",66
E05013640,Friern Barnet,7,"Black, Black British, Black Welsh, Caribbean or African: Caribbean",4,L7: Intermediate occupations,39
E05013640,Friern Barnet,7,"Black, Black British, Black Welsh, Caribbean or African: Caribbean",5,L8 and L9: Small employers and own account workers,32
E05013640,Friern Barnet,7,"Black, Black British, Black Welsh, Caribbean or African: Caribbean",6,L10 and L11: Lower supervisory and technical occupations,9
E05013640,Friern Barnet,7,"Black, Black British, Black Welsh, Caribbean or African: Caribbean",7,L12: Semi-routine occupations,34
E05013640,Friern Barnet,7,"Black, Black British, Black Welsh, Caribbean or African: Caribbean",8,L13: Routine occupations,21
E05013640,Friern Barnet,7,"Black, Black British, Black Welsh, Caribbean or African: Caribbean",9,L14.1: Never worked,22
E05013640,Friern Barnet,7,"Black, Black British, Black Welsh, Caribbean or African: Caribbean",10,L14.2: Long-term unemployed,4
E05013640,Friern Barnet,7,"Black, Black British, Black Welsh, Caribbean or African: Caribbean",11,L15: Full-time students,32
E05013640,Friern Barnet,8,"Black, Black British, Black Welsh, Caribbean or African: Other Black",-8,Does not apply,89
E05013640,Friern Barnet,8,"Black, Black British, Black Welsh, Caribbean or African: Other Black",1,L1 and L2: Large employers and higher managerial and administrative occupations,2
E05013640,Friern Barnet,8,"Black, Black British, Black Welsh, Caribbean or African: Other Black",2,L3: Higher professional occupations,11
E05013640,Friern Barnet,8,"Black, Black British, Black Welsh, Caribbean or African: Other Black",3,"L4, L5 and L6: Lower managerial, administrative and professional occupations",28
E05013640,Friern Barnet,8,"Black, Black British, Black Welsh, Caribbean or African: Other Black",4,L7: Intermediate occupations,12
E05013640,Friern Barnet,8,"Black, Black British, Black Welsh, Caribbean or African: Other Black",5,L8 and L9: Small employers and own account workers,9
E05013640,Friern Barnet,8,"Black, Black British, Black Welsh, Caribbean or African: Other Black",6,L10 and L11: Lower supervisory and technical occupations,4
E05013640,Friern Barnet,8,"Black, Black British, Black Welsh, Caribbean or African: Other Black",7,L12: Semi-routine occupations,14
E05013640,Friern Barnet,8,"Black, Black British, Black Welsh, Caribbean or African: Other Black",8,L13: Routine occupations,6
E05013640,Friern Barnet,8,"Black, Black British, Black Welsh, Caribbean or African: Other Black",9,L14.1: Never worked,16
E05013640,Friern Barnet,8,"Black, Black British, Black Welsh, Caribbean or African: Other Black",10,L14.2: Long-term unemployed,4
E05013640,Friern Barnet,8,"Black, Black British, Black Welsh, Caribbean or African: Other Black",11,L15: Full-time students,25
E05013640,Friern Barnet,9,Mixed or Multiple ethnic groups: White and Asian,-8,Does not apply,167
E05013640,Friern Barnet,9,Mixed or Multiple ethnic groups: White and Asian,1,L1 and L2: Large employers and higher managerial and administrative occupations,12
E05013640,Friern Barnet,9,Mixed or Multiple ethnic groups: White and Asian,2,L3: Higher professional occupations,25
E05013640,Friern Barnet,9,Mixed or Multiple ethnic groups: White and Asian,3,"L4, L5 and L6: Lower managerial, administrative and professional occupations",41
E05013640,Friern Barnet,9,Mixed or Multiple ethnic groups: White and Asian,4,L7: Intermediate occupations,14
E05013640,Friern Barnet,9,Mixed or Multiple ethnic groups: White and Asian,5,L8 and L9: Small employers and own account workers,10
E05013640,Friern Barnet,9,Mixed or Multiple ethnic groups: White and Asian,6,L10 and L11: Lower supervisory and technical occupations,3
E05013640,Friern Barnet,9,Mixed or Multiple ethnic groups: White and Asian,7,L12: Semi-routine occupations,12
E05013640,Friern Barnet,9,Mixed or Multiple ethnic groups: White and Asian,8,L13: Routine occupations,10
E05013640,Friern Barnet,9,Mixed or Multiple ethnic groups: White and Asian,9,L14.1: Never worked,1
E05013640,Friern Barnet,9,Mixed or Multiple ethnic groups: White and Asian,10,L14.2: Long-term unemployed,4
E05013640,Friern Barnet,9,Mixed or Multiple ethnic groups: White and Asian,11,L15: Full-time students,49
E05013640,Friern Barnet,10,Mixed or Multiple ethnic groups: White and Black African,-8,Does not apply,98
E05013640,Friern Barnet,10,Mixed or Multiple ethnic groups: White and Black African,1,L1 and L2: Large employers and higher managerial and administrative occupations,5
E05013640,Friern Barnet,10,Mixed or Multiple ethnic groups: White and Black African,2,L3: Higher professional occupations,6
E05013640,Friern Barnet,10,Mixed or Multiple ethnic groups: White and Black African,3,"L4, L5 and L6: Lower managerial, administrative and professional occupations",22
E05013640,Friern Barnet,10,Mixed or Multiple ethnic groups: White and Black African,4,L7: Intermediate occupations,10
E05013640,Friern Barnet,10,Mixed or Multiple ethnic groups: White and Black African,5,L8 and L9: Small employers and own account workers,12
E05013640,Friern Barnet,10,Mixed or Multiple ethnic groups: White and Black African,6,L10 and L11: Lower supervisory and technical occupations,6
E05013640,Friern Barnet,10,Mixed or Multiple ethnic groups: White and Black African,7,L12: Semi-routine occupations,9
E05013640,Friern Barnet,10,Mixed or Multiple ethnic groups: White and Black African,8,L13: Routine occupations,7
E05013640,Friern Barnet,10,Mixed or Multiple ethnic groups: White and Black African,9,L14.1: Never worked,11
E05013640,Friern Barnet,10,Mixed or Multiple ethnic groups: White and Black African,10,L14.2: Long-term unemployed,5
E05013640,Friern Barnet,10,Mixed or Multiple ethnic groups: White and Black African,11,L15: Full-time students,25
E05013640,Friern Barnet,11,Mixed or Multiple ethnic groups: White and Black Caribbean,-8,Does not apply,136
E05013640,Friern Barnet,11,Mixed or Multiple ethnic groups: White and Black Caribbean,1,L1 and L2: Large employers and higher managerial and administrative occupations,4
E05013640,Friern Barnet,11,Mixed or Multiple ethnic groups: White and Black Caribbean,2,L3: Higher professional occupations,10
E05013640,Friern Barnet,11,Mixed or Multiple ethnic groups: White and Black Caribbean,3,"L4, L5 and L6: Lower managerial, administrative and professional occupations",26
E05013640,Friern Barnet,11,Mixed or Multiple ethnic groups: White and Black Caribbean,4,L7: Intermediate occupations,18
E05013640,Friern Barnet,11,Mixed or Multiple ethnic groups: White and Black Caribbean,5,L8 and L9: Small employers and own account workers,18
E05013640,Friern Barnet,11,Mixed or Multiple ethnic groups: White and Black Caribbean,6,L10 and L11: Lower supervisory and technical occupations,7
E05013640,Friern Barnet,11,Mixed or Multiple ethnic groups: White and Black Caribbean,7,L12: Semi-routine occupations,19
E05013640,Friern Barnet,11,Mixed or Multiple ethnic groups: White and Black Caribbean,8,L13: Routine occupations,10
E05013640,Friern Barnet,11,Mixed or Multiple ethnic groups: White and Black Caribbean,9,L14.1: Never worked,15
E05013640,Friern Barnet,11,Mixed or Multiple ethnic groups: White and Black Caribbean,10,L14.2: Long-term unemployed,7
E05013640,Friern Barnet,11,Mixed or Multiple ethnic groups: White and Black Caribbean,11,L15: Full-time students,20
E05013640,Friern Barnet,12,Mixed or Multiple ethnic groups: Other Mixed or Multiple ethnic groups,-8,Does not apply,244
E05013640,Friern Barnet,12,Mixed or Multiple ethnic groups: Other Mixed or Multiple ethnic groups,1,L1 and L2: Large employers and higher managerial and administrative occupations,10
E05013640,Friern Barnet,12,Mixed or Multiple ethnic groups: Other Mixed or Multiple ethnic groups,2,L3: Higher professional occupations,37
E05013640,Friern Barnet,12,Mixed or Multiple ethnic groups: Other Mixed or Multiple ethnic groups,3,"L4, L5 and L6: Lower managerial, administrative and professional occupations",68
E05013640,Friern Barnet,12,Mixed or Multiple ethnic groups: Other Mixed or Multiple ethnic groups,4,L7: Intermediate occupations,27
E05013640,Friern Barnet,12,Mixed or Multiple ethnic groups: Other Mixed or Multiple ethnic groups,5,L8 and L9: Small employers and own account workers,34
E05013640,Friern Barnet,12,Mixed or Multiple ethnic groups: Other Mixed or Multiple ethnic groups,6,L10 and L11: Lower supervisory and technical occupations,6
E05013640,Friern Barnet,12,Mixed or Multiple ethnic groups: Other Mixed or Multiple ethnic groups,7,L12: Semi-routine occupations,24
E05013640,Friern Barnet,12,Mixed or Multiple ethnic groups: Other Mixed or Multiple ethnic groups,8,L13: Routine occupations,24
E05013640,Friern Barnet,12,Mixed or Multiple ethnic groups: Other Mixed or Multiple ethnic groups,9,L14.1: Never worked,15
E05013640,Friern Barnet,12,Mixed or Multiple ethnic groups: Other Mixed or Multiple ethnic groups,10,L14.2: Long-term unemployed,11
E05013640,Friern Barnet,12,Mixed or Multiple ethnic groups: Other Mixed or Multiple ethnic groups,11,L15: Full-time students,40
E05013640,Friern Barnet,13,"White: English, Welsh, Scottish, Northern Irish or British",-8,Does not apply,1395
E05013640,Friern Barnet,13,"White: English, Welsh, Scottish, Northern Irish or British",1,L1 and L2: Large employers and higher managerial and administrative occupations,329
E05013640,Friern Barnet,13,"White: English, Welsh, Scottish, Northern Irish or British",2,L3: Higher professional occupations,719
E05013640,Friern Barnet,13,"White: English, Welsh, Scottish, Northern Irish or British",3,"L4, L5 and L6: Lower managerial, administrative and professional occupations",1382
E05013640,Friern Barnet,13,"White: English, Welsh, Scottish, Northern Irish or British",4,L7: Intermediate occupations,643
E05013640,Friern Barnet,13,"White: English, Welsh, Scottish, Northern Irish or British",5,L8 and L9: Small employers and own account workers,815
E05013640,Friern Barnet,13,"White: English, Welsh, Scottish, Northern Irish or British",6,L10 and L11: Lower supervisory and technical occupations,203
E05013640,Friern Barnet,13,"White: English, Welsh, Scottish, Northern Irish or British",7,L12: Semi-routine occupations,438
E05013640,Friern Barnet,13,"White: English, Welsh, Scottish, Northern Irish or British",8,L13: Routine occupations,385
E05013640,Friern Barnet,13,"White: English, Welsh, Scottish, Northern Irish or British",9,L14.1: Never worked,435
E05013640,Friern Barnet,13,"White: English, Welsh, Scottish, Northern Irish or British",10,L14.2: Long-term unemployed,78
E05013640,Friern Barnet,13,"White: English, Welsh, Scottish, Northern Irish or British",11,L15: Full-time students,372
E05013640,Friern Barnet,14,White: Irish,-8,Does not apply,34
E05013640,Friern Barnet,14,White: Irish,1,L1 and L2: Large employers and higher managerial and administrative occupations,23
E05013640,Friern Barnet,14,White: Irish,2,L3: Higher professional occupations,39
E05013640,Friern Barnet,14,White: Irish,3,"L4, L5 and L6: Lower managerial, administrative and professional occupations",132
E05013640,Friern Barnet,14,White: Irish,4,L7: Intermediate occupations,42
E05013640,Friern Barnet,14,White: Irish,5,L8 and L9: Small employers and own account workers,84
E05013640,Friern Barnet,14,White: Irish,6,L10 and L11: Lower supervisory and technical occupations,14
E05013640,Friern Barnet,14,White: Irish,7,L12: Semi-routine occupations,47
E05013640,Friern Barnet,14,White: Irish,8,L13: Routine occupations,32
E05013640,Friern Barnet,14,White: Irish,9,L14.1: Never worked,27
E05013640,Friern Barnet,14,White: Irish,10,L14.2: Long-term unemployed,2
E05013640,Friern Barnet,14,White: Irish,11,L15: Full-time students,14
E05013640,Friern Barnet,15,White: Gypsy or Irish Traveller,-8,Does not apply,4
E05013640,Friern Barnet,15,White: Gypsy or Irish Traveller,1,L1 and L2: Large employers and higher managerial and administrative occupations,0
E05013640,Friern Barnet,15,White: Gypsy or Irish Traveller,2,L3: Higher professional occupations,0
E05013640,Friern Barnet,15,White: Gypsy or Irish Traveller,3,"L4, L5 and L6: Lower managerial, administrative and professional occupations",1
E05013640,Friern Barnet,15,White: Gypsy or Irish Traveller,4,L7: Intermediate occupations,0
E05013640,Friern Barnet,15,White: Gypsy or Irish Traveller,5,L8 and L9: Small employers and own account workers,1
E05013640,Friern Barnet,15,White: Gypsy or Irish Traveller,6,L10 and L11: Lower supervisory and technical occupations,0
E05013640,Friern Barnet,15,White: Gypsy or Irish Traveller,7,L12: Semi-routine occupations,1
E05013640,Friern Barnet,15,White: Gypsy or Irish Traveller,8,L13: Routine occupations,1
E05013640,Friern Barnet,15,White: Gypsy or Irish Traveller,9,L14.1: Never worked,3
E05013640,Friern Barnet,15,White: Gypsy or Irish Traveller,10,L14.2: Long-term unemployed,0
E05013640,Friern Barnet,15,White: Gypsy or Irish Traveller,11,L15: Full-time students,1
E05013640,Friern Barnet,16,White: Roma,-8,Does not apply,14
E05013640,Friern Barnet,16,White: Roma,1,L1 and L2: Large employers and higher managerial and administrative occupations,4
E05013640,Friern Barnet,16,White: Roma,2,L3: Higher professional occupations,2
E05013640,Friern Barnet,16,White: Roma,3,"L4, L5 and L6: Lower managerial, administrative and professional occupations",6
E05013640,Friern Barnet,16,White: Roma,4,L7: Intermediate occupations,3
E05013640,Friern Barnet,16,White: Roma,5,L8 and L9: Small employers and own account workers,18
E05013640,Friern Barnet,16,White: Roma,6,L10 and L11: Lower supervisory and technical occupations,4
E05013640,Friern Barnet,16,White: Roma,7,L12: Semi-routine occupations,4
E05013640,Friern Barnet,16,White: Roma,8,L13: Routine occupations,17
E05013640,Friern Barnet,16,White: Roma,9,L14.1: Never worked,6
E05013640,Friern Barnet,16,White: Roma,10,L14.2: Long-term unemployed,1
E05013640,Friern Barnet,16,White: Roma,11,L15: Full-time students,6
E05013640,Friern Barnet,17,White: Other White,-8,Does not apply,760
E05013640,Friern Barnet,17,White: Other White,1,L1 and L2: Large employers and higher managerial and administrative occupations,163
E05013640,Friern Barnet,17,White: Other White,2,L3: Higher professional occupations,331
E05013640,Friern Barnet,17,White: Other White,3,"L4, L5 and L6: Lower managerial, administrative and professional occupations",615
E05013640,Friern Barnet,17,White: Other White,4,L7: Intermediate occupations,298
E05013640,Friern Barnet,17,White: Other White,5,L8 and L9: Small employers and own account workers,776
E05013640,Friern Barnet,17,White: Other White,6,L10 and L11: Lower supervisory and technical occupations,119
E05013640,Friern Barnet,17,White: Other White,7,L12: Semi-routine occupations,251
E05013640,Friern Barnet,17,White: Other White,8,L13: Routine occupations,307
E05013640,Friern Barnet,17,White: Other White,9,L14.1: Never worked,184
E05013640,Friern Barnet,17,White: Other White,10,L14.2: Long-term unemployed,50
E05013640,Friern Barnet,17,White: Other White,11,L15: Full-time students,264
E05013640,Friern Barnet,18,Other ethnic group: Arab,-8,Does not apply,46
E05013640,Friern Barnet,18,Other ethnic group: Arab,1,L1 and L2: Large employers and higher managerial and administrative occupations,3
E05013640,Friern Barnet,18,Other ethnic group: Arab,2,L3: Higher professional occupations,9
E05013640,Friern Barnet,18,Other ethnic group: Arab,3,"L4, L5 and L6: Lower managerial, administrative and professional occupations",21
E05013640,Friern Barnet,18,Other ethnic group: Arab,4,L7: Intermediate occupations,15
E05013640,Friern Barnet,18,Other ethnic group: Arab,5,L8 and L9: Small employers and own account workers,16
E05013640,Friern Barnet,18,Other ethnic group: Arab,6,L10 and L11: Lower supervisory and technical occupations,8
E05013640,Friern Barnet,18,Other ethnic group: Arab,7,L12: Semi-routine occupations,13
E05013640,Friern Barnet,18,Other ethnic group: Arab,8,L13: Routine occupations,15
E05013640,Friern Barnet,18,Other ethnic group: Arab,9,L14.1: Never worked,46
E05013640,Friern Barnet,18,Other ethnic group: Arab,10,L14.2: Long-term unemployed,3
E05013640,Friern Barnet,18,Other ethnic group: Arab,11,L15: Full-time students,24
E05013640,Friern Barnet,19,Other ethnic group: Any other ethnic group,-8,Does not apply,250
E05013640,Friern Barnet,19,Other ethnic group: Any other ethnic group,1,L1 and L2: Large employers and higher managerial and administrative occupations,42
E05013640,Friern Barnet,19,Other ethnic group: Any other ethnic group,2,L3: Higher professional occupations,86
E05013640,Friern Barnet,19,Other ethnic group: Any other ethnic group,3,"L4, L5 and L6: Lower managerial, administrative and professional occupations",179
E05013640,Friern Barnet,19,Other ethnic group: Any other ethnic group,4,L7: Intermediate occupations,65
E05013640,Friern Barnet,19,Other ethnic group: Any other ethnic group,5,L8 and L9: Small employers and own account workers,158
E05013640,Friern Barnet,19,Other ethnic group: Any other ethnic group,6,L10 and L11: Lower supervisory and technical occupations,41
E05013640,Friern Barnet,19,Other ethnic group: Any other ethnic group,7,L12: Semi-routine occupations,89
E05013640,Friern Barnet,19,Other ethnic group: Any other ethnic group,8,L13: Routine occupations,88
E05013640,Friern Barnet,19,Other ethnic group: Any other ethnic group,9,L14.1: Never worked,164
E05013640,Friern Barnet,19,Other ethnic group: Any other ethnic group,10,L14.2: Long-term unemployed,19
E05013640,Friern Barnet,19,Other ethnic group: Any other ethnic group,11,L15: Full-time students,99
E05013641,Garden Suburb,-8,Does not apply,-8,Does not apply,0
E05013641,Garden Suburb,-8,Does not apply,1,L1 and L2: Large employers and higher managerial and administrative occupations,0
E05013641,Garden Suburb,-8,Does not apply,2,L3: Higher professional occupations,0
E05013641,Garden Suburb,-8,Does not apply,3,"L4, L5 and L6: Lower managerial, administrative and professional occupations",0
E05013641,Garden Suburb,-8,Does not apply,4,L7: Intermediate occupations,0
E05013641,Garden Suburb,-8,Does not apply,5,L8 and L9: Small employers and own account workers,0
E05013641,Garden Suburb,-8,Does not apply,6,L10 and L11: Lower supervisory and technical occupations,0
E05013641,Garden Suburb,-8,Does not apply,7,L12: Semi-routine occupations,0
E05013641,Garden Suburb,-8,Does not apply,8,L13: Routine occupations,0
E05013641,Garden Suburb,-8,Does not apply,9,L14.1: Never worked,0
E05013641,Garden Suburb,-8,Does not apply,10,L14.2: Long-term unemployed,0
E05013641,Garden Suburb,-8,Does not apply,11,L15: Full-time students,0
E05013641,Garden Suburb,1,"Asian, Asian British or Asian Welsh: Bangladeshi",-8,Does not apply,11
E05013641,Garden Suburb,1,"Asian, Asian British or Asian Welsh: Bangladeshi",1,L1 and L2: Large employers and higher managerial and administrative occupations,1
E05013641,Garden Suburb,1,"Asian, Asian British or Asian Welsh: Bangladeshi",2,L3: Higher professional occupations,8
E05013641,Garden Suburb,1,"Asian, Asian British or Asian Welsh: Bangladeshi",3,"L4, L5 and L6: Lower managerial, administrative and professional occupations",0
E05013641,Garden Suburb,1,"Asian, Asian British or Asian Welsh: Bangladeshi",4,L7: Intermediate occupations,2
E05013641,Garden Suburb,1,"Asian, Asian British or Asian Welsh: Bangladeshi",5,L8 and L9: Small employers and own account workers,7
E05013641,Garden Suburb,1,"Asian, Asian British or Asian Welsh: Bangladeshi",6,L10 and L11: Lower supervisory and technical occupations,0
E05013641,Garden Suburb,1,"Asian, Asian British or Asian Welsh: Bangladeshi",7,L12: Semi-routine occupations,1
E05013641,Garden Suburb,1,"Asian, Asian British or Asian Welsh: Bangladeshi",8,L13: Routine occupations,3
E05013641,Garden Suburb,1,"Asian, Asian British or Asian Welsh: Bangladeshi",9,L14.1: Never worked,6
E05013641,Garden Suburb,1,"Asian, Asian British or Asian Welsh: Bangladeshi",10,L14.2: Long-term unemployed,0
E05013641,Garden Suburb,1,"Asian, Asian British or Asian Welsh: Bangladeshi",11,L15: Full-time students,19
E05013641,Garden Suburb,2,"Asian, Asian British or Asian Welsh: Chinese",-8,Does not apply,27
E05013641,Garden Suburb,2,"Asian, Asian British or Asian Welsh: Chinese",1,L1 and L2: Large employers and higher managerial and administrative occupations,13
E05013641,Garden Suburb,2,"Asian, Asian British or Asian Welsh: Chinese",2,L3: Higher professional occupations,33
E05013641,Garden Suburb,2,"Asian, Asian British or Asian Welsh: Chinese",3,"L4, L5 and L6: Lower managerial, administrative and professional occupations",32
E05013641,Garden Suburb,2,"Asian, Asian British or Asian Welsh: Chinese",4,L7: Intermediate occupations,8
E05013641,Garden Suburb,2,"Asian, Asian British or Asian Welsh: Chinese",5,L8 and L9: Small employers and own account workers,12
E05013641,Garden Suburb,2,"Asian, Asian British or Asian Welsh: Chinese",6,L10 and L11: Lower supervisory and technical occupations,2
E05013641,Garden Suburb,2,"Asian, Asian British or Asian Welsh: Chinese",7,L12: Semi-routine occupations,2
E05013641,Garden Suburb,2,"Asian, Asian British or Asian Welsh: Chinese",8,L13: Routine occupations,3
E05013641,Garden Suburb,2,"Asian, Asian British or Asian Welsh: Chinese",9,L14.1: Never worked,11
E05013641,Garden Suburb,2,"Asian, Asian British or Asian Welsh: Chinese",10,L14.2: Long-term unemployed,0
E05013641,Garden Suburb,2,"Asian, Asian British or Asian Welsh: Chinese",11,L15: Full-time students,14
E05013641,Garden Suburb,3,"Asian, Asian British or Asian Welsh: Indian",-8,Does not apply,88
E05013641,Garden Suburb,3,"Asian, Asian British or Asian Welsh: Indian",1,L1 and L2: Large employers and higher managerial and administrative occupations,58
E05013641,Garden Suburb,3,"Asian, Asian British or Asian Welsh: Indian",2,L3: Higher professional occupations,92
E05013641,Garden Suburb,3,"Asian, Asian British or Asian Welsh: Indian",3,"L4, L5 and L6: Lower managerial, administrative and professional occupations",94
E05013641,Garden Suburb,3,"Asian, Asian British or Asian Welsh: Indian",4,L7: Intermediate occupations,22
E05013641,Garden Suburb,3,"Asian, Asian British or Asian Welsh: Indian",5,L8 and L9: Small employers and own account workers,48
E05013641,Garden Suburb,3,"Asian, Asian British or Asian Welsh: Indian",6,L10 and L11: Lower supervisory and technical occupations,1
E05013641,Garden Suburb,3,"Asian, Asian British or Asian Welsh: Indian",7,L12: Semi-routine occupations,19
E05013641,Garden Suburb,3,"Asian, Asian British or Asian Welsh: Indian",8,L13: Routine occupations,10
E05013641,Garden Suburb,3,"Asian, Asian British or Asian Welsh: Indian",9,L14.1: Never worked,29
E05013641,Garden Suburb,3,"Asian, Asian British or Asian Welsh: Indian",10,L14.2: Long-term unemployed,4
E05013641,Garden Suburb,3,"Asian, Asian British or Asian Welsh: Indian",11,L15: Full-time students,21
E05013641,Garden Suburb,4,"Asian, Asian British or Asian Welsh: Pakistani",-8,Does not apply,50
E05013641,Garden Suburb,4,"Asian, Asian British or Asian Welsh: Pakistani",1,L1 and L2: Large employers and higher managerial and administrative occupations,23
E05013641,Garden Suburb,4,"Asian, Asian British or Asian Welsh: Pakistani",2,L3: Higher professional occupations,26
E05013641,Garden Suburb,4,"Asian, Asian British or Asian Welsh: Pakistani",3,"L4, L5 and L6: Lower managerial, administrative and professional occupations",22
E05013641,Garden Suburb,4,"Asian, Asian British or Asian Welsh: Pakistani",4,L7: Intermediate occupations,10
E05013641,Garden Suburb,4,"Asian, Asian British or Asian Welsh: Pakistani",5,L8 and L9: Small employers and own account workers,15
E05013641,Garden Suburb,4,"Asian, Asian British or Asian Welsh: Pakistani",6,L10 and L11: Lower supervisory and technical occupations,0
E05013641,Garden Suburb,4,"Asian, Asian British or Asian Welsh: Pakistani",7,L12: Semi-routine occupations,5
E05013641,Garden Suburb,4,"Asian, Asian British or Asian Welsh: Pakistani",8,L13: Routine occupations,4
E05013641,Garden Suburb,4,"Asian, Asian British or Asian Welsh: Pakistani",9,L14.1: Never worked,3
E05013641,Garden Suburb,4,"Asian, Asian British or Asian Welsh: Pakistani",10,L14.2: Long-term unemployed,0
E05013641,Garden Suburb,4,"Asian, Asian British or Asian Welsh: Pakistani",11,L15: Full-time students,10
E05013641,Garden Suburb,5,"Asian, Asian British or Asian Welsh: Other Asian",-8,Does not apply,118
E05013641,Garden Suburb,5,"Asian, Asian British or Asian Welsh: Other Asian",1,L1 and L2: Large employers and higher managerial and administrative occupations,25
E05013641,Garden Suburb,5,"Asian, Asian British or Asian Welsh: Other Asian",2,L3: Higher professional occupations,47
E05013641,Garden Suburb,5,"Asian, Asian British or Asian Welsh: Other Asian",3,"L4, L5 and L6: Lower managerial, administrative and professional occupations",49
E05013641,Garden Suburb,5,"Asian, Asian British or Asian Welsh: Other Asian",4,L7: Intermediate occupations,33
E05013641,Garden Suburb,5,"Asian, Asian British or Asian Welsh: Other Asian",5,L8 and L9: Small employers and own account workers,40
E05013641,Garden Suburb,5,"Asian, Asian British or Asian Welsh: Other Asian",6,L10 and L11: Lower supervisory and technical occupations,14
E05013641,Garden Suburb,5,"Asian, Asian British or Asian Welsh: Other Asian",7,L12: Semi-routine occupations,68
E05013641,Garden Suburb,5,"Asian, Asian British or Asian Welsh: Other Asian",8,L13: Routine occupations,25
E05013641,Garden Suburb,5,"Asian, Asian British or Asian Welsh: Other Asian",9,L14.1: Never worked,69
E05013641,Garden Suburb,5,"Asian, Asian British or Asian Welsh: Other Asian",10,L14.2: Long-term unemployed,5
E05013641,Garden Suburb,5,"Asian, Asian British or Asian Welsh: Other Asian",11,L15: Full-time students,27
E05013641,Garden Suburb,6,"Black, Black British, Black Welsh, Caribbean or African: African",-8,Does not apply,54
E05013641,Garden Suburb,6,"Black, Black British, Black Welsh, Caribbean or African: African",1,L1 and L2: Large employers and higher managerial and administrative occupations,12
E05013641,Garden Suburb,6,"Black, Black British, Black Welsh, Caribbean or African: African",2,L3: Higher professional occupations,27
E05013641,Garden Suburb,6,"Black, Black British, Black Welsh, Caribbean or African: African",3,"L4, L5 and L6: Lower managerial, administrative and professional occupations",35
E05013641,Garden Suburb,6,"Black, Black British, Black Welsh, Caribbean or African: African",4,L7: Intermediate occupations,15
E05013641,Garden Suburb,6,"Black, Black British, Black Welsh, Caribbean or African: African",5,L8 and L9: Small employers and own account workers,13
E05013641,Garden Suburb,6,"Black, Black British, Black Welsh, Caribbean or African: African",6,L10 and L11: Lower supervisory and technical occupations,6
E05013641,Garden Suburb,6,"Black, Black British, Black Welsh, Caribbean or African: African",7,L12: Semi-routine occupations,18
E05013641,Garden Suburb,6,"Black, Black British, Black Welsh, Caribbean or African: African",8,L13: Routine occupations,12
E05013641,Garden Suburb,6,"Black, Black British, Black Welsh, Caribbean or African: African",9,L14.1: Never worked,15
E05013641,Garden Suburb,6,"Black, Black British, Black Welsh, Caribbean or African: African",10,L14.2: Long-term unemployed,2
E05013641,Garden Suburb,6,"Black, Black British, Black Welsh, Caribbean or African: African",11,L15: Full-time students,39
E05013641,Garden Suburb,7,"Black, Black British, Black Welsh, Caribbean or African: Caribbean",-8,Does not apply,5
E05013641,Garden Suburb,7,"Black, Black British, Black Welsh, Caribbean or African: Caribbean",1,L1 and L2: Large employers and higher managerial and administrative occupations,7
E05013641,Garden Suburb,7,"Black, Black British, Black Welsh, Caribbean or African: Caribbean",2,L3: Higher professional occupations,9
E05013641,Garden Suburb,7,"Black, Black British, Black Welsh, Caribbean or African: Caribbean",3,"L4, L5 and L6: Lower managerial, administrative and professional occupations",13
E05013641,Garden Suburb,7,"Black, Black British, Black Welsh, Caribbean or African: Caribbean",4,L7: Intermediate occupations,4
E05013641,Garden Suburb,7,"Black, Black British, Black Welsh, Caribbean or African: Caribbean",5,L8 and L9: Small employers and own account workers,4
E05013641,Garden Suburb,7,"Black, Black British, Black Welsh, Caribbean or African: Caribbean",6,L10 and L11: Lower supervisory and technical occupations,2
E05013641,Garden Suburb,7,"Black, Black British, Black Welsh, Caribbean or African: Caribbean",7,L12: Semi-routine occupations,6
E05013641,Garden Suburb,7,"Black, Black British, Black Welsh, Caribbean or African: Caribbean",8,L13: Routine occupations,3
E05013641,Garden Suburb,7,"Black, Black British, Black Welsh, Caribbean or African: Caribbean",9,L14.1: Never worked,0
E05013641,Garden Suburb,7,"Black, Black British, Black Welsh, Caribbean or African: Caribbean",10,L14.2: Long-term unemployed,5
E05013641,Garden Suburb,7,"Black, Black British, Black Welsh, Caribbean or African: Caribbean",11,L15: Full-time students,5
E05013641,Garden Suburb,8,"Black, Black British, Black Welsh, Caribbean or African: Other Black",-8,Does not apply,7
E05013641,Garden Suburb,8,"Black, Black British, Black Welsh, Caribbean or African: Other Black",1,L1 and L2: Large employers and higher managerial and administrative occupations,1
E05013641,Garden Suburb,8,"Black, Black British, Black Welsh, Caribbean or African: Other Black",2,L3: Higher professional occupations,1
E05013641,Garden Suburb,8,"Black, Black British, Black Welsh, Caribbean or African: Other Black",3,"L4, L5 and L6: Lower managerial, administrative and professional occupations",5
E05013641,Garden Suburb,8,"Black, Black British, Black Welsh, Caribbean or African: Other Black",4,L7: Intermediate occupations,2
E05013641,Garden Suburb,8,"Black, Black British, Black Welsh, Caribbean or African: Other Black",5,L8 and L9: Small employers and own account workers,2
E05013641,Garden Suburb,8,"Black, Black British, Black Welsh, Caribbean or African: Other Black",6,L10 and L11: Lower supervisory and technical occupations,0
E05013641,Garden Suburb,8,"Black, Black British, Black Welsh, Caribbean or African: Other Black",7,L12: Semi-routine occupations,0
E05013641,Garden Suburb,8,"Black, Black British, Black Welsh, Caribbean or African: Other Black",8,L13: Routine occupations,1
E05013641,Garden Suburb,8,"Black, Black British, Black Welsh, Caribbean or African: Other Black",9,L14.1: Never worked,2
E05013641,Garden Suburb,8,"Black, Black British, Black Welsh, Caribbean or African: Other Black",10,L14.2: Long-term unemployed,0
E05013641,Garden Suburb,8,"Black, Black British, Black Welsh, Caribbean or African: Other Black",11,L15: Full-time students,3
E05013641,Garden Suburb,9,Mixed or Multiple ethnic groups: White and Asian,-8,Does not apply,79
E05013641,Garden Suburb,9,Mixed or Multiple ethnic groups: White and Asian,1,L1 and L2: Large employers and higher managerial and administrative occupations,10
E05013641,Garden Suburb,9,Mixed or Multiple ethnic groups: White and Asian,2,L3: Higher professional occupations,21
E05013641,Garden Suburb,9,Mixed or Multiple ethnic groups: White and Asian,3,"L4, L5 and L6: Lower managerial, administrative and professional occupations",28
E05013641,Garden Suburb,9,Mixed or Multiple ethnic groups: White and Asian,4,L7: Intermediate occupations,9
E05013641,Garden Suburb,9,Mixed or Multiple ethnic groups: White and Asian,5,L8 and L9: Small employers and own account workers,6
E05013641,Garden Suburb,9,Mixed or Multiple ethnic groups: White and Asian,6,L10 and L11: Lower supervisory and technical occupations,0
E05013641,Garden Suburb,9,Mixed or Multiple ethnic groups: White and Asian,7,L12: Semi-routine occupations,0
E05013641,Garden Suburb,9,Mixed or Multiple ethnic groups: White and Asian,8,L13: Routine occupations,1
E05013641,Garden Suburb,9,Mixed or Multiple ethnic groups: White and Asian,9,L14.1: Never worked,15
E05013641,Garden Suburb,9,Mixed or Multiple ethnic groups: White and Asian,10,L14.2: Long-term unemployed,2
E05013641,Garden Suburb,9,Mixed or Multiple ethnic groups: White and Asian,11,L15: Full-time students,23
E05013641,Garden Suburb,10,Mixed or Multiple ethnic groups: White and Black African,-8,Does not apply,22
E05013641,Garden Suburb,10,Mixed or Multiple ethnic groups: White and Black African,1,L1 and L2: Large employers and higher managerial and administrative occupations,2
E05013641,Garden Suburb,10,Mixed or Multiple ethnic groups: White and Black African,2,L3: Higher professional occupations,4
E05013641,Garden Suburb,10,Mixed or Multiple ethnic groups: White and Black African,3,"L4, L5 and L6: Lower managerial, administrative and professional occupations",12
E05013641,Garden Suburb,10,Mixed or Multiple ethnic groups: White and Black African,4,L7: Intermediate occupations,1
E05013641,Garden Suburb,10,Mixed or Multiple ethnic groups: White and Black African,5,L8 and L9: Small employers and own account workers,2
E05013641,Garden Suburb,10,Mixed or Multiple ethnic groups: White and Black African,6,L10 and L11: Lower supervisory and technical occupations,3
E05013641,Garden Suburb,10,Mixed or Multiple ethnic groups: White and Black African,7,L12: Semi-routine occupations,0
E05013641,Garden Suburb,10,Mixed or Multiple ethnic groups: White and Black African,8,L13: Routine occupations,1
E05013641,Garden Suburb,10,Mixed or Multiple ethnic groups: White and Black African,9,L14.1: Never worked,2
E05013641,Garden Suburb,10,Mixed or Multiple ethnic groups: White and Black African,10,L14.2: Long-term unemployed,0
E05013641,Garden Suburb,10,Mixed or Multiple ethnic groups: White and Black African,11,L15: Full-time students,4
E05013641,Garden Suburb,11,Mixed or Multiple ethnic groups: White and Black Caribbean,-8,Does not apply,28
E05013641,Garden Suburb,11,Mixed or Multiple ethnic groups: White and Black Caribbean,1,L1 and L2: Large employers and higher managerial and administrative occupations,1
E05013641,Garden Suburb,11,Mixed or Multiple ethnic groups: White and Black Caribbean,2,L3: Higher professional occupations,7
E05013641,Garden Suburb,11,Mixed or Multiple ethnic groups: White and Black Caribbean,3,"L4, L5 and L6: Lower managerial, administrative and professional occupations",11
E05013641,Garden Suburb,11,Mixed or Multiple ethnic groups: White and Black Caribbean,4,L7: Intermediate occupations,0
E05013641,Garden Suburb,11,Mixed or Multiple ethnic groups: White and Black Caribbean,5,L8 and L9: Small employers and own account workers,3
E05013641,Garden Suburb,11,Mixed or Multiple ethnic groups: White and Black Caribbean,6,L10 and L11: Lower supervisory and technical occupations,1
E05013641,Garden Suburb,11,Mixed or Multiple ethnic groups: White and Black Caribbean,7,L12: Semi-routine occupations,4
E05013641,Garden Suburb,11,Mixed or Multiple ethnic groups: White and Black Caribbean,8,L13: Routine occupations,1
E05013641,Garden Suburb,11,Mixed or Multiple ethnic groups: White and Black Caribbean,9,L14.1: Never worked,2
E05013641,Garden Suburb,11,Mixed or Multiple ethnic groups: White and Black Caribbean,10,L14.2: Long-term unemployed,0
E05013641,Garden Suburb,11,Mixed or Multiple ethnic groups: White and Black Caribbean,11,L15: Full-time students,8
E05013641,Garden Suburb,12,Mixed or Multiple ethnic groups: Other Mixed or Multiple ethnic groups,-8,Does not apply,88
E05013641,Garden Suburb,12,Mixed or Multiple ethnic groups: Other Mixed or Multiple ethnic groups,1,L1 and L2: Large employers and higher managerial and administrative occupations,9
E05013641,Garden Suburb,12,Mixed or Multiple ethnic groups: Other Mixed or Multiple ethnic groups,2,L3: Higher professional occupations,31
E05013641,Garden Suburb,12,Mixed or Multiple ethnic groups: Other Mixed or Multiple ethnic groups,3,"L4, L5 and L6: Lower managerial, administrative and professional occupations",38
E05013641,Garden Suburb,12,Mixed or Multiple ethnic groups: Other Mixed or Multiple ethnic groups,4,L7: Intermediate occupations,7
E05013641,Garden Suburb,12,Mixed or Multiple ethnic groups: Other Mixed or Multiple ethnic groups,5,L8 and L9: Small employers and own account workers,9
E05013641,Garden Suburb,12,Mixed or Multiple ethnic groups: Other Mixed or Multiple ethnic groups,6,L10 and L11: Lower supervisory and technical occupations,2
E05013641,Garden Suburb,12,Mixed or Multiple ethnic groups: Other Mixed or Multiple ethnic groups,7,L12: Semi-routine occupations,3
E05013641,Garden Suburb,12,Mixed or Multiple ethnic groups: Other Mixed or Multiple ethnic groups,8,L13: Routine occupations,9
E05013641,Garden Suburb,12,Mixed or Multiple ethnic groups: Other Mixed or Multiple ethnic groups,9,L14.1: Never worked,7
E05013641,Garden Suburb,12,Mixed or Multiple ethnic groups: Other Mixed or Multiple ethnic groups,10,L14.2: Long-term unemployed,2
E05013641,Garden Suburb,12,Mixed or Multiple ethnic groups: Other Mixed or Multiple ethnic groups,11,L15: Full-time students,21
E05013641,Garden Suburb,13,"White: English, Welsh, Scottish, Northern Irish or British",-8,Does not apply,1189
E05013641,Garden Suburb,13,"White: English, Welsh, Scottish, Northern Irish or British",1,L1 and L2: Large employers and higher managerial and administrative occupations,495
E05013641,Garden Suburb,13,"White: English, Welsh, Scottish, Northern Irish or British",2,L3: Higher professional occupations,1024
E05013641,Garden Suburb,13,"White: English, Welsh, Scottish, Northern Irish or British",3,"L4, L5 and L6: Lower managerial, administrative and professional occupations",1151
E05013641,Garden Suburb,13,"White: English, Welsh, Scottish, Northern Irish or British",4,L7: Intermediate occupations,433
E05013641,Garden Suburb,13,"White: English, Welsh, Scottish, Northern Irish or British",5,L8 and L9: Small employers and own account workers,699
E05013641,Garden Suburb,13,"White: English, Welsh, Scottish, Northern Irish or British",6,L10 and L11: Lower supervisory and technical occupations,49
E05013641,Garden Suburb,13,"White: English, Welsh, Scottish, Northern Irish or British",7,L12: Semi-routine occupations,174
E05013641,Garden Suburb,13,"White: English, Welsh, Scottish, Northern Irish or British",8,L13: Routine occupations,78
E05013641,Garden Suburb,13,"White: English, Welsh, Scottish, Northern Irish or British",9,L14.1: Never worked,180
E05013641,Garden Suburb,13,"White: English, Welsh, Scottish, Northern Irish or British",10,L14.2: Long-term unemployed,27
E05013641,Garden Suburb,13,"White: English, Welsh, Scottish, Northern Irish or British",11,L15: Full-time students,317
E05013641,Garden Suburb,14,White: Irish,-8,Does not apply,6
E05013641,Garden Suburb,14,White: Irish,1,L1 and L2: Large employers and higher managerial and administrative occupations,6
E05013641,Garden Suburb,14,White: Irish,2,L3: Higher professional occupations,22
E05013641,Garden Suburb,14,White: Irish,3,"L4, L5 and L6: Lower managerial, administrative and professional occupations",29
E05013641,Garden Suburb,14,White: Irish,4,L7: Intermediate occupations,16
E05013641,Garden Suburb,14,White: Irish,5,L8 and L9: Small employers and own account workers,7
E05013641,Garden Suburb,14,White: Irish,6,L10 and L11: Lower supervisory and technical occupations,4
E05013641,Garden Suburb,14,White: Irish,7,L12: Semi-routine occupations,15
E05013641,Garden Suburb,14,White: Irish,8,L13: Routine occupations,16
E05013641,Garden Suburb,14,White: Irish,9,L14.1: Never worked,5
E05013641,Garden Suburb,14,White: Irish,10,L14.2: Long-term unemployed,0
E05013641,Garden Suburb,14,White: Irish,11,L15: Full-time students,4
E05013641,Garden Suburb,15,White: Gypsy or Irish Traveller,-8,Does not apply,0
E05013641,Garden Suburb,15,White: Gypsy or Irish Traveller,1,L1 and L2: Large employers and higher managerial and administrative occupations,0
E05013641,Garden Suburb,15,White: Gypsy or Irish Traveller,2,L3: Higher professional occupations,0
E05013641,Garden Suburb,15,White: Gypsy or Irish Traveller,3,"L4, L5 and L6: Lower managerial, administrative and professional occupations",0
E05013641,Garden Suburb,15,White: Gypsy or Irish Traveller,4,L7: Intermediate occupations,0
E05013641,Garden Suburb,15,White: Gypsy or Irish Traveller,5,L8 and L9: Small employers and own account workers,1
E05013641,Garden Suburb,15,White: Gypsy or Irish Traveller,6,L10 and L11: Lower supervisory and technical occupations,0
E05013641,Garden Suburb,15,White: Gypsy or Irish Traveller,7,L12: Semi-routine occupations,0
E05013641,Garden Suburb,15,White: Gypsy or Irish Traveller,8,L13: Routine occupations,0
E05013641,Garden Suburb,15,White: Gypsy or Irish Traveller,9,L14.1: Never worked,0
E05013641,Garden Suburb,15,White: Gypsy or Irish Traveller,10,L14.2: Long-term unemployed,0
E05013641,Garden Suburb,15,White: Gypsy or Irish Traveller,11,L15: Full-time students,0
E05013641,Garden Suburb,16,White: Roma,-8,Does not apply,4
E05013641,Garden Suburb,16,White: Roma,1,L1 and L2: Large employers and higher managerial and administrative occupations,0
E05013641,Garden Suburb,16,White: Roma,2,L3: Higher professional occupations,2
E05013641,Garden Suburb,16,White: Roma,3,"L4, L5 and L6: Lower managerial, administrative and professional occupations",4
E05013641,Garden Suburb,16,White: Roma,4,L7: Intermediate occupations,2
E05013641,Garden Suburb,16,White: Roma,5,L8 and L9: Small employers and own account workers,1
E05013641,Garden Suburb,16,White: Roma,6,L10 and L11: Lower supervisory and technical occupations,5
E05013641,Garden Suburb,16,White: Roma,7,L12: Semi-routine occupations,1
E05013641,Garden Suburb,16,White: Roma,8,L13: Routine occupations,0
E05013641,Garden Suburb,16,White: Roma,9,L14.1: Never worked,3
E05013641,Garden Suburb,16,White: Roma,10,L14.2: Long-term unemployed,0
E05013641,Garden Suburb,16,White: Roma,11,L15: Full-time students,1
E05013641,Garden Suburb,17,White: Other White,-8,Does not apply,454
E05013641,Garden Suburb,17,White: Other White,1,L1 and L2: Large employers and higher managerial and administrative occupations,209
E05013641,Garden Suburb,17,White: Other White,2,L3: Higher professional occupations,528
E05013641,Garden Suburb,17,White: Other White,3,"L4, L5 and L6: Lower managerial, administrative and professional occupations",468
E05013641,Garden Suburb,17,White: Other White,4,L7: Intermediate occupations,125
E05013641,Garden Suburb,17,White: Other White,5,L8 and L9: Small employers and own account workers,328
E05013641,Garden Suburb,17,White: Other White,6,L10 and L11: Lower supervisory and technical occupations,47
E05013641,Garden Suburb,17,White: Other White,7,L12: Semi-routine occupations,79
E05013641,Garden Suburb,17,White: Other White,8,L13: Routine occupations,81
E05013641,Garden Suburb,17,White: Other White,9,L14.1: Never worked,112
E05013641,Garden Suburb,17,White: Other White,10,L14.2: Long-term unemployed,26
E05013641,Garden Suburb,17,White: Other White,11,L15: Full-time students,152
E05013641,Garden Suburb,18,Other ethnic group: Arab,-8,Does not apply,22
E05013641,Garden Suburb,18,Other ethnic group: Arab,1,L1 and L2: Large employers and higher managerial and administrative occupations,7
E05013641,Garden Suburb,18,Other ethnic group: Arab,2,L3: Higher professional occupations,8
E05013641,Garden Suburb,18,Other ethnic group: Arab,3,"L4, L5 and L6: Lower managerial, administrative and professional occupations",18
E05013641,Garden Suburb,18,Other ethnic group: Arab,4,L7: Intermediate occupations,0
E05013641,Garden Suburb,18,Other ethnic group: Arab,5,L8 and L9: Small employers and own account workers,9
E05013641,Garden Suburb,18,Other ethnic group: Arab,6,L10 and L11: Lower supervisory and technical occupations,1
E05013641,Garden Suburb,18,Other ethnic group: Arab,7,L12: Semi-routine occupations,3
E05013641,Garden Suburb,18,Other ethnic group: Arab,8,L13: Routine occupations,8
E05013641,Garden Suburb,18,Other ethnic group: Arab,9,L14.1: Never worked,12
E05013641,Garden Suburb,18,Other ethnic group: Arab,10,L14.2: Long-term unemployed,0
E05013641,Garden Suburb,18,Other ethnic group: Arab,11,L15: Full-time students,14
E05013641,Garden Suburb,19,Other ethnic group: Any other ethnic group,-8,Does not apply,264
E05013641,Garden Suburb,19,Other ethnic group: Any other ethnic group,1,L1 and L2: Large employers and higher managerial and administrative occupations,97
E05013641,Garden Suburb,19,Other ethnic group: Any other ethnic group,2,L3: Higher professional occupations,215
E05013641,Garden Suburb,19,Other ethnic group: Any other ethnic group,3,"L4, L5 and L6: Lower managerial, administrative and professional occupations",226
E05013641,Garden Suburb,19,Other ethnic group: Any other ethnic group,4,L7: Intermediate occupations,70
E05013641,Garden Suburb,19,Other ethnic group: Any other ethnic group,5,L8 and L9: Small employers and own account workers,141
E05013641,Garden Suburb,19,Other ethnic group: Any other ethnic group,6,L10 and L11: Lower supervisory and technical occupations,15
E05013641,Garden Suburb,19,Other ethnic group: Any other ethnic group,7,L12: Semi-routine occupations,44
E05013641,Garden Suburb,19,Other ethnic group: Any other ethnic group,8,L13: Routine occupations,13
E05013641,Garden Suburb,19,Other ethnic group: Any other ethnic group,9,L14.1: Never worked,60
E05013641,Garden Suburb,19,Other ethnic group: Any other ethnic group,10,L14.2: Long-term unemployed,12
E05013641,Garden Suburb,19,Other ethnic group: Any other ethnic group,11,L15: Full-time students,88
E05013642,Golders Green,-8,Does not apply,-8,Does not apply,0
E05013642,Golders Green,-8,Does not apply,1,L1 and L2: Large employers and higher managerial and administrative occupations,0
E05013642,Golders Green,-8,Does not apply,2,L3: Higher professional occupations,0
E05013642,Golders Green,-8,Does not apply,3,"L4, L5 and L6: Lower managerial, administrative and professional occupations",0
E05013642,Golders Green,-8,Does not apply,4,L7: Intermediate occupations,0
E05013642,Golders Green,-8,Does not apply,5,L8 and L9: Small employers and own account workers,0
E05013642,Golders Green,-8,Does not apply,6,L10 and L11: Lower supervisory and technical occupations,0
E05013642,Golders Green,-8,Does not apply,7,L12: Semi-routine occupations,0
E05013642,Golders Green,-8,Does not apply,8,L13: Routine occupations,0
E05013642,Golders Green,-8,Does not apply,9,L14.1: Never worked,0
E05013642,Golders Green,-8,Does not apply,10,L14.2: Long-term unemployed,0
E05013642,Golders Green,-8,Does not apply,11,L15: Full-time students,0
E05013642,Golders Green,1,"Asian, Asian British or Asian Welsh: Bangladeshi",-8,Does not apply,9
E05013642,Golders Green,1,"Asian, Asian British or Asian Welsh: Bangladeshi",1,L1 and L2: Large employers and higher managerial and administrative occupations,1
E05013642,Golders Green,1,"Asian, Asian British or Asian Welsh: Bangladeshi",2,L3: Higher professional occupations,11
E05013642,Golders Green,1,"Asian, Asian British or Asian Welsh: Bangladeshi",3,"L4, L5 and L6: Lower managerial, administrative and professional occupations",2
E05013642,Golders Green,1,"Asian, Asian British or Asian Welsh: Bangladeshi",4,L7: Intermediate occupations,2
E05013642,Golders Green,1,"Asian, Asian British or Asian Welsh: Bangladeshi",5,L8 and L9: Small employers and own account workers,4
E05013642,Golders Green,1,"Asian, Asian British or Asian Welsh: Bangladeshi",6,L10 and L11: Lower supervisory and technical occupations,1
E05013642,Golders Green,1,"Asian, Asian British or Asian Welsh: Bangladeshi",7,L12: Semi-routine occupations,5
E05013642,Golders Green,1,"Asian, Asian British or Asian Welsh: Bangladeshi",8,L13: Routine occupations,4
E05013642,Golders Green,1,"Asian, Asian British or Asian Welsh: Bangladeshi",9,L14.1: Never worked,7
E05013642,Golders Green,1,"Asian, Asian British or Asian Welsh: Bangladeshi",10,L14.2: Long-term unemployed,1
E05013642,Golders Green,1,"Asian, Asian British or Asian Welsh: Bangladeshi",11,L15: Full-time students,4
E05013642,Golders Green,2,"Asian, Asian British or Asian Welsh: Chinese",-8,Does not apply,16
E05013642,Golders Green,2,"Asian, Asian British or Asian Welsh: Chinese",1,L1 and L2: Large employers and higher managerial and administrative occupations,3
E05013642,Golders Green,2,"Asian, Asian British or Asian Welsh: Chinese",2,L3: Higher professional occupations,29
E05013642,Golders Green,2,"Asian, Asian British or Asian Welsh: Chinese",3,"L4, L5 and L6: Lower managerial, administrative and professional occupations",36
E05013642,Golders Green,2,"Asian, Asian British or Asian Welsh: Chinese",4,L7: Intermediate occupations,7
E05013642,Golders Green,2,"Asian, Asian British or Asian Welsh: Chinese",5,L8 and L9: Small employers and own account workers,14
E05013642,Golders Green,2,"Asian, Asian British or Asian Welsh: Chinese",6,L10 and L11: Lower supervisory and technical occupations,9
E05013642,Golders Green,2,"Asian, Asian British or Asian Welsh: Chinese",7,L12: Semi-routine occupations,9
E05013642,Golders Green,2,"Asian, Asian British or Asian Welsh: Chinese",8,L13: Routine occupations,2
E05013642,Golders Green,2,"Asian, Asian British or Asian Welsh: Chinese",9,L14.1: Never worked,27
E05013642,Golders Green,2,"Asian, Asian British or Asian Welsh: Chinese",10,L14.2: Long-term unemployed,2
E05013642,Golders Green,2,"Asian, Asian British or Asian Welsh: Chinese",11,L15: Full-time students,11
E05013642,Golders Green,3,"Asian, Asian British or Asian Welsh: Indian",-8,Does not apply,71
E05013642,Golders Green,3,"Asian, Asian British or Asian Welsh: Indian",1,L1 and L2: Large employers and higher managerial and administrative occupations,54
E05013642,Golders Green,3,"Asian, Asian British or Asian Welsh: Indian",2,L3: Higher professional occupations,83
E05013642,Golders Green,3,"Asian, Asian British or Asian Welsh: Indian",3,"L4, L5 and L6: Lower managerial, administrative and professional occupations",104
E05013642,Golders Green,3,"Asian, Asian British or Asian Welsh: Indian",4,L7: Intermediate occupations,53
E05013642,Golders Green,3,"Asian, Asian British or Asian Welsh: Indian",5,L8 and L9: Small employers and own account workers,55
E05013642,Golders Green,3,"Asian, Asian British or Asian Welsh: Indian",6,L10 and L11: Lower supervisory and technical occupations,15
E05013642,Golders Green,3,"Asian, Asian British or Asian Welsh: Indian",7,L12: Semi-routine occupations,57
E05013642,Golders Green,3,"Asian, Asian British or Asian Welsh: Indian",8,L13: Routine occupations,40
E05013642,Golders Green,3,"Asian, Asian British or Asian Welsh: Indian",9,L14.1: Never worked,48
E05013642,Golders Green,3,"Asian, Asian British or Asian Welsh: Indian",10,L14.2: Long-term unemployed,5
E05013642,Golders Green,3,"Asian, Asian British or Asian Welsh: Indian",11,L15: Full-time students,34
E05013642,Golders Green,4,"Asian, Asian British or Asian Welsh: Pakistani",-8,Does not apply,27
E05013642,Golders Green,4,"Asian, Asian British or Asian Welsh: Pakistani",1,L1 and L2: Large employers and higher managerial and administrative occupations,10
E05013642,Golders Green,4,"Asian, Asian British or Asian Welsh: Pakistani",2,L3: Higher professional occupations,25
E05013642,Golders Green,4,"Asian, Asian British or Asian Welsh: Pakistani",3,"L4, L5 and L6: Lower managerial, administrative and professional occupations",25
E05013642,Golders Green,4,"Asian, Asian British or Asian Welsh: Pakistani",4,L7: Intermediate occupations,12
E05013642,Golders Green,4,"Asian, Asian British or Asian Welsh: Pakistani",5,L8 and L9: Small employers and own account workers,19
E05013642,Golders Green,4,"Asian, Asian British or Asian Welsh: Pakistani",6,L10 and L11: Lower supervisory and technical occupations,4
E05013642,Golders Green,4,"Asian, Asian British or Asian Welsh: Pakistani",7,L12: Semi-routine occupations,4
E05013642,Golders Green,4,"Asian, Asian British or Asian Welsh: Pakistani",8,L13: Routine occupations,4
E05013642,Golders Green,4,"Asian, Asian British or Asian Welsh: Pakistani",9,L14.1: Never worked,11
E05013642,Golders Green,4,"Asian, Asian British or Asian Welsh: Pakistani",10,L14.2: Long-term unemployed,0
E05013642,Golders Green,4,"Asian, Asian British or Asian Welsh: Pakistani",11,L15: Full-time students,12
E05013642,Golders Green,5,"Asian, Asian British or Asian Welsh: Other Asian",-8,Does not apply,116
E05013642,Golders Green,5,"Asian, Asian British or Asian Welsh: Other Asian",1,L1 and L2: Large employers and higher managerial and administrative occupations,33
E05013642,Golders Green,5,"Asian, Asian British or Asian Welsh: Other Asian",2,L3: Higher professional occupations,27
E05013642,Golders Green,5,"Asian, Asian British or Asian Welsh: Other Asian",3,"L4, L5 and L6: Lower managerial, administrative and professional occupations",67
E05013642,Golders Green,5,"Asian, Asian British or Asian Welsh: Other Asian",4,L7: Intermediate occupations,42
E05013642,Golders Green,5,"Asian, Asian British or Asian Welsh: Other Asian",5,L8 and L9: Small employers and own account workers,61
E05013642,Golders Green,5,"Asian, Asian British or Asian Welsh: Other Asian",6,L10 and L11: Lower supervisory and technical occupations,37
E05013642,Golders Green,5,"Asian, Asian British or Asian Welsh: Other Asian",7,L12: Semi-routine occupations,95
E05013642,Golders Green,5,"Asian, Asian British or Asian Welsh: Other Asian",8,L13: Routine occupations,35
E05013642,Golders Green,5,"Asian, Asian British or Asian Welsh: Other Asian",9,L14.1: Never worked,115
E05013642,Golders Green,5,"Asian, Asian British or Asian Welsh: Other Asian",10,L14.2: Long-term unemployed,10
E05013642,Golders Green,5,"Asian, Asian British or Asian Welsh: Other Asian",11,L15: Full-time students,62
E05013642,Golders Green,6,"Black, Black British, Black Welsh, Caribbean or African: African",-8,Does not apply,46
E05013642,Golders Green,6,"Black, Black British, Black Welsh, Caribbean or African: African",1,L1 and L2: Large employers and higher managerial and administrative occupations,15
E05013642,Golders Green,6,"Black, Black British, Black Welsh, Caribbean or African: African",2,L3: Higher professional occupations,33
E05013642,Golders Green,6,"Black, Black British, Black Welsh, Caribbean or African: African",3,"L4, L5 and L6: Lower managerial, administrative and professional occupations",52
E05013642,Golders Green,6,"Black, Black British, Black Welsh, Caribbean or African: African",4,L7: Intermediate occupations,15
E05013642,Golders Green,6,"Black, Black British, Black Welsh, Caribbean or African: African",5,L8 and L9: Small employers and own account workers,42
E05013642,Golders Green,6,"Black, Black British, Black Welsh, Caribbean or African: African",6,L10 and L11: Lower supervisory and technical occupations,7
E05013642,Golders Green,6,"Black, Black British, Black Welsh, Caribbean or African: African",7,L12: Semi-routine occupations,37
E05013642,Golders Green,6,"Black, Black British, Black Welsh, Caribbean or African: African",8,L13: Routine occupations,23
E05013642,Golders Green,6,"Black, Black British, Black Welsh, Caribbean or African: African",9,L14.1: Never worked,22
E05013642,Golders Green,6,"Black, Black British, Black Welsh, Caribbean or African: African",10,L14.2: Long-term unemployed,6
E05013642,Golders Green,6,"Black, Black British, Black Welsh, Caribbean or African: African",11,L15: Full-time students,44
E05013642,Golders Green,7,"Black, Black British, Black Welsh, Caribbean or African: Caribbean",-8,Does not apply,6
E05013642,Golders Green,7,"Black, Black British, Black Welsh, Caribbean or African: Caribbean",1,L1 and L2: Large employers and higher managerial and administrative occupations,1
E05013642,Golders Green,7,"Black, Black British, Black Welsh, Caribbean or African: Caribbean",2,L3: Higher professional occupations,4
E05013642,Golders Green,7,"Black, Black British, Black Welsh, Caribbean or African: Caribbean",3,"L4, L5 and L6: Lower managerial, administrative and professional occupations",10
E05013642,Golders Green,7,"Black, Black British, Black Welsh, Caribbean or African: Caribbean",4,L7: Intermediate occupations,11
E05013642,Golders Green,7,"Black, Black British, Black Welsh, Caribbean or African: Caribbean",5,L8 and L9: Small employers and own account workers,11
E05013642,Golders Green,7,"Black, Black British, Black Welsh, Caribbean or African: Caribbean",6,L10 and L11: Lower supervisory and technical occupations,1
E05013642,Golders Green,7,"Black, Black British, Black Welsh, Caribbean or African: Caribbean",7,L12: Semi-routine occupations,6
E05013642,Golders Green,7,"Black, Black British, Black Welsh, Caribbean or African: Caribbean",8,L13: Routine occupations,2
E05013642,Golders Green,7,"Black, Black British, Black Welsh, Caribbean or African: Caribbean",9,L14.1: Never worked,3
E05013642,Golders Green,7,"Black, Black British, Black Welsh, Caribbean or African: Caribbean",10,L14.2: Long-term unemployed,2
E05013642,Golders Green,7,"Black, Black British, Black Welsh, Caribbean or African: Caribbean",11,L15: Full-time students,3
E05013642,Golders Green,8,"Black, Black British, Black Welsh, Caribbean or African: Other Black",-8,Does not apply,19
E05013642,Golders Green,8,"Black, Black British, Black Welsh, Caribbean or African: Other Black",1,L1 and L2: Large employers and higher managerial and administrative occupations,2
E05013642,Golders Green,8,"Black, Black British, Black Welsh, Caribbean or African: Other Black",2,L3: Higher professional occupations,3
E05013642,Golders Green,8,"Black, Black British, Black Welsh, Caribbean or African: Other Black",3,"L4, L5 and L6: Lower managerial, administrative and professional occupations",7
E05013642,Golders Green,8,"Black, Black British, Black Welsh, Caribbean or African: Other Black",4,L7: Intermediate occupations,1
E05013642,Golders Green,8,"Black, Black British, Black Welsh, Caribbean or African: Other Black",5,L8 and L9: Small employers and own account workers,5
E05013642,Golders Green,8,"Black, Black British, Black Welsh, Caribbean or African: Other Black",6,L10 and L11: Lower supervisory and technical occupations,1
E05013642,Golders Green,8,"Black, Black British, Black Welsh, Caribbean or African: Other Black",7,L12: Semi-routine occupations,2
E05013642,Golders Green,8,"Black, Black British, Black Welsh, Caribbean or African: Other Black",8,L13: Routine occupations,3
E05013642,Golders Green,8,"Black, Black British, Black Welsh, Caribbean or African: Other Black",9,L14.1: Never worked,3
E05013642,Golders Green,8,"Black, Black British, Black Welsh, Caribbean or African: Other Black",10,L14.2: Long-term unemployed,1
E05013642,Golders Green,8,"Black, Black British, Black Welsh, Caribbean or African: Other Black",11,L15: Full-time students,5
E05013642,Golders Green,9,Mixed or Multiple ethnic groups: White and Asian,-8,Does not apply,34
E05013642,Golders Green,9,Mixed or Multiple ethnic groups: White and Asian,1,L1 and L2: Large employers and higher managerial and administrative occupations,5
E05013642,Golders Green,9,Mixed or Multiple ethnic groups: White and Asian,2,L3: Higher professional occupations,12
E05013642,Golders Green,9,Mixed or Multiple ethnic groups: White and Asian,3,"L4, L5 and L6: Lower managerial, administrative and professional occupations",8
E05013642,Golders Green,9,Mixed or Multiple ethnic groups: White and Asian,4,L7: Intermediate occupations,6
E05013642,Golders Green,9,Mixed or Multiple ethnic groups: White and Asian,5,L8 and L9: Small employers and own account workers,5
E05013642,Golders Green,9,Mixed or Multiple ethnic groups: White and Asian,6,L10 and L11: Lower supervisory and technical occupations,0
E05013642,Golders Green,9,Mixed or Multiple ethnic groups: White and Asian,7,L12: Semi-routine occupations,6
E05013642,Golders Green,9,Mixed or Multiple ethnic groups: White and Asian,8,L13: Routine occupations,6
E05013642,Golders Green,9,Mixed or Multiple ethnic groups: White and Asian,9,L14.1: Never worked,5
E05013642,Golders Green,9,Mixed or Multiple ethnic groups: White and Asian,10,L14.2: Long-term unemployed,1
E05013642,Golders Green,9,Mixed or Multiple ethnic groups: White and Asian,11,L15: Full-time students,7
E05013642,Golders Green,10,Mixed or Multiple ethnic groups: White and Black African,-8,Does not apply,25
E05013642,Golders Green,10,Mixed or Multiple ethnic groups: White and Black African,1,L1 and L2: Large employers and higher managerial and administrative occupations,3
E05013642,Golders Green,10,Mixed or Multiple ethnic groups: White and Black African,2,L3: Higher professional occupations,1
E05013642,Golders Green,10,Mixed or Multiple ethnic groups: White and Black African,3,"L4, L5 and L6: Lower managerial, administrative and professional occupations",4
E05013642,Golders Green,10,Mixed or Multiple ethnic groups: White and Black African,4,L7: Intermediate occupations,5
E05013642,Golders Green,10,Mixed or Multiple ethnic groups: White and Black African,5,L8 and L9: Small employers and own account workers,5
E05013642,Golders Green,10,Mixed or Multiple ethnic groups: White and Black African,6,L10 and L11: Lower supervisory and technical occupations,3
E05013642,Golders Green,10,Mixed or Multiple ethnic groups: White and Black African,7,L12: Semi-routine occupations,1
E05013642,Golders Green,10,Mixed or Multiple ethnic groups: White and Black African,8,L13: Routine occupations,8
E05013642,Golders Green,10,Mixed or Multiple ethnic groups: White and Black African,9,L14.1: Never worked,3
E05013642,Golders Green,10,Mixed or Multiple ethnic groups: White and Black African,10,L14.2: Long-term unemployed,1
E05013642,Golders Green,10,Mixed or Multiple ethnic groups: White and Black African,11,L15: Full-time students,5
E05013642,Golders Green,11,Mixed or Multiple ethnic groups: White and Black Caribbean,-8,Does not apply,11
E05013642,Golders Green,11,Mixed or Multiple ethnic groups: White and Black Caribbean,1,L1 and L2: Large employers and higher managerial and administrative occupations,0
E05013642,Golders Green,11,Mixed or Multiple ethnic groups: White and Black Caribbean,2,L3: Higher professional occupations,6
E05013642,Golders Green,11,Mixed or Multiple ethnic groups: White and Black Caribbean,3,"L4, L5 and L6: Lower managerial, administrative and professional occupations",5
E05013642,Golders Green,11,Mixed or Multiple ethnic groups: White and Black Caribbean,4,L7: Intermediate occupations,1
E05013642,Golders Green,11,Mixed or Multiple ethnic groups: White and Black Caribbean,5,L8 and L9: Small employers and own account workers,8
E05013642,Golders Green,11,Mixed or Multiple ethnic groups: White and Black Caribbean,6,L10 and L11: Lower supervisory and technical occupations,2
E05013642,Golders Green,11,Mixed or Multiple ethnic groups: White and Black Caribbean,7,L12: Semi-routine occupations,2
E05013642,Golders Green,11,Mixed or Multiple ethnic groups: White and Black Caribbean,8,L13: Routine occupations,8
E05013642,Golders Green,11,Mixed or Multiple ethnic groups: White and Black Caribbean,9,L14.1: Never worked,3
E05013642,Golders Green,11,Mixed or Multiple ethnic groups: White and Black Caribbean,10,L14.2: Long-term unemployed,1
E05013642,Golders Green,11,Mixed or Multiple ethnic groups: White and Black Caribbean,11,L15: Full-time students,6
E05013642,Golders Green,12,Mixed or Multiple ethnic groups: Other Mixed or Multiple ethnic groups,-8,Does not apply,48
E05013642,Golders Green,12,Mixed or Multiple ethnic groups: Other Mixed or Multiple ethnic groups,1,L1 and L2: Large employers and higher managerial and administrative occupations,11
E05013642,Golders Green,12,Mixed or Multiple ethnic groups: Other Mixed or Multiple ethnic groups,2,L3: Higher professional occupations,21
E05013642,Golders Green,12,Mixed or Multiple ethnic groups: Other Mixed or Multiple ethnic groups,3,"L4, L5 and L6: Lower managerial, administrative and professional occupations",34
E05013642,Golders Green,12,Mixed or Multiple ethnic groups: Other Mixed or Multiple ethnic groups,4,L7: Intermediate occupations,10
E05013642,Golders Green,12,Mixed or Multiple ethnic groups: Other Mixed or Multiple ethnic groups,5,L8 and L9: Small employers and own account workers,15
E05013642,Golders Green,12,Mixed or Multiple ethnic groups: Other Mixed or Multiple ethnic groups,6,L10 and L11: Lower supervisory and technical occupations,6
E05013642,Golders Green,12,Mixed or Multiple ethnic groups: Other Mixed or Multiple ethnic groups,7,L12: Semi-routine occupations,18
E05013642,Golders Green,12,Mixed or Multiple ethnic groups: Other Mixed or Multiple ethnic groups,8,L13: Routine occupations,12
E05013642,Golders Green,12,Mixed or Multiple ethnic groups: Other Mixed or Multiple ethnic groups,9,L14.1: Never worked,6
E05013642,Golders Green,12,Mixed or Multiple ethnic groups: Other Mixed or Multiple ethnic groups,10,L14.2: Long-term unemployed,5
E05013642,Golders Green,12,Mixed or Multiple ethnic groups: Other Mixed or Multiple ethnic groups,11,L15: Full-time students,15
E05013642,Golders Green,13,"White: English, Welsh, Scottish, Northern Irish or British",-8,Does not apply,2399
E05013642,Golders Green,13,"White: English, Welsh, Scottish, Northern Irish or British",1,L1 and L2: Large employers and higher managerial and administrative occupations,291
E05013642,Golders Green,13,"White: English, Welsh, Scottish, Northern Irish or British",2,L3: Higher professional occupations,467
E05013642,Golders Green,13,"White: English, Welsh, Scottish, Northern Irish or British",3,"L4, L5 and L6: Lower managerial, administrative and professional occupations",972
E05013642,Golders Green,13,"White: English, Welsh, Scottish, Northern Irish or British",4,L7: Intermediate occupations,641
E05013642,Golders Green,13,"White: English, Welsh, Scottish, Northern Irish or British",5,L8 and L9: Small employers and own account workers,572
E05013642,Golders Green,13,"White: English, Welsh, Scottish, Northern Irish or British",6,L10 and L11: Lower supervisory and technical occupations,54
E05013642,Golders Green,13,"White: English, Welsh, Scottish, Northern Irish or British",7,L12: Semi-routine occupations,236
E05013642,Golders Green,13,"White: English, Welsh, Scottish, Northern Irish or British",8,L13: Routine occupations,109
E05013642,Golders Green,13,"White: English, Welsh, Scottish, Northern Irish or British",9,L14.1: Never worked,328
E05013642,Golders Green,13,"White: English, Welsh, Scottish, Northern Irish or British",10,L14.2: Long-term unemployed,35
E05013642,Golders Green,13,"White: English, Welsh, Scottish, Northern Irish or British",11,L15: Full-time students,434
E05013642,Golders Green,14,White: Irish,-8,Does not apply,6
E05013642,Golders Green,14,White: Irish,1,L1 and L2: Large employers and higher managerial and administrative occupations,2
E05013642,Golders Green,14,White: Irish,2,L3: Higher professional occupations,18
E05013642,Golders Green,14,White: Irish,3,"L4, L5 and L6: Lower managerial, administrative and professional occupations",27
E05013642,Golders Green,14,White: Irish,4,L7: Intermediate occupations,8
E05013642,Golders Green,14,White: Irish,5,L8 and L9: Small employers and own account workers,11
E05013642,Golders Green,14,White: Irish,6,L10 and L11: Lower supervisory and technical occupations,13
E05013642,Golders Green,14,White: Irish,7,L12: Semi-routine occupations,3
E05013642,Golders Green,14,White: Irish,8,L13: Routine occupations,5
E05013642,Golders Green,14,White: Irish,9,L14.1: Never worked,4
E05013642,Golders Green,14,White: Irish,10,L14.2: Long-term unemployed,1
E05013642,Golders Green,14,White: Irish,11,L15: Full-time students,3
E05013642,Golders Green,15,White: Gypsy or Irish Traveller,-8,Does not apply,1
E05013642,Golders Green,15,White: Gypsy or Irish Traveller,1,L1 and L2: Large employers and higher managerial and administrative occupations,0
E05013642,Golders Green,15,White: Gypsy or Irish Traveller,2,L3: Higher professional occupations,0
E05013642,Golders Green,15,White: Gypsy or Irish Traveller,3,"L4, L5 and L6: Lower managerial, administrative and professional occupations",1
E05013642,Golders Green,15,White: Gypsy or Irish Traveller,4,L7: Intermediate occupations,0
E05013642,Golders Green,15,White: Gypsy or Irish Traveller,5,L8 and L9: Small employers and own account workers,0
E05013642,Golders Green,15,White: Gypsy or Irish Traveller,6,L10 and L11: Lower supervisory and technical occupations,0
E05013642,Golders Green,15,White: Gypsy or Irish Traveller,7,L12: Semi-routine occupations,0
E05013642,Golders Green,15,White: Gypsy or Irish Traveller,8,L13: Routine occupations,0
E05013642,Golders Green,15,White: Gypsy or Irish Traveller,9,L14.1: Never worked,0
E05013642,Golders Green,15,White: Gypsy or Irish Traveller,10,L14.2: Long-term unemployed,0
E05013642,Golders Green,15,White: Gypsy or Irish Traveller,11,L15: Full-time students,0
E05013642,Golders Green,16,White: Roma,-8,Does not apply,6
E05013642,Golders Green,16,White: Roma,1,L1 and L2: Large employers and higher managerial and administrative occupations,0
E05013642,Golders Green,16,White: Roma,2,L3: Higher professional occupations,2
E05013642,Golders Green,16,White: Roma,3,"L4, L5 and L6: Lower managerial, administrative and professional occupations",5
E05013642,Golders Green,16,White: Roma,4,L7: Intermediate occupations,5
E05013642,Golders Green,16,White: Roma,5,L8 and L9: Small employers and own account workers,17
E05013642,Golders Green,16,White: Roma,6,L10 and L11: Lower supervisory and technical occupations,6
E05013642,Golders Green,16,White: Roma,7,L12: Semi-routine occupations,5
E05013642,Golders Green,16,White: Roma,8,L13: Routine occupations,10
E05013642,Golders Green,16,White: Roma,9,L14.1: Never worked,6
E05013642,Golders Green,16,White: Roma,10,L14.2: Long-term unemployed,0
E05013642,Golders Green,16,White: Roma,11,L15: Full-time students,62
E05013642,Golders Green,17,White: Other White,-8,Does not apply,803
E05013642,Golders Green,17,White: Other White,1,L1 and L2: Large employers and higher managerial and administrative occupations,153
E05013642,Golders Green,17,White: Other White,2,L3: Higher professional occupations,352
E05013642,Golders Green,17,White: Other White,3,"L4, L5 and L6: Lower managerial, administrative and professional occupations",536
E05013642,Golders Green,17,White: Other White,4,L7: Intermediate occupations,324
E05013642,Golders Green,17,White: Other White,5,L8 and L9: Small employers and own account workers,442
E05013642,Golders Green,17,White: Other White,6,L10 and L11: Lower supervisory and technical occupations,120
E05013642,Golders Green,17,White: Other White,7,L12: Semi-routine occupations,196
E05013642,Golders Green,17,White: Other White,8,L13: Routine occupations,184
E05013642,Golders Green,17,White: Other White,9,L14.1: Never worked,169
E05013642,Golders Green,17,White: Other White,10,L14.2: Long-term unemployed,29
E05013642,Golders Green,17,White: Other White,11,L15: Full-time students,194
E05013642,Golders Green,18,Other ethnic group: Arab,-8,Does not apply,44
E05013642,Golders Green,18,Other ethnic group: Arab,1,L1 and L2: Large employers and higher managerial and administrative occupations,2
E05013642,Golders Green,18,Other ethnic group: Arab,2,L3: Higher professional occupations,12
E05013642,Golders Green,18,Other ethnic group: Arab,3,"L4, L5 and L6: Lower managerial, administrative and professional occupations",19
E05013642,Golders Green,18,Other ethnic group: Arab,4,L7: Intermediate occupations,7
E05013642,Golders Green,18,Other ethnic group: Arab,5,L8 and L9: Small employers and own account workers,17
E05013642,Golders Green,18,Other ethnic group: Arab,6,L10 and L11: Lower supervisory and technical occupations,18
E05013642,Golders Green,18,Other ethnic group: Arab,7,L12: Semi-routine occupations,3
E05013642,Golders Green,18,Other ethnic group: Arab,8,L13: Routine occupations,20
E05013642,Golders Green,18,Other ethnic group: Arab,9,L14.1: Never worked,60
E05013642,Golders Green,18,Other ethnic group: Arab,10,L14.2: Long-term unemployed,7
E05013642,Golders Green,18,Other ethnic group: Arab,11,L15: Full-time students,17
E05013642,Golders Green,19,Other ethnic group: Any other ethnic group,-8,Does not apply,565
E05013642,Golders Green,19,Other ethnic group: Any other ethnic group,1,L1 and L2: Large employers and higher managerial and administrative occupations,73
E05013642,Golders Green,19,Other ethnic group: Any other ethnic group,2,L3: Higher professional occupations,117
E05013642,Golders Green,19,Other ethnic group: Any other ethnic group,3,"L4, L5 and L6: Lower managerial, administrative and professional occupations",240
E05013642,Golders Green,19,Other ethnic group: Any other ethnic group,4,L7: Intermediate occupations,139
E05013642,Golders Green,19,Other ethnic group: Any other ethnic group,5,L8 and L9: Small employers and own account workers,162
E05013642,Golders Green,19,Other ethnic group: Any other ethnic group,6,L10 and L11: Lower supervisory and technical occupations,27
E05013642,Golders Green,19,Other ethnic group: Any other ethnic group,7,L12: Semi-routine occupations,68
E05013642,Golders Green,19,Other ethnic group: Any other ethnic group,8,L13: Routine occupations,45
E05013642,Golders Green,19,Other ethnic group: Any other ethnic group,9,L14.1: Never worked,151
E05013642,Golders Green,19,Other ethnic group: Any other ethnic group,10,L14.2: Long-term unemployed,15
E05013642,Golders Green,19,Other ethnic group: Any other ethnic group,11,L15: Full-time students,96
E05013643,Hendon (Barnet),-8,Does not apply,-8,Does not apply,0
E05013643,Hendon (Barnet),-8,Does not apply,1,L1 and L2: Large employers and higher managerial and administrative occupations,0
E05013643,Hendon (Barnet),-8,Does not apply,2,L3: Higher professional occupations,0
E05013643,Hendon (Barnet),-8,Does not apply,3,"L4, L5 and L6: Lower managerial, administrative and professional occupations",0
E05013643,Hendon (Barnet),-8,Does not apply,4,L7: Intermediate occupations,0
E05013643,Hendon (Barnet),-8,Does not apply,5,L8 and L9: Small employers and own account workers,0
E05013643,Hendon (Barnet),-8,Does not apply,6,L10 and L11: Lower supervisory and technical occupations,0
E05013643,Hendon (Barnet),-8,Does not apply,7,L12: Semi-routine occupations,0
E05013643,Hendon (Barnet),-8,Does not apply,8,L13: Routine occupations,0
E05013643,Hendon (Barnet),-8,Does not apply,9,L14.1: Never worked,0
E05013643,Hendon (Barnet),-8,Does not apply,10,L14.2: Long-term unemployed,0
E05013643,Hendon (Barnet),-8,Does not apply,11,L15: Full-time students,0
E05013643,Hendon (Barnet),1,"Asian, Asian British or Asian Welsh: Bangladeshi",-8,Does not apply,14
E05013643,Hendon (Barnet),1,"Asian, Asian British or Asian Welsh: Bangladeshi",1,L1 and L2: Large employers and higher managerial and administrative occupations,2
E05013643,Hendon (Barnet),1,"Asian, Asian British or Asian Welsh: Bangladeshi",2,L3: Higher professional occupations,18
E05013643,Hendon (Barnet),1,"Asian, Asian British or Asian Welsh: Bangladeshi",3,"L4, L5 and L6: Lower managerial, administrative and professional occupations",10
E05013643,Hendon (Barnet),1,"Asian, Asian British or Asian Welsh: Bangladeshi",4,L7: Intermediate occupations,11
E05013643,Hendon (Barnet),1,"Asian, Asian British or Asian Welsh: Bangladeshi",5,L8 and L9: Small employers and own account workers,12
E05013643,Hendon (Barnet),1,"Asian, Asian British or Asian Welsh: Bangladeshi",6,L10 and L11: Lower supervisory and technical occupations,0
E05013643,Hendon (Barnet),1,"Asian, Asian British or Asian Welsh: Bangladeshi",7,L12: Semi-routine occupations,4
E05013643,Hendon (Barnet),1,"Asian, Asian British or Asian Welsh: Bangladeshi",8,L13: Routine occupations,2
E05013643,Hendon (Barnet),1,"Asian, Asian British or Asian Welsh: Bangladeshi",9,L14.1: Never worked,8
E05013643,Hendon (Barnet),1,"Asian, Asian British or Asian Welsh: Bangladeshi",10,L14.2: Long-term unemployed,0
E05013643,Hendon (Barnet),1,"Asian, Asian British or Asian Welsh: Bangladeshi",11,L15: Full-time students,11
E05013643,Hendon (Barnet),2,"Asian, Asian British or Asian Welsh: Chinese",-8,Does not apply,51
E05013643,Hendon (Barnet),2,"Asian, Asian British or Asian Welsh: Chinese",1,L1 and L2: Large employers and higher managerial and administrative occupations,10
E05013643,Hendon (Barnet),2,"Asian, Asian British or Asian Welsh: Chinese",2,L3: Higher professional occupations,53
E05013643,Hendon (Barnet),2,"Asian, Asian British or Asian Welsh: Chinese",3,"L4, L5 and L6: Lower managerial, administrative and professional occupations",52
E05013643,Hendon (Barnet),2,"Asian, Asian British or Asian Welsh: Chinese",4,L7: Intermediate occupations,23
E05013643,Hendon (Barnet),2,"Asian, Asian British or Asian Welsh: Chinese",5,L8 and L9: Small employers and own account workers,39
E05013643,Hendon (Barnet),2,"Asian, Asian British or Asian Welsh: Chinese",6,L10 and L11: Lower supervisory and technical occupations,20
E05013643,Hendon (Barnet),2,"Asian, Asian British or Asian Welsh: Chinese",7,L12: Semi-routine occupations,20
E05013643,Hendon (Barnet),2,"Asian, Asian British or Asian Welsh: Chinese",8,L13: Routine occupations,15
E05013643,Hendon (Barnet),2,"Asian, Asian British or Asian Welsh: Chinese",9,L14.1: Never worked,30
E05013643,Hendon (Barnet),2,"Asian, Asian British or Asian Welsh: Chinese",10,L14.2: Long-term unemployed,4
E05013643,Hendon (Barnet),2,"Asian, Asian British or Asian Welsh: Chinese",11,L15: Full-time students,36
E05013643,Hendon (Barnet),3,"Asian, Asian British or Asian Welsh: Indian",-8,Does not apply,143
E05013643,Hendon (Barnet),3,"Asian, Asian British or Asian Welsh: Indian",1,L1 and L2: Large employers and higher managerial and administrative occupations,66
E05013643,Hendon (Barnet),3,"Asian, Asian British or Asian Welsh: Indian",2,L3: Higher professional occupations,169
E05013643,Hendon (Barnet),3,"Asian, Asian British or Asian Welsh: Indian",3,"L4, L5 and L6: Lower managerial, administrative and professional occupations",223
E05013643,Hendon (Barnet),3,"Asian, Asian British or Asian Welsh: Indian",4,L7: Intermediate occupations,113
E05013643,Hendon (Barnet),3,"Asian, Asian British or Asian Welsh: Indian",5,L8 and L9: Small employers and own account workers,111
E05013643,Hendon (Barnet),3,"Asian, Asian British or Asian Welsh: Indian",6,L10 and L11: Lower supervisory and technical occupations,27
E05013643,Hendon (Barnet),3,"Asian, Asian British or Asian Welsh: Indian",7,L12: Semi-routine occupations,87
E05013643,Hendon (Barnet),3,"Asian, Asian British or Asian Welsh: Indian",8,L13: Routine occupations,61
E05013643,Hendon (Barnet),3,"Asian, Asian British or Asian Welsh: Indian",9,L14.1: Never worked,97
E05013643,Hendon (Barnet),3,"Asian, Asian British or Asian Welsh: Indian",10,L14.2: Long-term unemployed,13
E05013643,Hendon (Barnet),3,"Asian, Asian British or Asian Welsh: Indian",11,L15: Full-time students,90
E05013643,Hendon (Barnet),4,"Asian, Asian British or Asian Welsh: Pakistani",-8,Does not apply,53
E05013643,Hendon (Barnet),4,"Asian, Asian British or Asian Welsh: Pakistani",1,L1 and L2: Large employers and higher managerial and administrative occupations,16
E05013643,Hendon (Barnet),4,"Asian, Asian British or Asian Welsh: Pakistani",2,L3: Higher professional occupations,30
E05013643,Hendon (Barnet),4,"Asian, Asian British or Asian Welsh: Pakistani",3,"L4, L5 and L6: Lower managerial, administrative and professional occupations",36
E05013643,Hendon (Barnet),4,"Asian, Asian British or Asian Welsh: Pakistani",4,L7: Intermediate occupations,21
E05013643,Hendon (Barnet),4,"Asian, Asian British or Asian Welsh: Pakistani",5,L8 and L9: Small employers and own account workers,32
E05013643,Hendon (Barnet),4,"Asian, Asian British or Asian Welsh: Pakistani",6,L10 and L11: Lower supervisory and technical occupations,3
E05013643,Hendon (Barnet),4,"Asian, Asian British or Asian Welsh: Pakistani",7,L12: Semi-routine occupations,15
E05013643,Hendon (Barnet),4,"Asian, Asian British or Asian Welsh: Pakistani",8,L13: Routine occupations,6
E05013643,Hendon (Barnet),4,"Asian, Asian British or Asian Welsh: Pakistani",9,L14.1: Never worked,27
E05013643,Hendon (Barnet),4,"Asian, Asian British or Asian Welsh: Pakistani",10,L14.2: Long-term unemployed,2
E05013643,Hendon (Barnet),4,"Asian, Asian British or Asian Welsh: Pakistani",11,L15: Full-time students,39
E05013643,Hendon (Barnet),5,"Asian, Asian British or Asian Welsh: Other Asian",-8,Does not apply,262
E05013643,Hendon (Barnet),5,"Asian, Asian British or Asian Welsh: Other Asian",1,L1 and L2: Large employers and higher managerial and administrative occupations,27
E05013643,Hendon (Barnet),5,"Asian, Asian British or Asian Welsh: Other Asian",2,L3: Higher professional occupations,52
E05013643,Hendon (Barnet),5,"Asian, Asian British or Asian Welsh: Other Asian",3,"L4, L5 and L6: Lower managerial, administrative and professional occupations",102
E05013643,Hendon (Barnet),5,"Asian, Asian British or Asian Welsh: Other Asian",4,L7: Intermediate occupations,51
E05013643,Hendon (Barnet),5,"Asian, Asian British or Asian Welsh: Other Asian",5,L8 and L9: Small employers and own account workers,124
E05013643,Hendon (Barnet),5,"Asian, Asian British or Asian Welsh: Other Asian",6,L10 and L11: Lower supervisory and technical occupations,32
E05013643,Hendon (Barnet),5,"Asian, Asian British or Asian Welsh: Other Asian",7,L12: Semi-routine occupations,109
E05013643,Hendon (Barnet),5,"Asian, Asian British or Asian Welsh: Other Asian",8,L13: Routine occupations,83
E05013643,Hendon (Barnet),5,"Asian, Asian British or Asian Welsh: Other Asian",9,L14.1: Never worked,169
E05013643,Hendon (Barnet),5,"Asian, Asian British or Asian Welsh: Other Asian",10,L14.2: Long-term unemployed,20
E05013643,Hendon (Barnet),5,"Asian, Asian British or Asian Welsh: Other Asian",11,L15: Full-time students,103
E05013643,Hendon (Barnet),6,"Black, Black British, Black Welsh, Caribbean or African: African",-8,Does not apply,232
E05013643,Hendon (Barnet),6,"Black, Black British, Black Welsh, Caribbean or African: African",1,L1 and L2: Large employers and higher managerial and administrative occupations,42
E05013643,Hendon (Barnet),6,"Black, Black British, Black Welsh, Caribbean or African: African",2,L3: Higher professional occupations,87
E05013643,Hendon (Barnet),6,"Black, Black British, Black Welsh, Caribbean or African: African",3,"L4, L5 and L6: Lower managerial, administrative and professional occupations",154
E05013643,Hendon (Barnet),6,"Black, Black British, Black Welsh, Caribbean or African: African",4,L7: Intermediate occupations,68
E05013643,Hendon (Barnet),6,"Black, Black British, Black Welsh, Caribbean or African: African",5,L8 and L9: Small employers and own account workers,73
E05013643,Hendon (Barnet),6,"Black, Black British, Black Welsh, Caribbean or African: African",6,L10 and L11: Lower supervisory and technical occupations,26
E05013643,Hendon (Barnet),6,"Black, Black British, Black Welsh, Caribbean or African: African",7,L12: Semi-routine occupations,91
E05013643,Hendon (Barnet),6,"Black, Black British, Black Welsh, Caribbean or African: African",8,L13: Routine occupations,66
E05013643,Hendon (Barnet),6,"Black, Black British, Black Welsh, Caribbean or African: African",9,L14.1: Never worked,96
E05013643,Hendon (Barnet),6,"Black, Black British, Black Welsh, Caribbean or African: African",10,L14.2: Long-term unemployed,19
E05013643,Hendon (Barnet),6,"Black, Black British, Black Welsh, Caribbean or African: African",11,L15: Full-time students,161
E05013643,Hendon (Barnet),7,"Black, Black British, Black Welsh, Caribbean or African: Caribbean",-8,Does not apply,38
E05013643,Hendon (Barnet),7,"Black, Black British, Black Welsh, Caribbean or African: Caribbean",1,L1 and L2: Large employers and higher managerial and administrative occupations,11
E05013643,Hendon (Barnet),7,"Black, Black British, Black Welsh, Caribbean or African: Caribbean",2,L3: Higher professional occupations,12
E05013643,Hendon (Barnet),7,"Black, Black British, Black Welsh, Caribbean or African: Caribbean",3,"L4, L5 and L6: Lower managerial, administrative and professional occupations",31
E05013643,Hendon (Barnet),7,"Black, Black British, Black Welsh, Caribbean or African: Caribbean",4,L7: Intermediate occupations,19
E05013643,Hendon (Barnet),7,"Black, Black British, Black Welsh, Caribbean or African: Caribbean",5,L8 and L9: Small employers and own account workers,13
E05013643,Hendon (Barnet),7,"Black, Black British, Black Welsh, Caribbean or African: Caribbean",6,L10 and L11: Lower supervisory and technical occupations,10
E05013643,Hendon (Barnet),7,"Black, Black British, Black Welsh, Caribbean or African: Caribbean",7,L12: Semi-routine occupations,21
E05013643,Hendon (Barnet),7,"Black, Black British, Black Welsh, Caribbean or African: Caribbean",8,L13: Routine occupations,22
E05013643,Hendon (Barnet),7,"Black, Black British, Black Welsh, Caribbean or African: Caribbean",9,L14.1: Never worked,12
E05013643,Hendon (Barnet),7,"Black, Black British, Black Welsh, Caribbean or African: Caribbean",10,L14.2: Long-term unemployed,6
E05013643,Hendon (Barnet),7,"Black, Black British, Black Welsh, Caribbean or African: Caribbean",11,L15: Full-time students,23
E05013643,Hendon (Barnet),8,"Black, Black British, Black Welsh, Caribbean or African: Other Black",-8,Does not apply,39
E05013643,Hendon (Barnet),8,"Black, Black British, Black Welsh, Caribbean or African: Other Black",1,L1 and L2: Large employers and higher managerial and administrative occupations,3
E05013643,Hendon (Barnet),8,"Black, Black British, Black Welsh, Caribbean or African: Other Black",2,L3: Higher professional occupations,4
E05013643,Hendon (Barnet),8,"Black, Black British, Black Welsh, Caribbean or African: Other Black",3,"L4, L5 and L6: Lower managerial, administrative and professional occupations",7
E05013643,Hendon (Barnet),8,"Black, Black British, Black Welsh, Caribbean or African: Other Black",4,L7: Intermediate occupations,7
E05013643,Hendon (Barnet),8,"Black, Black British, Black Welsh, Caribbean or African: Other Black",5,L8 and L9: Small employers and own account workers,5
E05013643,Hendon (Barnet),8,"Black, Black British, Black Welsh, Caribbean or African: Other Black",6,L10 and L11: Lower supervisory and technical occupations,7
E05013643,Hendon (Barnet),8,"Black, Black British, Black Welsh, Caribbean or African: Other Black",7,L12: Semi-routine occupations,11
E05013643,Hendon (Barnet),8,"Black, Black British, Black Welsh, Caribbean or African: Other Black",8,L13: Routine occupations,7
E05013643,Hendon (Barnet),8,"Black, Black British, Black Welsh, Caribbean or African: Other Black",9,L14.1: Never worked,19
E05013643,Hendon (Barnet),8,"Black, Black British, Black Welsh, Caribbean or African: Other Black",10,L14.2: Long-term unemployed,8
E05013643,Hendon (Barnet),8,"Black, Black British, Black Welsh, Caribbean or African: Other Black",11,L15: Full-time students,26
E05013643,Hendon (Barnet),9,Mixed or Multiple ethnic groups: White and Asian,-8,Does not apply,63
E05013643,Hendon (Barnet),9,Mixed or Multiple ethnic groups: White and Asian,1,L1 and L2: Large employers and higher managerial and administrative occupations,6
E05013643,Hendon (Barnet),9,Mixed or Multiple ethnic groups: White and Asian,2,L3: Higher professional occupations,22
E05013643,Hendon (Barnet),9,Mixed or Multiple ethnic groups: White and Asian,3,"L4, L5 and L6: Lower managerial, administrative and professional occupations",22
E05013643,Hendon (Barnet),9,Mixed or Multiple ethnic groups: White and Asian,4,L7: Intermediate occupations,23
E05013643,Hendon (Barnet),9,Mixed or Multiple ethnic groups: White and Asian,5,L8 and L9: Small employers and own account workers,11
E05013643,Hendon (Barnet),9,Mixed or Multiple ethnic groups: White and Asian,6,L10 and L11: Lower supervisory and technical occupations,2
E05013643,Hendon (Barnet),9,Mixed or Multiple ethnic groups: White and Asian,7,L12: Semi-routine occupations,6
E05013643,Hendon (Barnet),9,Mixed or Multiple ethnic groups: White and Asian,8,L13: Routine occupations,6
E05013643,Hendon (Barnet),9,Mixed or Multiple ethnic groups: White and Asian,9,L14.1: Never worked,14
E05013643,Hendon (Barnet),9,Mixed or Multiple ethnic groups: White and Asian,10,L14.2: Long-term unemployed,4
E05013643,Hendon (Barnet),9,Mixed or Multiple ethnic groups: White and Asian,11,L15: Full-time students,28
E05013643,Hendon (Barnet),10,Mixed or Multiple ethnic groups: White and Black African,-8,Does not apply,61
E05013643,Hendon (Barnet),10,Mixed or Multiple ethnic groups: White and Black African,1,L1 and L2: Large employers and higher managerial and administrative occupations,2
E05013643,Hendon (Barnet),10,Mixed or Multiple ethnic groups: White and Black African,2,L3: Higher professional occupations,10
E05013643,Hendon (Barnet),10,Mixed or Multiple ethnic groups: White and Black African,3,"L4, L5 and L6: Lower managerial, administrative and professional occupations",14
E05013643,Hendon (Barnet),10,Mixed or Multiple ethnic groups: White and Black African,4,L7: Intermediate occupations,10
E05013643,Hendon (Barnet),10,Mixed or Multiple ethnic groups: White and Black African,5,L8 and L9: Small employers and own account workers,14
E05013643,Hendon (Barnet),10,Mixed or Multiple ethnic groups: White and Black African,6,L10 and L11: Lower supervisory and technical occupations,4
E05013643,Hendon (Barnet),10,Mixed or Multiple ethnic groups: White and Black African,7,L12: Semi-routine occupations,5
E05013643,Hendon (Barnet),10,Mixed or Multiple ethnic groups: White and Black African,8,L13: Routine occupations,7
E05013643,Hendon (Barnet),10,Mixed or Multiple ethnic groups: White and Black African,9,L14.1: Never worked,13
E05013643,Hendon (Barnet),10,Mixed or Multiple ethnic groups: White and Black African,10,L14.2: Long-term unemployed,3
E05013643,Hendon (Barnet),10,Mixed or Multiple ethnic groups: White and Black African,11,L15: Full-time students,20
E05013643,Hendon (Barnet),11,Mixed or Multiple ethnic groups: White and Black Caribbean,-8,Does not apply,37
E05013643,Hendon (Barnet),11,Mixed or Multiple ethnic groups: White and Black Caribbean,1,L1 and L2: Large employers and higher managerial and administrative occupations,2
E05013643,Hendon (Barnet),11,Mixed or Multiple ethnic groups: White and Black Caribbean,2,L3: Higher professional occupations,6
E05013643,Hendon (Barnet),11,Mixed or Multiple ethnic groups: White and Black Caribbean,3,"L4, L5 and L6: Lower managerial, administrative and professional occupations",16
E05013643,Hendon (Barnet),11,Mixed or Multiple ethnic groups: White and Black Caribbean,4,L7: Intermediate occupations,4
E05013643,Hendon (Barnet),11,Mixed or Multiple ethnic groups: White and Black Caribbean,5,L8 and L9: Small employers and own account workers,8
E05013643,Hendon (Barnet),11,Mixed or Multiple ethnic groups: White and Black Caribbean,6,L10 and L11: Lower supervisory and technical occupations,4
E05013643,Hendon (Barnet),11,Mixed or Multiple ethnic groups: White and Black Caribbean,7,L12: Semi-routine occupations,10
E05013643,Hendon (Barnet),11,Mixed or Multiple ethnic groups: White and Black Caribbean,8,L13: Routine occupations,10
E05013643,Hendon (Barnet),11,Mixed or Multiple ethnic groups: White and Black Caribbean,9,L14.1: Never worked,7
E05013643,Hendon (Barnet),11,Mixed or Multiple ethnic groups: White and Black Caribbean,10,L14.2: Long-term unemployed,5
E05013643,Hendon (Barnet),11,Mixed or Multiple ethnic groups: White and Black Caribbean,11,L15: Full-time students,20
E05013643,Hendon (Barnet),12,Mixed or Multiple ethnic groups: Other Mixed or Multiple ethnic groups,-8,Does not apply,102
E05013643,Hendon (Barnet),12,Mixed or Multiple ethnic groups: Other Mixed or Multiple ethnic groups,1,L1 and L2: Large employers and higher managerial and administrative occupations,7
E05013643,Hendon (Barnet),12,Mixed or Multiple ethnic groups: Other Mixed or Multiple ethnic groups,2,L3: Higher professional occupations,15
E05013643,Hendon (Barnet),12,Mixed or Multiple ethnic groups: Other Mixed or Multiple ethnic groups,3,"L4, L5 and L6: Lower managerial, administrative and professional occupations",47
E05013643,Hendon (Barnet),12,Mixed or Multiple ethnic groups: Other Mixed or Multiple ethnic groups,4,L7: Intermediate occupations,25
E05013643,Hendon (Barnet),12,Mixed or Multiple ethnic groups: Other Mixed or Multiple ethnic groups,5,L8 and L9: Small employers and own account workers,25
E05013643,Hendon (Barnet),12,Mixed or Multiple ethnic groups: Other Mixed or Multiple ethnic groups,6,L10 and L11: Lower supervisory and technical occupations,5
E05013643,Hendon (Barnet),12,Mixed or Multiple ethnic groups: Other Mixed or Multiple ethnic groups,7,L12: Semi-routine occupations,15
E05013643,Hendon (Barnet),12,Mixed or Multiple ethnic groups: Other Mixed or Multiple ethnic groups,8,L13: Routine occupations,17
E05013643,Hendon (Barnet),12,Mixed or Multiple ethnic groups: Other Mixed or Multiple ethnic groups,9,L14.1: Never worked,16
E05013643,Hendon (Barnet),12,Mixed or Multiple ethnic groups: Other Mixed or Multiple ethnic groups,10,L14.2: Long-term unemployed,6
E05013643,Hendon (Barnet),12,Mixed or Multiple ethnic groups: Other Mixed or Multiple ethnic groups,11,L15: Full-time students,49
E05013643,Hendon (Barnet),13,"White: English, Welsh, Scottish, Northern Irish or British",-8,Does not apply,2220
E05013643,Hendon (Barnet),13,"White: English, Welsh, Scottish, Northern Irish or British",1,L1 and L2: Large employers and higher managerial and administrative occupations,314
E05013643,Hendon (Barnet),13,"White: English, Welsh, Scottish, Northern Irish or British",2,L3: Higher professional occupations,762
E05013643,Hendon (Barnet),13,"White: English, Welsh, Scottish, Northern Irish or British",3,"L4, L5 and L6: Lower managerial, administrative and professional occupations",1266
E05013643,Hendon (Barnet),13,"White: English, Welsh, Scottish, Northern Irish or British",4,L7: Intermediate occupations,648
E05013643,Hendon (Barnet),13,"White: English, Welsh, Scottish, Northern Irish or British",5,L8 and L9: Small employers and own account workers,764
E05013643,Hendon (Barnet),13,"White: English, Welsh, Scottish, Northern Irish or British",6,L10 and L11: Lower supervisory and technical occupations,137
E05013643,Hendon (Barnet),13,"White: English, Welsh, Scottish, Northern Irish or British",7,L12: Semi-routine occupations,351
E05013643,Hendon (Barnet),13,"White: English, Welsh, Scottish, Northern Irish or British",8,L13: Routine occupations,254
E05013643,Hendon (Barnet),13,"White: English, Welsh, Scottish, Northern Irish or British",9,L14.1: Never worked,360
E05013643,Hendon (Barnet),13,"White: English, Welsh, Scottish, Northern Irish or British",10,L14.2: Long-term unemployed,74
E05013643,Hendon (Barnet),13,"White: English, Welsh, Scottish, Northern Irish or British",11,L15: Full-time students,673
E05013643,Hendon (Barnet),14,White: Irish,-8,Does not apply,9
E05013643,Hendon (Barnet),14,White: Irish,1,L1 and L2: Large employers and higher managerial and administrative occupations,8
E05013643,Hendon (Barnet),14,White: Irish,2,L3: Higher professional occupations,27
E05013643,Hendon (Barnet),14,White: Irish,3,"L4, L5 and L6: Lower managerial, administrative and professional occupations",75
E05013643,Hendon (Barnet),14,White: Irish,4,L7: Intermediate occupations,11
E05013643,Hendon (Barnet),14,White: Irish,5,L8 and L9: Small employers and own account workers,46
E05013643,Hendon (Barnet),14,White: Irish,6,L10 and L11: Lower supervisory and technical occupations,8
E05013643,Hendon (Barnet),14,White: Irish,7,L12: Semi-routine occupations,12
E05013643,Hendon (Barnet),14,White: Irish,8,L13: Routine occupations,20
E05013643,Hendon (Barnet),14,White: Irish,9,L14.1: Never worked,27
E05013643,Hendon (Barnet),14,White: Irish,10,L14.2: Long-term unemployed,0
E05013643,Hendon (Barnet),14,White: Irish,11,L15: Full-time students,9
E05013643,Hendon (Barnet),15,White: Gypsy or Irish Traveller,-8,Does not apply,0
E05013643,Hendon (Barnet),15,White: Gypsy or Irish Traveller,1,L1 and L2: Large employers and higher managerial and administrative occupations,0
E05013643,Hendon (Barnet),15,White: Gypsy or Irish Traveller,2,L3: Higher professional occupations,0
E05013643,Hendon (Barnet),15,White: Gypsy or Irish Traveller,3,"L4, L5 and L6: Lower managerial, administrative and professional occupations",0
E05013643,Hendon (Barnet),15,White: Gypsy or Irish Traveller,4,L7: Intermediate occupations,0
E05013643,Hendon (Barnet),15,White: Gypsy or Irish Traveller,5,L8 and L9: Small employers and own account workers,0
E05013643,Hendon (Barnet),15,White: Gypsy or Irish Traveller,6,L10 and L11: Lower supervisory and technical occupations,0
E05013643,Hendon (Barnet),15,White: Gypsy or Irish Traveller,7,L12: Semi-routine occupations,0
E05013643,Hendon (Barnet),15,White: Gypsy or Irish Traveller,8,L13: Routine occupations,0
E05013643,Hendon (Barnet),15,White: Gypsy or Irish Traveller,9,L14.1: Never worked,0
E05013643,Hendon (Barnet),15,White: Gypsy or Irish Traveller,10,L14.2: Long-term unemployed,0
E05013643,Hendon (Barnet),15,White: Gypsy or Irish Traveller,11,L15: Full-time students,0
E05013643,Hendon (Barnet),16,White: Roma,-8,Does not apply,14
E05013643,Hendon (Barnet),16,White: Roma,1,L1 and L2: Large employers and higher managerial and administrative occupations,1
E05013643,Hendon (Barnet),16,White: Roma,2,L3: Higher professional occupations,5
E05013643,Hendon (Barnet),16,White: Roma,3,"L4, L5 and L6: Lower managerial, administrative and professional occupations",11
E05013643,Hendon (Barnet),16,White: Roma,4,L7: Intermediate occupations,1
E05013643,Hendon (Barnet),16,White: Roma,5,L8 and L9: Small employers and own account workers,32
E05013643,Hendon (Barnet),16,White: Roma,6,L10 and L11: Lower supervisory and technical occupations,9
E05013643,Hendon (Barnet),16,White: Roma,7,L12: Semi-routine occupations,8
E05013643,Hendon (Barnet),16,White: Roma,8,L13: Routine occupations,34
E05013643,Hendon (Barnet),16,White: Roma,9,L14.1: Never worked,4
E05013643,Hendon (Barnet),16,White: Roma,10,L14.2: Long-term unemployed,3
E05013643,Hendon (Barnet),16,White: Roma,11,L15: Full-time students,23
E05013643,Hendon (Barnet),17,White: Other White,-8,Does not apply,836
E05013643,Hendon (Barnet),17,White: Other White,1,L1 and L2: Large employers and higher managerial and administrative occupations,179
E05013643,Hendon (Barnet),17,White: Other White,2,L3: Higher professional occupations,432
E05013643,Hendon (Barnet),17,White: Other White,3,"L4, L5 and L6: Lower managerial, administrative and professional occupations",763
E05013643,Hendon (Barnet),17,White: Other White,4,L7: Intermediate occupations,342
E05013643,Hendon (Barnet),17,White: Other White,5,L8 and L9: Small employers and own account workers,1130
E05013643,Hendon (Barnet),17,White: Other White,6,L10 and L11: Lower supervisory and technical occupations,215
E05013643,Hendon (Barnet),17,White: Other White,7,L12: Semi-routine occupations,349
E05013643,Hendon (Barnet),17,White: Other White,8,L13: Routine occupations,454
E05013643,Hendon (Barnet),17,White: Other White,9,L14.1: Never worked,219
E05013643,Hendon (Barnet),17,White: Other White,10,L14.2: Long-term unemployed,72
E05013643,Hendon (Barnet),17,White: Other White,11,L15: Full-time students,690
E05013643,Hendon (Barnet),18,Other ethnic group: Arab,-8,Does not apply,99
E05013643,Hendon (Barnet),18,Other ethnic group: Arab,1,L1 and L2: Large employers and higher managerial and administrative occupations,3
E05013643,Hendon (Barnet),18,Other ethnic group: Arab,2,L3: Higher professional occupations,25
E05013643,Hendon (Barnet),18,Other ethnic group: Arab,3,"L4, L5 and L6: Lower managerial, administrative and professional occupations",35
E05013643,Hendon (Barnet),18,Other ethnic group: Arab,4,L7: Intermediate occupations,21
E05013643,Hendon (Barnet),18,Other ethnic group: Arab,5,L8 and L9: Small employers and own account workers,34
E05013643,Hendon (Barnet),18,Other ethnic group: Arab,6,L10 and L11: Lower supervisory and technical occupations,10
E05013643,Hendon (Barnet),18,Other ethnic group: Arab,7,L12: Semi-routine occupations,19
E05013643,Hendon (Barnet),18,Other ethnic group: Arab,8,L13: Routine occupations,28
E05013643,Hendon (Barnet),18,Other ethnic group: Arab,9,L14.1: Never worked,50
E05013643,Hendon (Barnet),18,Other ethnic group: Arab,10,L14.2: Long-term unemployed,8
E05013643,Hendon (Barnet),18,Other ethnic group: Arab,11,L15: Full-time students,50
E05013643,Hendon (Barnet),19,Other ethnic group: Any other ethnic group,-8,Does not apply,526
E05013643,Hendon (Barnet),19,Other ethnic group: Any other ethnic group,1,L1 and L2: Large employers and higher managerial and administrative occupations,83
E05013643,Hendon (Barnet),19,Other ethnic group: Any other ethnic group,2,L3: Higher professional occupations,222
E05013643,Hendon (Barnet),19,Other ethnic group: Any other ethnic group,3,"L4, L5 and L6: Lower managerial, administrative and professional occupations",336
E05013643,Hendon (Barnet),19,Other ethnic group: Any other ethnic group,4,L7: Intermediate occupations,145
E05013643,Hendon (Barnet),19,Other ethnic group: Any other ethnic group,5,L8 and L9: Small employers and own account workers,282
E05013643,Hendon (Barnet),19,Other ethnic group: Any other ethnic group,6,L10 and L11: Lower supervisory and technical occupations,45
E05013643,Hendon (Barnet),19,Other ethnic group: Any other ethnic group,7,L12: Semi-routine occupations,139
E05013643,Hendon (Barnet),19,Other ethnic group: Any other ethnic group,8,L13: Routine occupations,106
E05013643,Hendon (Barnet),19,Other ethnic group: Any other ethnic group,9,L14.1: Never worked,190
E05013643,Hendon (Barnet),19,Other ethnic group: Any other ethnic group,10,L14.2: Long-term unemployed,39
E05013643,Hendon (Barnet),19,Other ethnic group: Any other ethnic group,11,L15: Full-time students,227
E05013644,High Barnet,-8,Does not apply,-8,Does not apply,0
E05013644,High Barnet,-8,Does not apply,1,L1 and L2: Large employers and higher managerial and administrative occupations,0
E05013644,High Barnet,-8,Does not apply,2,L3: Higher professional occupations,0
E05013644,High Barnet,-8,Does not apply,3,"L4, L5 and L6: Lower managerial, administrative and professional occupations",0
E05013644,High Barnet,-8,Does not apply,4,L7: Intermediate occupations,0
E05013644,High Barnet,-8,Does not apply,5,L8 and L9: Small employers and own account workers,0
E05013644,High Barnet,-8,Does not apply,6,L10 and L11: Lower supervisory and technical occupations,0
E05013644,High Barnet,-8,Does not apply,7,L12: Semi-routine occupations,0
E05013644,High Barnet,-8,Does not apply,8,L13: Routine occupations,0
E05013644,High Barnet,-8,Does not apply,9,L14.1: Never worked,0
E05013644,High Barnet,-8,Does not apply,10,L14.2: Long-term unemployed,0
E05013644,High Barnet,-8,Does not apply,11,L15: Full-time students,0
E05013644,High Barnet,1,"Asian, Asian British or Asian Welsh: Bangladeshi",-8,Does not apply,10
E05013644,High Barnet,1,"Asian, Asian British or Asian Welsh: Bangladeshi",1,L1 and L2: Large employers and higher managerial and administrative occupations,5
E05013644,High Barnet,1,"Asian, Asian British or Asian Welsh: Bangladeshi",2,L3: Higher professional occupations,7
E05013644,High Barnet,1,"Asian, Asian British or Asian Welsh: Bangladeshi",3,"L4, L5 and L6: Lower managerial, administrative and professional occupations",5
E05013644,High Barnet,1,"Asian, Asian British or Asian Welsh: Bangladeshi",4,L7: Intermediate occupations,2
E05013644,High Barnet,1,"Asian, Asian British or Asian Welsh: Bangladeshi",5,L8 and L9: Small employers and own account workers,3
E05013644,High Barnet,1,"Asian, Asian British or Asian Welsh: Bangladeshi",6,L10 and L11: Lower supervisory and technical occupations,0
E05013644,High Barnet,1,"Asian, Asian British or Asian Welsh: Bangladeshi",7,L12: Semi-routine occupations,2
E05013644,High Barnet,1,"Asian, Asian British or Asian Welsh: Bangladeshi",8,L13: Routine occupations,1
E05013644,High Barnet,1,"Asian, Asian British or Asian Welsh: Bangladeshi",9,L14.1: Never worked,1
E05013644,High Barnet,1,"Asian, Asian British or Asian Welsh: Bangladeshi",10,L14.2: Long-term unemployed,2
E05013644,High Barnet,1,"Asian, Asian British or Asian Welsh: Bangladeshi",11,L15: Full-time students,8
E05013644,High Barnet,2,"Asian, Asian British or Asian Welsh: Chinese",-8,Does not apply,39
E05013644,High Barnet,2,"Asian, Asian British or Asian Welsh: Chinese",1,L1 and L2: Large employers and higher managerial and administrative occupations,17
E05013644,High Barnet,2,"Asian, Asian British or Asian Welsh: Chinese",2,L3: Higher professional occupations,56
E05013644,High Barnet,2,"Asian, Asian British or Asian Welsh: Chinese",3,"L4, L5 and L6: Lower managerial, administrative and professional occupations",29
E05013644,High Barnet,2,"Asian, Asian British or Asian Welsh: Chinese",4,L7: Intermediate occupations,14
E05013644,High Barnet,2,"Asian, Asian British or Asian Welsh: Chinese",5,L8 and L9: Small employers and own account workers,9
E05013644,High Barnet,2,"Asian, Asian British or Asian Welsh: Chinese",6,L10 and L11: Lower supervisory and technical occupations,5
E05013644,High Barnet,2,"Asian, Asian British or Asian Welsh: Chinese",7,L12: Semi-routine occupations,9
E05013644,High Barnet,2,"Asian, Asian British or Asian Welsh: Chinese",8,L13: Routine occupations,2
E05013644,High Barnet,2,"Asian, Asian British or Asian Welsh: Chinese",9,L14.1: Never worked,8
E05013644,High Barnet,2,"Asian, Asian British or Asian Welsh: Chinese",10,L14.2: Long-term unemployed,3
E05013644,High Barnet,2,"Asian, Asian British or Asian Welsh: Chinese",11,L15: Full-time students,11
E05013644,High Barnet,3,"Asian, Asian British or Asian Welsh: Indian",-8,Does not apply,145
E05013644,High Barnet,3,"Asian, Asian British or Asian Welsh: Indian",1,L1 and L2: Large employers and higher managerial and administrative occupations,60
E05013644,High Barnet,3,"Asian, Asian British or Asian Welsh: Indian",2,L3: Higher professional occupations,166
E05013644,High Barnet,3,"Asian, Asian British or Asian Welsh: Indian",3,"L4, L5 and L6: Lower managerial, administrative and professional occupations",161
E05013644,High Barnet,3,"Asian, Asian British or Asian Welsh: Indian",4,L7: Intermediate occupations,37
E05013644,High Barnet,3,"Asian, Asian British or Asian Welsh: Indian",5,L8 and L9: Small employers and own account workers,50
E05013644,High Barnet,3,"Asian, Asian British or Asian Welsh: Indian",6,L10 and L11: Lower supervisory and technical occupations,4
E05013644,High Barnet,3,"Asian, Asian British or Asian Welsh: Indian",7,L12: Semi-routine occupations,29
E05013644,High Barnet,3,"Asian, Asian British or Asian Welsh: Indian",8,L13: Routine occupations,21
E05013644,High Barnet,3,"Asian, Asian British or Asian Welsh: Indian",9,L14.1: Never worked,38
E05013644,High Barnet,3,"Asian, Asian British or Asian Welsh: Indian",10,L14.2: Long-term unemployed,7
E05013644,High Barnet,3,"Asian, Asian British or Asian Welsh: Indian",11,L15: Full-time students,47
E05013644,High Barnet,4,"Asian, Asian British or Asian Welsh: Pakistani",-8,Does not apply,26
E05013644,High Barnet,4,"Asian, Asian British or Asian Welsh: Pakistani",1,L1 and L2: Large employers and higher managerial and administrative occupations,8
E05013644,High Barnet,4,"Asian, Asian British or Asian Welsh: Pakistani",2,L3: Higher professional occupations,20
E05013644,High Barnet,4,"Asian, Asian British or Asian Welsh: Pakistani",3,"L4, L5 and L6: Lower managerial, administrative and professional occupations",18
E05013644,High Barnet,4,"Asian, Asian British or Asian Welsh: Pakistani",4,L7: Intermediate occupations,7
E05013644,High Barnet,4,"Asian, Asian British or Asian Welsh: Pakistani",5,L8 and L9: Small employers and own account workers,11
E05013644,High Barnet,4,"Asian, Asian British or Asian Welsh: Pakistani",6,L10 and L11: Lower supervisory and technical occupations,0
E05013644,High Barnet,4,"Asian, Asian British or Asian Welsh: Pakistani",7,L12: Semi-routine occupations,5
E05013644,High Barnet,4,"Asian, Asian British or Asian Welsh: Pakistani",8,L13: Routine occupations,1
E05013644,High Barnet,4,"Asian, Asian British or Asian Welsh: Pakistani",9,L14.1: Never worked,6
E05013644,High Barnet,4,"Asian, Asian British or Asian Welsh: Pakistani",10,L14.2: Long-term unemployed,0
E05013644,High Barnet,4,"Asian, Asian British or Asian Welsh: Pakistani",11,L15: Full-time students,7
E05013644,High Barnet,5,"Asian, Asian British or Asian Welsh: Other Asian",-8,Does not apply,80
E05013644,High Barnet,5,"Asian, Asian British or Asian Welsh: Other Asian",1,L1 and L2: Large employers and higher managerial and administrative occupations,11
E05013644,High Barnet,5,"Asian, Asian British or Asian Welsh: Other Asian",2,L3: Higher professional occupations,35
E05013644,High Barnet,5,"Asian, Asian British or Asian Welsh: Other Asian",3,"L4, L5 and L6: Lower managerial, administrative and professional occupations",65
E05013644,High Barnet,5,"Asian, Asian British or Asian Welsh: Other Asian",4,L7: Intermediate occupations,23
E05013644,High Barnet,5,"Asian, Asian British or Asian Welsh: Other Asian",5,L8 and L9: Small employers and own account workers,46
E05013644,High Barnet,5,"Asian, Asian British or Asian Welsh: Other Asian",6,L10 and L11: Lower supervisory and technical occupations,11
E05013644,High Barnet,5,"Asian, Asian British or Asian Welsh: Other Asian",7,L12: Semi-routine occupations,47
E05013644,High Barnet,5,"Asian, Asian British or Asian Welsh: Other Asian",8,L13: Routine occupations,17
E05013644,High Barnet,5,"Asian, Asian British or Asian Welsh: Other Asian",9,L14.1: Never worked,47
E05013644,High Barnet,5,"Asian, Asian British or Asian Welsh: Other Asian",10,L14.2: Long-term unemployed,4
E05013644,High Barnet,5,"Asian, Asian British or Asian Welsh: Other Asian",11,L15: Full-time students,30
E05013644,High Barnet,6,"Black, Black British, Black Welsh, Caribbean or African: African",-8,Does not apply,144
E05013644,High Barnet,6,"Black, Black British, Black Welsh, Caribbean or African: African",1,L1 and L2: Large employers and higher managerial and administrative occupations,9
E05013644,High Barnet,6,"Black, Black British, Black Welsh, Caribbean or African: African",2,L3: Higher professional occupations,46
E05013644,High Barnet,6,"Black, Black British, Black Welsh, Caribbean or African: African",3,"L4, L5 and L6: Lower managerial, administrative and professional occupations",81
E05013644,High Barnet,6,"Black, Black British, Black Welsh, Caribbean or African: African",4,L7: Intermediate occupations,22
E05013644,High Barnet,6,"Black, Black British, Black Welsh, Caribbean or African: African",5,L8 and L9: Small employers and own account workers,33
E05013644,High Barnet,6,"Black, Black British, Black Welsh, Caribbean or African: African",6,L10 and L11: Lower supervisory and technical occupations,16
E05013644,High Barnet,6,"Black, Black British, Black Welsh, Caribbean or African: African",7,L12: Semi-routine occupations,31
E05013644,High Barnet,6,"Black, Black British, Black Welsh, Caribbean or African: African",8,L13: Routine occupations,32
E05013644,High Barnet,6,"Black, Black British, Black Welsh, Caribbean or African: African",9,L14.1: Never worked,33
E05013644,High Barnet,6,"Black, Black British, Black Welsh, Caribbean or African: African",10,L14.2: Long-term unemployed,28
E05013644,High Barnet,6,"Black, Black British, Black Welsh, Caribbean or African: African",11,L15: Full-time students,56
E05013644,High Barnet,7,"Black, Black British, Black Welsh, Caribbean or African: Caribbean",-8,Does not apply,10
E05013644,High Barnet,7,"Black, Black British, Black Welsh, Caribbean or African: Caribbean",1,L1 and L2: Large employers and higher managerial and administrative occupations,3
E05013644,High Barnet,7,"Black, Black British, Black Welsh, Caribbean or African: Caribbean",2,L3: Higher professional occupations,12
E05013644,High Barnet,7,"Black, Black British, Black Welsh, Caribbean or African: Caribbean",3,"L4, L5 and L6: Lower managerial, administrative and professional occupations",25
E05013644,High Barnet,7,"Black, Black British, Black Welsh, Caribbean or African: Caribbean",4,L7: Intermediate occupations,6
E05013644,High Barnet,7,"Black, Black British, Black Welsh, Caribbean or African: Caribbean",5,L8 and L9: Small employers and own account workers,5
E05013644,High Barnet,7,"Black, Black British, Black Welsh, Caribbean or African: Caribbean",6,L10 and L11: Lower supervisory and technical occupations,4
E05013644,High Barnet,7,"Black, Black British, Black Welsh, Caribbean or African: Caribbean",7,L12: Semi-routine occupations,4
E05013644,High Barnet,7,"Black, Black British, Black Welsh, Caribbean or African: Caribbean",8,L13: Routine occupations,6
E05013644,High Barnet,7,"Black, Black British, Black Welsh, Caribbean or African: Caribbean",9,L14.1: Never worked,9
E05013644,High Barnet,7,"Black, Black British, Black Welsh, Caribbean or African: Caribbean",10,L14.2: Long-term unemployed,2
E05013644,High Barnet,7,"Black, Black British, Black Welsh, Caribbean or African: Caribbean",11,L15: Full-time students,2
E05013644,High Barnet,8,"Black, Black British, Black Welsh, Caribbean or African: Other Black",-8,Does not apply,20
E05013644,High Barnet,8,"Black, Black British, Black Welsh, Caribbean or African: Other Black",1,L1 and L2: Large employers and higher managerial and administrative occupations,2
E05013644,High Barnet,8,"Black, Black British, Black Welsh, Caribbean or African: Other Black",2,L3: Higher professional occupations,2
E05013644,High Barnet,8,"Black, Black British, Black Welsh, Caribbean or African: Other Black",3,"L4, L5 and L6: Lower managerial, administrative and professional occupations",8
E05013644,High Barnet,8,"Black, Black British, Black Welsh, Caribbean or African: Other Black",4,L7: Intermediate occupations,2
E05013644,High Barnet,8,"Black, Black British, Black Welsh, Caribbean or African: Other Black",5,L8 and L9: Small employers and own account workers,2
E05013644,High Barnet,8,"Black, Black British, Black Welsh, Caribbean or African: Other Black",6,L10 and L11: Lower supervisory and technical occupations,0
E05013644,High Barnet,8,"Black, Black British, Black Welsh, Caribbean or African: Other Black",7,L12: Semi-routine occupations,2
E05013644,High Barnet,8,"Black, Black British, Black Welsh, Caribbean or African: Other Black",8,L13: Routine occupations,5
E05013644,High Barnet,8,"Black, Black British, Black Welsh, Caribbean or African: Other Black",9,L14.1: Never worked,3
E05013644,High Barnet,8,"Black, Black British, Black Welsh, Caribbean or African: Other Black",10,L14.2: Long-term unemployed,0
E05013644,High Barnet,8,"Black, Black British, Black Welsh, Caribbean or African: Other Black",11,L15: Full-time students,9
E05013644,High Barnet,9,Mixed or Multiple ethnic groups: White and Asian,-8,Does not apply,97
E05013644,High Barnet,9,Mixed or Multiple ethnic groups: White and Asian,1,L1 and L2: Large employers and higher managerial and administrative occupations,5
E05013644,High Barnet,9,Mixed or Multiple ethnic groups: White and Asian,2,L3: Higher professional occupations,20
E05013644,High Barnet,9,Mixed or Multiple ethnic groups: White and Asian,3,"L4, L5 and L6: Lower managerial, administrative and professional occupations",29
E05013644,High Barnet,9,Mixed or Multiple ethnic groups: White and Asian,4,L7: Intermediate occupations,11
E05013644,High Barnet,9,Mixed or Multiple ethnic groups: White and Asian,5,L8 and L9: Small employers and own account workers,6
E05013644,High Barnet,9,Mixed or Multiple ethnic groups: White and Asian,6,L10 and L11: Lower supervisory and technical occupations,2
E05013644,High Barnet,9,Mixed or Multiple ethnic groups: White and Asian,7,L12: Semi-routine occupations,5
E05013644,High Barnet,9,Mixed or Multiple ethnic groups: White and Asian,8,L13: Routine occupations,3
E05013644,High Barnet,9,Mixed or Multiple ethnic groups: White and Asian,9,L14.1: Never worked,14
E05013644,High Barnet,9,Mixed or Multiple ethnic groups: White and Asian,10,L14.2: Long-term unemployed,3
E05013644,High Barnet,9,Mixed or Multiple ethnic groups: White and Asian,11,L15: Full-time students,20
E05013644,High Barnet,10,Mixed or Multiple ethnic groups: White and Black African,-8,Does not apply,44
E05013644,High Barnet,10,Mixed or Multiple ethnic groups: White and Black African,1,L1 and L2: Large employers and higher managerial and administrative occupations,3
E05013644,High Barnet,10,Mixed or Multiple ethnic groups: White and Black African,2,L3: Higher professional occupations,8
E05013644,High Barnet,10,Mixed or Multiple ethnic groups: White and Black African,3,"L4, L5 and L6: Lower managerial, administrative and professional occupations",11
E05013644,High Barnet,10,Mixed or Multiple ethnic groups: White and Black African,4,L7: Intermediate occupations,5
E05013644,High Barnet,10,Mixed or Multiple ethnic groups: White and Black African,5,L8 and L9: Small employers and own account workers,5
E05013644,High Barnet,10,Mixed or Multiple ethnic groups: White and Black African,6,L10 and L11: Lower supervisory and technical occupations,2
E05013644,High Barnet,10,Mixed or Multiple ethnic groups: White and Black African,7,L12: Semi-routine occupations,3
E05013644,High Barnet,10,Mixed or Multiple ethnic groups: White and Black African,8,L13: Routine occupations,3
E05013644,High Barnet,10,Mixed or Multiple ethnic groups: White and Black African,9,L14.1: Never worked,0
E05013644,High Barnet,10,Mixed or Multiple ethnic groups: White and Black African,10,L14.2: Long-term unemployed,0
E05013644,High Barnet,10,Mixed or Multiple ethnic groups: White and Black African,11,L15: Full-time students,12
E05013644,High Barnet,11,Mixed or Multiple ethnic groups: White and Black Caribbean,-8,Does not apply,30
E05013644,High Barnet,11,Mixed or Multiple ethnic groups: White and Black Caribbean,1,L1 and L2: Large employers and higher managerial and administrative occupations,0
E05013644,High Barnet,11,Mixed or Multiple ethnic groups: White and Black Caribbean,2,L3: Higher professional occupations,4
E05013644,High Barnet,11,Mixed or Multiple ethnic groups: White and Black Caribbean,3,"L4, L5 and L6: Lower managerial, administrative and professional occupations",15
E05013644,High Barnet,11,Mixed or Multiple ethnic groups: White and Black Caribbean,4,L7: Intermediate occupations,6
E05013644,High Barnet,11,Mixed or Multiple ethnic groups: White and Black Caribbean,5,L8 and L9: Small employers and own account workers,5
E05013644,High Barnet,11,Mixed or Multiple ethnic groups: White and Black Caribbean,6,L10 and L11: Lower supervisory and technical occupations,1
E05013644,High Barnet,11,Mixed or Multiple ethnic groups: White and Black Caribbean,7,L12: Semi-routine occupations,4
E05013644,High Barnet,11,Mixed or Multiple ethnic groups: White and Black Caribbean,8,L13: Routine occupations,6
E05013644,High Barnet,11,Mixed or Multiple ethnic groups: White and Black Caribbean,9,L14.1: Never worked,1
E05013644,High Barnet,11,Mixed or Multiple ethnic groups: White and Black Caribbean,10,L14.2: Long-term unemployed,1
E05013644,High Barnet,11,Mixed or Multiple ethnic groups: White and Black Caribbean,11,L15: Full-time students,5
E05013644,High Barnet,12,Mixed or Multiple ethnic groups: Other Mixed or Multiple ethnic groups,-8,Does not apply,73
E05013644,High Barnet,12,Mixed or Multiple ethnic groups: Other Mixed or Multiple ethnic groups,1,L1 and L2: Large employers and higher managerial and administrative occupations,6
E05013644,High Barnet,12,Mixed or Multiple ethnic groups: Other Mixed or Multiple ethnic groups,2,L3: Higher professional occupations,13
E05013644,High Barnet,12,Mixed or Multiple ethnic groups: Other Mixed or Multiple ethnic groups,3,"L4, L5 and L6: Lower managerial, administrative and professional occupations",37
E05013644,High Barnet,12,Mixed or Multiple ethnic groups: Other Mixed or Multiple ethnic groups,4,L7: Intermediate occupations,14
E05013644,High Barnet,12,Mixed or Multiple ethnic groups: Other Mixed or Multiple ethnic groups,5,L8 and L9: Small employers and own account workers,7
E05013644,High Barnet,12,Mixed or Multiple ethnic groups: Other Mixed or Multiple ethnic groups,6,L10 and L11: Lower supervisory and technical occupations,2
E05013644,High Barnet,12,Mixed or Multiple ethnic groups: Other Mixed or Multiple ethnic groups,7,L12: Semi-routine occupations,10
E05013644,High Barnet,12,Mixed or Multiple ethnic groups: Other Mixed or Multiple ethnic groups,8,L13: Routine occupations,3
E05013644,High Barnet,12,Mixed or Multiple ethnic groups: Other Mixed or Multiple ethnic groups,9,L14.1: Never worked,5
E05013644,High Barnet,12,Mixed or Multiple ethnic groups: Other Mixed or Multiple ethnic groups,10,L14.2: Long-term unemployed,6
E05013644,High Barnet,12,Mixed or Multiple ethnic groups: Other Mixed or Multiple ethnic groups,11,L15: Full-time students,20
E05013644,High Barnet,13,"White: English, Welsh, Scottish, Northern Irish or British",-8,Does not apply,1066
E05013644,High Barnet,13,"White: English, Welsh, Scottish, Northern Irish or British",1,L1 and L2: Large employers and higher managerial and administrative occupations,411
E05013644,High Barnet,13,"White: English, Welsh, Scottish, Northern Irish or British",2,L3: Higher professional occupations,799
E05013644,High Barnet,13,"White: English, Welsh, Scottish, Northern Irish or British",3,"L4, L5 and L6: Lower managerial, administrative and professional occupations",1479
E05013644,High Barnet,13,"White: English, Welsh, Scottish, Northern Irish or British",4,L7: Intermediate occupations,665
E05013644,High Barnet,13,"White: English, Welsh, Scottish, Northern Irish or British",5,L8 and L9: Small employers and own account workers,755
E05013644,High Barnet,13,"White: English, Welsh, Scottish, Northern Irish or British",6,L10 and L11: Lower supervisory and technical occupations,173
E05013644,High Barnet,13,"White: English, Welsh, Scottish, Northern Irish or British",7,L12: Semi-routine occupations,412
E05013644,High Barnet,13,"White: English, Welsh, Scottish, Northern Irish or British",8,L13: Routine occupations,306
E05013644,High Barnet,13,"White: English, Welsh, Scottish, Northern Irish or British",9,L14.1: Never worked,326
E05013644,High Barnet,13,"White: English, Welsh, Scottish, Northern Irish or British",10,L14.2: Long-term unemployed,50
E05013644,High Barnet,13,"White: English, Welsh, Scottish, Northern Irish or British",11,L15: Full-time students,300
E05013644,High Barnet,14,White: Irish,-8,Does not apply,112
E05013644,High Barnet,14,White: Irish,1,L1 and L2: Large employers and higher managerial and administrative occupations,48
E05013644,High Barnet,14,White: Irish,2,L3: Higher professional occupations,41
E05013644,High Barnet,14,White: Irish,3,"L4, L5 and L6: Lower managerial, administrative and professional occupations",77
E05013644,High Barnet,14,White: Irish,4,L7: Intermediate occupations,28
E05013644,High Barnet,14,White: Irish,5,L8 and L9: Small employers and own account workers,42
E05013644,High Barnet,14,White: Irish,6,L10 and L11: Lower supervisory and technical occupations,11
E05013644,High Barnet,14,White: Irish,7,L12: Semi-routine occupations,26
E05013644,High Barnet,14,White: Irish,8,L13: Routine occupations,15
E05013644,High Barnet,14,White: Irish,9,L14.1: Never worked,18
E05013644,High Barnet,14,White: Irish,10,L14.2: Long-term unemployed,1
E05013644,High Barnet,14,White: Irish,11,L15: Full-time students,7
E05013644,High Barnet,15,White: Gypsy or Irish Traveller,-8,Does not apply,0
E05013644,High Barnet,15,White: Gypsy or Irish Traveller,1,L1 and L2: Large employers and higher managerial and administrative occupations,0
E05013644,High Barnet,15,White: Gypsy or Irish Traveller,2,L3: Higher professional occupations,0
E05013644,High Barnet,15,White: Gypsy or Irish Traveller,3,"L4, L5 and L6: Lower managerial, administrative and professional occupations",0
E05013644,High Barnet,15,White: Gypsy or Irish Traveller,4,L7: Intermediate occupations,0
E05013644,High Barnet,15,White: Gypsy or Irish Traveller,5,L8 and L9: Small employers and own account workers,0
E05013644,High Barnet,15,White: Gypsy or Irish Traveller,6,L10 and L11: Lower supervisory and technical occupations,0
E05013644,High Barnet,15,White: Gypsy or Irish Traveller,7,L12: Semi-routine occupations,0
E05013644,High Barnet,15,White: Gypsy or Irish Traveller,8,L13: Routine occupations,0
E05013644,High Barnet,15,White: Gypsy or Irish Traveller,9,L14.1: Never worked,0
E05013644,High Barnet,15,White: Gypsy or Irish Traveller,10,L14.2: Long-term unemployed,0
E05013644,High Barnet,15,White: Gypsy or Irish Traveller,11,L15: Full-time students,0
E05013644,High Barnet,16,White: Roma,-8,Does not apply,4
E05013644,High Barnet,16,White: Roma,1,L1 and L2: Large employers and higher managerial and administrative occupations,2
E05013644,High Barnet,16,White: Roma,2,L3: Higher professional occupations,1
E05013644,High Barnet,16,White: Roma,3,"L4, L5 and L6: Lower managerial, administrative and professional occupations",2
E05013644,High Barnet,16,White: Roma,4,L7: Intermediate occupations,0
E05013644,High Barnet,16,White: Roma,5,L8 and L9: Small employers and own account workers,0
E05013644,High Barnet,16,White: Roma,6,L10 and L11: Lower supervisory and technical occupations,0
E05013644,High Barnet,16,White: Roma,7,L12: Semi-routine occupations,2
E05013644,High Barnet,16,White: Roma,8,L13: Routine occupations,1
E05013644,High Barnet,16,White: Roma,9,L14.1: Never worked,0
E05013644,High Barnet,16,White: Roma,10,L14.2: Long-term unemployed,0
E05013644,High Barnet,16,White: Roma,11,L15: Full-time students,1
E05013644,High Barnet,17,White: Other White,-8,Does not apply,200
E05013644,High Barnet,17,White: Other White,1,L1 and L2: Large employers and higher managerial and administrative occupations,60
E05013644,High Barnet,17,White: Other White,2,L3: Higher professional occupations,182
E05013644,High Barnet,17,White: Other White,3,"L4, L5 and L6: Lower managerial, administrative and professional occupations",324
E05013644,High Barnet,17,White: Other White,4,L7: Intermediate occupations,102
E05013644,High Barnet,17,White: Other White,5,L8 and L9: Small employers and own account workers,198
E05013644,High Barnet,17,White: Other White,6,L10 and L11: Lower supervisory and technical occupations,39
E05013644,High Barnet,17,White: Other White,7,L12: Semi-routine occupations,68
E05013644,High Barnet,17,White: Other White,8,L13: Routine occupations,65
E05013644,High Barnet,17,White: Other White,9,L14.1: Never worked,57
E05013644,High Barnet,17,White: Other White,10,L14.2: Long-term unemployed,16
E05013644,High Barnet,17,White: Other White,11,L15: Full-time students,64
E05013644,High Barnet,18,Other ethnic group: Arab,-8,Does not apply,8
E05013644,High Barnet,18,Other ethnic group: Arab,1,L1 and L2: Large employers and higher managerial and administrative occupations,0
E05013644,High Barnet,18,Other ethnic group: Arab,2,L3: Higher professional occupations,9
E05013644,High Barnet,18,Other ethnic group: Arab,3,"L4, L5 and L6: Lower managerial, administrative and professional occupations",4
E05013644,High Barnet,18,Other ethnic group: Arab,4,L7: Intermediate occupations,5
E05013644,High Barnet,18,Other ethnic group: Arab,5,L8 and L9: Small employers and own account workers,3
E05013644,High Barnet,18,Other ethnic group: Arab,6,L10 and L11: Lower supervisory and technical occupations,1
E05013644,High Barnet,18,Other ethnic group: Arab,7,L12: Semi-routine occupations,1
E05013644,High Barnet,18,Other ethnic group: Arab,8,L13: Routine occupations,2
E05013644,High Barnet,18,Other ethnic group: Arab,9,L14.1: Never worked,6
E05013644,High Barnet,18,Other ethnic group: Arab,10,L14.2: Long-term unemployed,3
E05013644,High Barnet,18,Other ethnic group: Arab,11,L15: Full-time students,4
E05013644,High Barnet,19,Other ethnic group: Any other ethnic group,-8,Does not apply,68
E05013644,High Barnet,19,Other ethnic group: Any other ethnic group,1,L1 and L2: Large employers and higher managerial and administrative occupations,28
E05013644,High Barnet,19,Other ethnic group: Any other ethnic group,2,L3: Higher professional occupations,64
E05013644,High Barnet,19,Other ethnic group: Any other ethnic group,3,"L4, L5 and L6: Lower managerial, administrative and professional occupations",82
E05013644,High Barnet,19,Other ethnic group: Any other ethnic group,4,L7: Intermediate occupations,37
E05013644,High Barnet,19,Other ethnic group: Any other ethnic group,5,L8 and L9: Small employers and own account workers,65
E05013644,High Barnet,19,Other ethnic group: Any other ethnic group,6,L10 and L11: Lower supervisory and technical occupations,21
E05013644,High Barnet,19,Other ethnic group: Any other ethnic group,7,L12: Semi-routine occupations,35
E05013644,High Barnet,19,Other ethnic group: Any other ethnic group,8,L13: Routine occupations,24
E05013644,High Barnet,19,Other ethnic group: Any other ethnic group,9,L14.1: Never worked,51
E05013644,High Barnet,19,Other ethnic group: Any other ethnic group,10,L14.2: Long-term unemployed,11
E05013644,High Barnet,19,Other ethnic group: Any other ethnic group,11,L15: Full-time students,47
E05013645,Mill Hill (Barnet),-8,Does not apply,-8,Does not apply,0
E05013645,Mill Hill (Barnet),-8,Does not apply,1,L1 and L2: Large employers and higher managerial and administrative occupations,0
E05013645,Mill Hill (Barnet),-8,Does not apply,2,L3: Higher professional occupations,0
E05013645,Mill Hill (Barnet),-8,Does not apply,3,"L4, L5 and L6: Lower managerial, administrative and professional occupations",0
E05013645,Mill Hill (Barnet),-8,Does not apply,4,L7: Intermediate occupations,0
E05013645,Mill Hill (Barnet),-8,Does not apply,5,L8 and L9: Small employers and own account workers,0
E05013645,Mill Hill (Barnet),-8,Does not apply,6,L10 and L11: Lower supervisory and technical occupations,0
E05013645,Mill Hill (Barnet),-8,Does not apply,7,L12: Semi-routine occupations,0
E05013645,Mill Hill (Barnet),-8,Does not apply,8,L13: Routine occupations,0
E05013645,Mill Hill (Barnet),-8,Does not apply,9,L14.1: Never worked,0
E05013645,Mill Hill (Barnet),-8,Does not apply,10,L14.2: Long-term unemployed,0
E05013645,Mill Hill (Barnet),-8,Does not apply,11,L15: Full-time students,0
E05013645,Mill Hill (Barnet),1,"Asian, Asian British or Asian Welsh: Bangladeshi",-8,Does not apply,26
E05013645,Mill Hill (Barnet),1,"Asian, Asian British or Asian Welsh: Bangladeshi",1,L1 and L2: Large employers and higher managerial and administrative occupations,4
E05013645,Mill Hill (Barnet),1,"Asian, Asian British or Asian Welsh: Bangladeshi",2,L3: Higher professional occupations,19
E05013645,Mill Hill (Barnet),1,"Asian, Asian British or Asian Welsh: Bangladeshi",3,"L4, L5 and L6: Lower managerial, administrative and professional occupations",21
E05013645,Mill Hill (Barnet),1,"Asian, Asian British or Asian Welsh: Bangladeshi",4,L7: Intermediate occupations,13
E05013645,Mill Hill (Barnet),1,"Asian, Asian British or Asian Welsh: Bangladeshi",5,L8 and L9: Small employers and own account workers,8
E05013645,Mill Hill (Barnet),1,"Asian, Asian British or Asian Welsh: Bangladeshi",6,L10 and L11: Lower supervisory and technical occupations,3
E05013645,Mill Hill (Barnet),1,"Asian, Asian British or Asian Welsh: Bangladeshi",7,L12: Semi-routine occupations,5
E05013645,Mill Hill (Barnet),1,"Asian, Asian British or Asian Welsh: Bangladeshi",8,L13: Routine occupations,9
E05013645,Mill Hill (Barnet),1,"Asian, Asian British or Asian Welsh: Bangladeshi",9,L14.1: Never worked,9
E05013645,Mill Hill (Barnet),1,"Asian, Asian British or Asian Welsh: Bangladeshi",10,L14.2: Long-term unemployed,2
E05013645,Mill Hill (Barnet),1,"Asian, Asian British or Asian Welsh: Bangladeshi",11,L15: Full-time students,10
E05013645,Mill Hill (Barnet),2,"Asian, Asian British or Asian Welsh: Chinese",-8,Does not apply,60
E05013645,Mill Hill (Barnet),2,"Asian, Asian British or Asian Welsh: Chinese",1,L1 and L2: Large employers and higher managerial and administrative occupations,39
E05013645,Mill Hill (Barnet),2,"Asian, Asian British or Asian Welsh: Chinese",2,L3: Higher professional occupations,78
E05013645,Mill Hill (Barnet),2,"Asian, Asian British or Asian Welsh: Chinese",3,"L4, L5 and L6: Lower managerial, administrative and professional occupations",81
E05013645,Mill Hill (Barnet),2,"Asian, Asian British or Asian Welsh: Chinese",4,L7: Intermediate occupations,27
E05013645,Mill Hill (Barnet),2,"Asian, Asian British or Asian Welsh: Chinese",5,L8 and L9: Small employers and own account workers,35
E05013645,Mill Hill (Barnet),2,"Asian, Asian British or Asian Welsh: Chinese",6,L10 and L11: Lower supervisory and technical occupations,19
E05013645,Mill Hill (Barnet),2,"Asian, Asian British or Asian Welsh: Chinese",7,L12: Semi-routine occupations,23
E05013645,Mill Hill (Barnet),2,"Asian, Asian British or Asian Welsh: Chinese",8,L13: Routine occupations,22
E05013645,Mill Hill (Barnet),2,"Asian, Asian British or Asian Welsh: Chinese",9,L14.1: Never worked,27
E05013645,Mill Hill (Barnet),2,"Asian, Asian British or Asian Welsh: Chinese",10,L14.2: Long-term unemployed,3
E05013645,Mill Hill (Barnet),2,"Asian, Asian British or Asian Welsh: Chinese",11,L15: Full-time students,83
E05013645,Mill Hill (Barnet),3,"Asian, Asian British or Asian Welsh: Indian",-8,Does not apply,225
E05013645,Mill Hill (Barnet),3,"Asian, Asian British or Asian Welsh: Indian",1,L1 and L2: Large employers and higher managerial and administrative occupations,91
E05013645,Mill Hill (Barnet),3,"Asian, Asian British or Asian Welsh: Indian",2,L3: Higher professional occupations,256
E05013645,Mill Hill (Barnet),3,"Asian, Asian British or Asian Welsh: Indian",3,"L4, L5 and L6: Lower managerial, administrative and professional occupations",231
E05013645,Mill Hill (Barnet),3,"Asian, Asian British or Asian Welsh: Indian",4,L7: Intermediate occupations,120
E05013645,Mill Hill (Barnet),3,"Asian, Asian British or Asian Welsh: Indian",5,L8 and L9: Small employers and own account workers,125
E05013645,Mill Hill (Barnet),3,"Asian, Asian British or Asian Welsh: Indian",6,L10 and L11: Lower supervisory and technical occupations,17
E05013645,Mill Hill (Barnet),3,"Asian, Asian British or Asian Welsh: Indian",7,L12: Semi-routine occupations,88
E05013645,Mill Hill (Barnet),3,"Asian, Asian British or Asian Welsh: Indian",8,L13: Routine occupations,45
E05013645,Mill Hill (Barnet),3,"Asian, Asian British or Asian Welsh: Indian",9,L14.1: Never worked,82
E05013645,Mill Hill (Barnet),3,"Asian, Asian British or Asian Welsh: Indian",10,L14.2: Long-term unemployed,18
E05013645,Mill Hill (Barnet),3,"Asian, Asian British or Asian Welsh: Indian",11,L15: Full-time students,75
E05013645,Mill Hill (Barnet),4,"Asian, Asian British or Asian Welsh: Pakistani",-8,Does not apply,74
E05013645,Mill Hill (Barnet),4,"Asian, Asian British or Asian Welsh: Pakistani",1,L1 and L2: Large employers and higher managerial and administrative occupations,23
E05013645,Mill Hill (Barnet),4,"Asian, Asian British or Asian Welsh: Pakistani",2,L3: Higher professional occupations,52
E05013645,Mill Hill (Barnet),4,"Asian, Asian British or Asian Welsh: Pakistani",3,"L4, L5 and L6: Lower managerial, administrative and professional occupations",58
E05013645,Mill Hill (Barnet),4,"Asian, Asian British or Asian Welsh: Pakistani",4,L7: Intermediate occupations,28
E05013645,Mill Hill (Barnet),4,"Asian, Asian British or Asian Welsh: Pakistani",5,L8 and L9: Small employers and own account workers,41
E05013645,Mill Hill (Barnet),4,"Asian, Asian British or Asian Welsh: Pakistani",6,L10 and L11: Lower supervisory and technical occupations,1
E05013645,Mill Hill (Barnet),4,"Asian, Asian British or Asian Welsh: Pakistani",7,L12: Semi-routine occupations,25
E05013645,Mill Hill (Barnet),4,"Asian, Asian British or Asian Welsh: Pakistani",8,L13: Routine occupations,5
E05013645,Mill Hill (Barnet),4,"Asian, Asian British or Asian Welsh: Pakistani",9,L14.1: Never worked,43
E05013645,Mill Hill (Barnet),4,"Asian, Asian British or Asian Welsh: Pakistani",10,L14.2: Long-term unemployed,6
E05013645,Mill Hill (Barnet),4,"Asian, Asian British or Asian Welsh: Pakistani",11,L15: Full-time students,48
E05013645,Mill Hill (Barnet),5,"Asian, Asian British or Asian Welsh: Other Asian",-8,Does not apply,267
E05013645,Mill Hill (Barnet),5,"Asian, Asian British or Asian Welsh: Other Asian",1,L1 and L2: Large employers and higher managerial and administrative occupations,25
E05013645,Mill Hill (Barnet),5,"Asian, Asian British or Asian Welsh: Other Asian",2,L3: Higher professional occupations,72
E05013645,Mill Hill (Barnet),5,"Asian, Asian British or Asian Welsh: Other Asian",3,"L4, L5 and L6: Lower managerial, administrative and professional occupations",136
E05013645,Mill Hill (Barnet),5,"Asian, Asian British or Asian Welsh: Other Asian",4,L7: Intermediate occupations,71
E05013645,Mill Hill (Barnet),5,"Asian, Asian British or Asian Welsh: Other Asian",5,L8 and L9: Small employers and own account workers,128
E05013645,Mill Hill (Barnet),5,"Asian, Asian British or Asian Welsh: Other Asian",6,L10 and L11: Lower supervisory and technical occupations,21
E05013645,Mill Hill (Barnet),5,"Asian, Asian British or Asian Welsh: Other Asian",7,L12: Semi-routine occupations,60
E05013645,Mill Hill (Barnet),5,"Asian, Asian British or Asian Welsh: Other Asian",8,L13: Routine occupations,50
E05013645,Mill Hill (Barnet),5,"Asian, Asian British or Asian Welsh: Other Asian",9,L14.1: Never worked,130
E05013645,Mill Hill (Barnet),5,"Asian, Asian British or Asian Welsh: Other Asian",10,L14.2: Long-term unemployed,7
E05013645,Mill Hill (Barnet),5,"Asian, Asian British or Asian Welsh: Other Asian",11,L15: Full-time students,90
E05013645,Mill Hill (Barnet),6,"Black, Black British, Black Welsh, Caribbean or African: African",-8,Does not apply,208
E05013645,Mill Hill (Barnet),6,"Black, Black British, Black Welsh, Caribbean or African: African",1,L1 and L2: Large employers and higher managerial and administrative occupations,30
E05013645,Mill Hill (Barnet),6,"Black, Black British, Black Welsh, Caribbean or African: African",2,L3: Higher professional occupations,114
E05013645,Mill Hill (Barnet),6,"Black, Black British, Black Welsh, Caribbean or African: African",3,"L4, L5 and L6: Lower managerial, administrative and professional occupations",162
E05013645,Mill Hill (Barnet),6,"Black, Black British, Black Welsh, Caribbean or African: African",4,L7: Intermediate occupations,70
E05013645,Mill Hill (Barnet),6,"Black, Black British, Black Welsh, Caribbean or African: African",5,L8 and L9: Small employers and own account workers,66
E05013645,Mill Hill (Barnet),6,"Black, Black British, Black Welsh, Caribbean or African: African",6,L10 and L11: Lower supervisory and technical occupations,14
E05013645,Mill Hill (Barnet),6,"Black, Black British, Black Welsh, Caribbean or African: African",7,L12: Semi-routine occupations,91
E05013645,Mill Hill (Barnet),6,"Black, Black British, Black Welsh, Caribbean or African: African",8,L13: Routine occupations,76
E05013645,Mill Hill (Barnet),6,"Black, Black British, Black Welsh, Caribbean or African: African",9,L14.1: Never worked,53
E05013645,Mill Hill (Barnet),6,"Black, Black British, Black Welsh, Caribbean or African: African",10,L14.2: Long-term unemployed,16
E05013645,Mill Hill (Barnet),6,"Black, Black British, Black Welsh, Caribbean or African: African",11,L15: Full-time students,171
E05013645,Mill Hill (Barnet),7,"Black, Black British, Black Welsh, Caribbean or African: Caribbean",-8,Does not apply,116
E05013645,Mill Hill (Barnet),7,"Black, Black British, Black Welsh, Caribbean or African: Caribbean",1,L1 and L2: Large employers and higher managerial and administrative occupations,22
E05013645,Mill Hill (Barnet),7,"Black, Black British, Black Welsh, Caribbean or African: Caribbean",2,L3: Higher professional occupations,24
E05013645,Mill Hill (Barnet),7,"Black, Black British, Black Welsh, Caribbean or African: Caribbean",3,"L4, L5 and L6: Lower managerial, administrative and professional occupations",50
E05013645,Mill Hill (Barnet),7,"Black, Black British, Black Welsh, Caribbean or African: Caribbean",4,L7: Intermediate occupations,18
E05013645,Mill Hill (Barnet),7,"Black, Black British, Black Welsh, Caribbean or African: Caribbean",5,L8 and L9: Small employers and own account workers,21
E05013645,Mill Hill (Barnet),7,"Black, Black British, Black Welsh, Caribbean or African: Caribbean",6,L10 and L11: Lower supervisory and technical occupations,8
E05013645,Mill Hill (Barnet),7,"Black, Black British, Black Welsh, Caribbean or African: Caribbean",7,L12: Semi-routine occupations,34
E05013645,Mill Hill (Barnet),7,"Black, Black British, Black Welsh, Caribbean or African: Caribbean",8,L13: Routine occupations,15
E05013645,Mill Hill (Barnet),7,"Black, Black British, Black Welsh, Caribbean or African: Caribbean",9,L14.1: Never worked,25
E05013645,Mill Hill (Barnet),7,"Black, Black British, Black Welsh, Caribbean or African: Caribbean",10,L14.2: Long-term unemployed,7
E05013645,Mill Hill (Barnet),7,"Black, Black British, Black Welsh, Caribbean or African: Caribbean",11,L15: Full-time students,16
E05013645,Mill Hill (Barnet),8,"Black, Black British, Black Welsh, Caribbean or African: Other Black",-8,Does not apply,46
E05013645,Mill Hill (Barnet),8,"Black, Black British, Black Welsh, Caribbean or African: Other Black",1,L1 and L2: Large employers and higher managerial and administrative occupations,2
E05013645,Mill Hill (Barnet),8,"Black, Black British, Black Welsh, Caribbean or African: Other Black",2,L3: Higher professional occupations,7
E05013645,Mill Hill (Barnet),8,"Black, Black British, Black Welsh, Caribbean or African: Other Black",3,"L4, L5 and L6: Lower managerial, administrative and professional occupations",14
E05013645,Mill Hill (Barnet),8,"Black, Black British, Black Welsh, Caribbean or African: Other Black",4,L7: Intermediate occupations,8
E05013645,Mill Hill (Barnet),8,"Black, Black British, Black Welsh, Caribbean or African: Other Black",5,L8 and L9: Small employers and own account workers,2
E05013645,Mill Hill (Barnet),8,"Black, Black British, Black Welsh, Caribbean or African: Other Black",6,L10 and L11: Lower supervisory and technical occupations,0
E05013645,Mill Hill (Barnet),8,"Black, Black British, Black Welsh, Caribbean or African: Other Black",7,L12: Semi-routine occupations,8
E05013645,Mill Hill (Barnet),8,"Black, Black British, Black Welsh, Caribbean or African: Other Black",8,L13: Routine occupations,3
E05013645,Mill Hill (Barnet),8,"Black, Black British, Black Welsh, Caribbean or African: Other Black",9,L14.1: Never worked,3
E05013645,Mill Hill (Barnet),8,"Black, Black British, Black Welsh, Caribbean or African: Other Black",10,L14.2: Long-term unemployed,1
E05013645,Mill Hill (Barnet),8,"Black, Black British, Black Welsh, Caribbean or African: Other Black",11,L15: Full-time students,48
E05013645,Mill Hill (Barnet),9,Mixed or Multiple ethnic groups: White and Asian,-8,Does not apply,135
E05013645,Mill Hill (Barnet),9,Mixed or Multiple ethnic groups: White and Asian,1,L1 and L2: Large employers and higher managerial and administrative occupations,5
E05013645,Mill Hill (Barnet),9,Mixed or Multiple ethnic groups: White and Asian,2,L3: Higher professional occupations,23
E05013645,Mill Hill (Barnet),9,Mixed or Multiple ethnic groups: White and Asian,3,"L4, L5 and L6: Lower managerial, administrative and professional occupations",43
E05013645,Mill Hill (Barnet),9,Mixed or Multiple ethnic groups: White and Asian,4,L7: Intermediate occupations,13
E05013645,Mill Hill (Barnet),9,Mixed or Multiple ethnic groups: White and Asian,5,L8 and L9: Small employers and own account workers,18
E05013645,Mill Hill (Barnet),9,Mixed or Multiple ethnic groups: White and Asian,6,L10 and L11: Lower supervisory and technical occupations,5
E05013645,Mill Hill (Barnet),9,Mixed or Multiple ethnic groups: White and Asian,7,L12: Semi-routine occupations,6
E05013645,Mill Hill (Barnet),9,Mixed or Multiple ethnic groups: White and Asian,8,L13: Routine occupations,6
E05013645,Mill Hill (Barnet),9,Mixed or Multiple ethnic groups: White and Asian,9,L14.1: Never worked,7
E05013645,Mill Hill (Barnet),9,Mixed or Multiple ethnic groups: White and Asian,10,L14.2: Long-term unemployed,3
E05013645,Mill Hill (Barnet),9,Mixed or Multiple ethnic groups: White and Asian,11,L15: Full-time students,35
E05013645,Mill Hill (Barnet),10,Mixed or Multiple ethnic groups: White and Black African,-8,Does not apply,58
E05013645,Mill Hill (Barnet),10,Mixed or Multiple ethnic groups: White and Black African,1,L1 and L2: Large employers and higher managerial and administrative occupations,3
E05013645,Mill Hill (Barnet),10,Mixed or Multiple ethnic groups: White and Black African,2,L3: Higher professional occupations,5
E05013645,Mill Hill (Barnet),10,Mixed or Multiple ethnic groups: White and Black African,3,"L4, L5 and L6: Lower managerial, administrative and professional occupations",23
E05013645,Mill Hill (Barnet),10,Mixed or Multiple ethnic groups: White and Black African,4,L7: Intermediate occupations,9
E05013645,Mill Hill (Barnet),10,Mixed or Multiple ethnic groups: White and Black African,5,L8 and L9: Small employers and own account workers,11
E05013645,Mill Hill (Barnet),10,Mixed or Multiple ethnic groups: White and Black African,6,L10 and L11: Lower supervisory and technical occupations,5
E05013645,Mill Hill (Barnet),10,Mixed or Multiple ethnic groups: White and Black African,7,L12: Semi-routine occupations,17
E05013645,Mill Hill (Barnet),10,Mixed or Multiple ethnic groups: White and Black African,8,L13: Routine occupations,29
E05013645,Mill Hill (Barnet),10,Mixed or Multiple ethnic groups: White and Black African,9,L14.1: Never worked,5
E05013645,Mill Hill (Barnet),10,Mixed or Multiple ethnic groups: White and Black African,10,L14.2: Long-term unemployed,2
E05013645,Mill Hill (Barnet),10,Mixed or Multiple ethnic groups: White and Black African,11,L15: Full-time students,15
E05013645,Mill Hill (Barnet),11,Mixed or Multiple ethnic groups: White and Black Caribbean,-8,Does not apply,48
E05013645,Mill Hill (Barnet),11,Mixed or Multiple ethnic groups: White and Black Caribbean,1,L1 and L2: Large employers and higher managerial and administrative occupations,6
E05013645,Mill Hill (Barnet),11,Mixed or Multiple ethnic groups: White and Black Caribbean,2,L3: Higher professional occupations,5
E05013645,Mill Hill (Barnet),11,Mixed or Multiple ethnic groups: White and Black Caribbean,3,"L4, L5 and L6: Lower managerial, administrative and professional occupations",18
E05013645,Mill Hill (Barnet),11,Mixed or Multiple ethnic groups: White and Black Caribbean,4,L7: Intermediate occupations,10
E05013645,Mill Hill (Barnet),11,Mixed or Multiple ethnic groups: White and Black Caribbean,5,L8 and L9: Small employers and own account workers,4
E05013645,Mill Hill (Barnet),11,Mixed or Multiple ethnic groups: White and Black Caribbean,6,L10 and L11: Lower supervisory and technical occupations,0
E05013645,Mill Hill (Barnet),11,Mixed or Multiple ethnic groups: White and Black Caribbean,7,L12: Semi-routine occupations,8
E05013645,Mill Hill (Barnet),11,Mixed or Multiple ethnic groups: White and Black Caribbean,8,L13: Routine occupations,6
E05013645,Mill Hill (Barnet),11,Mixed or Multiple ethnic groups: White and Black Caribbean,9,L14.1: Never worked,6
E05013645,Mill Hill (Barnet),11,Mixed or Multiple ethnic groups: White and Black Caribbean,10,L14.2: Long-term unemployed,4
E05013645,Mill Hill (Barnet),11,Mixed or Multiple ethnic groups: White and Black Caribbean,11,L15: Full-time students,12
E05013645,Mill Hill (Barnet),12,Mixed or Multiple ethnic groups: Other Mixed or Multiple ethnic groups,-8,Does not apply,146
E05013645,Mill Hill (Barnet),12,Mixed or Multiple ethnic groups: Other Mixed or Multiple ethnic groups,1,L1 and L2: Large employers and higher managerial and administrative occupations,8
E05013645,Mill Hill (Barnet),12,Mixed or Multiple ethnic groups: Other Mixed or Multiple ethnic groups,2,L3: Higher professional occupations,21
E05013645,Mill Hill (Barnet),12,Mixed or Multiple ethnic groups: Other Mixed or Multiple ethnic groups,3,"L4, L5 and L6: Lower managerial, administrative and professional occupations",42
E05013645,Mill Hill (Barnet),12,Mixed or Multiple ethnic groups: Other Mixed or Multiple ethnic groups,4,L7: Intermediate occupations,8
E05013645,Mill Hill (Barnet),12,Mixed or Multiple ethnic groups: Other Mixed or Multiple ethnic groups,5,L8 and L9: Small employers and own account workers,30
E05013645,Mill Hill (Barnet),12,Mixed or Multiple ethnic groups: Other Mixed or Multiple ethnic groups,6,L10 and L11: Lower supervisory and technical occupations,5
E05013645,Mill Hill (Barnet),12,Mixed or Multiple ethnic groups: Other Mixed or Multiple ethnic groups,7,L12: Semi-routine occupations,12
E05013645,Mill Hill (Barnet),12,Mixed or Multiple ethnic groups: Other Mixed or Multiple ethnic groups,8,L13: Routine occupations,14
E05013645,Mill Hill (Barnet),12,Mixed or Multiple ethnic groups: Other Mixed or Multiple ethnic groups,9,L14.1: Never worked,10
E05013645,Mill Hill (Barnet),12,Mixed or Multiple ethnic groups: Other Mixed or Multiple ethnic groups,10,L14.2: Long-term unemployed,7
E05013645,Mill Hill (Barnet),12,Mixed or Multiple ethnic groups: Other Mixed or Multiple ethnic groups,11,L15: Full-time students,24
E05013645,Mill Hill (Barnet),13,"White: English, Welsh, Scottish, Northern Irish or British",-8,Does not apply,1420
E05013645,Mill Hill (Barnet),13,"White: English, Welsh, Scottish, Northern Irish or British",1,L1 and L2: Large employers and higher managerial and administrative occupations,466
E05013645,Mill Hill (Barnet),13,"White: English, Welsh, Scottish, Northern Irish or British",2,L3: Higher professional occupations,851
E05013645,Mill Hill (Barnet),13,"White: English, Welsh, Scottish, Northern Irish or British",3,"L4, L5 and L6: Lower managerial, administrative and professional occupations",1475
E05013645,Mill Hill (Barnet),13,"White: English, Welsh, Scottish, Northern Irish or British",4,L7: Intermediate occupations,715
E05013645,Mill Hill (Barnet),13,"White: English, Welsh, Scottish, Northern Irish or British",5,L8 and L9: Small employers and own account workers,976
E05013645,Mill Hill (Barnet),13,"White: English, Welsh, Scottish, Northern Irish or British",6,L10 and L11: Lower supervisory and technical occupations,151
E05013645,Mill Hill (Barnet),13,"White: English, Welsh, Scottish, Northern Irish or British",7,L12: Semi-routine occupations,362
E05013645,Mill Hill (Barnet),13,"White: English, Welsh, Scottish, Northern Irish or British",8,L13: Routine occupations,288
E05013645,Mill Hill (Barnet),13,"White: English, Welsh, Scottish, Northern Irish or British",9,L14.1: Never worked,324
E05013645,Mill Hill (Barnet),13,"White: English, Welsh, Scottish, Northern Irish or British",10,L14.2: Long-term unemployed,56
E05013645,Mill Hill (Barnet),13,"White: English, Welsh, Scottish, Northern Irish or British",11,L15: Full-time students,323
E05013645,Mill Hill (Barnet),14,White: Irish,-8,Does not apply,18
E05013645,Mill Hill (Barnet),14,White: Irish,1,L1 and L2: Large employers and higher managerial and administrative occupations,23
E05013645,Mill Hill (Barnet),14,White: Irish,2,L3: Higher professional occupations,36
E05013645,Mill Hill (Barnet),14,White: Irish,3,"L4, L5 and L6: Lower managerial, administrative and professional occupations",102
E05013645,Mill Hill (Barnet),14,White: Irish,4,L7: Intermediate occupations,30
E05013645,Mill Hill (Barnet),14,White: Irish,5,L8 and L9: Small employers and own account workers,42
E05013645,Mill Hill (Barnet),14,White: Irish,6,L10 and L11: Lower supervisory and technical occupations,12
E05013645,Mill Hill (Barnet),14,White: Irish,7,L12: Semi-routine occupations,24
E05013645,Mill Hill (Barnet),14,White: Irish,8,L13: Routine occupations,19
E05013645,Mill Hill (Barnet),14,White: Irish,9,L14.1: Never worked,16
E05013645,Mill Hill (Barnet),14,White: Irish,10,L14.2: Long-term unemployed,4
E05013645,Mill Hill (Barnet),14,White: Irish,11,L15: Full-time students,9
E05013645,Mill Hill (Barnet),15,White: Gypsy or Irish Traveller,-8,Does not apply,1
E05013645,Mill Hill (Barnet),15,White: Gypsy or Irish Traveller,1,L1 and L2: Large employers and higher managerial and administrative occupations,0
E05013645,Mill Hill (Barnet),15,White: Gypsy or Irish Traveller,2,L3: Higher professional occupations,1
E05013645,Mill Hill (Barnet),15,White: Gypsy or Irish Traveller,3,"L4, L5 and L6: Lower managerial, administrative and professional occupations",0
E05013645,Mill Hill (Barnet),15,White: Gypsy or Irish Traveller,4,L7: Intermediate occupations,0
E05013645,Mill Hill (Barnet),15,White: Gypsy or Irish Traveller,5,L8 and L9: Small employers and own account workers,3
E05013645,Mill Hill (Barnet),15,White: Gypsy or Irish Traveller,6,L10 and L11: Lower supervisory and technical occupations,0
E05013645,Mill Hill (Barnet),15,White: Gypsy or Irish Traveller,7,L12: Semi-routine occupations,0
E05013645,Mill Hill (Barnet),15,White: Gypsy or Irish Traveller,8,L13: Routine occupations,1
E05013645,Mill Hill (Barnet),15,White: Gypsy or Irish Traveller,9,L14.1: Never worked,0
E05013645,Mill Hill (Barnet),15,White: Gypsy or Irish Traveller,10,L14.2: Long-term unemployed,1
E05013645,Mill Hill (Barnet),15,White: Gypsy or Irish Traveller,11,L15: Full-time students,0
E05013645,Mill Hill (Barnet),16,White: Roma,-8,Does not apply,9
E05013645,Mill Hill (Barnet),16,White: Roma,1,L1 and L2: Large employers and higher managerial and administrative occupations,1
E05013645,Mill Hill (Barnet),16,White: Roma,2,L3: Higher professional occupations,0
E05013645,Mill Hill (Barnet),16,White: Roma,3,"L4, L5 and L6: Lower managerial, administrative and professional occupations",7
E05013645,Mill Hill (Barnet),16,White: Roma,4,L7: Intermediate occupations,2
E05013645,Mill Hill (Barnet),16,White: Roma,5,L8 and L9: Small employers and own account workers,15
E05013645,Mill Hill (Barnet),16,White: Roma,6,L10 and L11: Lower supervisory and technical occupations,2
E05013645,Mill Hill (Barnet),16,White: Roma,7,L12: Semi-routine occupations,3
E05013645,Mill Hill (Barnet),16,White: Roma,8,L13: Routine occupations,4
E05013645,Mill Hill (Barnet),16,White: Roma,9,L14.1: Never worked,0
E05013645,Mill Hill (Barnet),16,White: Roma,10,L14.2: Long-term unemployed,0
E05013645,Mill Hill (Barnet),16,White: Roma,11,L15: Full-time students,4
E05013645,Mill Hill (Barnet),17,White: Other White,-8,Does not apply,457
E05013645,Mill Hill (Barnet),17,White: Other White,1,L1 and L2: Large employers and higher managerial and administrative occupations,131
E05013645,Mill Hill (Barnet),17,White: Other White,2,L3: Higher professional occupations,307
E05013645,Mill Hill (Barnet),17,White: Other White,3,"L4, L5 and L6: Lower managerial, administrative and professional occupations",471
E05013645,Mill Hill (Barnet),17,White: Other White,4,L7: Intermediate occupations,179
E05013645,Mill Hill (Barnet),17,White: Other White,5,L8 and L9: Small employers and own account workers,520
E05013645,Mill Hill (Barnet),17,White: Other White,6,L10 and L11: Lower supervisory and technical occupations,87
E05013645,Mill Hill (Barnet),17,White: Other White,7,L12: Semi-routine occupations,135
E05013645,Mill Hill (Barnet),17,White: Other White,8,L13: Routine occupations,180
E05013645,Mill Hill (Barnet),17,White: Other White,9,L14.1: Never worked,114
E05013645,Mill Hill (Barnet),17,White: Other White,10,L14.2: Long-term unemployed,26
E05013645,Mill Hill (Barnet),17,White: Other White,11,L15: Full-time students,204
E05013645,Mill Hill (Barnet),18,Other ethnic group: Arab,-8,Does not apply,73
E05013645,Mill Hill (Barnet),18,Other ethnic group: Arab,1,L1 and L2: Large employers and higher managerial and administrative occupations,5
E05013645,Mill Hill (Barnet),18,Other ethnic group: Arab,2,L3: Higher professional occupations,31
E05013645,Mill Hill (Barnet),18,Other ethnic group: Arab,3,"L4, L5 and L6: Lower managerial, administrative and professional occupations",38
E05013645,Mill Hill (Barnet),18,Other ethnic group: Arab,4,L7: Intermediate occupations,0
E05013645,Mill Hill (Barnet),18,Other ethnic group: Arab,5,L8 and L9: Small employers and own account workers,16
E05013645,Mill Hill (Barnet),18,Other ethnic group: Arab,6,L10 and L11: Lower supervisory and technical occupations,2
E05013645,Mill Hill (Barnet),18,Other ethnic group: Arab,7,L12: Semi-routine occupations,6
E05013645,Mill Hill (Barnet),18,Other ethnic group: Arab,8,L13: Routine occupations,10
E05013645,Mill Hill (Barnet),18,Other ethnic group: Arab,9,L14.1: Never worked,34
E05013645,Mill Hill (Barnet),18,Other ethnic group: Arab,10,L14.2: Long-term unemployed,6
E05013645,Mill Hill (Barnet),18,Other ethnic group: Arab,11,L15: Full-time students,35
E05013645,Mill Hill (Barnet),19,Other ethnic group: Any other ethnic group,-8,Does not apply,305
E05013645,Mill Hill (Barnet),19,Other ethnic group: Any other ethnic group,1,L1 and L2: Large employers and higher managerial and administrative occupations,61
E05013645,Mill Hill (Barnet),19,Other ethnic group: Any other ethnic group,2,L3: Higher professional occupations,190
E05013645,Mill Hill (Barnet),19,Other ethnic group: Any other ethnic group,3,"L4, L5 and L6: Lower managerial, administrative and professional occupations",236
E05013645,Mill Hill (Barnet),19,Other ethnic group: Any other ethnic group,4,L7: Intermediate occupations,89
E05013645,Mill Hill (Barnet),19,Other ethnic group: Any other ethnic group,5,L8 and L9: Small employers and own account workers,187
E05013645,Mill Hill (Barnet),19,Other ethnic group: Any other ethnic group,6,L10 and L11: Lower supervisory and technical occupations,22
E05013645,Mill Hill (Barnet),19,Other ethnic group: Any other ethnic group,7,L12: Semi-routine occupations,79
E05013645,Mill Hill (Barnet),19,Other ethnic group: Any other ethnic group,8,L13: Routine occupations,46
E05013645,Mill Hill (Barnet),19,Other ethnic group: Any other ethnic group,9,L14.1: Never worked,135
E05013645,Mill Hill (Barnet),19,Other ethnic group: Any other ethnic group,10,L14.2: Long-term unemployed,14
E05013645,Mill Hill (Barnet),19,Other ethnic group: Any other ethnic group,11,L15: Full-time students,114
E05013646,Totteridge & Woodside,-8,Does not apply,-8,Does not apply,0
E05013646,Totteridge & Woodside,-8,Does not apply,1,L1 and L2: Large employers and higher managerial and administrative occupations,0
E05013646,Totteridge & Woodside,-8,Does not apply,2,L3: Higher professional occupations,0
E05013646,Totteridge & Woodside,-8,Does not apply,3,"L4, L5 and L6: Lower managerial, administrative and professional occupations",0
E05013646,Totteridge & Woodside,-8,Does not apply,4,L7: Intermediate occupations,0
E05013646,Totteridge & Woodside,-8,Does not apply,5,L8 and L9: Small employers and own account workers,0
E05013646,Totteridge & Woodside,-8,Does not apply,6,L10 and L11: Lower supervisory and technical occupations,0
E05013646,Totteridge & Woodside,-8,Does not apply,7,L12: Semi-routine occupations,0
E05013646,Totteridge & Woodside,-8,Does not apply,8,L13: Routine occupations,0
E05013646,Totteridge & Woodside,-8,Does not apply,9,L14.1: Never worked,0
E05013646,Totteridge & Woodside,-8,Does not apply,10,L14.2: Long-term unemployed,0
E05013646,Totteridge & Woodside,-8,Does not apply,11,L15: Full-time students,0
E05013646,Totteridge & Woodside,1,"Asian, Asian British or Asian Welsh: Bangladeshi",-8,Does not apply,16
E05013646,Totteridge & Woodside,1,"Asian, Asian British or Asian Welsh: Bangladeshi",1,L1 and L2: Large employers and higher managerial and administrative occupations,4
E05013646,Totteridge & Woodside,1,"Asian, Asian British or Asian Welsh: Bangladeshi",2,L3: Higher professional occupations,13
E05013646,Totteridge & Woodside,1,"Asian, Asian British or Asian Welsh: Bangladeshi",3,"L4, L5 and L6: Lower managerial, administrative and professional occupations",8
E05013646,Totteridge & Woodside,1,"Asian, Asian British or Asian Welsh: Bangladeshi",4,L7: Intermediate occupations,6
E05013646,Totteridge & Woodside,1,"Asian, Asian British or Asian Welsh: Bangladeshi",5,L8 and L9: Small employers and own account workers,7
E05013646,Totteridge & Woodside,1,"Asian, Asian British or Asian Welsh: Bangladeshi",6,L10 and L11: Lower supervisory and technical occupations,0
E05013646,Totteridge & Woodside,1,"Asian, Asian British or Asian Welsh: Bangladeshi",7,L12: Semi-routine occupations,3
E05013646,Totteridge & Woodside,1,"Asian, Asian British or Asian Welsh: Bangladeshi",8,L13: Routine occupations,3
E05013646,Totteridge & Woodside,1,"Asian, Asian British or Asian Welsh: Bangladeshi",9,L14.1: Never worked,1
E05013646,Totteridge & Woodside,1,"Asian, Asian British or Asian Welsh: Bangladeshi",10,L14.2: Long-term unemployed,2
E05013646,Totteridge & Woodside,1,"Asian, Asian British or Asian Welsh: Bangladeshi",11,L15: Full-time students,7
E05013646,Totteridge & Woodside,2,"Asian, Asian British or Asian Welsh: Chinese",-8,Does not apply,81
E05013646,Totteridge & Woodside,2,"Asian, Asian British or Asian Welsh: Chinese",1,L1 and L2: Large employers and higher managerial and administrative occupations,49
E05013646,Totteridge & Woodside,2,"Asian, Asian British or Asian Welsh: Chinese",2,L3: Higher professional occupations,123
E05013646,Totteridge & Woodside,2,"Asian, Asian British or Asian Welsh: Chinese",3,"L4, L5 and L6: Lower managerial, administrative and professional occupations",100
E05013646,Totteridge & Woodside,2,"Asian, Asian British or Asian Welsh: Chinese",4,L7: Intermediate occupations,38
E05013646,Totteridge & Woodside,2,"Asian, Asian British or Asian Welsh: Chinese",5,L8 and L9: Small employers and own account workers,48
E05013646,Totteridge & Woodside,2,"Asian, Asian British or Asian Welsh: Chinese",6,L10 and L11: Lower supervisory and technical occupations,9
E05013646,Totteridge & Woodside,2,"Asian, Asian British or Asian Welsh: Chinese",7,L12: Semi-routine occupations,14
E05013646,Totteridge & Woodside,2,"Asian, Asian British or Asian Welsh: Chinese",8,L13: Routine occupations,11
E05013646,Totteridge & Woodside,2,"Asian, Asian British or Asian Welsh: Chinese",9,L14.1: Never worked,29
E05013646,Totteridge & Woodside,2,"Asian, Asian British or Asian Welsh: Chinese",10,L14.2: Long-term unemployed,2
E05013646,Totteridge & Woodside,2,"Asian, Asian British or Asian Welsh: Chinese",11,L15: Full-time students,30
E05013646,Totteridge & Woodside,3,"Asian, Asian British or Asian Welsh: Indian",-8,Does not apply,298
E05013646,Totteridge & Woodside,3,"Asian, Asian British or Asian Welsh: Indian",1,L1 and L2: Large employers and higher managerial and administrative occupations,142
E05013646,Totteridge & Woodside,3,"Asian, Asian British or Asian Welsh: Indian",2,L3: Higher professional occupations,374
E05013646,Totteridge & Woodside,3,"Asian, Asian British or Asian Welsh: Indian",3,"L4, L5 and L6: Lower managerial, administrative and professional occupations",313
E05013646,Totteridge & Woodside,3,"Asian, Asian British or Asian Welsh: Indian",4,L7: Intermediate occupations,139
E05013646,Totteridge & Woodside,3,"Asian, Asian British or Asian Welsh: Indian",5,L8 and L9: Small employers and own account workers,111
E05013646,Totteridge & Woodside,3,"Asian, Asian British or Asian Welsh: Indian",6,L10 and L11: Lower supervisory and technical occupations,12
E05013646,Totteridge & Woodside,3,"Asian, Asian British or Asian Welsh: Indian",7,L12: Semi-routine occupations,64
E05013646,Totteridge & Woodside,3,"Asian, Asian British or Asian Welsh: Indian",8,L13: Routine occupations,32
E05013646,Totteridge & Woodside,3,"Asian, Asian British or Asian Welsh: Indian",9,L14.1: Never worked,94
E05013646,Totteridge & Woodside,3,"Asian, Asian British or Asian Welsh: Indian",10,L14.2: Long-term unemployed,14
E05013646,Totteridge & Woodside,3,"Asian, Asian British or Asian Welsh: Indian",11,L15: Full-time students,67
E05013646,Totteridge & Woodside,4,"Asian, Asian British or Asian Welsh: Pakistani",-8,Does not apply,58
E05013646,Totteridge & Woodside,4,"Asian, Asian British or Asian Welsh: Pakistani",1,L1 and L2: Large employers and higher managerial and administrative occupations,14
E05013646,Totteridge & Woodside,4,"Asian, Asian British or Asian Welsh: Pakistani",2,L3: Higher professional occupations,41
E05013646,Totteridge & Woodside,4,"Asian, Asian British or Asian Welsh: Pakistani",3,"L4, L5 and L6: Lower managerial, administrative and professional occupations",41
E05013646,Totteridge & Woodside,4,"Asian, Asian British or Asian Welsh: Pakistani",4,L7: Intermediate occupations,21
E05013646,Totteridge & Woodside,4,"Asian, Asian British or Asian Welsh: Pakistani",5,L8 and L9: Small employers and own account workers,16
E05013646,Totteridge & Woodside,4,"Asian, Asian British or Asian Welsh: Pakistani",6,L10 and L11: Lower supervisory and technical occupations,6
E05013646,Totteridge & Woodside,4,"Asian, Asian British or Asian Welsh: Pakistani",7,L12: Semi-routine occupations,10
E05013646,Totteridge & Woodside,4,"Asian, Asian British or Asian Welsh: Pakistani",8,L13: Routine occupations,3
E05013646,Totteridge & Woodside,4,"Asian, Asian British or Asian Welsh: Pakistani",9,L14.1: Never worked,19
E05013646,Totteridge & Woodside,4,"Asian, Asian British or Asian Welsh: Pakistani",10,L14.2: Long-term unemployed,2
E05013646,Totteridge & Woodside,4,"Asian, Asian British or Asian Welsh: Pakistani",11,L15: Full-time students,26
E05013646,Totteridge & Woodside,5,"Asian, Asian British or Asian Welsh: Other Asian",-8,Does not apply,291
E05013646,Totteridge & Woodside,5,"Asian, Asian British or Asian Welsh: Other Asian",1,L1 and L2: Large employers and higher managerial and administrative occupations,62
E05013646,Totteridge & Woodside,5,"Asian, Asian British or Asian Welsh: Other Asian",2,L3: Higher professional occupations,107
E05013646,Totteridge & Woodside,5,"Asian, Asian British or Asian Welsh: Other Asian",3,"L4, L5 and L6: Lower managerial, administrative and professional occupations",141
E05013646,Totteridge & Woodside,5,"Asian, Asian British or Asian Welsh: Other Asian",4,L7: Intermediate occupations,61
E05013646,Totteridge & Woodside,5,"Asian, Asian British or Asian Welsh: Other Asian",5,L8 and L9: Small employers and own account workers,84
E05013646,Totteridge & Woodside,5,"Asian, Asian British or Asian Welsh: Other Asian",6,L10 and L11: Lower supervisory and technical occupations,14
E05013646,Totteridge & Woodside,5,"Asian, Asian British or Asian Welsh: Other Asian",7,L12: Semi-routine occupations,51
E05013646,Totteridge & Woodside,5,"Asian, Asian British or Asian Welsh: Other Asian",8,L13: Routine occupations,27
E05013646,Totteridge & Woodside,5,"Asian, Asian British or Asian Welsh: Other Asian",9,L14.1: Never worked,125
E05013646,Totteridge & Woodside,5,"Asian, Asian British or Asian Welsh: Other Asian",10,L14.2: Long-term unemployed,11
E05013646,Totteridge & Woodside,5,"Asian, Asian British or Asian Welsh: Other Asian",11,L15: Full-time students,92
E05013646,Totteridge & Woodside,6,"Black, Black British, Black Welsh, Caribbean or African: African",-8,Does not apply,163
E05013646,Totteridge & Woodside,6,"Black, Black British, Black Welsh, Caribbean or African: African",1,L1 and L2: Large employers and higher managerial and administrative occupations,29
E05013646,Totteridge & Woodside,6,"Black, Black British, Black Welsh, Caribbean or African: African",2,L3: Higher professional occupations,64
E05013646,Totteridge & Woodside,6,"Black, Black British, Black Welsh, Caribbean or African: African",3,"L4, L5 and L6: Lower managerial, administrative and professional occupations",85
E05013646,Totteridge & Woodside,6,"Black, Black British, Black Welsh, Caribbean or African: African",4,L7: Intermediate occupations,30
E05013646,Totteridge & Woodside,6,"Black, Black British, Black Welsh, Caribbean or African: African",5,L8 and L9: Small employers and own account workers,32
E05013646,Totteridge & Woodside,6,"Black, Black British, Black Welsh, Caribbean or African: African",6,L10 and L11: Lower supervisory and technical occupations,15
E05013646,Totteridge & Woodside,6,"Black, Black British, Black Welsh, Caribbean or African: African",7,L12: Semi-routine occupations,49
E05013646,Totteridge & Woodside,6,"Black, Black British, Black Welsh, Caribbean or African: African",8,L13: Routine occupations,27
E05013646,Totteridge & Woodside,6,"Black, Black British, Black Welsh, Caribbean or African: African",9,L14.1: Never worked,21
E05013646,Totteridge & Woodside,6,"Black, Black British, Black Welsh, Caribbean or African: African",10,L14.2: Long-term unemployed,11
E05013646,Totteridge & Woodside,6,"Black, Black British, Black Welsh, Caribbean or African: African",11,L15: Full-time students,78
E05013646,Totteridge & Woodside,7,"Black, Black British, Black Welsh, Caribbean or African: Caribbean",-8,Does not apply,11
E05013646,Totteridge & Woodside,7,"Black, Black British, Black Welsh, Caribbean or African: Caribbean",1,L1 and L2: Large employers and higher managerial and administrative occupations,4
E05013646,Totteridge & Woodside,7,"Black, Black British, Black Welsh, Caribbean or African: Caribbean",2,L3: Higher professional occupations,6
E05013646,Totteridge & Woodside,7,"Black, Black British, Black Welsh, Caribbean or African: Caribbean",3,"L4, L5 and L6: Lower managerial, administrative and professional occupations",14
E05013646,Totteridge & Woodside,7,"Black, Black British, Black Welsh, Caribbean or African: Caribbean",4,L7: Intermediate occupations,14
E05013646,Totteridge & Woodside,7,"Black, Black British, Black Welsh, Caribbean or African: Caribbean",5,L8 and L9: Small employers and own account workers,10
E05013646,Totteridge & Woodside,7,"Black, Black British, Black Welsh, Caribbean or African: Caribbean",6,L10 and L11: Lower supervisory and technical occupations,2
E05013646,Totteridge & Woodside,7,"Black, Black British, Black Welsh, Caribbean or African: Caribbean",7,L12: Semi-routine occupations,9
E05013646,Totteridge & Woodside,7,"Black, Black British, Black Welsh, Caribbean or African: Caribbean",8,L13: Routine occupations,12
E05013646,Totteridge & Woodside,7,"Black, Black British, Black Welsh, Caribbean or African: Caribbean",9,L14.1: Never worked,10
E05013646,Totteridge & Woodside,7,"Black, Black British, Black Welsh, Caribbean or African: Caribbean",10,L14.2: Long-term unemployed,1
E05013646,Totteridge & Woodside,7,"Black, Black British, Black Welsh, Caribbean or African: Caribbean",11,L15: Full-time students,6
E05013646,Totteridge & Woodside,8,"Black, Black British, Black Welsh, Caribbean or African: Other Black",-8,Does not apply,19
E05013646,Totteridge & Woodside,8,"Black, Black British, Black Welsh, Caribbean or African: Other Black",1,L1 and L2: Large employers and higher managerial and administrative occupations,1
E05013646,Totteridge & Woodside,8,"Black, Black British, Black Welsh, Caribbean or African: Other Black",2,L3: Higher professional occupations,0
E05013646,Totteridge & Woodside,8,"Black, Black British, Black Welsh, Caribbean or African: Other Black",3,"L4, L5 and L6: Lower managerial, administrative and professional occupations",6
E05013646,Totteridge & Woodside,8,"Black, Black British, Black Welsh, Caribbean or African: Other Black",4,L7: Intermediate occupations,6
E05013646,Totteridge & Woodside,8,"Black, Black British, Black Welsh, Caribbean or African: Other Black",5,L8 and L9: Small employers and own account workers,1
E05013646,Totteridge & Woodside,8,"Black, Black British, Black Welsh, Caribbean or African: Other Black",6,L10 and L11: Lower supervisory and technical occupations,0
E05013646,Totteridge & Woodside,8,"Black, Black British, Black Welsh, Caribbean or African: Other Black",7,L12: Semi-routine occupations,2
E05013646,Totteridge & Woodside,8,"Black, Black British, Black Welsh, Caribbean or African: Other Black",8,L13: Routine occupations,5
E05013646,Totteridge & Woodside,8,"Black, Black British, Black Welsh, Caribbean or African: Other Black",9,L14.1: Never worked,7
E05013646,Totteridge & Woodside,8,"Black, Black British, Black Welsh, Caribbean or African: Other Black",10,L14.2: Long-term unemployed,0
E05013646,Totteridge & Woodside,8,"Black, Black British, Black Welsh, Caribbean or African: Other Black",11,L15: Full-time students,6
E05013646,Totteridge & Woodside,9,Mixed or Multiple ethnic groups: White and Asian,-8,Does not apply,169
E05013646,Totteridge & Woodside,9,Mixed or Multiple ethnic groups: White and Asian,1,L1 and L2: Large employers and higher managerial and administrative occupations,13
E05013646,Totteridge & Woodside,9,Mixed or Multiple ethnic groups: White and Asian,2,L3: Higher professional occupations,24
E05013646,Totteridge & Woodside,9,Mixed or Multiple ethnic groups: White and Asian,3,"L4, L5 and L6: Lower managerial, administrative and professional occupations",35
E05013646,Totteridge & Woodside,9,Mixed or Multiple ethnic groups: White and Asian,4,L7: Intermediate occupations,9
E05013646,Totteridge & Woodside,9,Mixed or Multiple ethnic groups: White and Asian,5,L8 and L9: Small employers and own account workers,8
E05013646,Totteridge & Woodside,9,Mixed or Multiple ethnic groups: White and Asian,6,L10 and L11: Lower supervisory and technical occupations,1
E05013646,Totteridge & Woodside,9,Mixed or Multiple ethnic groups: White and Asian,7,L12: Semi-routine occupations,7
E05013646,Totteridge & Woodside,9,Mixed or Multiple ethnic groups: White and Asian,8,L13: Routine occupations,1
E05013646,Totteridge & Woodside,9,Mixed or Multiple ethnic groups: White and Asian,9,L14.1: Never worked,2
E05013646,Totteridge & Woodside,9,Mixed or Multiple ethnic groups: White and Asian,10,L14.2: Long-term unemployed,1
E05013646,Totteridge & Woodside,9,Mixed or Multiple ethnic groups: White and Asian,11,L15: Full-time students,22
E05013646,Totteridge & Woodside,10,Mixed or Multiple ethnic groups: White and Black African,-8,Does not apply,49
E05013646,Totteridge & Woodside,10,Mixed or Multiple ethnic groups: White and Black African,1,L1 and L2: Large employers and higher managerial and administrative occupations,1
E05013646,Totteridge & Woodside,10,Mixed or Multiple ethnic groups: White and Black African,2,L3: Higher professional occupations,7
E05013646,Totteridge & Woodside,10,Mixed or Multiple ethnic groups: White and Black African,3,"L4, L5 and L6: Lower managerial, administrative and professional occupations",7
E05013646,Totteridge & Woodside,10,Mixed or Multiple ethnic groups: White and Black African,4,L7: Intermediate occupations,7
E05013646,Totteridge & Woodside,10,Mixed or Multiple ethnic groups: White and Black African,5,L8 and L9: Small employers and own account workers,6
E05013646,Totteridge & Woodside,10,Mixed or Multiple ethnic groups: White and Black African,6,L10 and L11: Lower supervisory and technical occupations,0
E05013646,Totteridge & Woodside,10,Mixed or Multiple ethnic groups: White and Black African,7,L12: Semi-routine occupations,3
E05013646,Totteridge & Woodside,10,Mixed or Multiple ethnic groups: White and Black African,8,L13: Routine occupations,5
E05013646,Totteridge & Woodside,10,Mixed or Multiple ethnic groups: White and Black African,9,L14.1: Never worked,0
E05013646,Totteridge & Woodside,10,Mixed or Multiple ethnic groups: White and Black African,10,L14.2: Long-term unemployed,1
E05013646,Totteridge & Woodside,10,Mixed or Multiple ethnic groups: White and Black African,11,L15: Full-time students,13
E05013646,Totteridge & Woodside,11,Mixed or Multiple ethnic groups: White and Black Caribbean,-8,Does not apply,41
E05013646,Totteridge & Woodside,11,Mixed or Multiple ethnic groups: White and Black Caribbean,1,L1 and L2: Large employers and higher managerial and administrative occupations,2
E05013646,Totteridge & Woodside,11,Mixed or Multiple ethnic groups: White and Black Caribbean,2,L3: Higher professional occupations,3
E05013646,Totteridge & Woodside,11,Mixed or Multiple ethnic groups: White and Black Caribbean,3,"L4, L5 and L6: Lower managerial, administrative and professional occupations",17
E05013646,Totteridge & Woodside,11,Mixed or Multiple ethnic groups: White and Black Caribbean,4,L7: Intermediate occupations,2
E05013646,Totteridge & Woodside,11,Mixed or Multiple ethnic groups: White and Black Caribbean,5,L8 and L9: Small employers and own account workers,2
E05013646,Totteridge & Woodside,11,Mixed or Multiple ethnic groups: White and Black Caribbean,6,L10 and L11: Lower supervisory and technical occupations,1
E05013646,Totteridge & Woodside,11,Mixed or Multiple ethnic groups: White and Black Caribbean,7,L12: Semi-routine occupations,6
E05013646,Totteridge & Woodside,11,Mixed or Multiple ethnic groups: White and Black Caribbean,8,L13: Routine occupations,2
E05013646,Totteridge & Woodside,11,Mixed or Multiple ethnic groups: White and Black Caribbean,9,L14.1: Never worked,2
E05013646,Totteridge & Woodside,11,Mixed or Multiple ethnic groups: White and Black Caribbean,10,L14.2: Long-term unemployed,1
E05013646,Totteridge & Woodside,11,Mixed or Multiple ethnic groups: White and Black Caribbean,11,L15: Full-time students,11
E05013646,Totteridge & Woodside,12,Mixed or Multiple ethnic groups: Other Mixed or Multiple ethnic groups,-8,Does not apply,116
E05013646,Totteridge & Woodside,12,Mixed or Multiple ethnic groups: Other Mixed or Multiple ethnic groups,1,L1 and L2: Large employers and higher managerial and administrative occupations,9
E05013646,Totteridge & Woodside,12,Mixed or Multiple ethnic groups: Other Mixed or Multiple ethnic groups,2,L3: Higher professional occupations,31
E05013646,Totteridge & Woodside,12,Mixed or Multiple ethnic groups: Other Mixed or Multiple ethnic groups,3,"L4, L5 and L6: Lower managerial, administrative and professional occupations",34
E05013646,Totteridge & Woodside,12,Mixed or Multiple ethnic groups: Other Mixed or Multiple ethnic groups,4,L7: Intermediate occupations,19
E05013646,Totteridge & Woodside,12,Mixed or Multiple ethnic groups: Other Mixed or Multiple ethnic groups,5,L8 and L9: Small employers and own account workers,3
E05013646,Totteridge & Woodside,12,Mixed or Multiple ethnic groups: Other Mixed or Multiple ethnic groups,6,L10 and L11: Lower supervisory and technical occupations,10
E05013646,Totteridge & Woodside,12,Mixed or Multiple ethnic groups: Other Mixed or Multiple ethnic groups,7,L12: Semi-routine occupations,4
E05013646,Totteridge & Woodside,12,Mixed or Multiple ethnic groups: Other Mixed or Multiple ethnic groups,8,L13: Routine occupations,7
E05013646,Totteridge & Woodside,12,Mixed or Multiple ethnic groups: Other Mixed or Multiple ethnic groups,9,L14.1: Never worked,9
E05013646,Totteridge & Woodside,12,Mixed or Multiple ethnic groups: Other Mixed or Multiple ethnic groups,10,L14.2: Long-term unemployed,1
E05013646,Totteridge & Woodside,12,Mixed or Multiple ethnic groups: Other Mixed or Multiple ethnic groups,11,L15: Full-time students,19
E05013646,Totteridge & Woodside,13,"White: English, Welsh, Scottish, Northern Irish or British",-8,Does not apply,992
E05013646,Totteridge & Woodside,13,"White: English, Welsh, Scottish, Northern Irish or British",1,L1 and L2: Large employers and higher managerial and administrative occupations,455
E05013646,Totteridge & Woodside,13,"White: English, Welsh, Scottish, Northern Irish or British",2,L3: Higher professional occupations,834
E05013646,Totteridge & Woodside,13,"White: English, Welsh, Scottish, Northern Irish or British",3,"L4, L5 and L6: Lower managerial, administrative and professional occupations",1097
E05013646,Totteridge & Woodside,13,"White: English, Welsh, Scottish, Northern Irish or British",4,L7: Intermediate occupations,497
E05013646,Totteridge & Woodside,13,"White: English, Welsh, Scottish, Northern Irish or British",5,L8 and L9: Small employers and own account workers,654
E05013646,Totteridge & Woodside,13,"White: English, Welsh, Scottish, Northern Irish or British",6,L10 and L11: Lower supervisory and technical occupations,78
E05013646,Totteridge & Woodside,13,"White: English, Welsh, Scottish, Northern Irish or British",7,L12: Semi-routine occupations,220
E05013646,Totteridge & Woodside,13,"White: English, Welsh, Scottish, Northern Irish or British",8,L13: Routine occupations,156
E05013646,Totteridge & Woodside,13,"White: English, Welsh, Scottish, Northern Irish or British",9,L14.1: Never worked,274
E05013646,Totteridge & Woodside,13,"White: English, Welsh, Scottish, Northern Irish or British",10,L14.2: Long-term unemployed,31
E05013646,Totteridge & Woodside,13,"White: English, Welsh, Scottish, Northern Irish or British",11,L15: Full-time students,270
E05013646,Totteridge & Woodside,14,White: Irish,-8,Does not apply,12
E05013646,Totteridge & Woodside,14,White: Irish,1,L1 and L2: Large employers and higher managerial and administrative occupations,19
E05013646,Totteridge & Woodside,14,White: Irish,2,L3: Higher professional occupations,22
E05013646,Totteridge & Woodside,14,White: Irish,3,"L4, L5 and L6: Lower managerial, administrative and professional occupations",52
E05013646,Totteridge & Woodside,14,White: Irish,4,L7: Intermediate occupations,20
E05013646,Totteridge & Woodside,14,White: Irish,5,L8 and L9: Small employers and own account workers,33
E05013646,Totteridge & Woodside,14,White: Irish,6,L10 and L11: Lower supervisory and technical occupations,8
E05013646,Totteridge & Woodside,14,White: Irish,7,L12: Semi-routine occupations,16
E05013646,Totteridge & Woodside,14,White: Irish,8,L13: Routine occupations,23
E05013646,Totteridge & Woodside,14,White: Irish,9,L14.1: Never worked,18
E05013646,Totteridge & Woodside,14,White: Irish,10,L14.2: Long-term unemployed,0
E05013646,Totteridge & Woodside,14,White: Irish,11,L15: Full-time students,10
E05013646,Totteridge & Woodside,15,White: Gypsy or Irish Traveller,-8,Does not apply,0
E05013646,Totteridge & Woodside,15,White: Gypsy or Irish Traveller,1,L1 and L2: Large employers and higher managerial and administrative occupations,0
E05013646,Totteridge & Woodside,15,White: Gypsy or Irish Traveller,2,L3: Higher professional occupations,0
E05013646,Totteridge & Woodside,15,White: Gypsy or Irish Traveller,3,"L4, L5 and L6: Lower managerial, administrative and professional occupations",0
E05013646,Totteridge & Woodside,15,White: Gypsy or Irish Traveller,4,L7: Intermediate occupations,0
E05013646,Totteridge & Woodside,15,White: Gypsy or Irish Traveller,5,L8 and L9: Small employers and own account workers,0
E05013646,Totteridge & Woodside,15,White: Gypsy or Irish Traveller,6,L10 and L11: Lower supervisory and technical occupations,0
E05013646,Totteridge & Woodside,15,White: Gypsy or Irish Traveller,7,L12: Semi-routine occupations,0
E05013646,Totteridge & Woodside,15,White: Gypsy or Irish Traveller,8,L13: Routine occupations,0
E05013646,Totteridge & Woodside,15,White: Gypsy or Irish Traveller,9,L14.1: Never worked,0
E05013646,Totteridge & Woodside,15,White: Gypsy or Irish Traveller,10,L14.2: Long-term unemployed,0
E05013646,Totteridge & Woodside,15,White: Gypsy or Irish Traveller,11,L15: Full-time students,0
E05013646,Totteridge & Woodside,16,White: Roma,-8,Does not apply,8
E05013646,Totteridge & Woodside,16,White: Roma,1,L1 and L2: Large employers and higher managerial and administrative occupations,1
E05013646,Totteridge & Woodside,16,White: Roma,2,L3: Higher professional occupations,3
E05013646,Totteridge & Woodside,16,White: Roma,3,"L4, L5 and L6: Lower managerial, administrative and professional occupations",1
E05013646,Totteridge & Woodside,16,White: Roma,4,L7: Intermediate occupations,2
E05013646,Totteridge & Woodside,16,White: Roma,5,L8 and L9: Small employers and own account workers,4
E05013646,Totteridge & Woodside,16,White: Roma,6,L10 and L11: Lower supervisory and technical occupations,4
E05013646,Totteridge & Woodside,16,White: Roma,7,L12: Semi-routine occupations,1
E05013646,Totteridge & Woodside,16,White: Roma,8,L13: Routine occupations,4
E05013646,Totteridge & Woodside,16,White: Roma,9,L14.1: Never worked,2
E05013646,Totteridge & Woodside,16,White: Roma,10,L14.2: Long-term unemployed,0
E05013646,Totteridge & Woodside,16,White: Roma,11,L15: Full-time students,1
E05013646,Totteridge & Woodside,17,White: Other White,-8,Does not apply,393
E05013646,Totteridge & Woodside,17,White: Other White,1,L1 and L2: Large employers and higher managerial and administrative occupations,151
E05013646,Totteridge & Woodside,17,White: Other White,2,L3: Higher professional occupations,394
E05013646,Totteridge & Woodside,17,White: Other White,3,"L4, L5 and L6: Lower managerial, administrative and professional occupations",406
E05013646,Totteridge & Woodside,17,White: Other White,4,L7: Intermediate occupations,161
E05013646,Totteridge & Woodside,17,White: Other White,5,L8 and L9: Small employers and own account workers,305
E05013646,Totteridge & Woodside,17,White: Other White,6,L10 and L11: Lower supervisory and technical occupations,41
E05013646,Totteridge & Woodside,17,White: Other White,7,L12: Semi-routine occupations,90
E05013646,Totteridge & Woodside,17,White: Other White,8,L13: Routine occupations,115
E05013646,Totteridge & Woodside,17,White: Other White,9,L14.1: Never worked,99
E05013646,Totteridge & Woodside,17,White: Other White,10,L14.2: Long-term unemployed,16
E05013646,Totteridge & Woodside,17,White: Other White,11,L15: Full-time students,124
E05013646,Totteridge & Woodside,18,Other ethnic group: Arab,-8,Does not apply,37
E05013646,Totteridge & Woodside,18,Other ethnic group: Arab,1,L1 and L2: Large employers and higher managerial and administrative occupations,4
E05013646,Totteridge & Woodside,18,Other ethnic group: Arab,2,L3: Higher professional occupations,29
E05013646,Totteridge & Woodside,18,Other ethnic group: Arab,3,"L4, L5 and L6: Lower managerial, administrative and professional occupations",15
E05013646,Totteridge & Woodside,18,Other ethnic group: Arab,4,L7: Intermediate occupations,9
E05013646,Totteridge & Woodside,18,Other ethnic group: Arab,5,L8 and L9: Small employers and own account workers,13
E05013646,Totteridge & Woodside,18,Other ethnic group: Arab,6,L10 and L11: Lower supervisory and technical occupations,6
E05013646,Totteridge & Woodside,18,Other ethnic group: Arab,7,L12: Semi-routine occupations,14
E05013646,Totteridge & Woodside,18,Other ethnic group: Arab,8,L13: Routine occupations,3
E05013646,Totteridge & Woodside,18,Other ethnic group: Arab,9,L14.1: Never worked,17
E05013646,Totteridge & Woodside,18,Other ethnic group: Arab,10,L14.2: Long-term unemployed,0
E05013646,Totteridge & Woodside,18,Other ethnic group: Arab,11,L15: Full-time students,15
E05013646,Totteridge & Woodside,19,Other ethnic group: Any other ethnic group,-8,Does not apply,211
E05013646,Totteridge & Woodside,19,Other ethnic group: Any other ethnic group,1,L1 and L2: Large employers and higher managerial and administrative occupations,64
E05013646,Totteridge & Woodside,19,Other ethnic group: Any other ethnic group,2,L3: Higher professional occupations,174
E05013646,Totteridge & Woodside,19,Other ethnic group: Any other ethnic group,3,"L4, L5 and L6: Lower managerial, administrative and professional occupations",184
E05013646,Totteridge & Woodside,19,Other ethnic group: Any other ethnic group,4,L7: Intermediate occupations,75
E05013646,Totteridge & Woodside,19,Other ethnic group: Any other ethnic group,5,L8 and L9: Small employers and own account workers,119
E05013646,Totteridge & Woodside,19,Other ethnic group: Any other ethnic group,6,L10 and L11: Lower supervisory and technical occupations,11
E05013646,Totteridge & Woodside,19,Other ethnic group: Any other ethnic group,7,L12: Semi-routine occupations,60
E05013646,Totteridge & Woodside,19,Other ethnic group: Any other ethnic group,8,L13: Routine occupations,30
E05013646,Totteridge & Woodside,19,Other ethnic group: Any other ethnic group,9,L14.1: Never worked,93
E05013646,Totteridge & Woodside,19,Other ethnic group: Any other ethnic group,10,L14.2: Long-term unemployed,14
E05013646,Totteridge & Woodside,19,Other ethnic group: Any other ethnic group,11,L15: Full-time students,80
E05013647,Underhill,-8,Does not apply,-8,Does not apply,0
E05013647,Underhill,-8,Does not apply,1,L1 and L2: Large employers and higher managerial and administrative occupations,0
E05013647,Underhill,-8,Does not apply,2,L3: Higher professional occupations,0
E05013647,Underhill,-8,Does not apply,3,"L4, L5 and L6: Lower managerial, administrative and professional occupations",0
E05013647,Underhill,-8,Does not apply,4,L7: Intermediate occupations,0
E05013647,Underhill,-8,Does not apply,5,L8 and L9: Small employers and own account workers,0
E05013647,Underhill,-8,Does not apply,6,L10 and L11: Lower supervisory and technical occupations,0
E05013647,Underhill,-8,Does not apply,7,L12: Semi-routine occupations,0
E05013647,Underhill,-8,Does not apply,8,L13: Routine occupations,0
E05013647,Underhill,-8,Does not apply,9,L14.1: Never worked,0
E05013647,Underhill,-8,Does not apply,10,L14.2: Long-term unemployed,0
E05013647,Underhill,-8,Does not apply,11,L15: Full-time students,0
E05013647,Underhill,1,"Asian, Asian British or Asian Welsh: Bangladeshi",-8,Does not apply,16
E05013647,Underhill,1,"Asian, Asian British or Asian Welsh: Bangladeshi",1,L1 and L2: Large employers and higher managerial and administrative occupations,3
E05013647,Underhill,1,"Asian, Asian British or Asian Welsh: Bangladeshi",2,L3: Higher professional occupations,11
E05013647,Underhill,1,"Asian, Asian British or Asian Welsh: Bangladeshi",3,"L4, L5 and L6: Lower managerial, administrative and professional occupations",26
E05013647,Underhill,1,"Asian, Asian British or Asian Welsh: Bangladeshi",4,L7: Intermediate occupations,9
E05013647,Underhill,1,"Asian, Asian British or Asian Welsh: Bangladeshi",5,L8 and L9: Small employers and own account workers,10
E05013647,Underhill,1,"Asian, Asian British or Asian Welsh: Bangladeshi",6,L10 and L11: Lower supervisory and technical occupations,2
E05013647,Underhill,1,"Asian, Asian British or Asian Welsh: Bangladeshi",7,L12: Semi-routine occupations,17
E05013647,Underhill,1,"Asian, Asian British or Asian Welsh: Bangladeshi",8,L13: Routine occupations,8
E05013647,Underhill,1,"Asian, Asian British or Asian Welsh: Bangladeshi",9,L14.1: Never worked,10
E05013647,Underhill,1,"Asian, Asian British or Asian Welsh: Bangladeshi",10,L14.2: Long-term unemployed,1
E05013647,Underhill,1,"Asian, Asian British or Asian Welsh: Bangladeshi",11,L15: Full-time students,11
E05013647,Underhill,2,"Asian, Asian British or Asian Welsh: Chinese",-8,Does not apply,53
E05013647,Underhill,2,"Asian, Asian British or Asian Welsh: Chinese",1,L1 and L2: Large employers and higher managerial and administrative occupations,10
E05013647,Underhill,2,"Asian, Asian British or Asian Welsh: Chinese",2,L3: Higher professional occupations,60
E05013647,Underhill,2,"Asian, Asian British or Asian Welsh: Chinese",3,"L4, L5 and L6: Lower managerial, administrative and professional occupations",56
E05013647,Underhill,2,"Asian, Asian British or Asian Welsh: Chinese",4,L7: Intermediate occupations,18
E05013647,Underhill,2,"Asian, Asian British or Asian Welsh: Chinese",5,L8 and L9: Small employers and own account workers,19
E05013647,Underhill,2,"Asian, Asian British or Asian Welsh: Chinese",6,L10 and L11: Lower supervisory and technical occupations,4
E05013647,Underhill,2,"Asian, Asian British or Asian Welsh: Chinese",7,L12: Semi-routine occupations,9
E05013647,Underhill,2,"Asian, Asian British or Asian Welsh: Chinese",8,L13: Routine occupations,11
E05013647,Underhill,2,"Asian, Asian British or Asian Welsh: Chinese",9,L14.1: Never worked,16
E05013647,Underhill,2,"Asian, Asian British or Asian Welsh: Chinese",10,L14.2: Long-term unemployed,1
E05013647,Underhill,2,"Asian, Asian British or Asian Welsh: Chinese",11,L15: Full-time students,16
E05013647,Underhill,3,"Asian, Asian British or Asian Welsh: Indian",-8,Does not apply,139
E05013647,Underhill,3,"Asian, Asian British or Asian Welsh: Indian",1,L1 and L2: Large employers and higher managerial and administrative occupations,54
E05013647,Underhill,3,"Asian, Asian British or Asian Welsh: Indian",2,L3: Higher professional occupations,138
E05013647,Underhill,3,"Asian, Asian British or Asian Welsh: Indian",3,"L4, L5 and L6: Lower managerial, administrative and professional occupations",133
E05013647,Underhill,3,"Asian, Asian British or Asian Welsh: Indian",4,L7: Intermediate occupations,68
E05013647,Underhill,3,"Asian, Asian British or Asian Welsh: Indian",5,L8 and L9: Small employers and own account workers,47
E05013647,Underhill,3,"Asian, Asian British or Asian Welsh: Indian",6,L10 and L11: Lower supervisory and technical occupations,16
E05013647,Underhill,3,"Asian, Asian British or Asian Welsh: Indian",7,L12: Semi-routine occupations,51
E05013647,Underhill,3,"Asian, Asian British or Asian Welsh: Indian",8,L13: Routine occupations,19
E05013647,Underhill,3,"Asian, Asian British or Asian Welsh: Indian",9,L14.1: Never worked,44
E05013647,Underhill,3,"Asian, Asian British or Asian Welsh: Indian",10,L14.2: Long-term unemployed,9
E05013647,Underhill,3,"Asian, Asian British or Asian Welsh: Indian",11,L15: Full-time students,39
E05013647,Underhill,4,"Asian, Asian British or Asian Welsh: Pakistani",-8,Does not apply,33
E05013647,Underhill,4,"Asian, Asian British or Asian Welsh: Pakistani",1,L1 and L2: Large employers and higher managerial and administrative occupations,7
E05013647,Underhill,4,"Asian, Asian British or Asian Welsh: Pakistani",2,L3: Higher professional occupations,21
E05013647,Underhill,4,"Asian, Asian British or Asian Welsh: Pakistani",3,"L4, L5 and L6: Lower managerial, administrative and professional occupations",23
E05013647,Underhill,4,"Asian, Asian British or Asian Welsh: Pakistani",4,L7: Intermediate occupations,11
E05013647,Underhill,4,"Asian, Asian British or Asian Welsh: Pakistani",5,L8 and L9: Small employers and own account workers,8
E05013647,Underhill,4,"Asian, Asian British or Asian Welsh: Pakistani",6,L10 and L11: Lower supervisory and technical occupations,0
E05013647,Underhill,4,"Asian, Asian British or Asian Welsh: Pakistani",7,L12: Semi-routine occupations,6
E05013647,Underhill,4,"Asian, Asian British or Asian Welsh: Pakistani",8,L13: Routine occupations,7
E05013647,Underhill,4,"Asian, Asian British or Asian Welsh: Pakistani",9,L14.1: Never worked,18
E05013647,Underhill,4,"Asian, Asian British or Asian Welsh: Pakistani",10,L14.2: Long-term unemployed,1
E05013647,Underhill,4,"Asian, Asian British or Asian Welsh: Pakistani",11,L15: Full-time students,11
E05013647,Underhill,5,"Asian, Asian British or Asian Welsh: Other Asian",-8,Does not apply,105
E05013647,Underhill,5,"Asian, Asian British or Asian Welsh: Other Asian",1,L1 and L2: Large employers and higher managerial and administrative occupations,12
E05013647,Underhill,5,"Asian, Asian British or Asian Welsh: Other Asian",2,L3: Higher professional occupations,46
E05013647,Underhill,5,"Asian, Asian British or Asian Welsh: Other Asian",3,"L4, L5 and L6: Lower managerial, administrative and professional occupations",115
E05013647,Underhill,5,"Asian, Asian British or Asian Welsh: Other Asian",4,L7: Intermediate occupations,37
E05013647,Underhill,5,"Asian, Asian British or Asian Welsh: Other Asian",5,L8 and L9: Small employers and own account workers,51
E05013647,Underhill,5,"Asian, Asian British or Asian Welsh: Other Asian",6,L10 and L11: Lower supervisory and technical occupations,20
E05013647,Underhill,5,"Asian, Asian British or Asian Welsh: Other Asian",7,L12: Semi-routine occupations,54
E05013647,Underhill,5,"Asian, Asian British or Asian Welsh: Other Asian",8,L13: Routine occupations,27
E05013647,Underhill,5,"Asian, Asian British or Asian Welsh: Other Asian",9,L14.1: Never worked,68
E05013647,Underhill,5,"Asian, Asian British or Asian Welsh: Other Asian",10,L14.2: Long-term unemployed,5
E05013647,Underhill,5,"Asian, Asian British or Asian Welsh: Other Asian",11,L15: Full-time students,56
E05013647,Underhill,6,"Black, Black British, Black Welsh, Caribbean or African: African",-8,Does not apply,169
E05013647,Underhill,6,"Black, Black British, Black Welsh, Caribbean or African: African",1,L1 and L2: Large employers and higher managerial and administrative occupations,19
E05013647,Underhill,6,"Black, Black British, Black Welsh, Caribbean or African: African",2,L3: Higher professional occupations,60
E05013647,Underhill,6,"Black, Black British, Black Welsh, Caribbean or African: African",3,"L4, L5 and L6: Lower managerial, administrative and professional occupations",120
E05013647,Underhill,6,"Black, Black British, Black Welsh, Caribbean or African: African",4,L7: Intermediate occupations,46
E05013647,Underhill,6,"Black, Black British, Black Welsh, Caribbean or African: African",5,L8 and L9: Small employers and own account workers,45
E05013647,Underhill,6,"Black, Black British, Black Welsh, Caribbean or African: African",6,L10 and L11: Lower supervisory and technical occupations,18
E05013647,Underhill,6,"Black, Black British, Black Welsh, Caribbean or African: African",7,L12: Semi-routine occupations,81
E05013647,Underhill,6,"Black, Black British, Black Welsh, Caribbean or African: African",8,L13: Routine occupations,55
E05013647,Underhill,6,"Black, Black British, Black Welsh, Caribbean or African: African",9,L14.1: Never worked,50
E05013647,Underhill,6,"Black, Black British, Black Welsh, Caribbean or African: African",10,L14.2: Long-term unemployed,11
E05013647,Underhill,6,"Black, Black British, Black Welsh, Caribbean or African: African",11,L15: Full-time students,117
E05013647,Underhill,7,"Black, Black British, Black Welsh, Caribbean or African: Caribbean",-8,Does not apply,26
E05013647,Underhill,7,"Black, Black British, Black Welsh, Caribbean or African: Caribbean",1,L1 and L2: Large employers and higher managerial and administrative occupations,7
E05013647,Underhill,7,"Black, Black British, Black Welsh, Caribbean or African: Caribbean",2,L3: Higher professional occupations,13
E05013647,Underhill,7,"Black, Black British, Black Welsh, Caribbean or African: Caribbean",3,"L4, L5 and L6: Lower managerial, administrative and professional occupations",31
E05013647,Underhill,7,"Black, Black British, Black Welsh, Caribbean or African: Caribbean",4,L7: Intermediate occupations,16
E05013647,Underhill,7,"Black, Black British, Black Welsh, Caribbean or African: Caribbean",5,L8 and L9: Small employers and own account workers,10
E05013647,Underhill,7,"Black, Black British, Black Welsh, Caribbean or African: Caribbean",6,L10 and L11: Lower supervisory and technical occupations,6
E05013647,Underhill,7,"Black, Black British, Black Welsh, Caribbean or African: Caribbean",7,L12: Semi-routine occupations,11
E05013647,Underhill,7,"Black, Black British, Black Welsh, Caribbean or African: Caribbean",8,L13: Routine occupations,11
E05013647,Underhill,7,"Black, Black British, Black Welsh, Caribbean or African: Caribbean",9,L14.1: Never worked,7
E05013647,Underhill,7,"Black, Black British, Black Welsh, Caribbean or African: Caribbean",10,L14.2: Long-term unemployed,3
E05013647,Underhill,7,"Black, Black British, Black Welsh, Caribbean or African: Caribbean",11,L15: Full-time students,10
E05013647,Underhill,8,"Black, Black British, Black Welsh, Caribbean or African: Other Black",-8,Does not apply,67
E05013647,Underhill,8,"Black, Black British, Black Welsh, Caribbean or African: Other Black",1,L1 and L2: Large employers and higher managerial and administrative occupations,2
E05013647,Underhill,8,"Black, Black British, Black Welsh, Caribbean or African: Other Black",2,L3: Higher professional occupations,7
E05013647,Underhill,8,"Black, Black British, Black Welsh, Caribbean or African: Other Black",3,"L4, L5 and L6: Lower managerial, administrative and professional occupations",16
E05013647,Underhill,8,"Black, Black British, Black Welsh, Caribbean or African: Other Black",4,L7: Intermediate occupations,9
E05013647,Underhill,8,"Black, Black British, Black Welsh, Caribbean or African: Other Black",5,L8 and L9: Small employers and own account workers,4
E05013647,Underhill,8,"Black, Black British, Black Welsh, Caribbean or African: Other Black",6,L10 and L11: Lower supervisory and technical occupations,1
E05013647,Underhill,8,"Black, Black British, Black Welsh, Caribbean or African: Other Black",7,L12: Semi-routine occupations,7
E05013647,Underhill,8,"Black, Black British, Black Welsh, Caribbean or African: Other Black",8,L13: Routine occupations,7
E05013647,Underhill,8,"Black, Black British, Black Welsh, Caribbean or African: Other Black",9,L14.1: Never worked,12
E05013647,Underhill,8,"Black, Black British, Black Welsh, Caribbean or African: Other Black",10,L14.2: Long-term unemployed,3
E05013647,Underhill,8,"Black, Black British, Black Welsh, Caribbean or African: Other Black",11,L15: Full-time students,32
E05013647,Underhill,9,Mixed or Multiple ethnic groups: White and Asian,-8,Does not apply,128
E05013647,Underhill,9,Mixed or Multiple ethnic groups: White and Asian,1,L1 and L2: Large employers and higher managerial and administrative occupations,3
E05013647,Underhill,9,Mixed or Multiple ethnic groups: White and Asian,2,L3: Higher professional occupations,12
E05013647,Underhill,9,Mixed or Multiple ethnic groups: White and Asian,3,"L4, L5 and L6: Lower managerial, administrative and professional occupations",17
E05013647,Underhill,9,Mixed or Multiple ethnic groups: White and Asian,4,L7: Intermediate occupations,5
E05013647,Underhill,9,Mixed or Multiple ethnic groups: White and Asian,5,L8 and L9: Small employers and own account workers,8
E05013647,Underhill,9,Mixed or Multiple ethnic groups: White and Asian,6,L10 and L11: Lower supervisory and technical occupations,3
E05013647,Underhill,9,Mixed or Multiple ethnic groups: White and Asian,7,L12: Semi-routine occupations,10
E05013647,Underhill,9,Mixed or Multiple ethnic groups: White and Asian,8,L13: Routine occupations,6
E05013647,Underhill,9,Mixed or Multiple ethnic groups: White and Asian,9,L14.1: Never worked,5
E05013647,Underhill,9,Mixed or Multiple ethnic groups: White and Asian,10,L14.2: Long-term unemployed,3
E05013647,Underhill,9,Mixed or Multiple ethnic groups: White and Asian,11,L15: Full-time students,20
E05013647,Underhill,10,Mixed or Multiple ethnic groups: White and Black African,-8,Does not apply,61
E05013647,Underhill,10,Mixed or Multiple ethnic groups: White and Black African,1,L1 and L2: Large employers and higher managerial and administrative occupations,2
E05013647,Underhill,10,Mixed or Multiple ethnic groups: White and Black African,2,L3: Higher professional occupations,7
E05013647,Underhill,10,Mixed or Multiple ethnic groups: White and Black African,3,"L4, L5 and L6: Lower managerial, administrative and professional occupations",14
E05013647,Underhill,10,Mixed or Multiple ethnic groups: White and Black African,4,L7: Intermediate occupations,13
E05013647,Underhill,10,Mixed or Multiple ethnic groups: White and Black African,5,L8 and L9: Small employers and own account workers,7
E05013647,Underhill,10,Mixed or Multiple ethnic groups: White and Black African,6,L10 and L11: Lower supervisory and technical occupations,2
E05013647,Underhill,10,Mixed or Multiple ethnic groups: White and Black African,7,L12: Semi-routine occupations,15
E05013647,Underhill,10,Mixed or Multiple ethnic groups: White and Black African,8,L13: Routine occupations,9
E05013647,Underhill,10,Mixed or Multiple ethnic groups: White and Black African,9,L14.1: Never worked,5
E05013647,Underhill,10,Mixed or Multiple ethnic groups: White and Black African,10,L14.2: Long-term unemployed,2
E05013647,Underhill,10,Mixed or Multiple ethnic groups: White and Black African,11,L15: Full-time students,8
E05013647,Underhill,11,Mixed or Multiple ethnic groups: White and Black Caribbean,-8,Does not apply,84
E05013647,Underhill,11,Mixed or Multiple ethnic groups: White and Black Caribbean,1,L1 and L2: Large employers and higher managerial and administrative occupations,0
E05013647,Underhill,11,Mixed or Multiple ethnic groups: White and Black Caribbean,2,L3: Higher professional occupations,10
E05013647,Underhill,11,Mixed or Multiple ethnic groups: White and Black Caribbean,3,"L4, L5 and L6: Lower managerial, administrative and professional occupations",24
E05013647,Underhill,11,Mixed or Multiple ethnic groups: White and Black Caribbean,4,L7: Intermediate occupations,4
E05013647,Underhill,11,Mixed or Multiple ethnic groups: White and Black Caribbean,5,L8 and L9: Small employers and own account workers,26
E05013647,Underhill,11,Mixed or Multiple ethnic groups: White and Black Caribbean,6,L10 and L11: Lower supervisory and technical occupations,6
E05013647,Underhill,11,Mixed or Multiple ethnic groups: White and Black Caribbean,7,L12: Semi-routine occupations,21
E05013647,Underhill,11,Mixed or Multiple ethnic groups: White and Black Caribbean,8,L13: Routine occupations,19
E05013647,Underhill,11,Mixed or Multiple ethnic groups: White and Black Caribbean,9,L14.1: Never worked,8
E05013647,Underhill,11,Mixed or Multiple ethnic groups: White and Black Caribbean,10,L14.2: Long-term unemployed,2
E05013647,Underhill,11,Mixed or Multiple ethnic groups: White and Black Caribbean,11,L15: Full-time students,13
E05013647,Underhill,12,Mixed or Multiple ethnic groups: Other Mixed or Multiple ethnic groups,-8,Does not apply,98
E05013647,Underhill,12,Mixed or Multiple ethnic groups: Other Mixed or Multiple ethnic groups,1,L1 and L2: Large employers and higher managerial and administrative occupations,7
E05013647,Underhill,12,Mixed or Multiple ethnic groups: Other Mixed or Multiple ethnic groups,2,L3: Higher professional occupations,16
E05013647,Underhill,12,Mixed or Multiple ethnic groups: Other Mixed or Multiple ethnic groups,3,"L4, L5 and L6: Lower managerial, administrative and professional occupations",31
E05013647,Underhill,12,Mixed or Multiple ethnic groups: Other Mixed or Multiple ethnic groups,4,L7: Intermediate occupations,13
E05013647,Underhill,12,Mixed or Multiple ethnic groups: Other Mixed or Multiple ethnic groups,5,L8 and L9: Small employers and own account workers,11
E05013647,Underhill,12,Mixed or Multiple ethnic groups: Other Mixed or Multiple ethnic groups,6,L10 and L11: Lower supervisory and technical occupations,7
E05013647,Underhill,12,Mixed or Multiple ethnic groups: Other Mixed or Multiple ethnic groups,7,L12: Semi-routine occupations,9
E05013647,Underhill,12,Mixed or Multiple ethnic groups: Other Mixed or Multiple ethnic groups,8,L13: Routine occupations,7
E05013647,Underhill,12,Mixed or Multiple ethnic groups: Other Mixed or Multiple ethnic groups,9,L14.1: Never worked,5
E05013647,Underhill,12,Mixed or Multiple ethnic groups: Other Mixed or Multiple ethnic groups,10,L14.2: Long-term unemployed,3
E05013647,Underhill,12,Mixed or Multiple ethnic groups: Other Mixed or Multiple ethnic groups,11,L15: Full-time students,25
E05013647,Underhill,13,"White: English, Welsh, Scottish, Northern Irish or British",-8,Does not apply,978
E05013647,Underhill,13,"White: English, Welsh, Scottish, Northern Irish or British",1,L1 and L2: Large employers and higher managerial and administrative occupations,230
E05013647,Underhill,13,"White: English, Welsh, Scottish, Northern Irish or British",2,L3: Higher professional occupations,543
E05013647,Underhill,13,"White: English, Welsh, Scottish, Northern Irish or British",3,"L4, L5 and L6: Lower managerial, administrative and professional occupations",1156
E05013647,Underhill,13,"White: English, Welsh, Scottish, Northern Irish or British",4,L7: Intermediate occupations,641
E05013647,Underhill,13,"White: English, Welsh, Scottish, Northern Irish or British",5,L8 and L9: Small employers and own account workers,605
E05013647,Underhill,13,"White: English, Welsh, Scottish, Northern Irish or British",6,L10 and L11: Lower supervisory and technical occupations,206
E05013647,Underhill,13,"White: English, Welsh, Scottish, Northern Irish or British",7,L12: Semi-routine occupations,473
E05013647,Underhill,13,"White: English, Welsh, Scottish, Northern Irish or British",8,L13: Routine occupations,430
E05013647,Underhill,13,"White: English, Welsh, Scottish, Northern Irish or British",9,L14.1: Never worked,385
E05013647,Underhill,13,"White: English, Welsh, Scottish, Northern Irish or British",10,L14.2: Long-term unemployed,52
E05013647,Underhill,13,"White: English, Welsh, Scottish, Northern Irish or British",11,L15: Full-time students,241
E05013647,Underhill,14,White: Irish,-8,Does not apply,21
E05013647,Underhill,14,White: Irish,1,L1 and L2: Large employers and higher managerial and administrative occupations,20
E05013647,Underhill,14,White: Irish,2,L3: Higher professional occupations,34
E05013647,Underhill,14,White: Irish,3,"L4, L5 and L6: Lower managerial, administrative and professional occupations",78
E05013647,Underhill,14,White: Irish,4,L7: Intermediate occupations,41
E05013647,Underhill,14,White: Irish,5,L8 and L9: Small employers and own account workers,52
E05013647,Underhill,14,White: Irish,6,L10 and L11: Lower supervisory and technical occupations,13
E05013647,Underhill,14,White: Irish,7,L12: Semi-routine occupations,28
E05013647,Underhill,14,White: Irish,8,L13: Routine occupations,33
E05013647,Underhill,14,White: Irish,9,L14.1: Never worked,24
E05013647,Underhill,14,White: Irish,10,L14.2: Long-term unemployed,6
E05013647,Underhill,14,White: Irish,11,L15: Full-time students,8
E05013647,Underhill,15,White: Gypsy or Irish Traveller,-8,Does not apply,0
E05013647,Underhill,15,White: Gypsy or Irish Traveller,1,L1 and L2: Large employers and higher managerial and administrative occupations,1
E05013647,Underhill,15,White: Gypsy or Irish Traveller,2,L3: Higher professional occupations,0
E05013647,Underhill,15,White: Gypsy or Irish Traveller,3,"L4, L5 and L6: Lower managerial, administrative and professional occupations",0
E05013647,Underhill,15,White: Gypsy or Irish Traveller,4,L7: Intermediate occupations,0
E05013647,Underhill,15,White: Gypsy or Irish Traveller,5,L8 and L9: Small employers and own account workers,0
E05013647,Underhill,15,White: Gypsy or Irish Traveller,6,L10 and L11: Lower supervisory and technical occupations,0
E05013647,Underhill,15,White: Gypsy or Irish Traveller,7,L12: Semi-routine occupations,0
E05013647,Underhill,15,White: Gypsy or Irish Traveller,8,L13: Routine occupations,0
E05013647,Underhill,15,White: Gypsy or Irish Traveller,9,L14.1: Never worked,0
E05013647,Underhill,15,White: Gypsy or Irish Traveller,10,L14.2: Long-term unemployed,0
E05013647,Underhill,15,White: Gypsy or Irish Traveller,11,L15: Full-time students,0
E05013647,Underhill,16,White: Roma,-8,Does not apply,13
E05013647,Underhill,16,White: Roma,1,L1 and L2: Large employers and higher managerial and administrative occupations,1
E05013647,Underhill,16,White: Roma,2,L3: Higher professional occupations,2
E05013647,Underhill,16,White: Roma,3,"L4, L5 and L6: Lower managerial, administrative and professional occupations",6
E05013647,Underhill,16,White: Roma,4,L7: Intermediate occupations,1
E05013647,Underhill,16,White: Roma,5,L8 and L9: Small employers and own account workers,7
E05013647,Underhill,16,White: Roma,6,L10 and L11: Lower supervisory and technical occupations,5
E05013647,Underhill,16,White: Roma,7,L12: Semi-routine occupations,7
E05013647,Underhill,16,White: Roma,8,L13: Routine occupations,2
E05013647,Underhill,16,White: Roma,9,L14.1: Never worked,3
E05013647,Underhill,16,White: Roma,10,L14.2: Long-term unemployed,0
E05013647,Underhill,16,White: Roma,11,L15: Full-time students,4
E05013647,Underhill,17,White: Other White,-8,Does not apply,246
E05013647,Underhill,17,White: Other White,1,L1 and L2: Large employers and higher managerial and administrative occupations,64
E05013647,Underhill,17,White: Other White,2,L3: Higher professional occupations,170
E05013647,Underhill,17,White: Other White,3,"L4, L5 and L6: Lower managerial, administrative and professional occupations",243
E05013647,Underhill,17,White: Other White,4,L7: Intermediate occupations,112
E05013647,Underhill,17,White: Other White,5,L8 and L9: Small employers and own account workers,229
E05013647,Underhill,17,White: Other White,6,L10 and L11: Lower supervisory and technical occupations,46
E05013647,Underhill,17,White: Other White,7,L12: Semi-routine occupations,101
E05013647,Underhill,17,White: Other White,8,L13: Routine occupations,91
E05013647,Underhill,17,White: Other White,9,L14.1: Never worked,58
E05013647,Underhill,17,White: Other White,10,L14.2: Long-term unemployed,20
E05013647,Underhill,17,White: Other White,11,L15: Full-time students,111
E05013647,Underhill,18,Other ethnic group: Arab,-8,Does not apply,30
E05013647,Underhill,18,Other ethnic group: Arab,1,L1 and L2: Large employers and higher managerial and administrative occupations,3
E05013647,Underhill,18,Other ethnic group: Arab,2,L3: Higher professional occupations,10
E05013647,Underhill,18,Other ethnic group: Arab,3,"L4, L5 and L6: Lower managerial, administrative and professional occupations",9
E05013647,Underhill,18,Other ethnic group: Arab,4,L7: Intermediate occupations,9
E05013647,Underhill,18,Other ethnic group: Arab,5,L8 and L9: Small employers and own account workers,8
E05013647,Underhill,18,Other ethnic group: Arab,6,L10 and L11: Lower supervisory and technical occupations,3
E05013647,Underhill,18,Other ethnic group: Arab,7,L12: Semi-routine occupations,2
E05013647,Underhill,18,Other ethnic group: Arab,8,L13: Routine occupations,2
E05013647,Underhill,18,Other ethnic group: Arab,9,L14.1: Never worked,20
E05013647,Underhill,18,Other ethnic group: Arab,10,L14.2: Long-term unemployed,4
E05013647,Underhill,18,Other ethnic group: Arab,11,L15: Full-time students,20
E05013647,Underhill,19,Other ethnic group: Any other ethnic group,-8,Does not apply,110
E05013647,Underhill,19,Other ethnic group: Any other ethnic group,1,L1 and L2: Large employers and higher managerial and administrative occupations,31
E05013647,Underhill,19,Other ethnic group: Any other ethnic group,2,L3: Higher professional occupations,51
E05013647,Underhill,19,Other ethnic group: Any other ethnic group,3,"L4, L5 and L6: Lower managerial, administrative and professional occupations",86
E05013647,Underhill,19,Other ethnic group: Any other ethnic group,4,L7: Intermediate occupations,34
E05013647,Underhill,19,Other ethnic group: Any other ethnic group,5,L8 and L9: Small employers and own account workers,62
E05013647,Underhill,19,Other ethnic group: Any other ethnic group,6,L10 and L11: Lower supervisory and technical occupations,18
E05013647,Underhill,19,Other ethnic group: Any other ethnic group,7,L12: Semi-routine occupations,37
E05013647,Underhill,19,Other ethnic group: Any other ethnic group,8,L13: Routine occupations,46
E05013647,Underhill,19,Other ethnic group: Any other ethnic group,9,L14.1: Never worked,64
E05013647,Underhill,19,Other ethnic group: Any other ethnic group,10,L14.2: Long-term unemployed,7
E05013647,Underhill,19,Other ethnic group: Any other ethnic group,11,L15: Full-time students,53
E05013648,West Finchley,-8,Does not apply,-8,Does not apply,0
E05013648,West Finchley,-8,Does not apply,1,L1 and L2: Large employers and higher managerial and administrative occupations,0
E05013648,West Finchley,-8,Does not apply,2,L3: Higher professional occupations,0
E05013648,West Finchley,-8,Does not apply,3,"L4, L5 and L6: Lower managerial, administrative and professional occupations",0
E05013648,West Finchley,-8,Does not apply,4,L7: Intermediate occupations,0
E05013648,West Finchley,-8,Does not apply,5,L8 and L9: Small employers and own account workers,0
E05013648,West Finchley,-8,Does not apply,6,L10 and L11: Lower supervisory and technical occupations,0
E05013648,West Finchley,-8,Does not apply,7,L12: Semi-routine occupations,0
E05013648,West Finchley,-8,Does not apply,8,L13: Routine occupations,0
E05013648,West Finchley,-8,Does not apply,9,L14.1: Never worked,0
E05013648,West Finchley,-8,Does not apply,10,L14.2: Long-term unemployed,0
E05013648,West Finchley,-8,Does not apply,11,L15: Full-time students,0
E05013648,West Finchley,1,"Asian, Asian British or Asian Welsh: Bangladeshi",-8,Does not apply,27
E05013648,West Finchley,1,"Asian, Asian British or Asian Welsh: Bangladeshi",1,L1 and L2: Large employers and higher managerial and administrative occupations,4
E05013648,West Finchley,1,"Asian, Asian British or Asian Welsh: Bangladeshi",2,L3: Higher professional occupations,14
E05013648,West Finchley,1,"Asian, Asian British or Asian Welsh: Bangladeshi",3,"L4, L5 and L6: Lower managerial, administrative and professional occupations",14
E05013648,West Finchley,1,"Asian, Asian British or Asian Welsh: Bangladeshi",4,L7: Intermediate occupations,14
E05013648,West Finchley,1,"Asian, Asian British or Asian Welsh: Bangladeshi",5,L8 and L9: Small employers and own account workers,9
E05013648,West Finchley,1,"Asian, Asian British or Asian Welsh: Bangladeshi",6,L10 and L11: Lower supervisory and technical occupations,3
E05013648,West Finchley,1,"Asian, Asian British or Asian Welsh: Bangladeshi",7,L12: Semi-routine occupations,9
E05013648,West Finchley,1,"Asian, Asian British or Asian Welsh: Bangladeshi",8,L13: Routine occupations,3
E05013648,West Finchley,1,"Asian, Asian British or Asian Welsh: Bangladeshi",9,L14.1: Never worked,20
E05013648,West Finchley,1,"Asian, Asian British or Asian Welsh: Bangladeshi",10,L14.2: Long-term unemployed,2
E05013648,West Finchley,1,"Asian, Asian British or Asian Welsh: Bangladeshi",11,L15: Full-time students,8
E05013648,West Finchley,2,"Asian, Asian British or Asian Welsh: Chinese",-8,Does not apply,79
E05013648,West Finchley,2,"Asian, Asian British or Asian Welsh: Chinese",1,L1 and L2: Large employers and higher managerial and administrative occupations,44
E05013648,West Finchley,2,"Asian, Asian British or Asian Welsh: Chinese",2,L3: Higher professional occupations,120
E05013648,West Finchley,2,"Asian, Asian British or Asian Welsh: Chinese",3,"L4, L5 and L6: Lower managerial, administrative and professional occupations",103
E05013648,West Finchley,2,"Asian, Asian British or Asian Welsh: Chinese",4,L7: Intermediate occupations,32
E05013648,West Finchley,2,"Asian, Asian British or Asian Welsh: Chinese",5,L8 and L9: Small employers and own account workers,39
E05013648,West Finchley,2,"Asian, Asian British or Asian Welsh: Chinese",6,L10 and L11: Lower supervisory and technical occupations,9
E05013648,West Finchley,2,"Asian, Asian British or Asian Welsh: Chinese",7,L12: Semi-routine occupations,16
E05013648,West Finchley,2,"Asian, Asian British or Asian Welsh: Chinese",8,L13: Routine occupations,17
E05013648,West Finchley,2,"Asian, Asian British or Asian Welsh: Chinese",9,L14.1: Never worked,28
E05013648,West Finchley,2,"Asian, Asian British or Asian Welsh: Chinese",10,L14.2: Long-term unemployed,6
E05013648,West Finchley,2,"Asian, Asian British or Asian Welsh: Chinese",11,L15: Full-time students,22
E05013648,West Finchley,3,"Asian, Asian British or Asian Welsh: Indian",-8,Does not apply,312
E05013648,West Finchley,3,"Asian, Asian British or Asian Welsh: Indian",1,L1 and L2: Large employers and higher managerial and administrative occupations,111
E05013648,West Finchley,3,"Asian, Asian British or Asian Welsh: Indian",2,L3: Higher professional occupations,378
E05013648,West Finchley,3,"Asian, Asian British or Asian Welsh: Indian",3,"L4, L5 and L6: Lower managerial, administrative and professional occupations",408
E05013648,West Finchley,3,"Asian, Asian British or Asian Welsh: Indian",4,L7: Intermediate occupations,235
E05013648,West Finchley,3,"Asian, Asian British or Asian Welsh: Indian",5,L8 and L9: Small employers and own account workers,206
E05013648,West Finchley,3,"Asian, Asian British or Asian Welsh: Indian",6,L10 and L11: Lower supervisory and technical occupations,43
E05013648,West Finchley,3,"Asian, Asian British or Asian Welsh: Indian",7,L12: Semi-routine occupations,237
E05013648,West Finchley,3,"Asian, Asian British or Asian Welsh: Indian",8,L13: Routine occupations,149
E05013648,West Finchley,3,"Asian, Asian British or Asian Welsh: Indian",9,L14.1: Never worked,226
E05013648,West Finchley,3,"Asian, Asian British or Asian Welsh: Indian",10,L14.2: Long-term unemployed,30
E05013648,West Finchley,3,"Asian, Asian British or Asian Welsh: Indian",11,L15: Full-time students,74
E05013648,West Finchley,4,"Asian, Asian British or Asian Welsh: Pakistani",-8,Does not apply,66
E05013648,West Finchley,4,"Asian, Asian British or Asian Welsh: Pakistani",1,L1 and L2: Large employers and higher managerial and administrative occupations,13
E05013648,West Finchley,4,"Asian, Asian British or Asian Welsh: Pakistani",2,L3: Higher professional occupations,44
E05013648,West Finchley,4,"Asian, Asian British or Asian Welsh: Pakistani",3,"L4, L5 and L6: Lower managerial, administrative and professional occupations",49
E05013648,West Finchley,4,"Asian, Asian British or Asian Welsh: Pakistani",4,L7: Intermediate occupations,15
E05013648,West Finchley,4,"Asian, Asian British or Asian Welsh: Pakistani",5,L8 and L9: Small employers and own account workers,26
E05013648,West Finchley,4,"Asian, Asian British or Asian Welsh: Pakistani",6,L10 and L11: Lower supervisory and technical occupations,2
E05013648,West Finchley,4,"Asian, Asian British or Asian Welsh: Pakistani",7,L12: Semi-routine occupations,15
E05013648,West Finchley,4,"Asian, Asian British or Asian Welsh: Pakistani",8,L13: Routine occupations,6
E05013648,West Finchley,4,"Asian, Asian British or Asian Welsh: Pakistani",9,L14.1: Never worked,26
E05013648,West Finchley,4,"Asian, Asian British or Asian Welsh: Pakistani",10,L14.2: Long-term unemployed,4
E05013648,West Finchley,4,"Asian, Asian British or Asian Welsh: Pakistani",11,L15: Full-time students,20
E05013648,West Finchley,5,"Asian, Asian British or Asian Welsh: Other Asian",-8,Does not apply,337
E05013648,West Finchley,5,"Asian, Asian British or Asian Welsh: Other Asian",1,L1 and L2: Large employers and higher managerial and administrative occupations,69
E05013648,West Finchley,5,"Asian, Asian British or Asian Welsh: Other Asian",2,L3: Higher professional occupations,120
E05013648,West Finchley,5,"Asian, Asian British or Asian Welsh: Other Asian",3,"L4, L5 and L6: Lower managerial, administrative and professional occupations",182
E05013648,West Finchley,5,"Asian, Asian British or Asian Welsh: Other Asian",4,L7: Intermediate occupations,85
E05013648,West Finchley,5,"Asian, Asian British or Asian Welsh: Other Asian",5,L8 and L9: Small employers and own account workers,126
E05013648,West Finchley,5,"Asian, Asian British or Asian Welsh: Other Asian",6,L10 and L11: Lower supervisory and technical occupations,41
E05013648,West Finchley,5,"Asian, Asian British or Asian Welsh: Other Asian",7,L12: Semi-routine occupations,70
E05013648,West Finchley,5,"Asian, Asian British or Asian Welsh: Other Asian",8,L13: Routine occupations,59
E05013648,West Finchley,5,"Asian, Asian British or Asian Welsh: Other Asian",9,L14.1: Never worked,242
E05013648,West Finchley,5,"Asian, Asian British or Asian Welsh: Other Asian",10,L14.2: Long-term unemployed,19
E05013648,West Finchley,5,"Asian, Asian British or Asian Welsh: Other Asian",11,L15: Full-time students,112
E05013648,West Finchley,6,"Black, Black British, Black Welsh, Caribbean or African: African",-8,Does not apply,113
E05013648,West Finchley,6,"Black, Black British, Black Welsh, Caribbean or African: African",1,L1 and L2: Large employers and higher managerial and administrative occupations,26
E05013648,West Finchley,6,"Black, Black British, Black Welsh, Caribbean or African: African",2,L3: Higher professional occupations,63
E05013648,West Finchley,6,"Black, Black British, Black Welsh, Caribbean or African: African",3,"L4, L5 and L6: Lower managerial, administrative and professional occupations",80
E05013648,West Finchley,6,"Black, Black British, Black Welsh, Caribbean or African: African",4,L7: Intermediate occupations,42
E05013648,West Finchley,6,"Black, Black British, Black Welsh, Caribbean or African: African",5,L8 and L9: Small employers and own account workers,42
E05013648,West Finchley,6,"Black, Black British, Black Welsh, Caribbean or African: African",6,L10 and L11: Lower supervisory and technical occupations,8
E05013648,West Finchley,6,"Black, Black British, Black Welsh, Caribbean or African: African",7,L12: Semi-routine occupations,53
E05013648,West Finchley,6,"Black, Black British, Black Welsh, Caribbean or African: African",8,L13: Routine occupations,26
E05013648,West Finchley,6,"Black, Black British, Black Welsh, Caribbean or African: African",9,L14.1: Never worked,54
E05013648,West Finchley,6,"Black, Black British, Black Welsh, Caribbean or African: African",10,L14.2: Long-term unemployed,11
E05013648,West Finchley,6,"Black, Black British, Black Welsh, Caribbean or African: African",11,L15: Full-time students,60
E05013648,West Finchley,7,"Black, Black British, Black Welsh, Caribbean or African: Caribbean",-8,Does not apply,23
E05013648,West Finchley,7,"Black, Black British, Black Welsh, Caribbean or African: Caribbean",1,L1 and L2: Large employers and higher managerial and administrative occupations,4
E05013648,West Finchley,7,"Black, Black British, Black Welsh, Caribbean or African: Caribbean",2,L3: Higher professional occupations,13
E05013648,West Finchley,7,"Black, Black British, Black Welsh, Caribbean or African: Caribbean",3,"L4, L5 and L6: Lower managerial, administrative and professional occupations",45
E05013648,West Finchley,7,"Black, Black British, Black Welsh, Caribbean or African: Caribbean",4,L7: Intermediate occupations,17
E05013648,West Finchley,7,"Black, Black British, Black Welsh, Caribbean or African: Caribbean",5,L8 and L9: Small employers and own account workers,21
E05013648,West Finchley,7,"Black, Black British, Black Welsh, Caribbean or African: Caribbean",6,L10 and L11: Lower supervisory and technical occupations,14
E05013648,West Finchley,7,"Black, Black British, Black Welsh, Caribbean or African: Caribbean",7,L12: Semi-routine occupations,19
E05013648,West Finchley,7,"Black, Black British, Black Welsh, Caribbean or African: Caribbean",8,L13: Routine occupations,20
E05013648,West Finchley,7,"Black, Black British, Black Welsh, Caribbean or African: Caribbean",9,L14.1: Never worked,9
E05013648,West Finchley,7,"Black, Black British, Black Welsh, Caribbean or African: Caribbean",10,L14.2: Long-term unemployed,16
E05013648,West Finchley,7,"Black, Black British, Black Welsh, Caribbean or African: Caribbean",11,L15: Full-time students,11
E05013648,West Finchley,8,"Black, Black British, Black Welsh, Caribbean or African: Other Black",-8,Does not apply,31
E05013648,West Finchley,8,"Black, Black British, Black Welsh, Caribbean or African: Other Black",1,L1 and L2: Large employers and higher managerial and administrative occupations,1
E05013648,West Finchley,8,"Black, Black British, Black Welsh, Caribbean or African: Other Black",2,L3: Higher professional occupations,10
E05013648,West Finchley,8,"Black, Black British, Black Welsh, Caribbean or African: Other Black",3,"L4, L5 and L6: Lower managerial, administrative and professional occupations",18
E05013648,West Finchley,8,"Black, Black British, Black Welsh, Caribbean or African: Other Black",4,L7: Intermediate occupations,3
E05013648,West Finchley,8,"Black, Black British, Black Welsh, Caribbean or African: Other Black",5,L8 and L9: Small employers and own account workers,4
E05013648,West Finchley,8,"Black, Black British, Black Welsh, Caribbean or African: Other Black",6,L10 and L11: Lower supervisory and technical occupations,0
E05013648,West Finchley,8,"Black, Black British, Black Welsh, Caribbean or African: Other Black",7,L12: Semi-routine occupations,4
E05013648,West Finchley,8,"Black, Black British, Black Welsh, Caribbean or African: Other Black",8,L13: Routine occupations,3
E05013648,West Finchley,8,"Black, Black British, Black Welsh, Caribbean or African: Other Black",9,L14.1: Never worked,6
E05013648,West Finchley,8,"Black, Black British, Black Welsh, Caribbean or African: Other Black",10,L14.2: Long-term unemployed,3
E05013648,West Finchley,8,"Black, Black British, Black Welsh, Caribbean or African: Other Black",11,L15: Full-time students,16
E05013648,West Finchley,9,Mixed or Multiple ethnic groups: White and Asian,-8,Does not apply,265
E05013648,West Finchley,9,Mixed or Multiple ethnic groups: White and Asian,1,L1 and L2: Large employers and higher managerial and administrative occupations,15
E05013648,West Finchley,9,Mixed or Multiple ethnic groups: White and Asian,2,L3: Higher professional occupations,29
E05013648,West Finchley,9,Mixed or Multiple ethnic groups: White and Asian,3,"L4, L5 and L6: Lower managerial, administrative and professional occupations",54
E05013648,West Finchley,9,Mixed or Multiple ethnic groups: White and Asian,4,L7: Intermediate occupations,15
E05013648,West Finchley,9,Mixed or Multiple ethnic groups: White and Asian,5,L8 and L9: Small employers and own account workers,15
E05013648,West Finchley,9,Mixed or Multiple ethnic groups: White and Asian,6,L10 and L11: Lower supervisory and technical occupations,5
E05013648,West Finchley,9,Mixed or Multiple ethnic groups: White and Asian,7,L12: Semi-routine occupations,5
E05013648,West Finchley,9,Mixed or Multiple ethnic groups: White and Asian,8,L13: Routine occupations,11
E05013648,West Finchley,9,Mixed or Multiple ethnic groups: White and Asian,9,L14.1: Never worked,10
E05013648,West Finchley,9,Mixed or Multiple ethnic groups: White and Asian,10,L14.2: Long-term unemployed,4
E05013648,West Finchley,9,Mixed or Multiple ethnic groups: White and Asian,11,L15: Full-time students,42
E05013648,West Finchley,10,Mixed or Multiple ethnic groups: White and Black African,-8,Does not apply,59
E05013648,West Finchley,10,Mixed or Multiple ethnic groups: White and Black African,1,L1 and L2: Large employers and higher managerial and administrative occupations,4
E05013648,West Finchley,10,Mixed or Multiple ethnic groups: White and Black African,2,L3: Higher professional occupations,7
E05013648,West Finchley,10,Mixed or Multiple ethnic groups: White and Black African,3,"L4, L5 and L6: Lower managerial, administrative and professional occupations",19
E05013648,West Finchley,10,Mixed or Multiple ethnic groups: White and Black African,4,L7: Intermediate occupations,5
E05013648,West Finchley,10,Mixed or Multiple ethnic groups: White and Black African,5,L8 and L9: Small employers and own account workers,5
E05013648,West Finchley,10,Mixed or Multiple ethnic groups: White and Black African,6,L10 and L11: Lower supervisory and technical occupations,7
E05013648,West Finchley,10,Mixed or Multiple ethnic groups: White and Black African,7,L12: Semi-routine occupations,7
E05013648,West Finchley,10,Mixed or Multiple ethnic groups: White and Black African,8,L13: Routine occupations,7
E05013648,West Finchley,10,Mixed or Multiple ethnic groups: White and Black African,9,L14.1: Never worked,5
E05013648,West Finchley,10,Mixed or Multiple ethnic groups: White and Black African,10,L14.2: Long-term unemployed,5
E05013648,West Finchley,10,Mixed or Multiple ethnic groups: White and Black African,11,L15: Full-time students,6
E05013648,West Finchley,11,Mixed or Multiple ethnic groups: White and Black Caribbean,-8,Does not apply,47
E05013648,West Finchley,11,Mixed or Multiple ethnic groups: White and Black Caribbean,1,L1 and L2: Large employers and higher managerial and administrative occupations,5
E05013648,West Finchley,11,Mixed or Multiple ethnic groups: White and Black Caribbean,2,L3: Higher professional occupations,13
E05013648,West Finchley,11,Mixed or Multiple ethnic groups: White and Black Caribbean,3,"L4, L5 and L6: Lower managerial, administrative and professional occupations",12
E05013648,West Finchley,11,Mixed or Multiple ethnic groups: White and Black Caribbean,4,L7: Intermediate occupations,6
E05013648,West Finchley,11,Mixed or Multiple ethnic groups: White and Black Caribbean,5,L8 and L9: Small employers and own account workers,6
E05013648,West Finchley,11,Mixed or Multiple ethnic groups: White and Black Caribbean,6,L10 and L11: Lower supervisory and technical occupations,5
E05013648,West Finchley,11,Mixed or Multiple ethnic groups: White and Black Caribbean,7,L12: Semi-routine occupations,7
E05013648,West Finchley,11,Mixed or Multiple ethnic groups: White and Black Caribbean,8,L13: Routine occupations,6
E05013648,West Finchley,11,Mixed or Multiple ethnic groups: White and Black Caribbean,9,L14.1: Never worked,5
E05013648,West Finchley,11,Mixed or Multiple ethnic groups: White and Black Caribbean,10,L14.2: Long-term unemployed,0
E05013648,West Finchley,11,Mixed or Multiple ethnic groups: White and Black Caribbean,11,L15: Full-time students,6
E05013648,West Finchley,12,Mixed or Multiple ethnic groups: Other Mixed or Multiple ethnic groups,-8,Does not apply,139
E05013648,West Finchley,12,Mixed or Multiple ethnic groups: Other Mixed or Multiple ethnic groups,1,L1 and L2: Large employers and higher managerial and administrative occupations,15
E05013648,West Finchley,12,Mixed or Multiple ethnic groups: Other Mixed or Multiple ethnic groups,2,L3: Higher professional occupations,37
E05013648,West Finchley,12,Mixed or Multiple ethnic groups: Other Mixed or Multiple ethnic groups,3,"L4, L5 and L6: Lower managerial, administrative and professional occupations",42
E05013648,West Finchley,12,Mixed or Multiple ethnic groups: Other Mixed or Multiple ethnic groups,4,L7: Intermediate occupations,30
E05013648,West Finchley,12,Mixed or Multiple ethnic groups: Other Mixed or Multiple ethnic groups,5,L8 and L9: Small employers and own account workers,23
E05013648,West Finchley,12,Mixed or Multiple ethnic groups: Other Mixed or Multiple ethnic groups,6,L10 and L11: Lower supervisory and technical occupations,3
E05013648,West Finchley,12,Mixed or Multiple ethnic groups: Other Mixed or Multiple ethnic groups,7,L12: Semi-routine occupations,19
E05013648,West Finchley,12,Mixed or Multiple ethnic groups: Other Mixed or Multiple ethnic groups,8,L13: Routine occupations,8
E05013648,West Finchley,12,Mixed or Multiple ethnic groups: Other Mixed or Multiple ethnic groups,9,L14.1: Never worked,11
E05013648,West Finchley,12,Mixed or Multiple ethnic groups: Other Mixed or Multiple ethnic groups,10,L14.2: Long-term unemployed,4
E05013648,West Finchley,12,Mixed or Multiple ethnic groups: Other Mixed or Multiple ethnic groups,11,L15: Full-time students,22
E05013648,West Finchley,13,"White: English, Welsh, Scottish, Northern Irish or British",-8,Does not apply,1228
E05013648,West Finchley,13,"White: English, Welsh, Scottish, Northern Irish or British",1,L1 and L2: Large employers and higher managerial and administrative occupations,341
E05013648,West Finchley,13,"White: English, Welsh, Scottish, Northern Irish or British",2,L3: Higher professional occupations,865
E05013648,West Finchley,13,"White: English, Welsh, Scottish, Northern Irish or British",3,"L4, L5 and L6: Lower managerial, administrative and professional occupations",1432
E05013648,West Finchley,13,"White: English, Welsh, Scottish, Northern Irish or British",4,L7: Intermediate occupations,502
E05013648,West Finchley,13,"White: English, Welsh, Scottish, Northern Irish or British",5,L8 and L9: Small employers and own account workers,577
E05013648,West Finchley,13,"White: English, Welsh, Scottish, Northern Irish or British",6,L10 and L11: Lower supervisory and technical occupations,126
E05013648,West Finchley,13,"White: English, Welsh, Scottish, Northern Irish or British",7,L12: Semi-routine occupations,235
E05013648,West Finchley,13,"White: English, Welsh, Scottish, Northern Irish or British",8,L13: Routine occupations,221
E05013648,West Finchley,13,"White: English, Welsh, Scottish, Northern Irish or British",9,L14.1: Never worked,249
E05013648,West Finchley,13,"White: English, Welsh, Scottish, Northern Irish or British",10,L14.2: Long-term unemployed,68
E05013648,West Finchley,13,"White: English, Welsh, Scottish, Northern Irish or British",11,L15: Full-time students,315
E05013648,West Finchley,14,White: Irish,-8,Does not apply,40
E05013648,West Finchley,14,White: Irish,1,L1 and L2: Large employers and higher managerial and administrative occupations,27
E05013648,West Finchley,14,White: Irish,2,L3: Higher professional occupations,62
E05013648,West Finchley,14,White: Irish,3,"L4, L5 and L6: Lower managerial, administrative and professional occupations",99
E05013648,West Finchley,14,White: Irish,4,L7: Intermediate occupations,49
E05013648,West Finchley,14,White: Irish,5,L8 and L9: Small employers and own account workers,59
E05013648,West Finchley,14,White: Irish,6,L10 and L11: Lower supervisory and technical occupations,12
E05013648,West Finchley,14,White: Irish,7,L12: Semi-routine occupations,21
E05013648,West Finchley,14,White: Irish,8,L13: Routine occupations,21
E05013648,West Finchley,14,White: Irish,9,L14.1: Never worked,16
E05013648,West Finchley,14,White: Irish,10,L14.2: Long-term unemployed,4
E05013648,West Finchley,14,White: Irish,11,L15: Full-time students,13
E05013648,West Finchley,15,White: Gypsy or Irish Traveller,-8,Does not apply,5
E05013648,West Finchley,15,White: Gypsy or Irish Traveller,1,L1 and L2: Large employers and higher managerial and administrative occupations,0
E05013648,West Finchley,15,White: Gypsy or Irish Traveller,2,L3: Higher professional occupations,0
E05013648,West Finchley,15,White: Gypsy or Irish Traveller,3,"L4, L5 and L6: Lower managerial, administrative and professional occupations",0
E05013648,West Finchley,15,White: Gypsy or Irish Traveller,4,L7: Intermediate occupations,0
E05013648,West Finchley,15,White: Gypsy or Irish Traveller,5,L8 and L9: Small employers and own account workers,2
E05013648,West Finchley,15,White: Gypsy or Irish Traveller,6,L10 and L11: Lower supervisory and technical occupations,0
E05013648,West Finchley,15,White: Gypsy or Irish Traveller,7,L12: Semi-routine occupations,0
E05013648,West Finchley,15,White: Gypsy or Irish Traveller,8,L13: Routine occupations,1
E05013648,West Finchley,15,White: Gypsy or Irish Traveller,9,L14.1: Never worked,1
E05013648,West Finchley,15,White: Gypsy or Irish Traveller,10,L14.2: Long-term unemployed,0
E05013648,West Finchley,15,White: Gypsy or Irish Traveller,11,L15: Full-time students,1
E05013648,West Finchley,16,White: Roma,-8,Does not apply,11
E05013648,West Finchley,16,White: Roma,1,L1 and L2: Large employers and higher managerial and administrative occupations,1
E05013648,West Finchley,16,White: Roma,2,L3: Higher professional occupations,0
E05013648,West Finchley,16,White: Roma,3,"L4, L5 and L6: Lower managerial, administrative and professional occupations",9
E05013648,West Finchley,16,White: Roma,4,L7: Intermediate occupations,0
E05013648,West Finchley,16,White: Roma,5,L8 and L9: Small employers and own account workers,16
E05013648,West Finchley,16,White: Roma,6,L10 and L11: Lower supervisory and technical occupations,3
E05013648,West Finchley,16,White: Roma,7,L12: Semi-routine occupations,2
E05013648,West Finchley,16,White: Roma,8,L13: Routine occupations,11
E05013648,West Finchley,16,White: Roma,9,L14.1: Never worked,0
E05013648,West Finchley,16,White: Roma,10,L14.2: Long-term unemployed,3
E05013648,West Finchley,16,White: Roma,11,L15: Full-time students,5
E05013648,West Finchley,17,White: Other White,-8,Does not apply,709
E05013648,West Finchley,17,White: Other White,1,L1 and L2: Large employers and higher managerial and administrative occupations,167
E05013648,West Finchley,17,White: Other White,2,L3: Higher professional occupations,500
E05013648,West Finchley,17,White: Other White,3,"L4, L5 and L6: Lower managerial, administrative and professional occupations",751
E05013648,West Finchley,17,White: Other White,4,L7: Intermediate occupations,243
E05013648,West Finchley,17,White: Other White,5,L8 and L9: Small employers and own account workers,690
E05013648,West Finchley,17,White: Other White,6,L10 and L11: Lower supervisory and technical occupations,150
E05013648,West Finchley,17,White: Other White,7,L12: Semi-routine occupations,221
E05013648,West Finchley,17,White: Other White,8,L13: Routine occupations,299
E05013648,West Finchley,17,White: Other White,9,L14.1: Never worked,150
E05013648,West Finchley,17,White: Other White,10,L14.2: Long-term unemployed,40
E05013648,West Finchley,17,White: Other White,11,L15: Full-time students,254
E05013648,West Finchley,18,Other ethnic group: Arab,-8,Does not apply,49
E05013648,West Finchley,18,Other ethnic group: Arab,1,L1 and L2: Large employers and higher managerial and administrative occupations,5
E05013648,West Finchley,18,Other ethnic group: Arab,2,L3: Higher professional occupations,23
E05013648,West Finchley,18,Other ethnic group: Arab,3,"L4, L5 and L6: Lower managerial, administrative and professional occupations",22
E05013648,West Finchley,18,Other ethnic group: Arab,4,L7: Intermediate occupations,5
E05013648,West Finchley,18,Other ethnic group: Arab,5,L8 and L9: Small employers and own account workers,16
E05013648,West Finchley,18,Other ethnic group: Arab,6,L10 and L11: Lower supervisory and technical occupations,6
E05013648,West Finchley,18,Other ethnic group: Arab,7,L12: Semi-routine occupations,14
E05013648,West Finchley,18,Other ethnic group: Arab,8,L13: Routine occupations,11
E05013648,West Finchley,18,Other ethnic group: Arab,9,L14.1: Never worked,30
E05013648,West Finchley,18,Other ethnic group: Arab,10,L14.2: Long-term unemployed,4
E05013648,West Finchley,18,Other ethnic group: Arab,11,L15: Full-time students,15
E05013648,West Finchley,19,Other ethnic group: Any other ethnic group,-8,Does not apply,294
E05013648,West Finchley,19,Other ethnic group: Any other ethnic group,1,L1 and L2: Large employers and higher managerial and administrative occupations,53
E05013648,West Finchley,19,Other ethnic group: Any other ethnic group,2,L3: Higher professional occupations,207
E05013648,West Finchley,19,Other ethnic group: Any other ethnic group,3,"L4, L5 and L6: Lower managerial, administrative and professional occupations",226
E05013648,West Finchley,19,Other ethnic group: Any other ethnic group,4,L7: Intermediate occupations,80
E05013648,West Finchley,19,Other ethnic group: Any other ethnic group,5,L8 and L9: Small employers and own account workers,204
E05013648,West Finchley,19,Other ethnic group: Any other ethnic group,6,L10 and L11: Lower supervisory and technical occupations,41
E05013648,West Finchley,19,Other ethnic group: Any other ethnic group,7,L12: Semi-routine occupations,92
E05013648,West Finchley,19,Other ethnic group: Any other ethnic group,8,L13: Routine occupations,83
E05013648,West Finchley,19,Other ethnic group: Any other ethnic group,9,L14.1: Never worked,206
E05013648,West Finchley,19,Other ethnic group: Any other ethnic group,10,L14.2: Long-term unemployed,30
E05013648,West Finchley,19,Other ethnic group: Any other ethnic group,11,L15: Full-time students,130
E05013649,West Hendon,-8,Does not apply,-8,Does not apply,0
E05013649,West Hendon,-8,Does not apply,1,L1 and L2: Large employers and higher managerial and administrative occupations,0
E05013649,West Hendon,-8,Does not apply,2,L3: Higher professional occupations,0
E05013649,West Hendon,-8,Does not apply,3,"L4, L5 and L6: Lower managerial, administrative and professional occupations",0
E05013649,West Hendon,-8,Does not apply,4,L7: Intermediate occupations,0
E05013649,West Hendon,-8,Does not apply,5,L8 and L9: Small employers and own account workers,0
E05013649,West Hendon,-8,Does not apply,6,L10 and L11: Lower supervisory and technical occupations,0
E05013649,West Hendon,-8,Does not apply,7,L12: Semi-routine occupations,0
E05013649,West Hendon,-8,Does not apply,8,L13: Routine occupations,0
E05013649,West Hendon,-8,Does not apply,9,L14.1: Never worked,0
E05013649,West Hendon,-8,Does not apply,10,L14.2: Long-term unemployed,0
E05013649,West Hendon,-8,Does not apply,11,L15: Full-time students,0
E05013649,West Hendon,1,"Asian, Asian British or Asian Welsh: Bangladeshi",-8,Does not apply,17
E05013649,West Hendon,1,"Asian, Asian British or Asian Welsh: Bangladeshi",1,L1 and L2: Large employers and higher managerial and administrative occupations,5
E05013649,West Hendon,1,"Asian, Asian British or Asian Welsh: Bangladeshi",2,L3: Higher professional occupations,14
E05013649,West Hendon,1,"Asian, Asian British or Asian Welsh: Bangladeshi",3,"L4, L5 and L6: Lower managerial, administrative and professional occupations",31
E05013649,West Hendon,1,"Asian, Asian British or Asian Welsh: Bangladeshi",4,L7: Intermediate occupations,12
E05013649,West Hendon,1,"Asian, Asian British or Asian Welsh: Bangladeshi",5,L8 and L9: Small employers and own account workers,12
E05013649,West Hendon,1,"Asian, Asian British or Asian Welsh: Bangladeshi",6,L10 and L11: Lower supervisory and technical occupations,1
E05013649,West Hendon,1,"Asian, Asian British or Asian Welsh: Bangladeshi",7,L12: Semi-routine occupations,12
E05013649,West Hendon,1,"Asian, Asian British or Asian Welsh: Bangladeshi",8,L13: Routine occupations,7
E05013649,West Hendon,1,"Asian, Asian British or Asian Welsh: Bangladeshi",9,L14.1: Never worked,15
E05013649,West Hendon,1,"Asian, Asian British or Asian Welsh: Bangladeshi",10,L14.2: Long-term unemployed,0
E05013649,West Hendon,1,"Asian, Asian British or Asian Welsh: Bangladeshi",11,L15: Full-time students,11
E05013649,West Hendon,2,"Asian, Asian British or Asian Welsh: Chinese",-8,Does not apply,68
E05013649,West Hendon,2,"Asian, Asian British or Asian Welsh: Chinese",1,L1 and L2: Large employers and higher managerial and administrative occupations,26
E05013649,West Hendon,2,"Asian, Asian British or Asian Welsh: Chinese",2,L3: Higher professional occupations,78
E05013649,West Hendon,2,"Asian, Asian British or Asian Welsh: Chinese",3,"L4, L5 and L6: Lower managerial, administrative and professional occupations",82
E05013649,West Hendon,2,"Asian, Asian British or Asian Welsh: Chinese",4,L7: Intermediate occupations,38
E05013649,West Hendon,2,"Asian, Asian British or Asian Welsh: Chinese",5,L8 and L9: Small employers and own account workers,46
E05013649,West Hendon,2,"Asian, Asian British or Asian Welsh: Chinese",6,L10 and L11: Lower supervisory and technical occupations,27
E05013649,West Hendon,2,"Asian, Asian British or Asian Welsh: Chinese",7,L12: Semi-routine occupations,35
E05013649,West Hendon,2,"Asian, Asian British or Asian Welsh: Chinese",8,L13: Routine occupations,47
E05013649,West Hendon,2,"Asian, Asian British or Asian Welsh: Chinese",9,L14.1: Never worked,54
E05013649,West Hendon,2,"Asian, Asian British or Asian Welsh: Chinese",10,L14.2: Long-term unemployed,9
E05013649,West Hendon,2,"Asian, Asian British or Asian Welsh: Chinese",11,L15: Full-time students,33
E05013649,West Hendon,3,"Asian, Asian British or Asian Welsh: Indian",-8,Does not apply,237
E05013649,West Hendon,3,"Asian, Asian British or Asian Welsh: Indian",1,L1 and L2: Large employers and higher managerial and administrative occupations,80
E05013649,West Hendon,3,"Asian, Asian British or Asian Welsh: Indian",2,L3: Higher professional occupations,248
E05013649,West Hendon,3,"Asian, Asian British or Asian Welsh: Indian",3,"L4, L5 and L6: Lower managerial, administrative and professional occupations",369
E05013649,West Hendon,3,"Asian, Asian British or Asian Welsh: Indian",4,L7: Intermediate occupations,240
E05013649,West Hendon,3,"Asian, Asian British or Asian Welsh: Indian",5,L8 and L9: Small employers and own account workers,211
E05013649,West Hendon,3,"Asian, Asian British or Asian Welsh: Indian",6,L10 and L11: Lower supervisory and technical occupations,54
E05013649,West Hendon,3,"Asian, Asian British or Asian Welsh: Indian",7,L12: Semi-routine occupations,198
E05013649,West Hendon,3,"Asian, Asian British or Asian Welsh: Indian",8,L13: Routine occupations,197
E05013649,West Hendon,3,"Asian, Asian British or Asian Welsh: Indian",9,L14.1: Never worked,235
E05013649,West Hendon,3,"Asian, Asian British or Asian Welsh: Indian",10,L14.2: Long-term unemployed,42
E05013649,West Hendon,3,"Asian, Asian British or Asian Welsh: Indian",11,L15: Full-time students,142
E05013649,West Hendon,4,"Asian, Asian British or Asian Welsh: Pakistani",-8,Does not apply,113
E05013649,West Hendon,4,"Asian, Asian British or Asian Welsh: Pakistani",1,L1 and L2: Large employers and higher managerial and administrative occupations,21
E05013649,West Hendon,4,"Asian, Asian British or Asian Welsh: Pakistani",2,L3: Higher professional occupations,47
E05013649,West Hendon,4,"Asian, Asian British or Asian Welsh: Pakistani",3,"L4, L5 and L6: Lower managerial, administrative and professional occupations",78
E05013649,West Hendon,4,"Asian, Asian British or Asian Welsh: Pakistani",4,L7: Intermediate occupations,27
E05013649,West Hendon,4,"Asian, Asian British or Asian Welsh: Pakistani",5,L8 and L9: Small employers and own account workers,49
E05013649,West Hendon,4,"Asian, Asian British or Asian Welsh: Pakistani",6,L10 and L11: Lower supervisory and technical occupations,7
E05013649,West Hendon,4,"Asian, Asian British or Asian Welsh: Pakistani",7,L12: Semi-routine occupations,34
E05013649,West Hendon,4,"Asian, Asian British or Asian Welsh: Pakistani",8,L13: Routine occupations,21
E05013649,West Hendon,4,"Asian, Asian British or Asian Welsh: Pakistani",9,L14.1: Never worked,62
E05013649,West Hendon,4,"Asian, Asian British or Asian Welsh: Pakistani",10,L14.2: Long-term unemployed,8
E05013649,West Hendon,4,"Asian, Asian British or Asian Welsh: Pakistani",11,L15: Full-time students,41
E05013649,West Hendon,5,"Asian, Asian British or Asian Welsh: Other Asian",-8,Does not apply,343
E05013649,West Hendon,5,"Asian, Asian British or Asian Welsh: Other Asian",1,L1 and L2: Large employers and higher managerial and administrative occupations,34
E05013649,West Hendon,5,"Asian, Asian British or Asian Welsh: Other Asian",2,L3: Higher professional occupations,87
E05013649,West Hendon,5,"Asian, Asian British or Asian Welsh: Other Asian",3,"L4, L5 and L6: Lower managerial, administrative and professional occupations",194
E05013649,West Hendon,5,"Asian, Asian British or Asian Welsh: Other Asian",4,L7: Intermediate occupations,99
E05013649,West Hendon,5,"Asian, Asian British or Asian Welsh: Other Asian",5,L8 and L9: Small employers and own account workers,137
E05013649,West Hendon,5,"Asian, Asian British or Asian Welsh: Other Asian",6,L10 and L11: Lower supervisory and technical occupations,58
E05013649,West Hendon,5,"Asian, Asian British or Asian Welsh: Other Asian",7,L12: Semi-routine occupations,142
E05013649,West Hendon,5,"Asian, Asian British or Asian Welsh: Other Asian",8,L13: Routine occupations,108
E05013649,West Hendon,5,"Asian, Asian British or Asian Welsh: Other Asian",9,L14.1: Never worked,142
E05013649,West Hendon,5,"Asian, Asian British or Asian Welsh: Other Asian",10,L14.2: Long-term unemployed,17
E05013649,West Hendon,5,"Asian, Asian British or Asian Welsh: Other Asian",11,L15: Full-time students,106
E05013649,West Hendon,6,"Black, Black British, Black Welsh, Caribbean or African: African",-8,Does not apply,211
E05013649,West Hendon,6,"Black, Black British, Black Welsh, Caribbean or African: African",1,L1 and L2: Large employers and higher managerial and administrative occupations,45
E05013649,West Hendon,6,"Black, Black British, Black Welsh, Caribbean or African: African",2,L3: Higher professional occupations,104
E05013649,West Hendon,6,"Black, Black British, Black Welsh, Caribbean or African: African",3,"L4, L5 and L6: Lower managerial, administrative and professional occupations",152
E05013649,West Hendon,6,"Black, Black British, Black Welsh, Caribbean or African: African",4,L7: Intermediate occupations,70
E05013649,West Hendon,6,"Black, Black British, Black Welsh, Caribbean or African: African",5,L8 and L9: Small employers and own account workers,75
E05013649,West Hendon,6,"Black, Black British, Black Welsh, Caribbean or African: African",6,L10 and L11: Lower supervisory and technical occupations,24
E05013649,West Hendon,6,"Black, Black British, Black Welsh, Caribbean or African: African",7,L12: Semi-routine occupations,102
E05013649,West Hendon,6,"Black, Black British, Black Welsh, Caribbean or African: African",8,L13: Routine occupations,73
E05013649,West Hendon,6,"Black, Black British, Black Welsh, Caribbean or African: African",9,L14.1: Never worked,101
E05013649,West Hendon,6,"Black, Black British, Black Welsh, Caribbean or African: African",10,L14.2: Long-term unemployed,25
E05013649,West Hendon,6,"Black, Black British, Black Welsh, Caribbean or African: African",11,L15: Full-time students,128
E05013649,West Hendon,7,"Black, Black British, Black Welsh, Caribbean or African: Caribbean",-8,Does not apply,36
E05013649,West Hendon,7,"Black, Black British, Black Welsh, Caribbean or African: Caribbean",1,L1 and L2: Large employers and higher managerial and administrative occupations,5
E05013649,West Hendon,7,"Black, Black British, Black Welsh, Caribbean or African: Caribbean",2,L3: Higher professional occupations,16
E05013649,West Hendon,7,"Black, Black British, Black Welsh, Caribbean or African: Caribbean",3,"L4, L5 and L6: Lower managerial, administrative and professional occupations",58
E05013649,West Hendon,7,"Black, Black British, Black Welsh, Caribbean or African: Caribbean",4,L7: Intermediate occupations,26
E05013649,West Hendon,7,"Black, Black British, Black Welsh, Caribbean or African: Caribbean",5,L8 and L9: Small employers and own account workers,22
E05013649,West Hendon,7,"Black, Black British, Black Welsh, Caribbean or African: Caribbean",6,L10 and L11: Lower supervisory and technical occupations,8
E05013649,West Hendon,7,"Black, Black British, Black Welsh, Caribbean or African: Caribbean",7,L12: Semi-routine occupations,32
E05013649,West Hendon,7,"Black, Black British, Black Welsh, Caribbean or African: Caribbean",8,L13: Routine occupations,23
E05013649,West Hendon,7,"Black, Black British, Black Welsh, Caribbean or African: Caribbean",9,L14.1: Never worked,23
E05013649,West Hendon,7,"Black, Black British, Black Welsh, Caribbean or African: Caribbean",10,L14.2: Long-term unemployed,8
E05013649,West Hendon,7,"Black, Black British, Black Welsh, Caribbean or African: Caribbean",11,L15: Full-time students,14
E05013649,West Hendon,8,"Black, Black British, Black Welsh, Caribbean or African: Other Black",-8,Does not apply,50
E05013649,West Hendon,8,"Black, Black British, Black Welsh, Caribbean or African: Other Black",1,L1 and L2: Large employers and higher managerial and administrative occupations,7
E05013649,West Hendon,8,"Black, Black British, Black Welsh, Caribbean or African: Other Black",2,L3: Higher professional occupations,10
E05013649,West Hendon,8,"Black, Black British, Black Welsh, Caribbean or African: Other Black",3,"L4, L5 and L6: Lower managerial, administrative and professional occupations",26
E05013649,West Hendon,8,"Black, Black British, Black Welsh, Caribbean or African: Other Black",4,L7: Intermediate occupations,5
E05013649,West Hendon,8,"Black, Black British, Black Welsh, Caribbean or African: Other Black",5,L8 and L9: Small employers and own account workers,13
E05013649,West Hendon,8,"Black, Black British, Black Welsh, Caribbean or African: Other Black",6,L10 and L11: Lower supervisory and technical occupations,3
E05013649,West Hendon,8,"Black, Black British, Black Welsh, Caribbean or African: Other Black",7,L12: Semi-routine occupations,11
E05013649,West Hendon,8,"Black, Black British, Black Welsh, Caribbean or African: Other Black",8,L13: Routine occupations,7
E05013649,West Hendon,8,"Black, Black British, Black Welsh, Caribbean or African: Other Black",9,L14.1: Never worked,8
E05013649,West Hendon,8,"Black, Black British, Black Welsh, Caribbean or African: Other Black",10,L14.2: Long-term unemployed,5
E05013649,West Hendon,8,"Black, Black British, Black Welsh, Caribbean or African: Other Black",11,L15: Full-time students,15
E05013649,West Hendon,9,Mixed or Multiple ethnic groups: White and Asian,-8,Does not apply,89
E05013649,West Hendon,9,Mixed or Multiple ethnic groups: White and Asian,1,L1 and L2: Large employers and higher managerial and administrative occupations,3
E05013649,West Hendon,9,Mixed or Multiple ethnic groups: White and Asian,2,L3: Higher professional occupations,15
E05013649,West Hendon,9,Mixed or Multiple ethnic groups: White and Asian,3,"L4, L5 and L6: Lower managerial, administrative and professional occupations",22
E05013649,West Hendon,9,Mixed or Multiple ethnic groups: White and Asian,4,L7: Intermediate occupations,10
E05013649,West Hendon,9,Mixed or Multiple ethnic groups: White and Asian,5,L8 and L9: Small employers and own account workers,11
E05013649,West Hendon,9,Mixed or Multiple ethnic groups: White and Asian,6,L10 and L11: Lower supervisory and technical occupations,5
E05013649,West Hendon,9,Mixed or Multiple ethnic groups: White and Asian,7,L12: Semi-routine occupations,11
E05013649,West Hendon,9,Mixed or Multiple ethnic groups: White and Asian,8,L13: Routine occupations,4
E05013649,West Hendon,9,Mixed or Multiple ethnic groups: White and Asian,9,L14.1: Never worked,7
E05013649,West Hendon,9,Mixed or Multiple ethnic groups: White and Asian,10,L14.2: Long-term unemployed,0
E05013649,West Hendon,9,Mixed or Multiple ethnic groups: White and Asian,11,L15: Full-time students,25
E05013649,West Hendon,10,Mixed or Multiple ethnic groups: White and Black African,-8,Does not apply,72
E05013649,West Hendon,10,Mixed or Multiple ethnic groups: White and Black African,1,L1 and L2: Large employers and higher managerial and administrative occupations,3
E05013649,West Hendon,10,Mixed or Multiple ethnic groups: White and Black African,2,L3: Higher professional occupations,8
E05013649,West Hendon,10,Mixed or Multiple ethnic groups: White and Black African,3,"L4, L5 and L6: Lower managerial, administrative and professional occupations",15
E05013649,West Hendon,10,Mixed or Multiple ethnic groups: White and Black African,4,L7: Intermediate occupations,10
E05013649,West Hendon,10,Mixed or Multiple ethnic groups: White and Black African,5,L8 and L9: Small employers and own account workers,9
E05013649,West Hendon,10,Mixed or Multiple ethnic groups: White and Black African,6,L10 and L11: Lower supervisory and technical occupations,4
E05013649,West Hendon,10,Mixed or Multiple ethnic groups: White and Black African,7,L12: Semi-routine occupations,11
E05013649,West Hendon,10,Mixed or Multiple ethnic groups: White and Black African,8,L13: Routine occupations,22
E05013649,West Hendon,10,Mixed or Multiple ethnic groups: White and Black African,9,L14.1: Never worked,13
E05013649,West Hendon,10,Mixed or Multiple ethnic groups: White and Black African,10,L14.2: Long-term unemployed,3
E05013649,West Hendon,10,Mixed or Multiple ethnic groups: White and Black African,11,L15: Full-time students,24
E05013649,West Hendon,11,Mixed or Multiple ethnic groups: White and Black Caribbean,-8,Does not apply,36
E05013649,West Hendon,11,Mixed or Multiple ethnic groups: White and Black Caribbean,1,L1 and L2: Large employers and higher managerial and administrative occupations,1
E05013649,West Hendon,11,Mixed or Multiple ethnic groups: White and Black Caribbean,2,L3: Higher professional occupations,8
E05013649,West Hendon,11,Mixed or Multiple ethnic groups: White and Black Caribbean,3,"L4, L5 and L6: Lower managerial, administrative and professional occupations",16
E05013649,West Hendon,11,Mixed or Multiple ethnic groups: White and Black Caribbean,4,L7: Intermediate occupations,14
E05013649,West Hendon,11,Mixed or Multiple ethnic groups: White and Black Caribbean,5,L8 and L9: Small employers and own account workers,14
E05013649,West Hendon,11,Mixed or Multiple ethnic groups: White and Black Caribbean,6,L10 and L11: Lower supervisory and technical occupations,4
E05013649,West Hendon,11,Mixed or Multiple ethnic groups: White and Black Caribbean,7,L12: Semi-routine occupations,12
E05013649,West Hendon,11,Mixed or Multiple ethnic groups: White and Black Caribbean,8,L13: Routine occupations,13
E05013649,West Hendon,11,Mixed or Multiple ethnic groups: White and Black Caribbean,9,L14.1: Never worked,7
E05013649,West Hendon,11,Mixed or Multiple ethnic groups: White and Black Caribbean,10,L14.2: Long-term unemployed,1
E05013649,West Hendon,11,Mixed or Multiple ethnic groups: White and Black Caribbean,11,L15: Full-time students,12
E05013649,West Hendon,12,Mixed or Multiple ethnic groups: Other Mixed or Multiple ethnic groups,-8,Does not apply,137
E05013649,West Hendon,12,Mixed or Multiple ethnic groups: Other Mixed or Multiple ethnic groups,1,L1 and L2: Large employers and higher managerial and administrative occupations,10
E05013649,West Hendon,12,Mixed or Multiple ethnic groups: Other Mixed or Multiple ethnic groups,2,L3: Higher professional occupations,21
E05013649,West Hendon,12,Mixed or Multiple ethnic groups: Other Mixed or Multiple ethnic groups,3,"L4, L5 and L6: Lower managerial, administrative and professional occupations",41
E05013649,West Hendon,12,Mixed or Multiple ethnic groups: Other Mixed or Multiple ethnic groups,4,L7: Intermediate occupations,7
E05013649,West Hendon,12,Mixed or Multiple ethnic groups: Other Mixed or Multiple ethnic groups,5,L8 and L9: Small employers and own account workers,18
E05013649,West Hendon,12,Mixed or Multiple ethnic groups: Other Mixed or Multiple ethnic groups,6,L10 and L11: Lower supervisory and technical occupations,4
E05013649,West Hendon,12,Mixed or Multiple ethnic groups: Other Mixed or Multiple ethnic groups,7,L12: Semi-routine occupations,11
E05013649,West Hendon,12,Mixed or Multiple ethnic groups: Other Mixed or Multiple ethnic groups,8,L13: Routine occupations,15
E05013649,West Hendon,12,Mixed or Multiple ethnic groups: Other Mixed or Multiple ethnic groups,9,L14.1: Never worked,8
E05013649,West Hendon,12,Mixed or Multiple ethnic groups: Other Mixed or Multiple ethnic groups,10,L14.2: Long-term unemployed,2
E05013649,West Hendon,12,Mixed or Multiple ethnic groups: Other Mixed or Multiple ethnic groups,11,L15: Full-time students,25
E05013649,West Hendon,13,"White: English, Welsh, Scottish, Northern Irish or British",-8,Does not apply,556
E05013649,West Hendon,13,"White: English, Welsh, Scottish, Northern Irish or British",1,L1 and L2: Large employers and higher managerial and administrative occupations,127
E05013649,West Hendon,13,"White: English, Welsh, Scottish, Northern Irish or British",2,L3: Higher professional occupations,278
E05013649,West Hendon,13,"White: English, Welsh, Scottish, Northern Irish or British",3,"L4, L5 and L6: Lower managerial, administrative and professional occupations",479
E05013649,West Hendon,13,"White: English, Welsh, Scottish, Northern Irish or British",4,L7: Intermediate occupations,308
E05013649,West Hendon,13,"White: English, Welsh, Scottish, Northern Irish or British",5,L8 and L9: Small employers and own account workers,358
E05013649,West Hendon,13,"White: English, Welsh, Scottish, Northern Irish or British",6,L10 and L11: Lower supervisory and technical occupations,120
E05013649,West Hendon,13,"White: English, Welsh, Scottish, Northern Irish or British",7,L12: Semi-routine occupations,265
E05013649,West Hendon,13,"White: English, Welsh, Scottish, Northern Irish or British",8,L13: Routine occupations,320
E05013649,West Hendon,13,"White: English, Welsh, Scottish, Northern Irish or British",9,L14.1: Never worked,253
E05013649,West Hendon,13,"White: English, Welsh, Scottish, Northern Irish or British",10,L14.2: Long-term unemployed,41
E05013649,West Hendon,13,"White: English, Welsh, Scottish, Northern Irish or British",11,L15: Full-time students,218
E05013649,West Hendon,14,White: Irish,-8,Does not apply,12
E05013649,West Hendon,14,White: Irish,1,L1 and L2: Large employers and higher managerial and administrative occupations,11
E05013649,West Hendon,14,White: Irish,2,L3: Higher professional occupations,34
E05013649,West Hendon,14,White: Irish,3,"L4, L5 and L6: Lower managerial, administrative and professional occupations",61
E05013649,West Hendon,14,White: Irish,4,L7: Intermediate occupations,31
E05013649,West Hendon,14,White: Irish,5,L8 and L9: Small employers and own account workers,31
E05013649,West Hendon,14,White: Irish,6,L10 and L11: Lower supervisory and technical occupations,10
E05013649,West Hendon,14,White: Irish,7,L12: Semi-routine occupations,32
E05013649,West Hendon,14,White: Irish,8,L13: Routine occupations,33
E05013649,West Hendon,14,White: Irish,9,L14.1: Never worked,26
E05013649,West Hendon,14,White: Irish,10,L14.2: Long-term unemployed,3
E05013649,West Hendon,14,White: Irish,11,L15: Full-time students,3
E05013649,West Hendon,15,White: Gypsy or Irish Traveller,-8,Does not apply,1
E05013649,West Hendon,15,White: Gypsy or Irish Traveller,1,L1 and L2: Large employers and higher managerial and administrative occupations,0
E05013649,West Hendon,15,White: Gypsy or Irish Traveller,2,L3: Higher professional occupations,0
E05013649,West Hendon,15,White: Gypsy or Irish Traveller,3,"L4, L5 and L6: Lower managerial, administrative and professional occupations",0
E05013649,West Hendon,15,White: Gypsy or Irish Traveller,4,L7: Intermediate occupations,0
E05013649,West Hendon,15,White: Gypsy or Irish Traveller,5,L8 and L9: Small employers and own account workers,0
E05013649,West Hendon,15,White: Gypsy or Irish Traveller,6,L10 and L11: Lower supervisory and technical occupations,0
E05013649,West Hendon,15,White: Gypsy or Irish Traveller,7,L12: Semi-routine occupations,0
E05013649,West Hendon,15,White: Gypsy or Irish Traveller,8,L13: Routine occupations,0
E05013649,West Hendon,15,White: Gypsy or Irish Traveller,9,L14.1: Never worked,0
E05013649,West Hendon,15,White: Gypsy or Irish Traveller,10,L14.2: Long-term unemployed,0
E05013649,West Hendon,15,White: Gypsy or Irish Traveller,11,L15: Full-time students,0
E05013649,West Hendon,16,White: Roma,-8,Does not apply,5
E05013649,West Hendon,16,White: Roma,1,L1 and L2: Large employers and higher managerial and administrative occupations,1
E05013649,West Hendon,16,White: Roma,2,L3: Higher professional occupations,4
E05013649,West Hendon,16,White: Roma,3,"L4, L5 and L6: Lower managerial, administrative and professional occupations",9
E05013649,West Hendon,16,White: Roma,4,L7: Intermediate occupations,0
E05013649,West Hendon,16,White: Roma,5,L8 and L9: Small employers and own account workers,28
E05013649,West Hendon,16,White: Roma,6,L10 and L11: Lower supervisory and technical occupations,4
E05013649,West Hendon,16,White: Roma,7,L12: Semi-routine occupations,8
E05013649,West Hendon,16,White: Roma,8,L13: Routine occupations,16
E05013649,West Hendon,16,White: Roma,9,L14.1: Never worked,4
E05013649,West Hendon,16,White: Roma,10,L14.2: Long-term unemployed,0
E05013649,West Hendon,16,White: Roma,11,L15: Full-time students,8
E05013649,West Hendon,17,White: Other White,-8,Does not apply,510
E05013649,West Hendon,17,White: Other White,1,L1 and L2: Large employers and higher managerial and administrative occupations,104
E05013649,West Hendon,17,White: Other White,2,L3: Higher professional occupations,306
E05013649,West Hendon,17,White: Other White,3,"L4, L5 and L6: Lower managerial, administrative and professional occupations",580
E05013649,West Hendon,17,White: Other White,4,L7: Intermediate occupations,252
E05013649,West Hendon,17,White: Other White,5,L8 and L9: Small employers and own account workers,1057
E05013649,West Hendon,17,White: Other White,6,L10 and L11: Lower supervisory and technical occupations,186
E05013649,West Hendon,17,White: Other White,7,L12: Semi-routine occupations,269
E05013649,West Hendon,17,White: Other White,8,L13: Routine occupations,509
E05013649,West Hendon,17,White: Other White,9,L14.1: Never worked,165
E05013649,West Hendon,17,White: Other White,10,L14.2: Long-term unemployed,47
E05013649,West Hendon,17,White: Other White,11,L15: Full-time students,420
E05013649,West Hendon,18,Other ethnic group: Arab,-8,Does not apply,205
E05013649,West Hendon,18,Other ethnic group: Arab,1,L1 and L2: Large employers and higher managerial and administrative occupations,6
E05013649,West Hendon,18,Other ethnic group: Arab,2,L3: Higher professional occupations,31
E05013649,West Hendon,18,Other ethnic group: Arab,3,"L4, L5 and L6: Lower managerial, administrative and professional occupations",63
E05013649,West Hendon,18,Other ethnic group: Arab,4,L7: Intermediate occupations,28
E05013649,West Hendon,18,Other ethnic group: Arab,5,L8 and L9: Small employers and own account workers,36
E05013649,West Hendon,18,Other ethnic group: Arab,6,L10 and L11: Lower supervisory and technical occupations,10
E05013649,West Hendon,18,Other ethnic group: Arab,7,L12: Semi-routine occupations,24
E05013649,West Hendon,18,Other ethnic group: Arab,8,L13: Routine occupations,25
E05013649,West Hendon,18,Other ethnic group: Arab,9,L14.1: Never worked,71
E05013649,West Hendon,18,Other ethnic group: Arab,10,L14.2: Long-term unemployed,6
E05013649,West Hendon,18,Other ethnic group: Arab,11,L15: Full-time students,59
E05013649,West Hendon,19,Other ethnic group: Any other ethnic group,-8,Does not apply,301
E05013649,West Hendon,19,Other ethnic group: Any other ethnic group,1,L1 and L2: Large employers and higher managerial and administrative occupations,27
E05013649,West Hendon,19,Other ethnic group: Any other ethnic group,2,L3: Higher professional occupations,104
E05013649,West Hendon,19,Other ethnic group: Any other ethnic group,3,"L4, L5 and L6: Lower managerial, administrative and professional occupations",179
E05013649,West Hendon,19,Other ethnic group: Any other ethnic group,4,L7: Intermediate occupations,72
E05013649,West Hendon,19,Other ethnic group: Any other ethnic group,5,L8 and L9: Small employers and own account workers,152
E05013649,West Hendon,19,Other ethnic group: Any other ethnic group,6,L10 and L11: Lower supervisory and technical occupations,27
E05013649,West Hendon,19,Other ethnic group: Any other ethnic group,7,L12: Semi-routine occupations,74
E05013649,West Hendon,19,Other ethnic group: Any other ethnic group,8,L13: Routine occupations,91
E05013649,West Hendon,19,Other ethnic group: Any other ethnic group,9,L14.1: Never worked,147
E05013649,West Hendon,19,Other ethnic group: Any other ethnic group,10,L14.2: Long-term unemployed,14
E05013649,West Hendon,19,Other ethnic group: Any other ethnic group,11,L15: Full-time students,99
E05013650,Whetstone,-8,Does not apply,-8,Does not apply,0
E05013650,Whetstone,-8,Does not apply,1,L1 and L2: Large employers and higher managerial and administrative occupations,0
E05013650,Whetstone,-8,Does not apply,2,L3: Higher professional occupations,0
E05013650,Whetstone,-8,Does not apply,3,"L4, L5 and L6: Lower managerial, administrative and professional occupations",0
E05013650,Whetstone,-8,Does not apply,4,L7: Intermediate occupations,0
E05013650,Whetstone,-8,Does not apply,5,L8 and L9: Small employers and own account workers,0
E05013650,Whetstone,-8,Does not apply,6,L10 and L11: Lower supervisory and technical occupations,0
E05013650,Whetstone,-8,Does not apply,7,L12: Semi-routine occupations,0
E05013650,Whetstone,-8,Does not apply,8,L13: Routine occupations,0
E05013650,Whetstone,-8,Does not apply,9,L14.1: Never worked,0
E05013650,Whetstone,-8,Does not apply,10,L14.2: Long-term unemployed,0
E05013650,Whetstone,-8,Does not apply,11,L15: Full-time students,0
E05013650,Whetstone,1,"Asian, Asian British or Asian Welsh: Bangladeshi",-8,Does not apply,26
E05013650,Whetstone,1,"Asian, Asian British or Asian Welsh: Bangladeshi",1,L1 and L2: Large employers and higher managerial and administrative occupations,8
E05013650,Whetstone,1,"Asian, Asian British or Asian Welsh: Bangladeshi",2,L3: Higher professional occupations,18
E05013650,Whetstone,1,"Asian, Asian British or Asian Welsh: Bangladeshi",3,"L4, L5 and L6: Lower managerial, administrative and professional occupations",16
E05013650,Whetstone,1,"Asian, Asian British or Asian Welsh: Bangladeshi",4,L7: Intermediate occupations,8
E05013650,Whetstone,1,"Asian, Asian British or Asian Welsh: Bangladeshi",5,L8 and L9: Small employers and own account workers,11
E05013650,Whetstone,1,"Asian, Asian British or Asian Welsh: Bangladeshi",6,L10 and L11: Lower supervisory and technical occupations,3
E05013650,Whetstone,1,"Asian, Asian British or Asian Welsh: Bangladeshi",7,L12: Semi-routine occupations,3
E05013650,Whetstone,1,"Asian, Asian British or Asian Welsh: Bangladeshi",8,L13: Routine occupations,3
E05013650,Whetstone,1,"Asian, Asian British or Asian Welsh: Bangladeshi",9,L14.1: Never worked,8
E05013650,Whetstone,1,"Asian, Asian British or Asian Welsh: Bangladeshi",10,L14.2: Long-term unemployed,3
E05013650,Whetstone,1,"Asian, Asian British or Asian Welsh: Bangladeshi",11,L15: Full-time students,8
E05013650,Whetstone,2,"Asian, Asian British or Asian Welsh: Chinese",-8,Does not apply,43
E05013650,Whetstone,2,"Asian, Asian British or Asian Welsh: Chinese",1,L1 and L2: Large employers and higher managerial and administrative occupations,14
E05013650,Whetstone,2,"Asian, Asian British or Asian Welsh: Chinese",2,L3: Higher professional occupations,64
E05013650,Whetstone,2,"Asian, Asian British or Asian Welsh: Chinese",3,"L4, L5 and L6: Lower managerial, administrative and professional occupations",62
E05013650,Whetstone,2,"Asian, Asian British or Asian Welsh: Chinese",4,L7: Intermediate occupations,17
E05013650,Whetstone,2,"Asian, Asian British or Asian Welsh: Chinese",5,L8 and L9: Small employers and own account workers,20
E05013650,Whetstone,2,"Asian, Asian British or Asian Welsh: Chinese",6,L10 and L11: Lower supervisory and technical occupations,5
E05013650,Whetstone,2,"Asian, Asian British or Asian Welsh: Chinese",7,L12: Semi-routine occupations,11
E05013650,Whetstone,2,"Asian, Asian British or Asian Welsh: Chinese",8,L13: Routine occupations,10
E05013650,Whetstone,2,"Asian, Asian British or Asian Welsh: Chinese",9,L14.1: Never worked,20
E05013650,Whetstone,2,"Asian, Asian British or Asian Welsh: Chinese",10,L14.2: Long-term unemployed,7
E05013650,Whetstone,2,"Asian, Asian British or Asian Welsh: Chinese",11,L15: Full-time students,16
E05013650,Whetstone,3,"Asian, Asian British or Asian Welsh: Indian",-8,Does not apply,168
E05013650,Whetstone,3,"Asian, Asian British or Asian Welsh: Indian",1,L1 and L2: Large employers and higher managerial and administrative occupations,85
E05013650,Whetstone,3,"Asian, Asian British or Asian Welsh: Indian",2,L3: Higher professional occupations,212
E05013650,Whetstone,3,"Asian, Asian British or Asian Welsh: Indian",3,"L4, L5 and L6: Lower managerial, administrative and professional occupations",167
E05013650,Whetstone,3,"Asian, Asian British or Asian Welsh: Indian",4,L7: Intermediate occupations,83
E05013650,Whetstone,3,"Asian, Asian British or Asian Welsh: Indian",5,L8 and L9: Small employers and own account workers,68
E05013650,Whetstone,3,"Asian, Asian British or Asian Welsh: Indian",6,L10 and L11: Lower supervisory and technical occupations,11
E05013650,Whetstone,3,"Asian, Asian British or Asian Welsh: Indian",7,L12: Semi-routine occupations,40
E05013650,Whetstone,3,"Asian, Asian British or Asian Welsh: Indian",8,L13: Routine occupations,35
E05013650,Whetstone,3,"Asian, Asian British or Asian Welsh: Indian",9,L14.1: Never worked,71
E05013650,Whetstone,3,"Asian, Asian British or Asian Welsh: Indian",10,L14.2: Long-term unemployed,10
E05013650,Whetstone,3,"Asian, Asian British or Asian Welsh: Indian",11,L15: Full-time students,48
E05013650,Whetstone,4,"Asian, Asian British or Asian Welsh: Pakistani",-8,Does not apply,23
E05013650,Whetstone,4,"Asian, Asian British or Asian Welsh: Pakistani",1,L1 and L2: Large employers and higher managerial and administrative occupations,9
E05013650,Whetstone,4,"Asian, Asian British or Asian Welsh: Pakistani",2,L3: Higher professional occupations,26
E05013650,Whetstone,4,"Asian, Asian British or Asian Welsh: Pakistani",3,"L4, L5 and L6: Lower managerial, administrative and professional occupations",18
E05013650,Whetstone,4,"Asian, Asian British or Asian Welsh: Pakistani",4,L7: Intermediate occupations,7
E05013650,Whetstone,4,"Asian, Asian British or Asian Welsh: Pakistani",5,L8 and L9: Small employers and own account workers,11
E05013650,Whetstone,4,"Asian, Asian British or Asian Welsh: Pakistani",6,L10 and L11: Lower supervisory and technical occupations,4
E05013650,Whetstone,4,"Asian, Asian British or Asian Welsh: Pakistani",7,L12: Semi-routine occupations,4
E05013650,Whetstone,4,"Asian, Asian British or Asian Welsh: Pakistani",8,L13: Routine occupations,2
E05013650,Whetstone,4,"Asian, Asian British or Asian Welsh: Pakistani",9,L14.1: Never worked,12
E05013650,Whetstone,4,"Asian, Asian British or Asian Welsh: Pakistani",10,L14.2: Long-term unemployed,2
E05013650,Whetstone,4,"Asian, Asian British or Asian Welsh: Pakistani",11,L15: Full-time students,5
E05013650,Whetstone,5,"Asian, Asian British or Asian Welsh: Other Asian",-8,Does not apply,140
E05013650,Whetstone,5,"Asian, Asian British or Asian Welsh: Other Asian",1,L1 and L2: Large employers and higher managerial and administrative occupations,29
E05013650,Whetstone,5,"Asian, Asian British or Asian Welsh: Other Asian",2,L3: Higher professional occupations,61
E05013650,Whetstone,5,"Asian, Asian British or Asian Welsh: Other Asian",3,"L4, L5 and L6: Lower managerial, administrative and professional occupations",67
E05013650,Whetstone,5,"Asian, Asian British or Asian Welsh: Other Asian",4,L7: Intermediate occupations,26
E05013650,Whetstone,5,"Asian, Asian British or Asian Welsh: Other Asian",5,L8 and L9: Small employers and own account workers,47
E05013650,Whetstone,5,"Asian, Asian British or Asian Welsh: Other Asian",6,L10 and L11: Lower supervisory and technical occupations,13
E05013650,Whetstone,5,"Asian, Asian British or Asian Welsh: Other Asian",7,L12: Semi-routine occupations,41
E05013650,Whetstone,5,"Asian, Asian British or Asian Welsh: Other Asian",8,L13: Routine occupations,26
E05013650,Whetstone,5,"Asian, Asian British or Asian Welsh: Other Asian",9,L14.1: Never worked,87
E05013650,Whetstone,5,"Asian, Asian British or Asian Welsh: Other Asian",10,L14.2: Long-term unemployed,10
E05013650,Whetstone,5,"Asian, Asian British or Asian Welsh: Other Asian",11,L15: Full-time students,51
E05013650,Whetstone,6,"Black, Black British, Black Welsh, Caribbean or African: African",-8,Does not apply,66
E05013650,Whetstone,6,"Black, Black British, Black Welsh, Caribbean or African: African",1,L1 and L2: Large employers and higher managerial and administrative occupations,27
E05013650,Whetstone,6,"Black, Black British, Black Welsh, Caribbean or African: African",2,L3: Higher professional occupations,36
E05013650,Whetstone,6,"Black, Black British, Black Welsh, Caribbean or African: African",3,"L4, L5 and L6: Lower managerial, administrative and professional occupations",55
E05013650,Whetstone,6,"Black, Black British, Black Welsh, Caribbean or African: African",4,L7: Intermediate occupations,23
E05013650,Whetstone,6,"Black, Black British, Black Welsh, Caribbean or African: African",5,L8 and L9: Small employers and own account workers,19
E05013650,Whetstone,6,"Black, Black British, Black Welsh, Caribbean or African: African",6,L10 and L11: Lower supervisory and technical occupations,2
E05013650,Whetstone,6,"Black, Black British, Black Welsh, Caribbean or African: African",7,L12: Semi-routine occupations,26
E05013650,Whetstone,6,"Black, Black British, Black Welsh, Caribbean or African: African",8,L13: Routine occupations,14
E05013650,Whetstone,6,"Black, Black British, Black Welsh, Caribbean or African: African",9,L14.1: Never worked,18
E05013650,Whetstone,6,"Black, Black British, Black Welsh, Caribbean or African: African",10,L14.2: Long-term unemployed,7
E05013650,Whetstone,6,"Black, Black British, Black Welsh, Caribbean or African: African",11,L15: Full-time students,39
E05013650,Whetstone,7,"Black, Black British, Black Welsh, Caribbean or African: Caribbean",-8,Does not apply,10
E05013650,Whetstone,7,"Black, Black British, Black Welsh, Caribbean or African: Caribbean",1,L1 and L2: Large employers and higher managerial and administrative occupations,3
E05013650,Whetstone,7,"Black, Black British, Black Welsh, Caribbean or African: Caribbean",2,L3: Higher professional occupations,8
E05013650,Whetstone,7,"Black, Black British, Black Welsh, Caribbean or African: Caribbean",3,"L4, L5 and L6: Lower managerial, administrative and professional occupations",16
E05013650,Whetstone,7,"Black, Black British, Black Welsh, Caribbean or African: Caribbean",4,L7: Intermediate occupations,8
E05013650,Whetstone,7,"Black, Black British, Black Welsh, Caribbean or African: Caribbean",5,L8 and L9: Small employers and own account workers,9
E05013650,Whetstone,7,"Black, Black British, Black Welsh, Caribbean or African: Caribbean",6,L10 and L11: Lower supervisory and technical occupations,3
E05013650,Whetstone,7,"Black, Black British, Black Welsh, Caribbean or African: Caribbean",7,L12: Semi-routine occupations,3
E05013650,Whetstone,7,"Black, Black British, Black Welsh, Caribbean or African: Caribbean",8,L13: Routine occupations,6
E05013650,Whetstone,7,"Black, Black British, Black Welsh, Caribbean or African: Caribbean",9,L14.1: Never worked,8
E05013650,Whetstone,7,"Black, Black British, Black Welsh, Caribbean or African: Caribbean",10,L14.2: Long-term unemployed,5
E05013650,Whetstone,7,"Black, Black British, Black Welsh, Caribbean or African: Caribbean",11,L15: Full-time students,9
E05013650,Whetstone,8,"Black, Black British, Black Welsh, Caribbean or African: Other Black",-8,Does not apply,23
E05013650,Whetstone,8,"Black, Black British, Black Welsh, Caribbean or African: Other Black",1,L1 and L2: Large employers and higher managerial and administrative occupations,2
E05013650,Whetstone,8,"Black, Black British, Black Welsh, Caribbean or African: Other Black",2,L3: Higher professional occupations,2
E05013650,Whetstone,8,"Black, Black British, Black Welsh, Caribbean or African: Other Black",3,"L4, L5 and L6: Lower managerial, administrative and professional occupations",6
E05013650,Whetstone,8,"Black, Black British, Black Welsh, Caribbean or African: Other Black",4,L7: Intermediate occupations,4
E05013650,Whetstone,8,"Black, Black British, Black Welsh, Caribbean or African: Other Black",5,L8 and L9: Small employers and own account workers,3
E05013650,Whetstone,8,"Black, Black British, Black Welsh, Caribbean or African: Other Black",6,L10 and L11: Lower supervisory and technical occupations,0
E05013650,Whetstone,8,"Black, Black British, Black Welsh, Caribbean or African: Other Black",7,L12: Semi-routine occupations,4
E05013650,Whetstone,8,"Black, Black British, Black Welsh, Caribbean or African: Other Black",8,L13: Routine occupations,2
E05013650,Whetstone,8,"Black, Black British, Black Welsh, Caribbean or African: Other Black",9,L14.1: Never worked,7
E05013650,Whetstone,8,"Black, Black British, Black Welsh, Caribbean or African: Other Black",10,L14.2: Long-term unemployed,1
E05013650,Whetstone,8,"Black, Black British, Black Welsh, Caribbean or African: Other Black",11,L15: Full-time students,6
E05013650,Whetstone,9,Mixed or Multiple ethnic groups: White and Asian,-8,Does not apply,107
E05013650,Whetstone,9,Mixed or Multiple ethnic groups: White and Asian,1,L1 and L2: Large employers and higher managerial and administrative occupations,5
E05013650,Whetstone,9,Mixed or Multiple ethnic groups: White and Asian,2,L3: Higher professional occupations,21
E05013650,Whetstone,9,Mixed or Multiple ethnic groups: White and Asian,3,"L4, L5 and L6: Lower managerial, administrative and professional occupations",25
E05013650,Whetstone,9,Mixed or Multiple ethnic groups: White and Asian,4,L7: Intermediate occupations,5
E05013650,Whetstone,9,Mixed or Multiple ethnic groups: White and Asian,5,L8 and L9: Small employers and own account workers,5
E05013650,Whetstone,9,Mixed or Multiple ethnic groups: White and Asian,6,L10 and L11: Lower supervisory and technical occupations,3
E05013650,Whetstone,9,Mixed or Multiple ethnic groups: White and Asian,7,L12: Semi-routine occupations,7
E05013650,Whetstone,9,Mixed or Multiple ethnic groups: White and Asian,8,L13: Routine occupations,2
E05013650,Whetstone,9,Mixed or Multiple ethnic groups: White and Asian,9,L14.1: Never worked,5
E05013650,Whetstone,9,Mixed or Multiple ethnic groups: White and Asian,10,L14.2: Long-term unemployed,1
E05013650,Whetstone,9,Mixed or Multiple ethnic groups: White and Asian,11,L15: Full-time students,11
E05013650,Whetstone,10,Mixed or Multiple ethnic groups: White and Black African,-8,Does not apply,33
E05013650,Whetstone,10,Mixed or Multiple ethnic groups: White and Black African,1,L1 and L2: Large employers and higher managerial and administrative occupations,2
E05013650,Whetstone,10,Mixed or Multiple ethnic groups: White and Black African,2,L3: Higher professional occupations,9
E05013650,Whetstone,10,Mixed or Multiple ethnic groups: White and Black African,3,"L4, L5 and L6: Lower managerial, administrative and professional occupations",2
E05013650,Whetstone,10,Mixed or Multiple ethnic groups: White and Black African,4,L7: Intermediate occupations,6
E05013650,Whetstone,10,Mixed or Multiple ethnic groups: White and Black African,5,L8 and L9: Small employers and own account workers,7
E05013650,Whetstone,10,Mixed or Multiple ethnic groups: White and Black African,6,L10 and L11: Lower supervisory and technical occupations,2
E05013650,Whetstone,10,Mixed or Multiple ethnic groups: White and Black African,7,L12: Semi-routine occupations,1
E05013650,Whetstone,10,Mixed or Multiple ethnic groups: White and Black African,8,L13: Routine occupations,1
E05013650,Whetstone,10,Mixed or Multiple ethnic groups: White and Black African,9,L14.1: Never worked,2
E05013650,Whetstone,10,Mixed or Multiple ethnic groups: White and Black African,10,L14.2: Long-term unemployed,3
E05013650,Whetstone,10,Mixed or Multiple ethnic groups: White and Black African,11,L15: Full-time students,8
E05013650,Whetstone,11,Mixed or Multiple ethnic groups: White and Black Caribbean,-8,Does not apply,46
E05013650,Whetstone,11,Mixed or Multiple ethnic groups: White and Black Caribbean,1,L1 and L2: Large employers and higher managerial and administrative occupations,0
E05013650,Whetstone,11,Mixed or Multiple ethnic groups: White and Black Caribbean,2,L3: Higher professional occupations,8
E05013650,Whetstone,11,Mixed or Multiple ethnic groups: White and Black Caribbean,3,"L4, L5 and L6: Lower managerial, administrative and professional occupations",8
E05013650,Whetstone,11,Mixed or Multiple ethnic groups: White and Black Caribbean,4,L7: Intermediate occupations,5
E05013650,Whetstone,11,Mixed or Multiple ethnic groups: White and Black Caribbean,5,L8 and L9: Small employers and own account workers,2
E05013650,Whetstone,11,Mixed or Multiple ethnic groups: White and Black Caribbean,6,L10 and L11: Lower supervisory and technical occupations,3
E05013650,Whetstone,11,Mixed or Multiple ethnic groups: White and Black Caribbean,7,L12: Semi-routine occupations,7
E05013650,Whetstone,11,Mixed or Multiple ethnic groups: White and Black Caribbean,8,L13: Routine occupations,1
E05013650,Whetstone,11,Mixed or Multiple ethnic groups: White and Black Caribbean,9,L14.1: Never worked,2
E05013650,Whetstone,11,Mixed or Multiple ethnic groups: White and Black Caribbean,10,L14.2: Long-term unemployed,1
E05013650,Whetstone,11,Mixed or Multiple ethnic groups: White and Black Caribbean,11,L15: Full-time students,7
E05013650,Whetstone,12,Mixed or Multiple ethnic groups: Other Mixed or Multiple ethnic groups,-8,Does not apply,95
E05013650,Whetstone,12,Mixed or Multiple ethnic groups: Other Mixed or Multiple ethnic groups,1,L1 and L2: Large employers and higher managerial and administrative occupations,10
E05013650,Whetstone,12,Mixed or Multiple ethnic groups: Other Mixed or Multiple ethnic groups,2,L3: Higher professional occupations,23
E05013650,Whetstone,12,Mixed or Multiple ethnic groups: Other Mixed or Multiple ethnic groups,3,"L4, L5 and L6: Lower managerial, administrative and professional occupations",31
E05013650,Whetstone,12,Mixed or Multiple ethnic groups: Other Mixed or Multiple ethnic groups,4,L7: Intermediate occupations,13
E05013650,Whetstone,12,Mixed or Multiple ethnic groups: Other Mixed or Multiple ethnic groups,5,L8 and L9: Small employers and own account workers,7
E05013650,Whetstone,12,Mixed or Multiple ethnic groups: Other Mixed or Multiple ethnic groups,6,L10 and L11: Lower supervisory and technical occupations,3
E05013650,Whetstone,12,Mixed or Multiple ethnic groups: Other Mixed or Multiple ethnic groups,7,L12: Semi-routine occupations,10
E05013650,Whetstone,12,Mixed or Multiple ethnic groups: Other Mixed or Multiple ethnic groups,8,L13: Routine occupations,9
E05013650,Whetstone,12,Mixed or Multiple ethnic groups: Other Mixed or Multiple ethnic groups,9,L14.1: Never worked,4
E05013650,Whetstone,12,Mixed or Multiple ethnic groups: Other Mixed or Multiple ethnic groups,10,L14.2: Long-term unemployed,2
E05013650,Whetstone,12,Mixed or Multiple ethnic groups: Other Mixed or Multiple ethnic groups,11,L15: Full-time students,12
E05013650,Whetstone,13,"White: English, Welsh, Scottish, Northern Irish or British",-8,Does not apply,741
E05013650,Whetstone,13,"White: English, Welsh, Scottish, Northern Irish or British",1,L1 and L2: Large employers and higher managerial and administrative occupations,322
E05013650,Whetstone,13,"White: English, Welsh, Scottish, Northern Irish or British",2,L3: Higher professional occupations,576
E05013650,Whetstone,13,"White: English, Welsh, Scottish, Northern Irish or British",3,"L4, L5 and L6: Lower managerial, administrative and professional occupations",953
E05013650,Whetstone,13,"White: English, Welsh, Scottish, Northern Irish or British",4,L7: Intermediate occupations,445
E05013650,Whetstone,13,"White: English, Welsh, Scottish, Northern Irish or British",5,L8 and L9: Small employers and own account workers,491
E05013650,Whetstone,13,"White: English, Welsh, Scottish, Northern Irish or British",6,L10 and L11: Lower supervisory and technical occupations,113
E05013650,Whetstone,13,"White: English, Welsh, Scottish, Northern Irish or British",7,L12: Semi-routine occupations,252
E05013650,Whetstone,13,"White: English, Welsh, Scottish, Northern Irish or British",8,L13: Routine occupations,177
E05013650,Whetstone,13,"White: English, Welsh, Scottish, Northern Irish or British",9,L14.1: Never worked,223
E05013650,Whetstone,13,"White: English, Welsh, Scottish, Northern Irish or British",10,L14.2: Long-term unemployed,34
E05013650,Whetstone,13,"White: English, Welsh, Scottish, Northern Irish or British",11,L15: Full-time students,207
E05013650,Whetstone,14,White: Irish,-8,Does not apply,49
E05013650,Whetstone,14,White: Irish,1,L1 and L2: Large employers and higher managerial and administrative occupations,27
E05013650,Whetstone,14,White: Irish,2,L3: Higher professional occupations,43
E05013650,Whetstone,14,White: Irish,3,"L4, L5 and L6: Lower managerial, administrative and professional occupations",91
E05013650,Whetstone,14,White: Irish,4,L7: Intermediate occupations,28
E05013650,Whetstone,14,White: Irish,5,L8 and L9: Small employers and own account workers,45
E05013650,Whetstone,14,White: Irish,6,L10 and L11: Lower supervisory and technical occupations,10
E05013650,Whetstone,14,White: Irish,7,L12: Semi-routine occupations,15
E05013650,Whetstone,14,White: Irish,8,L13: Routine occupations,21
E05013650,Whetstone,14,White: Irish,9,L14.1: Never worked,15
E05013650,Whetstone,14,White: Irish,10,L14.2: Long-term unemployed,2
E05013650,Whetstone,14,White: Irish,11,L15: Full-time students,10
E05013650,Whetstone,15,White: Gypsy or Irish Traveller,-8,Does not apply,1
E05013650,Whetstone,15,White: Gypsy or Irish Traveller,1,L1 and L2: Large employers and higher managerial and administrative occupations,0
E05013650,Whetstone,15,White: Gypsy or Irish Traveller,2,L3: Higher professional occupations,0
E05013650,Whetstone,15,White: Gypsy or Irish Traveller,3,"L4, L5 and L6: Lower managerial, administrative and professional occupations",0
E05013650,Whetstone,15,White: Gypsy or Irish Traveller,4,L7: Intermediate occupations,0
E05013650,Whetstone,15,White: Gypsy or Irish Traveller,5,L8 and L9: Small employers and own account workers,0
E05013650,Whetstone,15,White: Gypsy or Irish Traveller,6,L10 and L11: Lower supervisory and technical occupations,1
E05013650,Whetstone,15,White: Gypsy or Irish Traveller,7,L12: Semi-routine occupations,0
E05013650,Whetstone,15,White: Gypsy or Irish Traveller,8,L13: Routine occupations,0
E05013650,Whetstone,15,White: Gypsy or Irish Traveller,9,L14.1: Never worked,0
E05013650,Whetstone,15,White: Gypsy or Irish Traveller,10,L14.2: Long-term unemployed,0
E05013650,Whetstone,15,White: Gypsy or Irish Traveller,11,L15: Full-time students,0
E05013650,Whetstone,16,White: Roma,-8,Does not apply,2
E05013650,Whetstone,16,White: Roma,1,L1 and L2: Large employers and higher managerial and administrative occupations,0
E05013650,Whetstone,16,White: Roma,2,L3: Higher professional occupations,3
E05013650,Whetstone,16,White: Roma,3,"L4, L5 and L6: Lower managerial, administrative and professional occupations",4
E05013650,Whetstone,16,White: Roma,4,L7: Intermediate occupations,0
E05013650,Whetstone,16,White: Roma,5,L8 and L9: Small employers and own account workers,3
E05013650,Whetstone,16,White: Roma,6,L10 and L11: Lower supervisory and technical occupations,5
E05013650,Whetstone,16,White: Roma,7,L12: Semi-routine occupations,2
E05013650,Whetstone,16,White: Roma,8,L13: Routine occupations,6
E05013650,Whetstone,16,White: Roma,9,L14.1: Never worked,2
E05013650,Whetstone,16,White: Roma,10,L14.2: Long-term unemployed,0
E05013650,Whetstone,16,White: Roma,11,L15: Full-time students,4
E05013650,Whetstone,17,White: Other White,-8,Does not apply,292
E05013650,Whetstone,17,White: Other White,1,L1 and L2: Large employers and higher managerial and administrative occupations,94
E05013650,Whetstone,17,White: Other White,2,L3: Higher professional occupations,236
E05013650,Whetstone,17,White: Other White,3,"L4, L5 and L6: Lower managerial, administrative and professional occupations",320
E05013650,Whetstone,17,White: Other White,4,L7: Intermediate occupations,148
E05013650,Whetstone,17,White: Other White,5,L8 and L9: Small employers and own account workers,300
E05013650,Whetstone,17,White: Other White,6,L10 and L11: Lower supervisory and technical occupations,56
E05013650,Whetstone,17,White: Other White,7,L12: Semi-routine occupations,98
E05013650,Whetstone,17,White: Other White,8,L13: Routine occupations,106
E05013650,Whetstone,17,White: Other White,9,L14.1: Never worked,62
E05013650,Whetstone,17,White: Other White,10,L14.2: Long-term unemployed,23
E05013650,Whetstone,17,White: Other White,11,L15: Full-time students,75
E05013650,Whetstone,18,Other ethnic group: Arab,-8,Does not apply,10
E05013650,Whetstone,18,Other ethnic group: Arab,1,L1 and L2: Large employers and higher managerial and administrative occupations,1
E05013650,Whetstone,18,Other ethnic group: Arab,2,L3: Higher professional occupations,11
E05013650,Whetstone,18,Other ethnic group: Arab,3,"L4, L5 and L6: Lower managerial, administrative and professional occupations",23
E05013650,Whetstone,18,Other ethnic group: Arab,4,L7: Intermediate occupations,1
E05013650,Whetstone,18,Other ethnic group: Arab,5,L8 and L9: Small employers and own account workers,3
E05013650,Whetstone,18,Other ethnic group: Arab,6,L10 and L11: Lower supervisory and technical occupations,2
E05013650,Whetstone,18,Other ethnic group: Arab,7,L12: Semi-routine occupations,1
E05013650,Whetstone,18,Other ethnic group: Arab,8,L13: Routine occupations,9
E05013650,Whetstone,18,Other ethnic group: Arab,9,L14.1: Never worked,7
E05013650,Whetstone,18,Other ethnic group: Arab,10,L14.2: Long-term unemployed,0
E05013650,Whetstone,18,Other ethnic group: Arab,11,L15: Full-time students,5
E05013650,Whetstone,19,Other ethnic group: Any other ethnic group,-8,Does not apply,126
E05013650,Whetstone,19,Other ethnic group: Any other ethnic group,1,L1 and L2: Large employers and higher managerial and administrative occupations,36
E05013650,Whetstone,19,Other ethnic group: Any other ethnic group,2,L3: Higher professional occupations,103
E05013650,Whetstone,19,Other ethnic group: Any other ethnic group,3,"L4, L5 and L6: Lower managerial, administrative and professional occupations",147
E05013650,Whetstone,19,Other ethnic group: Any other ethnic group,4,L7: Intermediate occupations,64
E05013650,Whetstone,19,Other ethnic group: Any other ethnic group,5,L8 and L9: Small employers and own account workers,87
E05013650,Whetstone,19,Other ethnic group: Any other ethnic group,6,L10 and L11: Lower supervisory and technical occupations,13
E05013650,Whetstone,19,Other ethnic group: Any other ethnic group,7,L12: Semi-routine occupations,32
E05013650,Whetstone,19,Other ethnic group: Any other ethnic group,8,L13: Routine occupations,38
E05013650,Whetstone,19,Other ethnic group: Any other ethnic group,9,L14.1: Never worked,90
E05013650,Whetstone,19,Other ethnic group: Any other ethnic group,10,L14.2: Long-term unemployed,15
E05013650,Whetstone,19,Other ethnic group: Any other ethnic group,11,L15: Full-time students,43
E05013651,Woodhouse (Barnet),-8,Does not apply,-8,Does not apply,0
E05013651,Woodhouse (Barnet),-8,Does not apply,1,L1 and L2: Large employers and higher managerial and administrative occupations,0
E05013651,Woodhouse (Barnet),-8,Does not apply,2,L3: Higher professional occupations,0
E05013651,Woodhouse (Barnet),-8,Does not apply,3,"L4, L5 and L6: Lower managerial, administrative and professional occupations",0
E05013651,Woodhouse (Barnet),-8,Does not apply,4,L7: Intermediate occupations,0
E05013651,Woodhouse (Barnet),-8,Does not apply,5,L8 and L9: Small employers and own account workers,0
E05013651,Woodhouse (Barnet),-8,Does not apply,6,L10 and L11: Lower supervisory and technical occupations,0
E05013651,Woodhouse (Barnet),-8,Does not apply,7,L12: Semi-routine occupations,0
E05013651,Woodhouse (Barnet),-8,Does not apply,8,L13: Routine occupations,0
E05013651,Woodhouse (Barnet),-8,Does not apply,9,L14.1: Never worked,0
E05013651,Woodhouse (Barnet),-8,Does not apply,10,L14.2: Long-term unemployed,0
E05013651,Woodhouse (Barnet),-8,Does not apply,11,L15: Full-time students,0
E05013651,Woodhouse (Barnet),1,"Asian, Asian British or Asian Welsh: Bangladeshi",-8,Does not apply,15
E05013651,Woodhouse (Barnet),1,"Asian, Asian British or Asian Welsh: Bangladeshi",1,L1 and L2: Large employers and higher managerial and administrative occupations,2
E05013651,Woodhouse (Barnet),1,"Asian, Asian British or Asian Welsh: Bangladeshi",2,L3: Higher professional occupations,12
E05013651,Woodhouse (Barnet),1,"Asian, Asian British or Asian Welsh: Bangladeshi",3,"L4, L5 and L6: Lower managerial, administrative and professional occupations",13
E05013651,Woodhouse (Barnet),1,"Asian, Asian British or Asian Welsh: Bangladeshi",4,L7: Intermediate occupations,6
E05013651,Woodhouse (Barnet),1,"Asian, Asian British or Asian Welsh: Bangladeshi",5,L8 and L9: Small employers and own account workers,8
E05013651,Woodhouse (Barnet),1,"Asian, Asian British or Asian Welsh: Bangladeshi",6,L10 and L11: Lower supervisory and technical occupations,4
E05013651,Woodhouse (Barnet),1,"Asian, Asian British or Asian Welsh: Bangladeshi",7,L12: Semi-routine occupations,8
E05013651,Woodhouse (Barnet),1,"Asian, Asian British or Asian Welsh: Bangladeshi",8,L13: Routine occupations,3
E05013651,Woodhouse (Barnet),1,"Asian, Asian British or Asian Welsh: Bangladeshi",9,L14.1: Never worked,11
E05013651,Woodhouse (Barnet),1,"Asian, Asian British or Asian Welsh: Bangladeshi",10,L14.2: Long-term unemployed,3
E05013651,Woodhouse (Barnet),1,"Asian, Asian British or Asian Welsh: Bangladeshi",11,L15: Full-time students,11
E05013651,Woodhouse (Barnet),2,"Asian, Asian British or Asian Welsh: Chinese",-8,Does not apply,68
E05013651,Woodhouse (Barnet),2,"Asian, Asian British or Asian Welsh: Chinese",1,L1 and L2: Large employers and higher managerial and administrative occupations,15
E05013651,Woodhouse (Barnet),2,"Asian, Asian British or Asian Welsh: Chinese",2,L3: Higher professional occupations,63
E05013651,Woodhouse (Barnet),2,"Asian, Asian British or Asian Welsh: Chinese",3,"L4, L5 and L6: Lower managerial, administrative and professional occupations",62
E05013651,Woodhouse (Barnet),2,"Asian, Asian British or Asian Welsh: Chinese",4,L7: Intermediate occupations,34
E05013651,Woodhouse (Barnet),2,"Asian, Asian British or Asian Welsh: Chinese",5,L8 and L9: Small employers and own account workers,21
E05013651,Woodhouse (Barnet),2,"Asian, Asian British or Asian Welsh: Chinese",6,L10 and L11: Lower supervisory and technical occupations,5
E05013651,Woodhouse (Barnet),2,"Asian, Asian British or Asian Welsh: Chinese",7,L12: Semi-routine occupations,20
E05013651,Woodhouse (Barnet),2,"Asian, Asian British or Asian Welsh: Chinese",8,L13: Routine occupations,7
E05013651,Woodhouse (Barnet),2,"Asian, Asian British or Asian Welsh: Chinese",9,L14.1: Never worked,20
E05013651,Woodhouse (Barnet),2,"Asian, Asian British or Asian Welsh: Chinese",10,L14.2: Long-term unemployed,4
E05013651,Woodhouse (Barnet),2,"Asian, Asian British or Asian Welsh: Chinese",11,L15: Full-time students,11
E05013651,Woodhouse (Barnet),3,"Asian, Asian British or Asian Welsh: Indian",-8,Does not apply,164
E05013651,Woodhouse (Barnet),3,"Asian, Asian British or Asian Welsh: Indian",1,L1 and L2: Large employers and higher managerial and administrative occupations,62
E05013651,Woodhouse (Barnet),3,"Asian, Asian British or Asian Welsh: Indian",2,L3: Higher professional occupations,225
E05013651,Woodhouse (Barnet),3,"Asian, Asian British or Asian Welsh: Indian",3,"L4, L5 and L6: Lower managerial, administrative and professional occupations",222
E05013651,Woodhouse (Barnet),3,"Asian, Asian British or Asian Welsh: Indian",4,L7: Intermediate occupations,149
E05013651,Woodhouse (Barnet),3,"Asian, Asian British or Asian Welsh: Indian",5,L8 and L9: Small employers and own account workers,126
E05013651,Woodhouse (Barnet),3,"Asian, Asian British or Asian Welsh: Indian",6,L10 and L11: Lower supervisory and technical occupations,24
E05013651,Woodhouse (Barnet),3,"Asian, Asian British or Asian Welsh: Indian",7,L12: Semi-routine occupations,114
E05013651,Woodhouse (Barnet),3,"Asian, Asian British or Asian Welsh: Indian",8,L13: Routine occupations,99
E05013651,Woodhouse (Barnet),3,"Asian, Asian British or Asian Welsh: Indian",9,L14.1: Never worked,106
E05013651,Woodhouse (Barnet),3,"Asian, Asian British or Asian Welsh: Indian",10,L14.2: Long-term unemployed,10
E05013651,Woodhouse (Barnet),3,"Asian, Asian British or Asian Welsh: Indian",11,L15: Full-time students,54
E05013651,Woodhouse (Barnet),4,"Asian, Asian British or Asian Welsh: Pakistani",-8,Does not apply,54
E05013651,Woodhouse (Barnet),4,"Asian, Asian British or Asian Welsh: Pakistani",1,L1 and L2: Large employers and higher managerial and administrative occupations,11
E05013651,Woodhouse (Barnet),4,"Asian, Asian British or Asian Welsh: Pakistani",2,L3: Higher professional occupations,24
E05013651,Woodhouse (Barnet),4,"Asian, Asian British or Asian Welsh: Pakistani",3,"L4, L5 and L6: Lower managerial, administrative and professional occupations",37
E05013651,Woodhouse (Barnet),4,"Asian, Asian British or Asian Welsh: Pakistani",4,L7: Intermediate occupations,17
E05013651,Woodhouse (Barnet),4,"Asian, Asian British or Asian Welsh: Pakistani",5,L8 and L9: Small employers and own account workers,13
E05013651,Woodhouse (Barnet),4,"Asian, Asian British or Asian Welsh: Pakistani",6,L10 and L11: Lower supervisory and technical occupations,3
E05013651,Woodhouse (Barnet),4,"Asian, Asian British or Asian Welsh: Pakistani",7,L12: Semi-routine occupations,10
E05013651,Woodhouse (Barnet),4,"Asian, Asian British or Asian Welsh: Pakistani",8,L13: Routine occupations,5
E05013651,Woodhouse (Barnet),4,"Asian, Asian British or Asian Welsh: Pakistani",9,L14.1: Never worked,22
E05013651,Woodhouse (Barnet),4,"Asian, Asian British or Asian Welsh: Pakistani",10,L14.2: Long-term unemployed,2
E05013651,Woodhouse (Barnet),4,"Asian, Asian British or Asian Welsh: Pakistani",11,L15: Full-time students,23
E05013651,Woodhouse (Barnet),5,"Asian, Asian British or Asian Welsh: Other Asian",-8,Does not apply,202
E05013651,Woodhouse (Barnet),5,"Asian, Asian British or Asian Welsh: Other Asian",1,L1 and L2: Large employers and higher managerial and administrative occupations,25
E05013651,Woodhouse (Barnet),5,"Asian, Asian British or Asian Welsh: Other Asian",2,L3: Higher professional occupations,50
E05013651,Woodhouse (Barnet),5,"Asian, Asian British or Asian Welsh: Other Asian",3,"L4, L5 and L6: Lower managerial, administrative and professional occupations",108
E05013651,Woodhouse (Barnet),5,"Asian, Asian British or Asian Welsh: Other Asian",4,L7: Intermediate occupations,43
E05013651,Woodhouse (Barnet),5,"Asian, Asian British or Asian Welsh: Other Asian",5,L8 and L9: Small employers and own account workers,117
E05013651,Woodhouse (Barnet),5,"Asian, Asian British or Asian Welsh: Other Asian",6,L10 and L11: Lower supervisory and technical occupations,40
E05013651,Woodhouse (Barnet),5,"Asian, Asian British or Asian Welsh: Other Asian",7,L12: Semi-routine occupations,120
E05013651,Woodhouse (Barnet),5,"Asian, Asian British or Asian Welsh: Other Asian",8,L13: Routine occupations,77
E05013651,Woodhouse (Barnet),5,"Asian, Asian British or Asian Welsh: Other Asian",9,L14.1: Never worked,148
E05013651,Woodhouse (Barnet),5,"Asian, Asian British or Asian Welsh: Other Asian",10,L14.2: Long-term unemployed,7
E05013651,Woodhouse (Barnet),5,"Asian, Asian British or Asian Welsh: Other Asian",11,L15: Full-time students,65
E05013651,Woodhouse (Barnet),6,"Black, Black British, Black Welsh, Caribbean or African: African",-8,Does not apply,121
E05013651,Woodhouse (Barnet),6,"Black, Black British, Black Welsh, Caribbean or African: African",1,L1 and L2: Large employers and higher managerial and administrative occupations,21
E05013651,Woodhouse (Barnet),6,"Black, Black British, Black Welsh, Caribbean or African: African",2,L3: Higher professional occupations,49
E05013651,Woodhouse (Barnet),6,"Black, Black British, Black Welsh, Caribbean or African: African",3,"L4, L5 and L6: Lower managerial, administrative and professional occupations",105
E05013651,Woodhouse (Barnet),6,"Black, Black British, Black Welsh, Caribbean or African: African",4,L7: Intermediate occupations,35
E05013651,Woodhouse (Barnet),6,"Black, Black British, Black Welsh, Caribbean or African: African",5,L8 and L9: Small employers and own account workers,43
E05013651,Woodhouse (Barnet),6,"Black, Black British, Black Welsh, Caribbean or African: African",6,L10 and L11: Lower supervisory and technical occupations,17
E05013651,Woodhouse (Barnet),6,"Black, Black British, Black Welsh, Caribbean or African: African",7,L12: Semi-routine occupations,52
E05013651,Woodhouse (Barnet),6,"Black, Black British, Black Welsh, Caribbean or African: African",8,L13: Routine occupations,30
E05013651,Woodhouse (Barnet),6,"Black, Black British, Black Welsh, Caribbean or African: African",9,L14.1: Never worked,34
E05013651,Woodhouse (Barnet),6,"Black, Black British, Black Welsh, Caribbean or African: African",10,L14.2: Long-term unemployed,11
E05013651,Woodhouse (Barnet),6,"Black, Black British, Black Welsh, Caribbean or African: African",11,L15: Full-time students,70
E05013651,Woodhouse (Barnet),7,"Black, Black British, Black Welsh, Caribbean or African: Caribbean",-8,Does not apply,22
E05013651,Woodhouse (Barnet),7,"Black, Black British, Black Welsh, Caribbean or African: Caribbean",1,L1 and L2: Large employers and higher managerial and administrative occupations,8
E05013651,Woodhouse (Barnet),7,"Black, Black British, Black Welsh, Caribbean or African: Caribbean",2,L3: Higher professional occupations,9
E05013651,Woodhouse (Barnet),7,"Black, Black British, Black Welsh, Caribbean or African: Caribbean",3,"L4, L5 and L6: Lower managerial, administrative and professional occupations",41
E05013651,Woodhouse (Barnet),7,"Black, Black British, Black Welsh, Caribbean or African: Caribbean",4,L7: Intermediate occupations,24
E05013651,Woodhouse (Barnet),7,"Black, Black British, Black Welsh, Caribbean or African: Caribbean",5,L8 and L9: Small employers and own account workers,24
E05013651,Woodhouse (Barnet),7,"Black, Black British, Black Welsh, Caribbean or African: Caribbean",6,L10 and L11: Lower supervisory and technical occupations,8
E05013651,Woodhouse (Barnet),7,"Black, Black British, Black Welsh, Caribbean or African: Caribbean",7,L12: Semi-routine occupations,21
E05013651,Woodhouse (Barnet),7,"Black, Black British, Black Welsh, Caribbean or African: Caribbean",8,L13: Routine occupations,13
E05013651,Woodhouse (Barnet),7,"Black, Black British, Black Welsh, Caribbean or African: Caribbean",9,L14.1: Never worked,14
E05013651,Woodhouse (Barnet),7,"Black, Black British, Black Welsh, Caribbean or African: Caribbean",10,L14.2: Long-term unemployed,2
E05013651,Woodhouse (Barnet),7,"Black, Black British, Black Welsh, Caribbean or African: Caribbean",11,L15: Full-time students,12
E05013651,Woodhouse (Barnet),8,"Black, Black British, Black Welsh, Caribbean or African: Other Black",-8,Does not apply,17
E05013651,Woodhouse (Barnet),8,"Black, Black British, Black Welsh, Caribbean or African: Other Black",1,L1 and L2: Large employers and higher managerial and administrative occupations,2
E05013651,Woodhouse (Barnet),8,"Black, Black British, Black Welsh, Caribbean or African: Other Black",2,L3: Higher professional occupations,5
E05013651,Woodhouse (Barnet),8,"Black, Black British, Black Welsh, Caribbean or African: Other Black",3,"L4, L5 and L6: Lower managerial, administrative and professional occupations",15
E05013651,Woodhouse (Barnet),8,"Black, Black British, Black Welsh, Caribbean or African: Other Black",4,L7: Intermediate occupations,4
E05013651,Woodhouse (Barnet),8,"Black, Black British, Black Welsh, Caribbean or African: Other Black",5,L8 and L9: Small employers and own account workers,5
E05013651,Woodhouse (Barnet),8,"Black, Black British, Black Welsh, Caribbean or African: Other Black",6,L10 and L11: Lower supervisory and technical occupations,1
E05013651,Woodhouse (Barnet),8,"Black, Black British, Black Welsh, Caribbean or African: Other Black",7,L12: Semi-routine occupations,5
E05013651,Woodhouse (Barnet),8,"Black, Black British, Black Welsh, Caribbean or African: Other Black",8,L13: Routine occupations,5
E05013651,Woodhouse (Barnet),8,"Black, Black British, Black Welsh, Caribbean or African: Other Black",9,L14.1: Never worked,17
E05013651,Woodhouse (Barnet),8,"Black, Black British, Black Welsh, Caribbean or African: Other Black",10,L14.2: Long-term unemployed,2
E05013651,Woodhouse (Barnet),8,"Black, Black British, Black Welsh, Caribbean or African: Other Black",11,L15: Full-time students,9
E05013651,Woodhouse (Barnet),9,Mixed or Multiple ethnic groups: White and Asian,-8,Does not apply,158
E05013651,Woodhouse (Barnet),9,Mixed or Multiple ethnic groups: White and Asian,1,L1 and L2: Large employers and higher managerial and administrative occupations,8
E05013651,Woodhouse (Barnet),9,Mixed or Multiple ethnic groups: White and Asian,2,L3: Higher professional occupations,20
E05013651,Woodhouse (Barnet),9,Mixed or Multiple ethnic groups: White and Asian,3,"L4, L5 and L6: Lower managerial, administrative and professional occupations",48
E05013651,Woodhouse (Barnet),9,Mixed or Multiple ethnic groups: White and Asian,4,L7: Intermediate occupations,11
E05013651,Woodhouse (Barnet),9,Mixed or Multiple ethnic groups: White and Asian,5,L8 and L9: Small employers and own account workers,13
E05013651,Woodhouse (Barnet),9,Mixed or Multiple ethnic groups: White and Asian,6,L10 and L11: Lower supervisory and technical occupations,3
E05013651,Woodhouse (Barnet),9,Mixed or Multiple ethnic groups: White and Asian,7,L12: Semi-routine occupations,9
E05013651,Woodhouse (Barnet),9,Mixed or Multiple ethnic groups: White and Asian,8,L13: Routine occupations,5
E05013651,Woodhouse (Barnet),9,Mixed or Multiple ethnic groups: White and Asian,9,L14.1: Never worked,18
E05013651,Woodhouse (Barnet),9,Mixed or Multiple ethnic groups: White and Asian,10,L14.2: Long-term unemployed,0
E05013651,Woodhouse (Barnet),9,Mixed or Multiple ethnic groups: White and Asian,11,L15: Full-time students,57
E05013651,Woodhouse (Barnet),10,Mixed or Multiple ethnic groups: White and Black African,-8,Does not apply,64
E05013651,Woodhouse (Barnet),10,Mixed or Multiple ethnic groups: White and Black African,1,L1 and L2: Large employers and higher managerial and administrative occupations,0
E05013651,Woodhouse (Barnet),10,Mixed or Multiple ethnic groups: White and Black African,2,L3: Higher professional occupations,6
E05013651,Woodhouse (Barnet),10,Mixed or Multiple ethnic groups: White and Black African,3,"L4, L5 and L6: Lower managerial, administrative and professional occupations",25
E05013651,Woodhouse (Barnet),10,Mixed or Multiple ethnic groups: White and Black African,4,L7: Intermediate occupations,5
E05013651,Woodhouse (Barnet),10,Mixed or Multiple ethnic groups: White and Black African,5,L8 and L9: Small employers and own account workers,1
E05013651,Woodhouse (Barnet),10,Mixed or Multiple ethnic groups: White and Black African,6,L10 and L11: Lower supervisory and technical occupations,2
E05013651,Woodhouse (Barnet),10,Mixed or Multiple ethnic groups: White and Black African,7,L12: Semi-routine occupations,5
E05013651,Woodhouse (Barnet),10,Mixed or Multiple ethnic groups: White and Black African,8,L13: Routine occupations,7
E05013651,Woodhouse (Barnet),10,Mixed or Multiple ethnic groups: White and Black African,9,L14.1: Never worked,6
E05013651,Woodhouse (Barnet),10,Mixed or Multiple ethnic groups: White and Black African,10,L14.2: Long-term unemployed,4
E05013651,Woodhouse (Barnet),10,Mixed or Multiple ethnic groups: White and Black African,11,L15: Full-time students,6
E05013651,Woodhouse (Barnet),11,Mixed or Multiple ethnic groups: White and Black Caribbean,-8,Does not apply,59
E05013651,Woodhouse (Barnet),11,Mixed or Multiple ethnic groups: White and Black Caribbean,1,L1 and L2: Large employers and higher managerial and administrative occupations,2
E05013651,Woodhouse (Barnet),11,Mixed or Multiple ethnic groups: White and Black Caribbean,2,L3: Higher professional occupations,6
E05013651,Woodhouse (Barnet),11,Mixed or Multiple ethnic groups: White and Black Caribbean,3,"L4, L5 and L6: Lower managerial, administrative and professional occupations",16
E05013651,Woodhouse (Barnet),11,Mixed or Multiple ethnic groups: White and Black Caribbean,4,L7: Intermediate occupations,9
E05013651,Woodhouse (Barnet),11,Mixed or Multiple ethnic groups: White and Black Caribbean,5,L8 and L9: Small employers and own account workers,8
E05013651,Woodhouse (Barnet),11,Mixed or Multiple ethnic groups: White and Black Caribbean,6,L10 and L11: Lower supervisory and technical occupations,3
E05013651,Woodhouse (Barnet),11,Mixed or Multiple ethnic groups: White and Black Caribbean,7,L12: Semi-routine occupations,5
E05013651,Woodhouse (Barnet),11,Mixed or Multiple ethnic groups: White and Black Caribbean,8,L13: Routine occupations,6
E05013651,Woodhouse (Barnet),11,Mixed or Multiple ethnic groups: White and Black Caribbean,9,L14.1: Never worked,3
E05013651,Woodhouse (Barnet),11,Mixed or Multiple ethnic groups: White and Black Caribbean,10,L14.2: Long-term unemployed,1
E05013651,Woodhouse (Barnet),11,Mixed or Multiple ethnic groups: White and Black Caribbean,11,L15: Full-time students,13
E05013651,Woodhouse (Barnet),12,Mixed or Multiple ethnic groups: Other Mixed or Multiple ethnic groups,-8,Does not apply,79
E05013651,Woodhouse (Barnet),12,Mixed or Multiple ethnic groups: Other Mixed or Multiple ethnic groups,1,L1 and L2: Large employers and higher managerial and administrative occupations,13
E05013651,Woodhouse (Barnet),12,Mixed or Multiple ethnic groups: Other Mixed or Multiple ethnic groups,2,L3: Higher professional occupations,22
E05013651,Woodhouse (Barnet),12,Mixed or Multiple ethnic groups: Other Mixed or Multiple ethnic groups,3,"L4, L5 and L6: Lower managerial, administrative and professional occupations",40
E05013651,Woodhouse (Barnet),12,Mixed or Multiple ethnic groups: Other Mixed or Multiple ethnic groups,4,L7: Intermediate occupations,14
E05013651,Woodhouse (Barnet),12,Mixed or Multiple ethnic groups: Other Mixed or Multiple ethnic groups,5,L8 and L9: Small employers and own account workers,17
E05013651,Woodhouse (Barnet),12,Mixed or Multiple ethnic groups: Other Mixed or Multiple ethnic groups,6,L10 and L11: Lower supervisory and technical occupations,2
E05013651,Woodhouse (Barnet),12,Mixed or Multiple ethnic groups: Other Mixed or Multiple ethnic groups,7,L12: Semi-routine occupations,15
E05013651,Woodhouse (Barnet),12,Mixed or Multiple ethnic groups: Other Mixed or Multiple ethnic groups,8,L13: Routine occupations,8
E05013651,Woodhouse (Barnet),12,Mixed or Multiple ethnic groups: Other Mixed or Multiple ethnic groups,9,L14.1: Never worked,5
E05013651,Woodhouse (Barnet),12,Mixed or Multiple ethnic groups: Other Mixed or Multiple ethnic groups,10,L14.2: Long-term unemployed,4
E05013651,Woodhouse (Barnet),12,Mixed or Multiple ethnic groups: Other Mixed or Multiple ethnic groups,11,L15: Full-time students,17
E05013651,Woodhouse (Barnet),13,"White: English, Welsh, Scottish, Northern Irish or British",-8,Does not apply,767
E05013651,Woodhouse (Barnet),13,"White: English, Welsh, Scottish, Northern Irish or British",1,L1 and L2: Large employers and higher managerial and administrative occupations,228
E05013651,Woodhouse (Barnet),13,"White: English, Welsh, Scottish, Northern Irish or British",2,L3: Higher professional occupations,452
E05013651,Woodhouse (Barnet),13,"White: English, Welsh, Scottish, Northern Irish or British",3,"L4, L5 and L6: Lower managerial, administrative and professional occupations",991
E05013651,Woodhouse (Barnet),13,"White: English, Welsh, Scottish, Northern Irish or British",4,L7: Intermediate occupations,484
E05013651,Woodhouse (Barnet),13,"White: English, Welsh, Scottish, Northern Irish or British",5,L8 and L9: Small employers and own account workers,469
E05013651,Woodhouse (Barnet),13,"White: English, Welsh, Scottish, Northern Irish or British",6,L10 and L11: Lower supervisory and technical occupations,138
E05013651,Woodhouse (Barnet),13,"White: English, Welsh, Scottish, Northern Irish or British",7,L12: Semi-routine occupations,298
E05013651,Woodhouse (Barnet),13,"White: English, Welsh, Scottish, Northern Irish or British",8,L13: Routine occupations,251
E05013651,Woodhouse (Barnet),13,"White: English, Welsh, Scottish, Northern Irish or British",9,L14.1: Never worked,357
E05013651,Woodhouse (Barnet),13,"White: English, Welsh, Scottish, Northern Irish or British",10,L14.2: Long-term unemployed,45
E05013651,Woodhouse (Barnet),13,"White: English, Welsh, Scottish, Northern Irish or British",11,L15: Full-time students,219
E05013651,Woodhouse (Barnet),14,White: Irish,-8,Does not apply,12
E05013651,Woodhouse (Barnet),14,White: Irish,1,L1 and L2: Large employers and higher managerial and administrative occupations,18
E05013651,Woodhouse (Barnet),14,White: Irish,2,L3: Higher professional occupations,41
E05013651,Woodhouse (Barnet),14,White: Irish,3,"L4, L5 and L6: Lower managerial, administrative and professional occupations",103
E05013651,Woodhouse (Barnet),14,White: Irish,4,L7: Intermediate occupations,41
E05013651,Woodhouse (Barnet),14,White: Irish,5,L8 and L9: Small employers and own account workers,52
E05013651,Woodhouse (Barnet),14,White: Irish,6,L10 and L11: Lower supervisory and technical occupations,6
E05013651,Woodhouse (Barnet),14,White: Irish,7,L12: Semi-routine occupations,34
E05013651,Woodhouse (Barnet),14,White: Irish,8,L13: Routine occupations,25
E05013651,Woodhouse (Barnet),14,White: Irish,9,L14.1: Never worked,24
E05013651,Woodhouse (Barnet),14,White: Irish,10,L14.2: Long-term unemployed,3
E05013651,Woodhouse (Barnet),14,White: Irish,11,L15: Full-time students,7
E05013651,Woodhouse (Barnet),15,White: Gypsy or Irish Traveller,-8,Does not apply,7
E05013651,Woodhouse (Barnet),15,White: Gypsy or Irish Traveller,1,L1 and L2: Large employers and higher managerial and administrative occupations,0
E05013651,Woodhouse (Barnet),15,White: Gypsy or Irish Traveller,2,L3: Higher professional occupations,0
E05013651,Woodhouse (Barnet),15,White: Gypsy or Irish Traveller,3,"L4, L5 and L6: Lower managerial, administrative and professional occupations",1
E05013651,Woodhouse (Barnet),15,White: Gypsy or Irish Traveller,4,L7: Intermediate occupations,0
E05013651,Woodhouse (Barnet),15,White: Gypsy or Irish Traveller,5,L8 and L9: Small employers and own account workers,0
E05013651,Woodhouse (Barnet),15,White: Gypsy or Irish Traveller,6,L10 and L11: Lower supervisory and technical occupations,1
E05013651,Woodhouse (Barnet),15,White: Gypsy or Irish Traveller,7,L12: Semi-routine occupations,0
E05013651,Woodhouse (Barnet),15,White: Gypsy or Irish Traveller,8,L13: Routine occupations,0
E05013651,Woodhouse (Barnet),15,White: Gypsy or Irish Traveller,9,L14.1: Never worked,2
E05013651,Woodhouse (Barnet),15,White: Gypsy or Irish Traveller,10,L14.2: Long-term unemployed,0
E05013651,Woodhouse (Barnet),15,White: Gypsy or Irish Traveller,11,L15: Full-time students,1
E05013651,Woodhouse (Barnet),16,White: Roma,-8,Does not apply,0
E05013651,Woodhouse (Barnet),16,White: Roma,1,L1 and L2: Large employers and higher managerial and administrative occupations,2
E05013651,Woodhouse (Barnet),16,White: Roma,2,L3: Higher professional occupations,0
E05013651,Woodhouse (Barnet),16,White: Roma,3,"L4, L5 and L6: Lower managerial, administrative and professional occupations",2
E05013651,Woodhouse (Barnet),16,White: Roma,4,L7: Intermediate occupations,0
E05013651,Woodhouse (Barnet),16,White: Roma,5,L8 and L9: Small employers and own account workers,12
E05013651,Woodhouse (Barnet),16,White: Roma,6,L10 and L11: Lower supervisory and technical occupations,6
E05013651,Woodhouse (Barnet),16,White: Roma,7,L12: Semi-routine occupations,4
E05013651,Woodhouse (Barnet),16,White: Roma,8,L13: Routine occupations,5
E05013651,Woodhouse (Barnet),16,White: Roma,9,L14.1: Never worked,0
E05013651,Woodhouse (Barnet),16,White: Roma,10,L14.2: Long-term unemployed,0
E05013651,Woodhouse (Barnet),16,White: Roma,11,L15: Full-time students,1
E05013651,Woodhouse (Barnet),17,White: Other White,-8,Does not apply,409
E05013651,Woodhouse (Barnet),17,White: Other White,1,L1 and L2: Large employers and higher managerial and administrative occupations,80
E05013651,Woodhouse (Barnet),17,White: Other White,2,L3: Higher professional occupations,261
E05013651,Woodhouse (Barnet),17,White: Other White,3,"L4, L5 and L6: Lower managerial, administrative and professional occupations",445
E05013651,Woodhouse (Barnet),17,White: Other White,4,L7: Intermediate occupations,200
E05013651,Woodhouse (Barnet),17,White: Other White,5,L8 and L9: Small employers and own account workers,531
E05013651,Woodhouse (Barnet),17,White: Other White,6,L10 and L11: Lower supervisory and technical occupations,108
E05013651,Woodhouse (Barnet),17,White: Other White,7,L12: Semi-routine occupations,176
E05013651,Woodhouse (Barnet),17,White: Other White,8,L13: Routine occupations,240
E05013651,Woodhouse (Barnet),17,White: Other White,9,L14.1: Never worked,151
E05013651,Woodhouse (Barnet),17,White: Other White,10,L14.2: Long-term unemployed,43
E05013651,Woodhouse (Barnet),17,White: Other White,11,L15: Full-time students,178
E05013651,Woodhouse (Barnet),18,Other ethnic group: Arab,-8,Does not apply,111
E05013651,Woodhouse (Barnet),18,Other ethnic group: Arab,1,L1 and L2: Large employers and higher managerial and administrative occupations,4
E05013651,Woodhouse (Barnet),18,Other ethnic group: Arab,2,L3: Higher professional occupations,17
E05013651,Woodhouse (Barnet),18,Other ethnic group: Arab,3,"L4, L5 and L6: Lower managerial, administrative and professional occupations",20
E05013651,Woodhouse (Barnet),18,Other ethnic group: Arab,4,L7: Intermediate occupations,7
E05013651,Woodhouse (Barnet),18,Other ethnic group: Arab,5,L8 and L9: Small employers and own account workers,8
E05013651,Woodhouse (Barnet),18,Other ethnic group: Arab,6,L10 and L11: Lower supervisory and technical occupations,5
E05013651,Woodhouse (Barnet),18,Other ethnic group: Arab,7,L12: Semi-routine occupations,16
E05013651,Woodhouse (Barnet),18,Other ethnic group: Arab,8,L13: Routine occupations,19
E05013651,Woodhouse (Barnet),18,Other ethnic group: Arab,9,L14.1: Never worked,48
E05013651,Woodhouse (Barnet),18,Other ethnic group: Arab,10,L14.2: Long-term unemployed,5
E05013651,Woodhouse (Barnet),18,Other ethnic group: Arab,11,L15: Full-time students,44
E05013651,Woodhouse (Barnet),19,Other ethnic group: Any other ethnic group,-8,Does not apply,194
E05013651,Woodhouse (Barnet),19,Other ethnic group: Any other ethnic group,1,L1 and L2: Large employers and higher managerial and administrative occupations,20
E05013651,Woodhouse (Barnet),19,Other ethnic group: Any other ethnic group,2,L3: Higher professional occupations,83
E05013651,Woodhouse (Barnet),19,Other ethnic group: Any other ethnic group,3,"L4, L5 and L6: Lower managerial, administrative and professional occupations",133
E05013651,Woodhouse (Barnet),19,Other ethnic group: Any other ethnic group,4,L7: Intermediate occupations,52
E05013651,Woodhouse (Barnet),19,Other ethnic group: Any other ethnic group,5,L8 and L9: Small employers and own account workers,110
E05013651,Woodhouse (Barnet),19,Other ethnic group: Any other ethnic group,6,L10 and L11: Lower supervisory and technical occupations,27
E05013651,Woodhouse (Barnet),19,Other ethnic group: Any other ethnic group,7,L12: Semi-routine occupations,64
E05013651,Woodhouse (Barnet),19,Other ethnic group: Any other ethnic group,8,L13: Routine occupations,54
E05013651,Woodhouse (Barnet),19,Other ethnic group: Any other ethnic group,9,L14.1: Never worked,117
E05013651,Woodhouse (Barnet),19,Other ethnic group: Any other ethnic group,10,L14.2: Long-term unemployed,11
E05013651,Woodhouse (Barnet),19,Other ethnic group: Any other ethnic group,11,L15: Full-time students,84
