Electoral wards and divisions Code,Electoral wards and divisions,Ethnic group (20 categories) Code,Ethnic group (20 categories),National Statistics Socio-economic Classification (NS-SeC) (12 categories) Code,National Statistics Socio-economic Classification (NS-SeC) (12 categories),Observation
E05013754,Beddington,-8,Does not apply,-8,Does not apply,0
E05013754,Beddington,-8,Does not apply,1,L1 and L2: Large employers and higher managerial and administrative occupations,0
E05013754,Beddington,-8,Does not apply,2,L3: Higher professional occupations,0
E05013754,Beddington,-8,Does not apply,3,"L4, L5 and L6: Lower managerial, administrative and professional occupations",0
E05013754,Beddington,-8,Does not apply,4,L7: Intermediate occupations,0
E05013754,Beddington,-8,Does not apply,5,L8 and L9: Small employers and own account workers,0
E05013754,Beddington,-8,Does not apply,6,L10 and L11: Lower supervisory and technical occupations,0
E05013754,Beddington,-8,Does not apply,7,L12: Semi-routine occupations,0
E05013754,Beddington,-8,Does not apply,8,L13: Routine occupations,0
E05013754,Beddington,-8,Does not apply,9,L14.1: Never worked,0
E05013754,Beddington,-8,Does not apply,10,L14.2: Long-term unemployed,0
E05013754,Beddington,-8,Does not apply,11,L15: Full-time students,0
E05013754,Beddington,1,"Asian, Asian British or Asian Welsh: Bangladeshi",-8,Does not apply,25
E05013754,Beddington,1,"Asian, Asian British or Asian Welsh: Bangladeshi",1,L1 and L2: Large employers and higher managerial and administrative occupations,0
E05013754,Beddington,1,"Asian, Asian British or Asian Welsh: Bangladeshi",2,L3: Higher professional occupations,16
E05013754,Beddington,1,"Asian, Asian British or Asian Welsh: Bangladeshi",3,"L4, L5 and L6: Lower managerial, administrative and professional occupations",15
E05013754,Beddington,1,"Asian, Asian British or Asian Welsh: Bangladeshi",4,L7: Intermediate occupations,9
E05013754,Beddington,1,"Asian, Asian British or Asian Welsh: Bangladeshi",5,L8 and L9: Small employers and own account workers,9
E05013754,Beddington,1,"Asian, Asian British or Asian Welsh: Bangladeshi",6,L10 and L11: Lower supervisory and technical occupations,1
E05013754,Beddington,1,"Asian, Asian British or Asian Welsh: Bangladeshi",7,L12: Semi-routine occupations,10
E05013754,Beddington,1,"Asian, Asian British or Asian Welsh: Bangladeshi",8,L13: Routine occupations,1
E05013754,Beddington,1,"Asian, Asian British or Asian Welsh: Bangladeshi",9,L14.1: Never worked,8
E05013754,Beddington,1,"Asian, Asian British or Asian Welsh: Bangladeshi",10,L14.2: Long-term unemployed,0
E05013754,Beddington,1,"Asian, Asian British or Asian Welsh: Bangladeshi",11,L15: Full-time students,8
E05013754,Beddington,2,"Asian, Asian British or Asian Welsh: Chinese",-8,Does not apply,34
E05013754,Beddington,2,"Asian, Asian British or Asian Welsh: Chinese",1,L1 and L2: Large employers and higher managerial and administrative occupations,10
E05013754,Beddington,2,"Asian, Asian British or Asian Welsh: Chinese",2,L3: Higher professional occupations,25
E05013754,Beddington,2,"Asian, Asian British or Asian Welsh: Chinese",3,"L4, L5 and L6: Lower managerial, administrative and professional occupations",28
E05013754,Beddington,2,"Asian, Asian British or Asian Welsh: Chinese",4,L7: Intermediate occupations,16
E05013754,Beddington,2,"Asian, Asian British or Asian Welsh: Chinese",5,L8 and L9: Small employers and own account workers,13
E05013754,Beddington,2,"Asian, Asian British or Asian Welsh: Chinese",6,L10 and L11: Lower supervisory and technical occupations,9
E05013754,Beddington,2,"Asian, Asian British or Asian Welsh: Chinese",7,L12: Semi-routine occupations,11
E05013754,Beddington,2,"Asian, Asian British or Asian Welsh: Chinese",8,L13: Routine occupations,11
E05013754,Beddington,2,"Asian, Asian British or Asian Welsh: Chinese",9,L14.1: Never worked,6
E05013754,Beddington,2,"Asian, Asian British or Asian Welsh: Chinese",10,L14.2: Long-term unemployed,0
E05013754,Beddington,2,"Asian, Asian British or Asian Welsh: Chinese",11,L15: Full-time students,11
E05013754,Beddington,3,"Asian, Asian British or Asian Welsh: Indian",-8,Does not apply,177
E05013754,Beddington,3,"Asian, Asian British or Asian Welsh: Indian",1,L1 and L2: Large employers and higher managerial and administrative occupations,36
E05013754,Beddington,3,"Asian, Asian British or Asian Welsh: Indian",2,L3: Higher professional occupations,112
E05013754,Beddington,3,"Asian, Asian British or Asian Welsh: Indian",3,"L4, L5 and L6: Lower managerial, administrative and professional occupations",146
E05013754,Beddington,3,"Asian, Asian British or Asian Welsh: Indian",4,L7: Intermediate occupations,72
E05013754,Beddington,3,"Asian, Asian British or Asian Welsh: Indian",5,L8 and L9: Small employers and own account workers,54
E05013754,Beddington,3,"Asian, Asian British or Asian Welsh: Indian",6,L10 and L11: Lower supervisory and technical occupations,16
E05013754,Beddington,3,"Asian, Asian British or Asian Welsh: Indian",7,L12: Semi-routine occupations,47
E05013754,Beddington,3,"Asian, Asian British or Asian Welsh: Indian",8,L13: Routine occupations,22
E05013754,Beddington,3,"Asian, Asian British or Asian Welsh: Indian",9,L14.1: Never worked,40
E05013754,Beddington,3,"Asian, Asian British or Asian Welsh: Indian",10,L14.2: Long-term unemployed,5
E05013754,Beddington,3,"Asian, Asian British or Asian Welsh: Indian",11,L15: Full-time students,41
E05013754,Beddington,4,"Asian, Asian British or Asian Welsh: Pakistani",-8,Does not apply,98
E05013754,Beddington,4,"Asian, Asian British or Asian Welsh: Pakistani",1,L1 and L2: Large employers and higher managerial and administrative occupations,12
E05013754,Beddington,4,"Asian, Asian British or Asian Welsh: Pakistani",2,L3: Higher professional occupations,35
E05013754,Beddington,4,"Asian, Asian British or Asian Welsh: Pakistani",3,"L4, L5 and L6: Lower managerial, administrative and professional occupations",52
E05013754,Beddington,4,"Asian, Asian British or Asian Welsh: Pakistani",4,L7: Intermediate occupations,25
E05013754,Beddington,4,"Asian, Asian British or Asian Welsh: Pakistani",5,L8 and L9: Small employers and own account workers,26
E05013754,Beddington,4,"Asian, Asian British or Asian Welsh: Pakistani",6,L10 and L11: Lower supervisory and technical occupations,4
E05013754,Beddington,4,"Asian, Asian British or Asian Welsh: Pakistani",7,L12: Semi-routine occupations,16
E05013754,Beddington,4,"Asian, Asian British or Asian Welsh: Pakistani",8,L13: Routine occupations,10
E05013754,Beddington,4,"Asian, Asian British or Asian Welsh: Pakistani",9,L14.1: Never worked,25
E05013754,Beddington,4,"Asian, Asian British or Asian Welsh: Pakistani",10,L14.2: Long-term unemployed,1
E05013754,Beddington,4,"Asian, Asian British or Asian Welsh: Pakistani",11,L15: Full-time students,44
E05013754,Beddington,5,"Asian, Asian British or Asian Welsh: Other Asian",-8,Does not apply,171
E05013754,Beddington,5,"Asian, Asian British or Asian Welsh: Other Asian",1,L1 and L2: Large employers and higher managerial and administrative occupations,19
E05013754,Beddington,5,"Asian, Asian British or Asian Welsh: Other Asian",2,L3: Higher professional occupations,59
E05013754,Beddington,5,"Asian, Asian British or Asian Welsh: Other Asian",3,"L4, L5 and L6: Lower managerial, administrative and professional occupations",101
E05013754,Beddington,5,"Asian, Asian British or Asian Welsh: Other Asian",4,L7: Intermediate occupations,49
E05013754,Beddington,5,"Asian, Asian British or Asian Welsh: Other Asian",5,L8 and L9: Small employers and own account workers,64
E05013754,Beddington,5,"Asian, Asian British or Asian Welsh: Other Asian",6,L10 and L11: Lower supervisory and technical occupations,17
E05013754,Beddington,5,"Asian, Asian British or Asian Welsh: Other Asian",7,L12: Semi-routine occupations,96
E05013754,Beddington,5,"Asian, Asian British or Asian Welsh: Other Asian",8,L13: Routine occupations,40
E05013754,Beddington,5,"Asian, Asian British or Asian Welsh: Other Asian",9,L14.1: Never worked,58
E05013754,Beddington,5,"Asian, Asian British or Asian Welsh: Other Asian",10,L14.2: Long-term unemployed,11
E05013754,Beddington,5,"Asian, Asian British or Asian Welsh: Other Asian",11,L15: Full-time students,97
E05013754,Beddington,6,"Black, Black British, Black Welsh, Caribbean or African: African",-8,Does not apply,124
E05013754,Beddington,6,"Black, Black British, Black Welsh, Caribbean or African: African",1,L1 and L2: Large employers and higher managerial and administrative occupations,17
E05013754,Beddington,6,"Black, Black British, Black Welsh, Caribbean or African: African",2,L3: Higher professional occupations,60
E05013754,Beddington,6,"Black, Black British, Black Welsh, Caribbean or African: African",3,"L4, L5 and L6: Lower managerial, administrative and professional occupations",100
E05013754,Beddington,6,"Black, Black British, Black Welsh, Caribbean or African: African",4,L7: Intermediate occupations,57
E05013754,Beddington,6,"Black, Black British, Black Welsh, Caribbean or African: African",5,L8 and L9: Small employers and own account workers,29
E05013754,Beddington,6,"Black, Black British, Black Welsh, Caribbean or African: African",6,L10 and L11: Lower supervisory and technical occupations,14
E05013754,Beddington,6,"Black, Black British, Black Welsh, Caribbean or African: African",7,L12: Semi-routine occupations,35
E05013754,Beddington,6,"Black, Black British, Black Welsh, Caribbean or African: African",8,L13: Routine occupations,19
E05013754,Beddington,6,"Black, Black British, Black Welsh, Caribbean or African: African",9,L14.1: Never worked,12
E05013754,Beddington,6,"Black, Black British, Black Welsh, Caribbean or African: African",10,L14.2: Long-term unemployed,2
E05013754,Beddington,6,"Black, Black British, Black Welsh, Caribbean or African: African",11,L15: Full-time students,33
E05013754,Beddington,7,"Black, Black British, Black Welsh, Caribbean or African: Caribbean",-8,Does not apply,69
E05013754,Beddington,7,"Black, Black British, Black Welsh, Caribbean or African: Caribbean",1,L1 and L2: Large employers and higher managerial and administrative occupations,16
E05013754,Beddington,7,"Black, Black British, Black Welsh, Caribbean or African: Caribbean",2,L3: Higher professional occupations,31
E05013754,Beddington,7,"Black, Black British, Black Welsh, Caribbean or African: Caribbean",3,"L4, L5 and L6: Lower managerial, administrative and professional occupations",101
E05013754,Beddington,7,"Black, Black British, Black Welsh, Caribbean or African: Caribbean",4,L7: Intermediate occupations,56
E05013754,Beddington,7,"Black, Black British, Black Welsh, Caribbean or African: Caribbean",5,L8 and L9: Small employers and own account workers,25
E05013754,Beddington,7,"Black, Black British, Black Welsh, Caribbean or African: Caribbean",6,L10 and L11: Lower supervisory and technical occupations,12
E05013754,Beddington,7,"Black, Black British, Black Welsh, Caribbean or African: Caribbean",7,L12: Semi-routine occupations,37
E05013754,Beddington,7,"Black, Black British, Black Welsh, Caribbean or African: Caribbean",8,L13: Routine occupations,14
E05013754,Beddington,7,"Black, Black British, Black Welsh, Caribbean or African: Caribbean",9,L14.1: Never worked,14
E05013754,Beddington,7,"Black, Black British, Black Welsh, Caribbean or African: Caribbean",10,L14.2: Long-term unemployed,4
E05013754,Beddington,7,"Black, Black British, Black Welsh, Caribbean or African: Caribbean",11,L15: Full-time students,19
E05013754,Beddington,8,"Black, Black British, Black Welsh, Caribbean or African: Other Black",-8,Does not apply,34
E05013754,Beddington,8,"Black, Black British, Black Welsh, Caribbean or African: Other Black",1,L1 and L2: Large employers and higher managerial and administrative occupations,1
E05013754,Beddington,8,"Black, Black British, Black Welsh, Caribbean or African: Other Black",2,L3: Higher professional occupations,12
E05013754,Beddington,8,"Black, Black British, Black Welsh, Caribbean or African: Other Black",3,"L4, L5 and L6: Lower managerial, administrative and professional occupations",18
E05013754,Beddington,8,"Black, Black British, Black Welsh, Caribbean or African: Other Black",4,L7: Intermediate occupations,9
E05013754,Beddington,8,"Black, Black British, Black Welsh, Caribbean or African: Other Black",5,L8 and L9: Small employers and own account workers,5
E05013754,Beddington,8,"Black, Black British, Black Welsh, Caribbean or African: Other Black",6,L10 and L11: Lower supervisory and technical occupations,1
E05013754,Beddington,8,"Black, Black British, Black Welsh, Caribbean or African: Other Black",7,L12: Semi-routine occupations,4
E05013754,Beddington,8,"Black, Black British, Black Welsh, Caribbean or African: Other Black",8,L13: Routine occupations,4
E05013754,Beddington,8,"Black, Black British, Black Welsh, Caribbean or African: Other Black",9,L14.1: Never worked,4
E05013754,Beddington,8,"Black, Black British, Black Welsh, Caribbean or African: Other Black",10,L14.2: Long-term unemployed,1
E05013754,Beddington,8,"Black, Black British, Black Welsh, Caribbean or African: Other Black",11,L15: Full-time students,12
E05013754,Beddington,9,Mixed or Multiple ethnic groups: White and Asian,-8,Does not apply,56
E05013754,Beddington,9,Mixed or Multiple ethnic groups: White and Asian,1,L1 and L2: Large employers and higher managerial and administrative occupations,2
E05013754,Beddington,9,Mixed or Multiple ethnic groups: White and Asian,2,L3: Higher professional occupations,11
E05013754,Beddington,9,Mixed or Multiple ethnic groups: White and Asian,3,"L4, L5 and L6: Lower managerial, administrative and professional occupations",20
E05013754,Beddington,9,Mixed or Multiple ethnic groups: White and Asian,4,L7: Intermediate occupations,6
E05013754,Beddington,9,Mixed or Multiple ethnic groups: White and Asian,5,L8 and L9: Small employers and own account workers,9
E05013754,Beddington,9,Mixed or Multiple ethnic groups: White and Asian,6,L10 and L11: Lower supervisory and technical occupations,6
E05013754,Beddington,9,Mixed or Multiple ethnic groups: White and Asian,7,L12: Semi-routine occupations,2
E05013754,Beddington,9,Mixed or Multiple ethnic groups: White and Asian,8,L13: Routine occupations,5
E05013754,Beddington,9,Mixed or Multiple ethnic groups: White and Asian,9,L14.1: Never worked,3
E05013754,Beddington,9,Mixed or Multiple ethnic groups: White and Asian,10,L14.2: Long-term unemployed,2
E05013754,Beddington,9,Mixed or Multiple ethnic groups: White and Asian,11,L15: Full-time students,15
E05013754,Beddington,10,Mixed or Multiple ethnic groups: White and Black African,-8,Does not apply,30
E05013754,Beddington,10,Mixed or Multiple ethnic groups: White and Black African,1,L1 and L2: Large employers and higher managerial and administrative occupations,0
E05013754,Beddington,10,Mixed or Multiple ethnic groups: White and Black African,2,L3: Higher professional occupations,6
E05013754,Beddington,10,Mixed or Multiple ethnic groups: White and Black African,3,"L4, L5 and L6: Lower managerial, administrative and professional occupations",9
E05013754,Beddington,10,Mixed or Multiple ethnic groups: White and Black African,4,L7: Intermediate occupations,6
E05013754,Beddington,10,Mixed or Multiple ethnic groups: White and Black African,5,L8 and L9: Small employers and own account workers,3
E05013754,Beddington,10,Mixed or Multiple ethnic groups: White and Black African,6,L10 and L11: Lower supervisory and technical occupations,3
E05013754,Beddington,10,Mixed or Multiple ethnic groups: White and Black African,7,L12: Semi-routine occupations,8
E05013754,Beddington,10,Mixed or Multiple ethnic groups: White and Black African,8,L13: Routine occupations,2
E05013754,Beddington,10,Mixed or Multiple ethnic groups: White and Black African,9,L14.1: Never worked,2
E05013754,Beddington,10,Mixed or Multiple ethnic groups: White and Black African,10,L14.2: Long-term unemployed,0
E05013754,Beddington,10,Mixed or Multiple ethnic groups: White and Black African,11,L15: Full-time students,5
E05013754,Beddington,11,Mixed or Multiple ethnic groups: White and Black Caribbean,-8,Does not apply,91
E05013754,Beddington,11,Mixed or Multiple ethnic groups: White and Black Caribbean,1,L1 and L2: Large employers and higher managerial and administrative occupations,5
E05013754,Beddington,11,Mixed or Multiple ethnic groups: White and Black Caribbean,2,L3: Higher professional occupations,7
E05013754,Beddington,11,Mixed or Multiple ethnic groups: White and Black Caribbean,3,"L4, L5 and L6: Lower managerial, administrative and professional occupations",16
E05013754,Beddington,11,Mixed or Multiple ethnic groups: White and Black Caribbean,4,L7: Intermediate occupations,17
E05013754,Beddington,11,Mixed or Multiple ethnic groups: White and Black Caribbean,5,L8 and L9: Small employers and own account workers,7
E05013754,Beddington,11,Mixed or Multiple ethnic groups: White and Black Caribbean,6,L10 and L11: Lower supervisory and technical occupations,5
E05013754,Beddington,11,Mixed or Multiple ethnic groups: White and Black Caribbean,7,L12: Semi-routine occupations,4
E05013754,Beddington,11,Mixed or Multiple ethnic groups: White and Black Caribbean,8,L13: Routine occupations,7
E05013754,Beddington,11,Mixed or Multiple ethnic groups: White and Black Caribbean,9,L14.1: Never worked,5
E05013754,Beddington,11,Mixed or Multiple ethnic groups: White and Black Caribbean,10,L14.2: Long-term unemployed,0
E05013754,Beddington,11,Mixed or Multiple ethnic groups: White and Black Caribbean,11,L15: Full-time students,8
E05013754,Beddington,12,Mixed or Multiple ethnic groups: Other Mixed or Multiple ethnic groups,-8,Does not apply,71
E05013754,Beddington,12,Mixed or Multiple ethnic groups: Other Mixed or Multiple ethnic groups,1,L1 and L2: Large employers and higher managerial and administrative occupations,3
E05013754,Beddington,12,Mixed or Multiple ethnic groups: Other Mixed or Multiple ethnic groups,2,L3: Higher professional occupations,7
E05013754,Beddington,12,Mixed or Multiple ethnic groups: Other Mixed or Multiple ethnic groups,3,"L4, L5 and L6: Lower managerial, administrative and professional occupations",26
E05013754,Beddington,12,Mixed or Multiple ethnic groups: Other Mixed or Multiple ethnic groups,4,L7: Intermediate occupations,7
E05013754,Beddington,12,Mixed or Multiple ethnic groups: Other Mixed or Multiple ethnic groups,5,L8 and L9: Small employers and own account workers,4
E05013754,Beddington,12,Mixed or Multiple ethnic groups: Other Mixed or Multiple ethnic groups,6,L10 and L11: Lower supervisory and technical occupations,1
E05013754,Beddington,12,Mixed or Multiple ethnic groups: Other Mixed or Multiple ethnic groups,7,L12: Semi-routine occupations,9
E05013754,Beddington,12,Mixed or Multiple ethnic groups: Other Mixed or Multiple ethnic groups,8,L13: Routine occupations,11
E05013754,Beddington,12,Mixed or Multiple ethnic groups: Other Mixed or Multiple ethnic groups,9,L14.1: Never worked,9
E05013754,Beddington,12,Mixed or Multiple ethnic groups: Other Mixed or Multiple ethnic groups,10,L14.2: Long-term unemployed,1
E05013754,Beddington,12,Mixed or Multiple ethnic groups: Other Mixed or Multiple ethnic groups,11,L15: Full-time students,11
E05013754,Beddington,13,"White: English, Welsh, Scottish, Northern Irish or British",-8,Does not apply,1072
E05013754,Beddington,13,"White: English, Welsh, Scottish, Northern Irish or British",1,L1 and L2: Large employers and higher managerial and administrative occupations,232
E05013754,Beddington,13,"White: English, Welsh, Scottish, Northern Irish or British",2,L3: Higher professional occupations,380
E05013754,Beddington,13,"White: English, Welsh, Scottish, Northern Irish or British",3,"L4, L5 and L6: Lower managerial, administrative and professional occupations",1126
E05013754,Beddington,13,"White: English, Welsh, Scottish, Northern Irish or British",4,L7: Intermediate occupations,951
E05013754,Beddington,13,"White: English, Welsh, Scottish, Northern Irish or British",5,L8 and L9: Small employers and own account workers,583
E05013754,Beddington,13,"White: English, Welsh, Scottish, Northern Irish or British",6,L10 and L11: Lower supervisory and technical occupations,298
E05013754,Beddington,13,"White: English, Welsh, Scottish, Northern Irish or British",7,L12: Semi-routine occupations,525
E05013754,Beddington,13,"White: English, Welsh, Scottish, Northern Irish or British",8,L13: Routine occupations,472
E05013754,Beddington,13,"White: English, Welsh, Scottish, Northern Irish or British",9,L14.1: Never worked,261
E05013754,Beddington,13,"White: English, Welsh, Scottish, Northern Irish or British",10,L14.2: Long-term unemployed,51
E05013754,Beddington,13,"White: English, Welsh, Scottish, Northern Irish or British",11,L15: Full-time students,246
E05013754,Beddington,14,White: Irish,-8,Does not apply,3
E05013754,Beddington,14,White: Irish,1,L1 and L2: Large employers and higher managerial and administrative occupations,3
E05013754,Beddington,14,White: Irish,2,L3: Higher professional occupations,9
E05013754,Beddington,14,White: Irish,3,"L4, L5 and L6: Lower managerial, administrative and professional occupations",31
E05013754,Beddington,14,White: Irish,4,L7: Intermediate occupations,17
E05013754,Beddington,14,White: Irish,5,L8 and L9: Small employers and own account workers,14
E05013754,Beddington,14,White: Irish,6,L10 and L11: Lower supervisory and technical occupations,9
E05013754,Beddington,14,White: Irish,7,L12: Semi-routine occupations,16
E05013754,Beddington,14,White: Irish,8,L13: Routine occupations,6
E05013754,Beddington,14,White: Irish,9,L14.1: Never worked,4
E05013754,Beddington,14,White: Irish,10,L14.2: Long-term unemployed,1
E05013754,Beddington,14,White: Irish,11,L15: Full-time students,0
E05013754,Beddington,15,White: Gypsy or Irish Traveller,-8,Does not apply,0
E05013754,Beddington,15,White: Gypsy or Irish Traveller,1,L1 and L2: Large employers and higher managerial and administrative occupations,1
E05013754,Beddington,15,White: Gypsy or Irish Traveller,2,L3: Higher professional occupations,0
E05013754,Beddington,15,White: Gypsy or Irish Traveller,3,"L4, L5 and L6: Lower managerial, administrative and professional occupations",0
E05013754,Beddington,15,White: Gypsy or Irish Traveller,4,L7: Intermediate occupations,0
E05013754,Beddington,15,White: Gypsy or Irish Traveller,5,L8 and L9: Small employers and own account workers,1
E05013754,Beddington,15,White: Gypsy or Irish Traveller,6,L10 and L11: Lower supervisory and technical occupations,0
E05013754,Beddington,15,White: Gypsy or Irish Traveller,7,L12: Semi-routine occupations,0
E05013754,Beddington,15,White: Gypsy or Irish Traveller,8,L13: Routine occupations,0
E05013754,Beddington,15,White: Gypsy or Irish Traveller,9,L14.1: Never worked,0
E05013754,Beddington,15,White: Gypsy or Irish Traveller,10,L14.2: Long-term unemployed,0
E05013754,Beddington,15,White: Gypsy or Irish Traveller,11,L15: Full-time students,0
E05013754,Beddington,16,White: Roma,-8,Does not apply,1
E05013754,Beddington,16,White: Roma,1,L1 and L2: Large employers and higher managerial and administrative occupations,0
E05013754,Beddington,16,White: Roma,2,L3: Higher professional occupations,0
E05013754,Beddington,16,White: Roma,3,"L4, L5 and L6: Lower managerial, administrative and professional occupations",6
E05013754,Beddington,16,White: Roma,4,L7: Intermediate occupations,0
E05013754,Beddington,16,White: Roma,5,L8 and L9: Small employers and own account workers,1
E05013754,Beddington,16,White: Roma,6,L10 and L11: Lower supervisory and technical occupations,1
E05013754,Beddington,16,White: Roma,7,L12: Semi-routine occupations,1
E05013754,Beddington,16,White: Roma,8,L13: Routine occupations,1
E05013754,Beddington,16,White: Roma,9,L14.1: Never worked,0
E05013754,Beddington,16,White: Roma,10,L14.2: Long-term unemployed,0
E05013754,Beddington,16,White: Roma,11,L15: Full-time students,1
E05013754,Beddington,17,White: Other White,-8,Does not apply,105
E05013754,Beddington,17,White: Other White,1,L1 and L2: Large employers and higher managerial and administrative occupations,19
E05013754,Beddington,17,White: Other White,2,L3: Higher professional occupations,54
E05013754,Beddington,17,White: Other White,3,"L4, L5 and L6: Lower managerial, administrative and professional occupations",104
E05013754,Beddington,17,White: Other White,4,L7: Intermediate occupations,41
E05013754,Beddington,17,White: Other White,5,L8 and L9: Small employers and own account workers,131
E05013754,Beddington,17,White: Other White,6,L10 and L11: Lower supervisory and technical occupations,28
E05013754,Beddington,17,White: Other White,7,L12: Semi-routine occupations,35
E05013754,Beddington,17,White: Other White,8,L13: Routine occupations,62
E05013754,Beddington,17,White: Other White,9,L14.1: Never worked,13
E05013754,Beddington,17,White: Other White,10,L14.2: Long-term unemployed,10
E05013754,Beddington,17,White: Other White,11,L15: Full-time students,19
E05013754,Beddington,18,Other ethnic group: Arab,-8,Does not apply,8
E05013754,Beddington,18,Other ethnic group: Arab,1,L1 and L2: Large employers and higher managerial and administrative occupations,1
E05013754,Beddington,18,Other ethnic group: Arab,2,L3: Higher professional occupations,4
E05013754,Beddington,18,Other ethnic group: Arab,3,"L4, L5 and L6: Lower managerial, administrative and professional occupations",4
E05013754,Beddington,18,Other ethnic group: Arab,4,L7: Intermediate occupations,1
E05013754,Beddington,18,Other ethnic group: Arab,5,L8 and L9: Small employers and own account workers,6
E05013754,Beddington,18,Other ethnic group: Arab,6,L10 and L11: Lower supervisory and technical occupations,2
E05013754,Beddington,18,Other ethnic group: Arab,7,L12: Semi-routine occupations,3
E05013754,Beddington,18,Other ethnic group: Arab,8,L13: Routine occupations,0
E05013754,Beddington,18,Other ethnic group: Arab,9,L14.1: Never worked,4
E05013754,Beddington,18,Other ethnic group: Arab,10,L14.2: Long-term unemployed,1
E05013754,Beddington,18,Other ethnic group: Arab,11,L15: Full-time students,5
E05013754,Beddington,19,Other ethnic group: Any other ethnic group,-8,Does not apply,68
E05013754,Beddington,19,Other ethnic group: Any other ethnic group,1,L1 and L2: Large employers and higher managerial and administrative occupations,7
E05013754,Beddington,19,Other ethnic group: Any other ethnic group,2,L3: Higher professional occupations,32
E05013754,Beddington,19,Other ethnic group: Any other ethnic group,3,"L4, L5 and L6: Lower managerial, administrative and professional occupations",41
E05013754,Beddington,19,Other ethnic group: Any other ethnic group,4,L7: Intermediate occupations,33
E05013754,Beddington,19,Other ethnic group: Any other ethnic group,5,L8 and L9: Small employers and own account workers,39
E05013754,Beddington,19,Other ethnic group: Any other ethnic group,6,L10 and L11: Lower supervisory and technical occupations,14
E05013754,Beddington,19,Other ethnic group: Any other ethnic group,7,L12: Semi-routine occupations,34
E05013754,Beddington,19,Other ethnic group: Any other ethnic group,8,L13: Routine occupations,21
E05013754,Beddington,19,Other ethnic group: Any other ethnic group,9,L14.1: Never worked,33
E05013754,Beddington,19,Other ethnic group: Any other ethnic group,10,L14.2: Long-term unemployed,3
E05013754,Beddington,19,Other ethnic group: Any other ethnic group,11,L15: Full-time students,27
E05013755,Belmont (Sutton),-8,Does not apply,-8,Does not apply,0
E05013755,Belmont (Sutton),-8,Does not apply,1,L1 and L2: Large employers and higher managerial and administrative occupations,0
E05013755,Belmont (Sutton),-8,Does not apply,2,L3: Higher professional occupations,0
E05013755,Belmont (Sutton),-8,Does not apply,3,"L4, L5 and L6: Lower managerial, administrative and professional occupations",0
E05013755,Belmont (Sutton),-8,Does not apply,4,L7: Intermediate occupations,0
E05013755,Belmont (Sutton),-8,Does not apply,5,L8 and L9: Small employers and own account workers,0
E05013755,Belmont (Sutton),-8,Does not apply,6,L10 and L11: Lower supervisory and technical occupations,0
E05013755,Belmont (Sutton),-8,Does not apply,7,L12: Semi-routine occupations,0
E05013755,Belmont (Sutton),-8,Does not apply,8,L13: Routine occupations,0
E05013755,Belmont (Sutton),-8,Does not apply,9,L14.1: Never worked,0
E05013755,Belmont (Sutton),-8,Does not apply,10,L14.2: Long-term unemployed,0
E05013755,Belmont (Sutton),-8,Does not apply,11,L15: Full-time students,0
E05013755,Belmont (Sutton),1,"Asian, Asian British or Asian Welsh: Bangladeshi",-8,Does not apply,45
E05013755,Belmont (Sutton),1,"Asian, Asian British or Asian Welsh: Bangladeshi",1,L1 and L2: Large employers and higher managerial and administrative occupations,4
E05013755,Belmont (Sutton),1,"Asian, Asian British or Asian Welsh: Bangladeshi",2,L3: Higher professional occupations,22
E05013755,Belmont (Sutton),1,"Asian, Asian British or Asian Welsh: Bangladeshi",3,"L4, L5 and L6: Lower managerial, administrative and professional occupations",14
E05013755,Belmont (Sutton),1,"Asian, Asian British or Asian Welsh: Bangladeshi",4,L7: Intermediate occupations,9
E05013755,Belmont (Sutton),1,"Asian, Asian British or Asian Welsh: Bangladeshi",5,L8 and L9: Small employers and own account workers,11
E05013755,Belmont (Sutton),1,"Asian, Asian British or Asian Welsh: Bangladeshi",6,L10 and L11: Lower supervisory and technical occupations,1
E05013755,Belmont (Sutton),1,"Asian, Asian British or Asian Welsh: Bangladeshi",7,L12: Semi-routine occupations,11
E05013755,Belmont (Sutton),1,"Asian, Asian British or Asian Welsh: Bangladeshi",8,L13: Routine occupations,2
E05013755,Belmont (Sutton),1,"Asian, Asian British or Asian Welsh: Bangladeshi",9,L14.1: Never worked,17
E05013755,Belmont (Sutton),1,"Asian, Asian British or Asian Welsh: Bangladeshi",10,L14.2: Long-term unemployed,3
E05013755,Belmont (Sutton),1,"Asian, Asian British or Asian Welsh: Bangladeshi",11,L15: Full-time students,15
E05013755,Belmont (Sutton),2,"Asian, Asian British or Asian Welsh: Chinese",-8,Does not apply,72
E05013755,Belmont (Sutton),2,"Asian, Asian British or Asian Welsh: Chinese",1,L1 and L2: Large employers and higher managerial and administrative occupations,15
E05013755,Belmont (Sutton),2,"Asian, Asian British or Asian Welsh: Chinese",2,L3: Higher professional occupations,49
E05013755,Belmont (Sutton),2,"Asian, Asian British or Asian Welsh: Chinese",3,"L4, L5 and L6: Lower managerial, administrative and professional occupations",42
E05013755,Belmont (Sutton),2,"Asian, Asian British or Asian Welsh: Chinese",4,L7: Intermediate occupations,12
E05013755,Belmont (Sutton),2,"Asian, Asian British or Asian Welsh: Chinese",5,L8 and L9: Small employers and own account workers,10
E05013755,Belmont (Sutton),2,"Asian, Asian British or Asian Welsh: Chinese",6,L10 and L11: Lower supervisory and technical occupations,6
E05013755,Belmont (Sutton),2,"Asian, Asian British or Asian Welsh: Chinese",7,L12: Semi-routine occupations,9
E05013755,Belmont (Sutton),2,"Asian, Asian British or Asian Welsh: Chinese",8,L13: Routine occupations,15
E05013755,Belmont (Sutton),2,"Asian, Asian British or Asian Welsh: Chinese",9,L14.1: Never worked,11
E05013755,Belmont (Sutton),2,"Asian, Asian British or Asian Welsh: Chinese",10,L14.2: Long-term unemployed,2
E05013755,Belmont (Sutton),2,"Asian, Asian British or Asian Welsh: Chinese",11,L15: Full-time students,9
E05013755,Belmont (Sutton),3,"Asian, Asian British or Asian Welsh: Indian",-8,Does not apply,351
E05013755,Belmont (Sutton),3,"Asian, Asian British or Asian Welsh: Indian",1,L1 and L2: Large employers and higher managerial and administrative occupations,75
E05013755,Belmont (Sutton),3,"Asian, Asian British or Asian Welsh: Indian",2,L3: Higher professional occupations,255
E05013755,Belmont (Sutton),3,"Asian, Asian British or Asian Welsh: Indian",3,"L4, L5 and L6: Lower managerial, administrative and professional occupations",180
E05013755,Belmont (Sutton),3,"Asian, Asian British or Asian Welsh: Indian",4,L7: Intermediate occupations,74
E05013755,Belmont (Sutton),3,"Asian, Asian British or Asian Welsh: Indian",5,L8 and L9: Small employers and own account workers,75
E05013755,Belmont (Sutton),3,"Asian, Asian British or Asian Welsh: Indian",6,L10 and L11: Lower supervisory and technical occupations,10
E05013755,Belmont (Sutton),3,"Asian, Asian British or Asian Welsh: Indian",7,L12: Semi-routine occupations,27
E05013755,Belmont (Sutton),3,"Asian, Asian British or Asian Welsh: Indian",8,L13: Routine occupations,15
E05013755,Belmont (Sutton),3,"Asian, Asian British or Asian Welsh: Indian",9,L14.1: Never worked,46
E05013755,Belmont (Sutton),3,"Asian, Asian British or Asian Welsh: Indian",10,L14.2: Long-term unemployed,12
E05013755,Belmont (Sutton),3,"Asian, Asian British or Asian Welsh: Indian",11,L15: Full-time students,53
E05013755,Belmont (Sutton),4,"Asian, Asian British or Asian Welsh: Pakistani",-8,Does not apply,154
E05013755,Belmont (Sutton),4,"Asian, Asian British or Asian Welsh: Pakistani",1,L1 and L2: Large employers and higher managerial and administrative occupations,23
E05013755,Belmont (Sutton),4,"Asian, Asian British or Asian Welsh: Pakistani",2,L3: Higher professional occupations,65
E05013755,Belmont (Sutton),4,"Asian, Asian British or Asian Welsh: Pakistani",3,"L4, L5 and L6: Lower managerial, administrative and professional occupations",45
E05013755,Belmont (Sutton),4,"Asian, Asian British or Asian Welsh: Pakistani",4,L7: Intermediate occupations,26
E05013755,Belmont (Sutton),4,"Asian, Asian British or Asian Welsh: Pakistani",5,L8 and L9: Small employers and own account workers,33
E05013755,Belmont (Sutton),4,"Asian, Asian British or Asian Welsh: Pakistani",6,L10 and L11: Lower supervisory and technical occupations,9
E05013755,Belmont (Sutton),4,"Asian, Asian British or Asian Welsh: Pakistani",7,L12: Semi-routine occupations,19
E05013755,Belmont (Sutton),4,"Asian, Asian British or Asian Welsh: Pakistani",8,L13: Routine occupations,6
E05013755,Belmont (Sutton),4,"Asian, Asian British or Asian Welsh: Pakistani",9,L14.1: Never worked,49
E05013755,Belmont (Sutton),4,"Asian, Asian British or Asian Welsh: Pakistani",10,L14.2: Long-term unemployed,3
E05013755,Belmont (Sutton),4,"Asian, Asian British or Asian Welsh: Pakistani",11,L15: Full-time students,36
E05013755,Belmont (Sutton),5,"Asian, Asian British or Asian Welsh: Other Asian",-8,Does not apply,141
E05013755,Belmont (Sutton),5,"Asian, Asian British or Asian Welsh: Other Asian",1,L1 and L2: Large employers and higher managerial and administrative occupations,20
E05013755,Belmont (Sutton),5,"Asian, Asian British or Asian Welsh: Other Asian",2,L3: Higher professional occupations,79
E05013755,Belmont (Sutton),5,"Asian, Asian British or Asian Welsh: Other Asian",3,"L4, L5 and L6: Lower managerial, administrative and professional occupations",102
E05013755,Belmont (Sutton),5,"Asian, Asian British or Asian Welsh: Other Asian",4,L7: Intermediate occupations,44
E05013755,Belmont (Sutton),5,"Asian, Asian British or Asian Welsh: Other Asian",5,L8 and L9: Small employers and own account workers,41
E05013755,Belmont (Sutton),5,"Asian, Asian British or Asian Welsh: Other Asian",6,L10 and L11: Lower supervisory and technical occupations,9
E05013755,Belmont (Sutton),5,"Asian, Asian British or Asian Welsh: Other Asian",7,L12: Semi-routine occupations,51
E05013755,Belmont (Sutton),5,"Asian, Asian British or Asian Welsh: Other Asian",8,L13: Routine occupations,26
E05013755,Belmont (Sutton),5,"Asian, Asian British or Asian Welsh: Other Asian",9,L14.1: Never worked,37
E05013755,Belmont (Sutton),5,"Asian, Asian British or Asian Welsh: Other Asian",10,L14.2: Long-term unemployed,3
E05013755,Belmont (Sutton),5,"Asian, Asian British or Asian Welsh: Other Asian",11,L15: Full-time students,46
E05013755,Belmont (Sutton),6,"Black, Black British, Black Welsh, Caribbean or African: African",-8,Does not apply,94
E05013755,Belmont (Sutton),6,"Black, Black British, Black Welsh, Caribbean or African: African",1,L1 and L2: Large employers and higher managerial and administrative occupations,13
E05013755,Belmont (Sutton),6,"Black, Black British, Black Welsh, Caribbean or African: African",2,L3: Higher professional occupations,32
E05013755,Belmont (Sutton),6,"Black, Black British, Black Welsh, Caribbean or African: African",3,"L4, L5 and L6: Lower managerial, administrative and professional occupations",66
E05013755,Belmont (Sutton),6,"Black, Black British, Black Welsh, Caribbean or African: African",4,L7: Intermediate occupations,16
E05013755,Belmont (Sutton),6,"Black, Black British, Black Welsh, Caribbean or African: African",5,L8 and L9: Small employers and own account workers,17
E05013755,Belmont (Sutton),6,"Black, Black British, Black Welsh, Caribbean or African: African",6,L10 and L11: Lower supervisory and technical occupations,5
E05013755,Belmont (Sutton),6,"Black, Black British, Black Welsh, Caribbean or African: African",7,L12: Semi-routine occupations,39
E05013755,Belmont (Sutton),6,"Black, Black British, Black Welsh, Caribbean or African: African",8,L13: Routine occupations,14
E05013755,Belmont (Sutton),6,"Black, Black British, Black Welsh, Caribbean or African: African",9,L14.1: Never worked,16
E05013755,Belmont (Sutton),6,"Black, Black British, Black Welsh, Caribbean or African: African",10,L14.2: Long-term unemployed,10
E05013755,Belmont (Sutton),6,"Black, Black British, Black Welsh, Caribbean or African: African",11,L15: Full-time students,37
E05013755,Belmont (Sutton),7,"Black, Black British, Black Welsh, Caribbean or African: Caribbean",-8,Does not apply,11
E05013755,Belmont (Sutton),7,"Black, Black British, Black Welsh, Caribbean or African: Caribbean",1,L1 and L2: Large employers and higher managerial and administrative occupations,6
E05013755,Belmont (Sutton),7,"Black, Black British, Black Welsh, Caribbean or African: Caribbean",2,L3: Higher professional occupations,9
E05013755,Belmont (Sutton),7,"Black, Black British, Black Welsh, Caribbean or African: Caribbean",3,"L4, L5 and L6: Lower managerial, administrative and professional occupations",37
E05013755,Belmont (Sutton),7,"Black, Black British, Black Welsh, Caribbean or African: Caribbean",4,L7: Intermediate occupations,15
E05013755,Belmont (Sutton),7,"Black, Black British, Black Welsh, Caribbean or African: Caribbean",5,L8 and L9: Small employers and own account workers,12
E05013755,Belmont (Sutton),7,"Black, Black British, Black Welsh, Caribbean or African: Caribbean",6,L10 and L11: Lower supervisory and technical occupations,10
E05013755,Belmont (Sutton),7,"Black, Black British, Black Welsh, Caribbean or African: Caribbean",7,L12: Semi-routine occupations,10
E05013755,Belmont (Sutton),7,"Black, Black British, Black Welsh, Caribbean or African: Caribbean",8,L13: Routine occupations,10
E05013755,Belmont (Sutton),7,"Black, Black British, Black Welsh, Caribbean or African: Caribbean",9,L14.1: Never worked,19
E05013755,Belmont (Sutton),7,"Black, Black British, Black Welsh, Caribbean or African: Caribbean",10,L14.2: Long-term unemployed,0
E05013755,Belmont (Sutton),7,"Black, Black British, Black Welsh, Caribbean or African: Caribbean",11,L15: Full-time students,6
E05013755,Belmont (Sutton),8,"Black, Black British, Black Welsh, Caribbean or African: Other Black",-8,Does not apply,29
E05013755,Belmont (Sutton),8,"Black, Black British, Black Welsh, Caribbean or African: Other Black",1,L1 and L2: Large employers and higher managerial and administrative occupations,0
E05013755,Belmont (Sutton),8,"Black, Black British, Black Welsh, Caribbean or African: Other Black",2,L3: Higher professional occupations,3
E05013755,Belmont (Sutton),8,"Black, Black British, Black Welsh, Caribbean or African: Other Black",3,"L4, L5 and L6: Lower managerial, administrative and professional occupations",8
E05013755,Belmont (Sutton),8,"Black, Black British, Black Welsh, Caribbean or African: Other Black",4,L7: Intermediate occupations,6
E05013755,Belmont (Sutton),8,"Black, Black British, Black Welsh, Caribbean or African: Other Black",5,L8 and L9: Small employers and own account workers,2
E05013755,Belmont (Sutton),8,"Black, Black British, Black Welsh, Caribbean or African: Other Black",6,L10 and L11: Lower supervisory and technical occupations,2
E05013755,Belmont (Sutton),8,"Black, Black British, Black Welsh, Caribbean or African: Other Black",7,L12: Semi-routine occupations,1
E05013755,Belmont (Sutton),8,"Black, Black British, Black Welsh, Caribbean or African: Other Black",8,L13: Routine occupations,2
E05013755,Belmont (Sutton),8,"Black, Black British, Black Welsh, Caribbean or African: Other Black",9,L14.1: Never worked,6
E05013755,Belmont (Sutton),8,"Black, Black British, Black Welsh, Caribbean or African: Other Black",10,L14.2: Long-term unemployed,0
E05013755,Belmont (Sutton),8,"Black, Black British, Black Welsh, Caribbean or African: Other Black",11,L15: Full-time students,4
E05013755,Belmont (Sutton),9,Mixed or Multiple ethnic groups: White and Asian,-8,Does not apply,100
E05013755,Belmont (Sutton),9,Mixed or Multiple ethnic groups: White and Asian,1,L1 and L2: Large employers and higher managerial and administrative occupations,4
E05013755,Belmont (Sutton),9,Mixed or Multiple ethnic groups: White and Asian,2,L3: Higher professional occupations,13
E05013755,Belmont (Sutton),9,Mixed or Multiple ethnic groups: White and Asian,3,"L4, L5 and L6: Lower managerial, administrative and professional occupations",29
E05013755,Belmont (Sutton),9,Mixed or Multiple ethnic groups: White and Asian,4,L7: Intermediate occupations,14
E05013755,Belmont (Sutton),9,Mixed or Multiple ethnic groups: White and Asian,5,L8 and L9: Small employers and own account workers,8
E05013755,Belmont (Sutton),9,Mixed or Multiple ethnic groups: White and Asian,6,L10 and L11: Lower supervisory and technical occupations,0
E05013755,Belmont (Sutton),9,Mixed or Multiple ethnic groups: White and Asian,7,L12: Semi-routine occupations,7
E05013755,Belmont (Sutton),9,Mixed or Multiple ethnic groups: White and Asian,8,L13: Routine occupations,3
E05013755,Belmont (Sutton),9,Mixed or Multiple ethnic groups: White and Asian,9,L14.1: Never worked,3
E05013755,Belmont (Sutton),9,Mixed or Multiple ethnic groups: White and Asian,10,L14.2: Long-term unemployed,2
E05013755,Belmont (Sutton),9,Mixed or Multiple ethnic groups: White and Asian,11,L15: Full-time students,24
E05013755,Belmont (Sutton),10,Mixed or Multiple ethnic groups: White and Black African,-8,Does not apply,31
E05013755,Belmont (Sutton),10,Mixed or Multiple ethnic groups: White and Black African,1,L1 and L2: Large employers and higher managerial and administrative occupations,1
E05013755,Belmont (Sutton),10,Mixed or Multiple ethnic groups: White and Black African,2,L3: Higher professional occupations,4
E05013755,Belmont (Sutton),10,Mixed or Multiple ethnic groups: White and Black African,3,"L4, L5 and L6: Lower managerial, administrative and professional occupations",5
E05013755,Belmont (Sutton),10,Mixed or Multiple ethnic groups: White and Black African,4,L7: Intermediate occupations,4
E05013755,Belmont (Sutton),10,Mixed or Multiple ethnic groups: White and Black African,5,L8 and L9: Small employers and own account workers,4
E05013755,Belmont (Sutton),10,Mixed or Multiple ethnic groups: White and Black African,6,L10 and L11: Lower supervisory and technical occupations,0
E05013755,Belmont (Sutton),10,Mixed or Multiple ethnic groups: White and Black African,7,L12: Semi-routine occupations,0
E05013755,Belmont (Sutton),10,Mixed or Multiple ethnic groups: White and Black African,8,L13: Routine occupations,2
E05013755,Belmont (Sutton),10,Mixed or Multiple ethnic groups: White and Black African,9,L14.1: Never worked,0
E05013755,Belmont (Sutton),10,Mixed or Multiple ethnic groups: White and Black African,10,L14.2: Long-term unemployed,1
E05013755,Belmont (Sutton),10,Mixed or Multiple ethnic groups: White and Black African,11,L15: Full-time students,3
E05013755,Belmont (Sutton),11,Mixed or Multiple ethnic groups: White and Black Caribbean,-8,Does not apply,56
E05013755,Belmont (Sutton),11,Mixed or Multiple ethnic groups: White and Black Caribbean,1,L1 and L2: Large employers and higher managerial and administrative occupations,4
E05013755,Belmont (Sutton),11,Mixed or Multiple ethnic groups: White and Black Caribbean,2,L3: Higher professional occupations,4
E05013755,Belmont (Sutton),11,Mixed or Multiple ethnic groups: White and Black Caribbean,3,"L4, L5 and L6: Lower managerial, administrative and professional occupations",15
E05013755,Belmont (Sutton),11,Mixed or Multiple ethnic groups: White and Black Caribbean,4,L7: Intermediate occupations,7
E05013755,Belmont (Sutton),11,Mixed or Multiple ethnic groups: White and Black Caribbean,5,L8 and L9: Small employers and own account workers,4
E05013755,Belmont (Sutton),11,Mixed or Multiple ethnic groups: White and Black Caribbean,6,L10 and L11: Lower supervisory and technical occupations,4
E05013755,Belmont (Sutton),11,Mixed or Multiple ethnic groups: White and Black Caribbean,7,L12: Semi-routine occupations,6
E05013755,Belmont (Sutton),11,Mixed or Multiple ethnic groups: White and Black Caribbean,8,L13: Routine occupations,11
E05013755,Belmont (Sutton),11,Mixed or Multiple ethnic groups: White and Black Caribbean,9,L14.1: Never worked,5
E05013755,Belmont (Sutton),11,Mixed or Multiple ethnic groups: White and Black Caribbean,10,L14.2: Long-term unemployed,2
E05013755,Belmont (Sutton),11,Mixed or Multiple ethnic groups: White and Black Caribbean,11,L15: Full-time students,7
E05013755,Belmont (Sutton),12,Mixed or Multiple ethnic groups: Other Mixed or Multiple ethnic groups,-8,Does not apply,79
E05013755,Belmont (Sutton),12,Mixed or Multiple ethnic groups: Other Mixed or Multiple ethnic groups,1,L1 and L2: Large employers and higher managerial and administrative occupations,5
E05013755,Belmont (Sutton),12,Mixed or Multiple ethnic groups: Other Mixed or Multiple ethnic groups,2,L3: Higher professional occupations,15
E05013755,Belmont (Sutton),12,Mixed or Multiple ethnic groups: Other Mixed or Multiple ethnic groups,3,"L4, L5 and L6: Lower managerial, administrative and professional occupations",25
E05013755,Belmont (Sutton),12,Mixed or Multiple ethnic groups: Other Mixed or Multiple ethnic groups,4,L7: Intermediate occupations,9
E05013755,Belmont (Sutton),12,Mixed or Multiple ethnic groups: Other Mixed or Multiple ethnic groups,5,L8 and L9: Small employers and own account workers,8
E05013755,Belmont (Sutton),12,Mixed or Multiple ethnic groups: Other Mixed or Multiple ethnic groups,6,L10 and L11: Lower supervisory and technical occupations,3
E05013755,Belmont (Sutton),12,Mixed or Multiple ethnic groups: Other Mixed or Multiple ethnic groups,7,L12: Semi-routine occupations,7
E05013755,Belmont (Sutton),12,Mixed or Multiple ethnic groups: Other Mixed or Multiple ethnic groups,8,L13: Routine occupations,6
E05013755,Belmont (Sutton),12,Mixed or Multiple ethnic groups: Other Mixed or Multiple ethnic groups,9,L14.1: Never worked,7
E05013755,Belmont (Sutton),12,Mixed or Multiple ethnic groups: Other Mixed or Multiple ethnic groups,10,L14.2: Long-term unemployed,2
E05013755,Belmont (Sutton),12,Mixed or Multiple ethnic groups: Other Mixed or Multiple ethnic groups,11,L15: Full-time students,4
E05013755,Belmont (Sutton),13,"White: English, Welsh, Scottish, Northern Irish or British",-8,Does not apply,959
E05013755,Belmont (Sutton),13,"White: English, Welsh, Scottish, Northern Irish or British",1,L1 and L2: Large employers and higher managerial and administrative occupations,389
E05013755,Belmont (Sutton),13,"White: English, Welsh, Scottish, Northern Irish or British",2,L3: Higher professional occupations,688
E05013755,Belmont (Sutton),13,"White: English, Welsh, Scottish, Northern Irish or British",3,"L4, L5 and L6: Lower managerial, administrative and professional occupations",1363
E05013755,Belmont (Sutton),13,"White: English, Welsh, Scottish, Northern Irish or British",4,L7: Intermediate occupations,773
E05013755,Belmont (Sutton),13,"White: English, Welsh, Scottish, Northern Irish or British",5,L8 and L9: Small employers and own account workers,583
E05013755,Belmont (Sutton),13,"White: English, Welsh, Scottish, Northern Irish or British",6,L10 and L11: Lower supervisory and technical occupations,192
E05013755,Belmont (Sutton),13,"White: English, Welsh, Scottish, Northern Irish or British",7,L12: Semi-routine occupations,450
E05013755,Belmont (Sutton),13,"White: English, Welsh, Scottish, Northern Irish or British",8,L13: Routine occupations,361
E05013755,Belmont (Sutton),13,"White: English, Welsh, Scottish, Northern Irish or British",9,L14.1: Never worked,301
E05013755,Belmont (Sutton),13,"White: English, Welsh, Scottish, Northern Irish or British",10,L14.2: Long-term unemployed,51
E05013755,Belmont (Sutton),13,"White: English, Welsh, Scottish, Northern Irish or British",11,L15: Full-time students,218
E05013755,Belmont (Sutton),14,White: Irish,-8,Does not apply,6
E05013755,Belmont (Sutton),14,White: Irish,1,L1 and L2: Large employers and higher managerial and administrative occupations,12
E05013755,Belmont (Sutton),14,White: Irish,2,L3: Higher professional occupations,23
E05013755,Belmont (Sutton),14,White: Irish,3,"L4, L5 and L6: Lower managerial, administrative and professional occupations",51
E05013755,Belmont (Sutton),14,White: Irish,4,L7: Intermediate occupations,13
E05013755,Belmont (Sutton),14,White: Irish,5,L8 and L9: Small employers and own account workers,14
E05013755,Belmont (Sutton),14,White: Irish,6,L10 and L11: Lower supervisory and technical occupations,6
E05013755,Belmont (Sutton),14,White: Irish,7,L12: Semi-routine occupations,14
E05013755,Belmont (Sutton),14,White: Irish,8,L13: Routine occupations,11
E05013755,Belmont (Sutton),14,White: Irish,9,L14.1: Never worked,7
E05013755,Belmont (Sutton),14,White: Irish,10,L14.2: Long-term unemployed,0
E05013755,Belmont (Sutton),14,White: Irish,11,L15: Full-time students,1
E05013755,Belmont (Sutton),15,White: Gypsy or Irish Traveller,-8,Does not apply,0
E05013755,Belmont (Sutton),15,White: Gypsy or Irish Traveller,1,L1 and L2: Large employers and higher managerial and administrative occupations,0
E05013755,Belmont (Sutton),15,White: Gypsy or Irish Traveller,2,L3: Higher professional occupations,0
E05013755,Belmont (Sutton),15,White: Gypsy or Irish Traveller,3,"L4, L5 and L6: Lower managerial, administrative and professional occupations",3
E05013755,Belmont (Sutton),15,White: Gypsy or Irish Traveller,4,L7: Intermediate occupations,0
E05013755,Belmont (Sutton),15,White: Gypsy or Irish Traveller,5,L8 and L9: Small employers and own account workers,1
E05013755,Belmont (Sutton),15,White: Gypsy or Irish Traveller,6,L10 and L11: Lower supervisory and technical occupations,1
E05013755,Belmont (Sutton),15,White: Gypsy or Irish Traveller,7,L12: Semi-routine occupations,0
E05013755,Belmont (Sutton),15,White: Gypsy or Irish Traveller,8,L13: Routine occupations,0
E05013755,Belmont (Sutton),15,White: Gypsy or Irish Traveller,9,L14.1: Never worked,0
E05013755,Belmont (Sutton),15,White: Gypsy or Irish Traveller,10,L14.2: Long-term unemployed,0
E05013755,Belmont (Sutton),15,White: Gypsy or Irish Traveller,11,L15: Full-time students,0
E05013755,Belmont (Sutton),16,White: Roma,-8,Does not apply,3
E05013755,Belmont (Sutton),16,White: Roma,1,L1 and L2: Large employers and higher managerial and administrative occupations,0
E05013755,Belmont (Sutton),16,White: Roma,2,L3: Higher professional occupations,1
E05013755,Belmont (Sutton),16,White: Roma,3,"L4, L5 and L6: Lower managerial, administrative and professional occupations",1
E05013755,Belmont (Sutton),16,White: Roma,4,L7: Intermediate occupations,1
E05013755,Belmont (Sutton),16,White: Roma,5,L8 and L9: Small employers and own account workers,7
E05013755,Belmont (Sutton),16,White: Roma,6,L10 and L11: Lower supervisory and technical occupations,0
E05013755,Belmont (Sutton),16,White: Roma,7,L12: Semi-routine occupations,2
E05013755,Belmont (Sutton),16,White: Roma,8,L13: Routine occupations,5
E05013755,Belmont (Sutton),16,White: Roma,9,L14.1: Never worked,2
E05013755,Belmont (Sutton),16,White: Roma,10,L14.2: Long-term unemployed,0
E05013755,Belmont (Sutton),16,White: Roma,11,L15: Full-time students,1
E05013755,Belmont (Sutton),17,White: Other White,-8,Does not apply,187
E05013755,Belmont (Sutton),17,White: Other White,1,L1 and L2: Large employers and higher managerial and administrative occupations,69
E05013755,Belmont (Sutton),17,White: Other White,2,L3: Higher professional occupations,129
E05013755,Belmont (Sutton),17,White: Other White,3,"L4, L5 and L6: Lower managerial, administrative and professional occupations",220
E05013755,Belmont (Sutton),17,White: Other White,4,L7: Intermediate occupations,103
E05013755,Belmont (Sutton),17,White: Other White,5,L8 and L9: Small employers and own account workers,197
E05013755,Belmont (Sutton),17,White: Other White,6,L10 and L11: Lower supervisory and technical occupations,45
E05013755,Belmont (Sutton),17,White: Other White,7,L12: Semi-routine occupations,72
E05013755,Belmont (Sutton),17,White: Other White,8,L13: Routine occupations,86
E05013755,Belmont (Sutton),17,White: Other White,9,L14.1: Never worked,38
E05013755,Belmont (Sutton),17,White: Other White,10,L14.2: Long-term unemployed,9
E05013755,Belmont (Sutton),17,White: Other White,11,L15: Full-time students,49
E05013755,Belmont (Sutton),18,Other ethnic group: Arab,-8,Does not apply,17
E05013755,Belmont (Sutton),18,Other ethnic group: Arab,1,L1 and L2: Large employers and higher managerial and administrative occupations,1
E05013755,Belmont (Sutton),18,Other ethnic group: Arab,2,L3: Higher professional occupations,15
E05013755,Belmont (Sutton),18,Other ethnic group: Arab,3,"L4, L5 and L6: Lower managerial, administrative and professional occupations",17
E05013755,Belmont (Sutton),18,Other ethnic group: Arab,4,L7: Intermediate occupations,7
E05013755,Belmont (Sutton),18,Other ethnic group: Arab,5,L8 and L9: Small employers and own account workers,6
E05013755,Belmont (Sutton),18,Other ethnic group: Arab,6,L10 and L11: Lower supervisory and technical occupations,10
E05013755,Belmont (Sutton),18,Other ethnic group: Arab,7,L12: Semi-routine occupations,4
E05013755,Belmont (Sutton),18,Other ethnic group: Arab,8,L13: Routine occupations,5
E05013755,Belmont (Sutton),18,Other ethnic group: Arab,9,L14.1: Never worked,8
E05013755,Belmont (Sutton),18,Other ethnic group: Arab,10,L14.2: Long-term unemployed,1
E05013755,Belmont (Sutton),18,Other ethnic group: Arab,11,L15: Full-time students,7
E05013755,Belmont (Sutton),19,Other ethnic group: Any other ethnic group,-8,Does not apply,56
E05013755,Belmont (Sutton),19,Other ethnic group: Any other ethnic group,1,L1 and L2: Large employers and higher managerial and administrative occupations,12
E05013755,Belmont (Sutton),19,Other ethnic group: Any other ethnic group,2,L3: Higher professional occupations,40
E05013755,Belmont (Sutton),19,Other ethnic group: Any other ethnic group,3,"L4, L5 and L6: Lower managerial, administrative and professional occupations",52
E05013755,Belmont (Sutton),19,Other ethnic group: Any other ethnic group,4,L7: Intermediate occupations,18
E05013755,Belmont (Sutton),19,Other ethnic group: Any other ethnic group,5,L8 and L9: Small employers and own account workers,19
E05013755,Belmont (Sutton),19,Other ethnic group: Any other ethnic group,6,L10 and L11: Lower supervisory and technical occupations,9
E05013755,Belmont (Sutton),19,Other ethnic group: Any other ethnic group,7,L12: Semi-routine occupations,23
E05013755,Belmont (Sutton),19,Other ethnic group: Any other ethnic group,8,L13: Routine occupations,16
E05013755,Belmont (Sutton),19,Other ethnic group: Any other ethnic group,9,L14.1: Never worked,16
E05013755,Belmont (Sutton),19,Other ethnic group: Any other ethnic group,10,L14.2: Long-term unemployed,1
E05013755,Belmont (Sutton),19,Other ethnic group: Any other ethnic group,11,L15: Full-time students,12
E05013756,Carshalton Central,-8,Does not apply,-8,Does not apply,0
E05013756,Carshalton Central,-8,Does not apply,1,L1 and L2: Large employers and higher managerial and administrative occupations,0
E05013756,Carshalton Central,-8,Does not apply,2,L3: Higher professional occupations,0
E05013756,Carshalton Central,-8,Does not apply,3,"L4, L5 and L6: Lower managerial, administrative and professional occupations",0
E05013756,Carshalton Central,-8,Does not apply,4,L7: Intermediate occupations,0
E05013756,Carshalton Central,-8,Does not apply,5,L8 and L9: Small employers and own account workers,0
E05013756,Carshalton Central,-8,Does not apply,6,L10 and L11: Lower supervisory and technical occupations,0
E05013756,Carshalton Central,-8,Does not apply,7,L12: Semi-routine occupations,0
E05013756,Carshalton Central,-8,Does not apply,8,L13: Routine occupations,0
E05013756,Carshalton Central,-8,Does not apply,9,L14.1: Never worked,0
E05013756,Carshalton Central,-8,Does not apply,10,L14.2: Long-term unemployed,0
E05013756,Carshalton Central,-8,Does not apply,11,L15: Full-time students,0
E05013756,Carshalton Central,1,"Asian, Asian British or Asian Welsh: Bangladeshi",-8,Does not apply,9
E05013756,Carshalton Central,1,"Asian, Asian British or Asian Welsh: Bangladeshi",1,L1 and L2: Large employers and higher managerial and administrative occupations,0
E05013756,Carshalton Central,1,"Asian, Asian British or Asian Welsh: Bangladeshi",2,L3: Higher professional occupations,2
E05013756,Carshalton Central,1,"Asian, Asian British or Asian Welsh: Bangladeshi",3,"L4, L5 and L6: Lower managerial, administrative and professional occupations",5
E05013756,Carshalton Central,1,"Asian, Asian British or Asian Welsh: Bangladeshi",4,L7: Intermediate occupations,4
E05013756,Carshalton Central,1,"Asian, Asian British or Asian Welsh: Bangladeshi",5,L8 and L9: Small employers and own account workers,1
E05013756,Carshalton Central,1,"Asian, Asian British or Asian Welsh: Bangladeshi",6,L10 and L11: Lower supervisory and technical occupations,2
E05013756,Carshalton Central,1,"Asian, Asian British or Asian Welsh: Bangladeshi",7,L12: Semi-routine occupations,2
E05013756,Carshalton Central,1,"Asian, Asian British or Asian Welsh: Bangladeshi",8,L13: Routine occupations,1
E05013756,Carshalton Central,1,"Asian, Asian British or Asian Welsh: Bangladeshi",9,L14.1: Never worked,3
E05013756,Carshalton Central,1,"Asian, Asian British or Asian Welsh: Bangladeshi",10,L14.2: Long-term unemployed,1
E05013756,Carshalton Central,1,"Asian, Asian British or Asian Welsh: Bangladeshi",11,L15: Full-time students,0
E05013756,Carshalton Central,2,"Asian, Asian British or Asian Welsh: Chinese",-8,Does not apply,64
E05013756,Carshalton Central,2,"Asian, Asian British or Asian Welsh: Chinese",1,L1 and L2: Large employers and higher managerial and administrative occupations,12
E05013756,Carshalton Central,2,"Asian, Asian British or Asian Welsh: Chinese",2,L3: Higher professional occupations,42
E05013756,Carshalton Central,2,"Asian, Asian British or Asian Welsh: Chinese",3,"L4, L5 and L6: Lower managerial, administrative and professional occupations",41
E05013756,Carshalton Central,2,"Asian, Asian British or Asian Welsh: Chinese",4,L7: Intermediate occupations,17
E05013756,Carshalton Central,2,"Asian, Asian British or Asian Welsh: Chinese",5,L8 and L9: Small employers and own account workers,16
E05013756,Carshalton Central,2,"Asian, Asian British or Asian Welsh: Chinese",6,L10 and L11: Lower supervisory and technical occupations,4
E05013756,Carshalton Central,2,"Asian, Asian British or Asian Welsh: Chinese",7,L12: Semi-routine occupations,5
E05013756,Carshalton Central,2,"Asian, Asian British or Asian Welsh: Chinese",8,L13: Routine occupations,4
E05013756,Carshalton Central,2,"Asian, Asian British or Asian Welsh: Chinese",9,L14.1: Never worked,12
E05013756,Carshalton Central,2,"Asian, Asian British or Asian Welsh: Chinese",10,L14.2: Long-term unemployed,1
E05013756,Carshalton Central,2,"Asian, Asian British or Asian Welsh: Chinese",11,L15: Full-time students,7
E05013756,Carshalton Central,3,"Asian, Asian British or Asian Welsh: Indian",-8,Does not apply,116
E05013756,Carshalton Central,3,"Asian, Asian British or Asian Welsh: Indian",1,L1 and L2: Large employers and higher managerial and administrative occupations,27
E05013756,Carshalton Central,3,"Asian, Asian British or Asian Welsh: Indian",2,L3: Higher professional occupations,82
E05013756,Carshalton Central,3,"Asian, Asian British or Asian Welsh: Indian",3,"L4, L5 and L6: Lower managerial, administrative and professional occupations",91
E05013756,Carshalton Central,3,"Asian, Asian British or Asian Welsh: Indian",4,L7: Intermediate occupations,40
E05013756,Carshalton Central,3,"Asian, Asian British or Asian Welsh: Indian",5,L8 and L9: Small employers and own account workers,29
E05013756,Carshalton Central,3,"Asian, Asian British or Asian Welsh: Indian",6,L10 and L11: Lower supervisory and technical occupations,8
E05013756,Carshalton Central,3,"Asian, Asian British or Asian Welsh: Indian",7,L12: Semi-routine occupations,21
E05013756,Carshalton Central,3,"Asian, Asian British or Asian Welsh: Indian",8,L13: Routine occupations,13
E05013756,Carshalton Central,3,"Asian, Asian British or Asian Welsh: Indian",9,L14.1: Never worked,21
E05013756,Carshalton Central,3,"Asian, Asian British or Asian Welsh: Indian",10,L14.2: Long-term unemployed,1
E05013756,Carshalton Central,3,"Asian, Asian British or Asian Welsh: Indian",11,L15: Full-time students,30
E05013756,Carshalton Central,4,"Asian, Asian British or Asian Welsh: Pakistani",-8,Does not apply,47
E05013756,Carshalton Central,4,"Asian, Asian British or Asian Welsh: Pakistani",1,L1 and L2: Large employers and higher managerial and administrative occupations,10
E05013756,Carshalton Central,4,"Asian, Asian British or Asian Welsh: Pakistani",2,L3: Higher professional occupations,17
E05013756,Carshalton Central,4,"Asian, Asian British or Asian Welsh: Pakistani",3,"L4, L5 and L6: Lower managerial, administrative and professional occupations",18
E05013756,Carshalton Central,4,"Asian, Asian British or Asian Welsh: Pakistani",4,L7: Intermediate occupations,9
E05013756,Carshalton Central,4,"Asian, Asian British or Asian Welsh: Pakistani",5,L8 and L9: Small employers and own account workers,13
E05013756,Carshalton Central,4,"Asian, Asian British or Asian Welsh: Pakistani",6,L10 and L11: Lower supervisory and technical occupations,6
E05013756,Carshalton Central,4,"Asian, Asian British or Asian Welsh: Pakistani",7,L12: Semi-routine occupations,6
E05013756,Carshalton Central,4,"Asian, Asian British or Asian Welsh: Pakistani",8,L13: Routine occupations,2
E05013756,Carshalton Central,4,"Asian, Asian British or Asian Welsh: Pakistani",9,L14.1: Never worked,15
E05013756,Carshalton Central,4,"Asian, Asian British or Asian Welsh: Pakistani",10,L14.2: Long-term unemployed,0
E05013756,Carshalton Central,4,"Asian, Asian British or Asian Welsh: Pakistani",11,L15: Full-time students,10
E05013756,Carshalton Central,5,"Asian, Asian British or Asian Welsh: Other Asian",-8,Does not apply,69
E05013756,Carshalton Central,5,"Asian, Asian British or Asian Welsh: Other Asian",1,L1 and L2: Large employers and higher managerial and administrative occupations,9
E05013756,Carshalton Central,5,"Asian, Asian British or Asian Welsh: Other Asian",2,L3: Higher professional occupations,44
E05013756,Carshalton Central,5,"Asian, Asian British or Asian Welsh: Other Asian",3,"L4, L5 and L6: Lower managerial, administrative and professional occupations",53
E05013756,Carshalton Central,5,"Asian, Asian British or Asian Welsh: Other Asian",4,L7: Intermediate occupations,35
E05013756,Carshalton Central,5,"Asian, Asian British or Asian Welsh: Other Asian",5,L8 and L9: Small employers and own account workers,28
E05013756,Carshalton Central,5,"Asian, Asian British or Asian Welsh: Other Asian",6,L10 and L11: Lower supervisory and technical occupations,12
E05013756,Carshalton Central,5,"Asian, Asian British or Asian Welsh: Other Asian",7,L12: Semi-routine occupations,40
E05013756,Carshalton Central,5,"Asian, Asian British or Asian Welsh: Other Asian",8,L13: Routine occupations,12
E05013756,Carshalton Central,5,"Asian, Asian British or Asian Welsh: Other Asian",9,L14.1: Never worked,24
E05013756,Carshalton Central,5,"Asian, Asian British or Asian Welsh: Other Asian",10,L14.2: Long-term unemployed,3
E05013756,Carshalton Central,5,"Asian, Asian British or Asian Welsh: Other Asian",11,L15: Full-time students,22
E05013756,Carshalton Central,6,"Black, Black British, Black Welsh, Caribbean or African: African",-8,Does not apply,53
E05013756,Carshalton Central,6,"Black, Black British, Black Welsh, Caribbean or African: African",1,L1 and L2: Large employers and higher managerial and administrative occupations,10
E05013756,Carshalton Central,6,"Black, Black British, Black Welsh, Caribbean or African: African",2,L3: Higher professional occupations,29
E05013756,Carshalton Central,6,"Black, Black British, Black Welsh, Caribbean or African: African",3,"L4, L5 and L6: Lower managerial, administrative and professional occupations",54
E05013756,Carshalton Central,6,"Black, Black British, Black Welsh, Caribbean or African: African",4,L7: Intermediate occupations,13
E05013756,Carshalton Central,6,"Black, Black British, Black Welsh, Caribbean or African: African",5,L8 and L9: Small employers and own account workers,18
E05013756,Carshalton Central,6,"Black, Black British, Black Welsh, Caribbean or African: African",6,L10 and L11: Lower supervisory and technical occupations,8
E05013756,Carshalton Central,6,"Black, Black British, Black Welsh, Caribbean or African: African",7,L12: Semi-routine occupations,26
E05013756,Carshalton Central,6,"Black, Black British, Black Welsh, Caribbean or African: African",8,L13: Routine occupations,14
E05013756,Carshalton Central,6,"Black, Black British, Black Welsh, Caribbean or African: African",9,L14.1: Never worked,5
E05013756,Carshalton Central,6,"Black, Black British, Black Welsh, Caribbean or African: African",10,L14.2: Long-term unemployed,3
E05013756,Carshalton Central,6,"Black, Black British, Black Welsh, Caribbean or African: African",11,L15: Full-time students,27
E05013756,Carshalton Central,7,"Black, Black British, Black Welsh, Caribbean or African: Caribbean",-8,Does not apply,16
E05013756,Carshalton Central,7,"Black, Black British, Black Welsh, Caribbean or African: Caribbean",1,L1 and L2: Large employers and higher managerial and administrative occupations,7
E05013756,Carshalton Central,7,"Black, Black British, Black Welsh, Caribbean or African: Caribbean",2,L3: Higher professional occupations,20
E05013756,Carshalton Central,7,"Black, Black British, Black Welsh, Caribbean or African: Caribbean",3,"L4, L5 and L6: Lower managerial, administrative and professional occupations",44
E05013756,Carshalton Central,7,"Black, Black British, Black Welsh, Caribbean or African: Caribbean",4,L7: Intermediate occupations,18
E05013756,Carshalton Central,7,"Black, Black British, Black Welsh, Caribbean or African: Caribbean",5,L8 and L9: Small employers and own account workers,5
E05013756,Carshalton Central,7,"Black, Black British, Black Welsh, Caribbean or African: Caribbean",6,L10 and L11: Lower supervisory and technical occupations,2
E05013756,Carshalton Central,7,"Black, Black British, Black Welsh, Caribbean or African: Caribbean",7,L12: Semi-routine occupations,7
E05013756,Carshalton Central,7,"Black, Black British, Black Welsh, Caribbean or African: Caribbean",8,L13: Routine occupations,8
E05013756,Carshalton Central,7,"Black, Black British, Black Welsh, Caribbean or African: Caribbean",9,L14.1: Never worked,11
E05013756,Carshalton Central,7,"Black, Black British, Black Welsh, Caribbean or African: Caribbean",10,L14.2: Long-term unemployed,3
E05013756,Carshalton Central,7,"Black, Black British, Black Welsh, Caribbean or African: Caribbean",11,L15: Full-time students,6
E05013756,Carshalton Central,8,"Black, Black British, Black Welsh, Caribbean or African: Other Black",-8,Does not apply,23
E05013756,Carshalton Central,8,"Black, Black British, Black Welsh, Caribbean or African: Other Black",1,L1 and L2: Large employers and higher managerial and administrative occupations,1
E05013756,Carshalton Central,8,"Black, Black British, Black Welsh, Caribbean or African: Other Black",2,L3: Higher professional occupations,4
E05013756,Carshalton Central,8,"Black, Black British, Black Welsh, Caribbean or African: Other Black",3,"L4, L5 and L6: Lower managerial, administrative and professional occupations",10
E05013756,Carshalton Central,8,"Black, Black British, Black Welsh, Caribbean or African: Other Black",4,L7: Intermediate occupations,5
E05013756,Carshalton Central,8,"Black, Black British, Black Welsh, Caribbean or African: Other Black",5,L8 and L9: Small employers and own account workers,2
E05013756,Carshalton Central,8,"Black, Black British, Black Welsh, Caribbean or African: Other Black",6,L10 and L11: Lower supervisory and technical occupations,0
E05013756,Carshalton Central,8,"Black, Black British, Black Welsh, Caribbean or African: Other Black",7,L12: Semi-routine occupations,3
E05013756,Carshalton Central,8,"Black, Black British, Black Welsh, Caribbean or African: Other Black",8,L13: Routine occupations,0
E05013756,Carshalton Central,8,"Black, Black British, Black Welsh, Caribbean or African: Other Black",9,L14.1: Never worked,1
E05013756,Carshalton Central,8,"Black, Black British, Black Welsh, Caribbean or African: Other Black",10,L14.2: Long-term unemployed,0
E05013756,Carshalton Central,8,"Black, Black British, Black Welsh, Caribbean or African: Other Black",11,L15: Full-time students,3
E05013756,Carshalton Central,9,Mixed or Multiple ethnic groups: White and Asian,-8,Does not apply,116
E05013756,Carshalton Central,9,Mixed or Multiple ethnic groups: White and Asian,1,L1 and L2: Large employers and higher managerial and administrative occupations,3
E05013756,Carshalton Central,9,Mixed or Multiple ethnic groups: White and Asian,2,L3: Higher professional occupations,15
E05013756,Carshalton Central,9,Mixed or Multiple ethnic groups: White and Asian,3,"L4, L5 and L6: Lower managerial, administrative and professional occupations",19
E05013756,Carshalton Central,9,Mixed or Multiple ethnic groups: White and Asian,4,L7: Intermediate occupations,10
E05013756,Carshalton Central,9,Mixed or Multiple ethnic groups: White and Asian,5,L8 and L9: Small employers and own account workers,4
E05013756,Carshalton Central,9,Mixed or Multiple ethnic groups: White and Asian,6,L10 and L11: Lower supervisory and technical occupations,3
E05013756,Carshalton Central,9,Mixed or Multiple ethnic groups: White and Asian,7,L12: Semi-routine occupations,6
E05013756,Carshalton Central,9,Mixed or Multiple ethnic groups: White and Asian,8,L13: Routine occupations,1
E05013756,Carshalton Central,9,Mixed or Multiple ethnic groups: White and Asian,9,L14.1: Never worked,3
E05013756,Carshalton Central,9,Mixed or Multiple ethnic groups: White and Asian,10,L14.2: Long-term unemployed,0
E05013756,Carshalton Central,9,Mixed or Multiple ethnic groups: White and Asian,11,L15: Full-time students,15
E05013756,Carshalton Central,10,Mixed or Multiple ethnic groups: White and Black African,-8,Does not apply,41
E05013756,Carshalton Central,10,Mixed or Multiple ethnic groups: White and Black African,1,L1 and L2: Large employers and higher managerial and administrative occupations,2
E05013756,Carshalton Central,10,Mixed or Multiple ethnic groups: White and Black African,2,L3: Higher professional occupations,2
E05013756,Carshalton Central,10,Mixed or Multiple ethnic groups: White and Black African,3,"L4, L5 and L6: Lower managerial, administrative and professional occupations",4
E05013756,Carshalton Central,10,Mixed or Multiple ethnic groups: White and Black African,4,L7: Intermediate occupations,1
E05013756,Carshalton Central,10,Mixed or Multiple ethnic groups: White and Black African,5,L8 and L9: Small employers and own account workers,0
E05013756,Carshalton Central,10,Mixed or Multiple ethnic groups: White and Black African,6,L10 and L11: Lower supervisory and technical occupations,0
E05013756,Carshalton Central,10,Mixed or Multiple ethnic groups: White and Black African,7,L12: Semi-routine occupations,3
E05013756,Carshalton Central,10,Mixed or Multiple ethnic groups: White and Black African,8,L13: Routine occupations,1
E05013756,Carshalton Central,10,Mixed or Multiple ethnic groups: White and Black African,9,L14.1: Never worked,0
E05013756,Carshalton Central,10,Mixed or Multiple ethnic groups: White and Black African,10,L14.2: Long-term unemployed,2
E05013756,Carshalton Central,10,Mixed or Multiple ethnic groups: White and Black African,11,L15: Full-time students,13
E05013756,Carshalton Central,11,Mixed or Multiple ethnic groups: White and Black Caribbean,-8,Does not apply,46
E05013756,Carshalton Central,11,Mixed or Multiple ethnic groups: White and Black Caribbean,1,L1 and L2: Large employers and higher managerial and administrative occupations,2
E05013756,Carshalton Central,11,Mixed or Multiple ethnic groups: White and Black Caribbean,2,L3: Higher professional occupations,3
E05013756,Carshalton Central,11,Mixed or Multiple ethnic groups: White and Black Caribbean,3,"L4, L5 and L6: Lower managerial, administrative and professional occupations",11
E05013756,Carshalton Central,11,Mixed or Multiple ethnic groups: White and Black Caribbean,4,L7: Intermediate occupations,13
E05013756,Carshalton Central,11,Mixed or Multiple ethnic groups: White and Black Caribbean,5,L8 and L9: Small employers and own account workers,8
E05013756,Carshalton Central,11,Mixed or Multiple ethnic groups: White and Black Caribbean,6,L10 and L11: Lower supervisory and technical occupations,1
E05013756,Carshalton Central,11,Mixed or Multiple ethnic groups: White and Black Caribbean,7,L12: Semi-routine occupations,8
E05013756,Carshalton Central,11,Mixed or Multiple ethnic groups: White and Black Caribbean,8,L13: Routine occupations,2
E05013756,Carshalton Central,11,Mixed or Multiple ethnic groups: White and Black Caribbean,9,L14.1: Never worked,1
E05013756,Carshalton Central,11,Mixed or Multiple ethnic groups: White and Black Caribbean,10,L14.2: Long-term unemployed,3
E05013756,Carshalton Central,11,Mixed or Multiple ethnic groups: White and Black Caribbean,11,L15: Full-time students,9
E05013756,Carshalton Central,12,Mixed or Multiple ethnic groups: Other Mixed or Multiple ethnic groups,-8,Does not apply,83
E05013756,Carshalton Central,12,Mixed or Multiple ethnic groups: Other Mixed or Multiple ethnic groups,1,L1 and L2: Large employers and higher managerial and administrative occupations,8
E05013756,Carshalton Central,12,Mixed or Multiple ethnic groups: Other Mixed or Multiple ethnic groups,2,L3: Higher professional occupations,15
E05013756,Carshalton Central,12,Mixed or Multiple ethnic groups: Other Mixed or Multiple ethnic groups,3,"L4, L5 and L6: Lower managerial, administrative and professional occupations",28
E05013756,Carshalton Central,12,Mixed or Multiple ethnic groups: Other Mixed or Multiple ethnic groups,4,L7: Intermediate occupations,10
E05013756,Carshalton Central,12,Mixed or Multiple ethnic groups: Other Mixed or Multiple ethnic groups,5,L8 and L9: Small employers and own account workers,7
E05013756,Carshalton Central,12,Mixed or Multiple ethnic groups: Other Mixed or Multiple ethnic groups,6,L10 and L11: Lower supervisory and technical occupations,5
E05013756,Carshalton Central,12,Mixed or Multiple ethnic groups: Other Mixed or Multiple ethnic groups,7,L12: Semi-routine occupations,9
E05013756,Carshalton Central,12,Mixed or Multiple ethnic groups: Other Mixed or Multiple ethnic groups,8,L13: Routine occupations,5
E05013756,Carshalton Central,12,Mixed or Multiple ethnic groups: Other Mixed or Multiple ethnic groups,9,L14.1: Never worked,3
E05013756,Carshalton Central,12,Mixed or Multiple ethnic groups: Other Mixed or Multiple ethnic groups,10,L14.2: Long-term unemployed,2
E05013756,Carshalton Central,12,Mixed or Multiple ethnic groups: Other Mixed or Multiple ethnic groups,11,L15: Full-time students,15
E05013756,Carshalton Central,13,"White: English, Welsh, Scottish, Northern Irish or British",-8,Does not apply,1479
E05013756,Carshalton Central,13,"White: English, Welsh, Scottish, Northern Irish or British",1,L1 and L2: Large employers and higher managerial and administrative occupations,418
E05013756,Carshalton Central,13,"White: English, Welsh, Scottish, Northern Irish or British",2,L3: Higher professional occupations,864
E05013756,Carshalton Central,13,"White: English, Welsh, Scottish, Northern Irish or British",3,"L4, L5 and L6: Lower managerial, administrative and professional occupations",1737
E05013756,Carshalton Central,13,"White: English, Welsh, Scottish, Northern Irish or British",4,L7: Intermediate occupations,880
E05013756,Carshalton Central,13,"White: English, Welsh, Scottish, Northern Irish or British",5,L8 and L9: Small employers and own account workers,673
E05013756,Carshalton Central,13,"White: English, Welsh, Scottish, Northern Irish or British",6,L10 and L11: Lower supervisory and technical occupations,253
E05013756,Carshalton Central,13,"White: English, Welsh, Scottish, Northern Irish or British",7,L12: Semi-routine occupations,474
E05013756,Carshalton Central,13,"White: English, Welsh, Scottish, Northern Irish or British",8,L13: Routine occupations,375
E05013756,Carshalton Central,13,"White: English, Welsh, Scottish, Northern Irish or British",9,L14.1: Never worked,257
E05013756,Carshalton Central,13,"White: English, Welsh, Scottish, Northern Irish or British",10,L14.2: Long-term unemployed,59
E05013756,Carshalton Central,13,"White: English, Welsh, Scottish, Northern Irish or British",11,L15: Full-time students,289
E05013756,Carshalton Central,14,White: Irish,-8,Does not apply,15
E05013756,Carshalton Central,14,White: Irish,1,L1 and L2: Large employers and higher managerial and administrative occupations,23
E05013756,Carshalton Central,14,White: Irish,2,L3: Higher professional occupations,37
E05013756,Carshalton Central,14,White: Irish,3,"L4, L5 and L6: Lower managerial, administrative and professional occupations",74
E05013756,Carshalton Central,14,White: Irish,4,L7: Intermediate occupations,25
E05013756,Carshalton Central,14,White: Irish,5,L8 and L9: Small employers and own account workers,26
E05013756,Carshalton Central,14,White: Irish,6,L10 and L11: Lower supervisory and technical occupations,7
E05013756,Carshalton Central,14,White: Irish,7,L12: Semi-routine occupations,14
E05013756,Carshalton Central,14,White: Irish,8,L13: Routine occupations,11
E05013756,Carshalton Central,14,White: Irish,9,L14.1: Never worked,13
E05013756,Carshalton Central,14,White: Irish,10,L14.2: Long-term unemployed,3
E05013756,Carshalton Central,14,White: Irish,11,L15: Full-time students,4
E05013756,Carshalton Central,15,White: Gypsy or Irish Traveller,-8,Does not apply,0
E05013756,Carshalton Central,15,White: Gypsy or Irish Traveller,1,L1 and L2: Large employers and higher managerial and administrative occupations,0
E05013756,Carshalton Central,15,White: Gypsy or Irish Traveller,2,L3: Higher professional occupations,0
E05013756,Carshalton Central,15,White: Gypsy or Irish Traveller,3,"L4, L5 and L6: Lower managerial, administrative and professional occupations",0
E05013756,Carshalton Central,15,White: Gypsy or Irish Traveller,4,L7: Intermediate occupations,0
E05013756,Carshalton Central,15,White: Gypsy or Irish Traveller,5,L8 and L9: Small employers and own account workers,1
E05013756,Carshalton Central,15,White: Gypsy or Irish Traveller,6,L10 and L11: Lower supervisory and technical occupations,0
E05013756,Carshalton Central,15,White: Gypsy or Irish Traveller,7,L12: Semi-routine occupations,0
E05013756,Carshalton Central,15,White: Gypsy or Irish Traveller,8,L13: Routine occupations,2
E05013756,Carshalton Central,15,White: Gypsy or Irish Traveller,9,L14.1: Never worked,1
E05013756,Carshalton Central,15,White: Gypsy or Irish Traveller,10,L14.2: Long-term unemployed,0
E05013756,Carshalton Central,15,White: Gypsy or Irish Traveller,11,L15: Full-time students,0
E05013756,Carshalton Central,16,White: Roma,-8,Does not apply,2
E05013756,Carshalton Central,16,White: Roma,1,L1 and L2: Large employers and higher managerial and administrative occupations,0
E05013756,Carshalton Central,16,White: Roma,2,L3: Higher professional occupations,0
E05013756,Carshalton Central,16,White: Roma,3,"L4, L5 and L6: Lower managerial, administrative and professional occupations",1
E05013756,Carshalton Central,16,White: Roma,4,L7: Intermediate occupations,1
E05013756,Carshalton Central,16,White: Roma,5,L8 and L9: Small employers and own account workers,2
E05013756,Carshalton Central,16,White: Roma,6,L10 and L11: Lower supervisory and technical occupations,3
E05013756,Carshalton Central,16,White: Roma,7,L12: Semi-routine occupations,2
E05013756,Carshalton Central,16,White: Roma,8,L13: Routine occupations,1
E05013756,Carshalton Central,16,White: Roma,9,L14.1: Never worked,0
E05013756,Carshalton Central,16,White: Roma,10,L14.2: Long-term unemployed,0
E05013756,Carshalton Central,16,White: Roma,11,L15: Full-time students,0
E05013756,Carshalton Central,17,White: Other White,-8,Does not apply,176
E05013756,Carshalton Central,17,White: Other White,1,L1 and L2: Large employers and higher managerial and administrative occupations,61
E05013756,Carshalton Central,17,White: Other White,2,L3: Higher professional occupations,117
E05013756,Carshalton Central,17,White: Other White,3,"L4, L5 and L6: Lower managerial, administrative and professional occupations",183
E05013756,Carshalton Central,17,White: Other White,4,L7: Intermediate occupations,99
E05013756,Carshalton Central,17,White: Other White,5,L8 and L9: Small employers and own account workers,169
E05013756,Carshalton Central,17,White: Other White,6,L10 and L11: Lower supervisory and technical occupations,35
E05013756,Carshalton Central,17,White: Other White,7,L12: Semi-routine occupations,72
E05013756,Carshalton Central,17,White: Other White,8,L13: Routine occupations,69
E05013756,Carshalton Central,17,White: Other White,9,L14.1: Never worked,25
E05013756,Carshalton Central,17,White: Other White,10,L14.2: Long-term unemployed,9
E05013756,Carshalton Central,17,White: Other White,11,L15: Full-time students,52
E05013756,Carshalton Central,18,Other ethnic group: Arab,-8,Does not apply,9
E05013756,Carshalton Central,18,Other ethnic group: Arab,1,L1 and L2: Large employers and higher managerial and administrative occupations,1
E05013756,Carshalton Central,18,Other ethnic group: Arab,2,L3: Higher professional occupations,5
E05013756,Carshalton Central,18,Other ethnic group: Arab,3,"L4, L5 and L6: Lower managerial, administrative and professional occupations",6
E05013756,Carshalton Central,18,Other ethnic group: Arab,4,L7: Intermediate occupations,5
E05013756,Carshalton Central,18,Other ethnic group: Arab,5,L8 and L9: Small employers and own account workers,1
E05013756,Carshalton Central,18,Other ethnic group: Arab,6,L10 and L11: Lower supervisory and technical occupations,1
E05013756,Carshalton Central,18,Other ethnic group: Arab,7,L12: Semi-routine occupations,5
E05013756,Carshalton Central,18,Other ethnic group: Arab,8,L13: Routine occupations,3
E05013756,Carshalton Central,18,Other ethnic group: Arab,9,L14.1: Never worked,4
E05013756,Carshalton Central,18,Other ethnic group: Arab,10,L14.2: Long-term unemployed,0
E05013756,Carshalton Central,18,Other ethnic group: Arab,11,L15: Full-time students,5
E05013756,Carshalton Central,19,Other ethnic group: Any other ethnic group,-8,Does not apply,32
E05013756,Carshalton Central,19,Other ethnic group: Any other ethnic group,1,L1 and L2: Large employers and higher managerial and administrative occupations,4
E05013756,Carshalton Central,19,Other ethnic group: Any other ethnic group,2,L3: Higher professional occupations,13
E05013756,Carshalton Central,19,Other ethnic group: Any other ethnic group,3,"L4, L5 and L6: Lower managerial, administrative and professional occupations",27
E05013756,Carshalton Central,19,Other ethnic group: Any other ethnic group,4,L7: Intermediate occupations,13
E05013756,Carshalton Central,19,Other ethnic group: Any other ethnic group,5,L8 and L9: Small employers and own account workers,13
E05013756,Carshalton Central,19,Other ethnic group: Any other ethnic group,6,L10 and L11: Lower supervisory and technical occupations,1
E05013756,Carshalton Central,19,Other ethnic group: Any other ethnic group,7,L12: Semi-routine occupations,8
E05013756,Carshalton Central,19,Other ethnic group: Any other ethnic group,8,L13: Routine occupations,8
E05013756,Carshalton Central,19,Other ethnic group: Any other ethnic group,9,L14.1: Never worked,5
E05013756,Carshalton Central,19,Other ethnic group: Any other ethnic group,10,L14.2: Long-term unemployed,0
E05013756,Carshalton Central,19,Other ethnic group: Any other ethnic group,11,L15: Full-time students,12
E05013757,Carshalton South & Clockhouse,-8,Does not apply,-8,Does not apply,0
E05013757,Carshalton South & Clockhouse,-8,Does not apply,1,L1 and L2: Large employers and higher managerial and administrative occupations,0
E05013757,Carshalton South & Clockhouse,-8,Does not apply,2,L3: Higher professional occupations,0
E05013757,Carshalton South & Clockhouse,-8,Does not apply,3,"L4, L5 and L6: Lower managerial, administrative and professional occupations",0
E05013757,Carshalton South & Clockhouse,-8,Does not apply,4,L7: Intermediate occupations,0
E05013757,Carshalton South & Clockhouse,-8,Does not apply,5,L8 and L9: Small employers and own account workers,0
E05013757,Carshalton South & Clockhouse,-8,Does not apply,6,L10 and L11: Lower supervisory and technical occupations,0
E05013757,Carshalton South & Clockhouse,-8,Does not apply,7,L12: Semi-routine occupations,0
E05013757,Carshalton South & Clockhouse,-8,Does not apply,8,L13: Routine occupations,0
E05013757,Carshalton South & Clockhouse,-8,Does not apply,9,L14.1: Never worked,0
E05013757,Carshalton South & Clockhouse,-8,Does not apply,10,L14.2: Long-term unemployed,0
E05013757,Carshalton South & Clockhouse,-8,Does not apply,11,L15: Full-time students,0
E05013757,Carshalton South & Clockhouse,1,"Asian, Asian British or Asian Welsh: Bangladeshi",-8,Does not apply,4
E05013757,Carshalton South & Clockhouse,1,"Asian, Asian British or Asian Welsh: Bangladeshi",1,L1 and L2: Large employers and higher managerial and administrative occupations,1
E05013757,Carshalton South & Clockhouse,1,"Asian, Asian British or Asian Welsh: Bangladeshi",2,L3: Higher professional occupations,4
E05013757,Carshalton South & Clockhouse,1,"Asian, Asian British or Asian Welsh: Bangladeshi",3,"L4, L5 and L6: Lower managerial, administrative and professional occupations",7
E05013757,Carshalton South & Clockhouse,1,"Asian, Asian British or Asian Welsh: Bangladeshi",4,L7: Intermediate occupations,1
E05013757,Carshalton South & Clockhouse,1,"Asian, Asian British or Asian Welsh: Bangladeshi",5,L8 and L9: Small employers and own account workers,0
E05013757,Carshalton South & Clockhouse,1,"Asian, Asian British or Asian Welsh: Bangladeshi",6,L10 and L11: Lower supervisory and technical occupations,2
E05013757,Carshalton South & Clockhouse,1,"Asian, Asian British or Asian Welsh: Bangladeshi",7,L12: Semi-routine occupations,0
E05013757,Carshalton South & Clockhouse,1,"Asian, Asian British or Asian Welsh: Bangladeshi",8,L13: Routine occupations,1
E05013757,Carshalton South & Clockhouse,1,"Asian, Asian British or Asian Welsh: Bangladeshi",9,L14.1: Never worked,2
E05013757,Carshalton South & Clockhouse,1,"Asian, Asian British or Asian Welsh: Bangladeshi",10,L14.2: Long-term unemployed,0
E05013757,Carshalton South & Clockhouse,1,"Asian, Asian British or Asian Welsh: Bangladeshi",11,L15: Full-time students,5
E05013757,Carshalton South & Clockhouse,2,"Asian, Asian British or Asian Welsh: Chinese",-8,Does not apply,47
E05013757,Carshalton South & Clockhouse,2,"Asian, Asian British or Asian Welsh: Chinese",1,L1 and L2: Large employers and higher managerial and administrative occupations,6
E05013757,Carshalton South & Clockhouse,2,"Asian, Asian British or Asian Welsh: Chinese",2,L3: Higher professional occupations,41
E05013757,Carshalton South & Clockhouse,2,"Asian, Asian British or Asian Welsh: Chinese",3,"L4, L5 and L6: Lower managerial, administrative and professional occupations",31
E05013757,Carshalton South & Clockhouse,2,"Asian, Asian British or Asian Welsh: Chinese",4,L7: Intermediate occupations,11
E05013757,Carshalton South & Clockhouse,2,"Asian, Asian British or Asian Welsh: Chinese",5,L8 and L9: Small employers and own account workers,18
E05013757,Carshalton South & Clockhouse,2,"Asian, Asian British or Asian Welsh: Chinese",6,L10 and L11: Lower supervisory and technical occupations,9
E05013757,Carshalton South & Clockhouse,2,"Asian, Asian British or Asian Welsh: Chinese",7,L12: Semi-routine occupations,9
E05013757,Carshalton South & Clockhouse,2,"Asian, Asian British or Asian Welsh: Chinese",8,L13: Routine occupations,3
E05013757,Carshalton South & Clockhouse,2,"Asian, Asian British or Asian Welsh: Chinese",9,L14.1: Never worked,8
E05013757,Carshalton South & Clockhouse,2,"Asian, Asian British or Asian Welsh: Chinese",10,L14.2: Long-term unemployed,0
E05013757,Carshalton South & Clockhouse,2,"Asian, Asian British or Asian Welsh: Chinese",11,L15: Full-time students,8
E05013757,Carshalton South & Clockhouse,3,"Asian, Asian British or Asian Welsh: Indian",-8,Does not apply,160
E05013757,Carshalton South & Clockhouse,3,"Asian, Asian British or Asian Welsh: Indian",1,L1 and L2: Large employers and higher managerial and administrative occupations,60
E05013757,Carshalton South & Clockhouse,3,"Asian, Asian British or Asian Welsh: Indian",2,L3: Higher professional occupations,127
E05013757,Carshalton South & Clockhouse,3,"Asian, Asian British or Asian Welsh: Indian",3,"L4, L5 and L6: Lower managerial, administrative and professional occupations",106
E05013757,Carshalton South & Clockhouse,3,"Asian, Asian British or Asian Welsh: Indian",4,L7: Intermediate occupations,42
E05013757,Carshalton South & Clockhouse,3,"Asian, Asian British or Asian Welsh: Indian",5,L8 and L9: Small employers and own account workers,39
E05013757,Carshalton South & Clockhouse,3,"Asian, Asian British or Asian Welsh: Indian",6,L10 and L11: Lower supervisory and technical occupations,4
E05013757,Carshalton South & Clockhouse,3,"Asian, Asian British or Asian Welsh: Indian",7,L12: Semi-routine occupations,13
E05013757,Carshalton South & Clockhouse,3,"Asian, Asian British or Asian Welsh: Indian",8,L13: Routine occupations,10
E05013757,Carshalton South & Clockhouse,3,"Asian, Asian British or Asian Welsh: Indian",9,L14.1: Never worked,17
E05013757,Carshalton South & Clockhouse,3,"Asian, Asian British or Asian Welsh: Indian",10,L14.2: Long-term unemployed,7
E05013757,Carshalton South & Clockhouse,3,"Asian, Asian British or Asian Welsh: Indian",11,L15: Full-time students,48
E05013757,Carshalton South & Clockhouse,4,"Asian, Asian British or Asian Welsh: Pakistani",-8,Does not apply,57
E05013757,Carshalton South & Clockhouse,4,"Asian, Asian British or Asian Welsh: Pakistani",1,L1 and L2: Large employers and higher managerial and administrative occupations,9
E05013757,Carshalton South & Clockhouse,4,"Asian, Asian British or Asian Welsh: Pakistani",2,L3: Higher professional occupations,31
E05013757,Carshalton South & Clockhouse,4,"Asian, Asian British or Asian Welsh: Pakistani",3,"L4, L5 and L6: Lower managerial, administrative and professional occupations",19
E05013757,Carshalton South & Clockhouse,4,"Asian, Asian British or Asian Welsh: Pakistani",4,L7: Intermediate occupations,11
E05013757,Carshalton South & Clockhouse,4,"Asian, Asian British or Asian Welsh: Pakistani",5,L8 and L9: Small employers and own account workers,14
E05013757,Carshalton South & Clockhouse,4,"Asian, Asian British or Asian Welsh: Pakistani",6,L10 and L11: Lower supervisory and technical occupations,3
E05013757,Carshalton South & Clockhouse,4,"Asian, Asian British or Asian Welsh: Pakistani",7,L12: Semi-routine occupations,5
E05013757,Carshalton South & Clockhouse,4,"Asian, Asian British or Asian Welsh: Pakistani",8,L13: Routine occupations,2
E05013757,Carshalton South & Clockhouse,4,"Asian, Asian British or Asian Welsh: Pakistani",9,L14.1: Never worked,10
E05013757,Carshalton South & Clockhouse,4,"Asian, Asian British or Asian Welsh: Pakistani",10,L14.2: Long-term unemployed,1
E05013757,Carshalton South & Clockhouse,4,"Asian, Asian British or Asian Welsh: Pakistani",11,L15: Full-time students,24
E05013757,Carshalton South & Clockhouse,5,"Asian, Asian British or Asian Welsh: Other Asian",-8,Does not apply,90
E05013757,Carshalton South & Clockhouse,5,"Asian, Asian British or Asian Welsh: Other Asian",1,L1 and L2: Large employers and higher managerial and administrative occupations,23
E05013757,Carshalton South & Clockhouse,5,"Asian, Asian British or Asian Welsh: Other Asian",2,L3: Higher professional occupations,35
E05013757,Carshalton South & Clockhouse,5,"Asian, Asian British or Asian Welsh: Other Asian",3,"L4, L5 and L6: Lower managerial, administrative and professional occupations",62
E05013757,Carshalton South & Clockhouse,5,"Asian, Asian British or Asian Welsh: Other Asian",4,L7: Intermediate occupations,31
E05013757,Carshalton South & Clockhouse,5,"Asian, Asian British or Asian Welsh: Other Asian",5,L8 and L9: Small employers and own account workers,29
E05013757,Carshalton South & Clockhouse,5,"Asian, Asian British or Asian Welsh: Other Asian",6,L10 and L11: Lower supervisory and technical occupations,3
E05013757,Carshalton South & Clockhouse,5,"Asian, Asian British or Asian Welsh: Other Asian",7,L12: Semi-routine occupations,26
E05013757,Carshalton South & Clockhouse,5,"Asian, Asian British or Asian Welsh: Other Asian",8,L13: Routine occupations,14
E05013757,Carshalton South & Clockhouse,5,"Asian, Asian British or Asian Welsh: Other Asian",9,L14.1: Never worked,21
E05013757,Carshalton South & Clockhouse,5,"Asian, Asian British or Asian Welsh: Other Asian",10,L14.2: Long-term unemployed,2
E05013757,Carshalton South & Clockhouse,5,"Asian, Asian British or Asian Welsh: Other Asian",11,L15: Full-time students,33
E05013757,Carshalton South & Clockhouse,6,"Black, Black British, Black Welsh, Caribbean or African: African",-8,Does not apply,78
E05013757,Carshalton South & Clockhouse,6,"Black, Black British, Black Welsh, Caribbean or African: African",1,L1 and L2: Large employers and higher managerial and administrative occupations,14
E05013757,Carshalton South & Clockhouse,6,"Black, Black British, Black Welsh, Caribbean or African: African",2,L3: Higher professional occupations,48
E05013757,Carshalton South & Clockhouse,6,"Black, Black British, Black Welsh, Caribbean or African: African",3,"L4, L5 and L6: Lower managerial, administrative and professional occupations",54
E05013757,Carshalton South & Clockhouse,6,"Black, Black British, Black Welsh, Caribbean or African: African",4,L7: Intermediate occupations,18
E05013757,Carshalton South & Clockhouse,6,"Black, Black British, Black Welsh, Caribbean or African: African",5,L8 and L9: Small employers and own account workers,14
E05013757,Carshalton South & Clockhouse,6,"Black, Black British, Black Welsh, Caribbean or African: African",6,L10 and L11: Lower supervisory and technical occupations,5
E05013757,Carshalton South & Clockhouse,6,"Black, Black British, Black Welsh, Caribbean or African: African",7,L12: Semi-routine occupations,23
E05013757,Carshalton South & Clockhouse,6,"Black, Black British, Black Welsh, Caribbean or African: African",8,L13: Routine occupations,9
E05013757,Carshalton South & Clockhouse,6,"Black, Black British, Black Welsh, Caribbean or African: African",9,L14.1: Never worked,3
E05013757,Carshalton South & Clockhouse,6,"Black, Black British, Black Welsh, Caribbean or African: African",10,L14.2: Long-term unemployed,1
E05013757,Carshalton South & Clockhouse,6,"Black, Black British, Black Welsh, Caribbean or African: African",11,L15: Full-time students,38
E05013757,Carshalton South & Clockhouse,7,"Black, Black British, Black Welsh, Caribbean or African: Caribbean",-8,Does not apply,25
E05013757,Carshalton South & Clockhouse,7,"Black, Black British, Black Welsh, Caribbean or African: Caribbean",1,L1 and L2: Large employers and higher managerial and administrative occupations,4
E05013757,Carshalton South & Clockhouse,7,"Black, Black British, Black Welsh, Caribbean or African: Caribbean",2,L3: Higher professional occupations,22
E05013757,Carshalton South & Clockhouse,7,"Black, Black British, Black Welsh, Caribbean or African: Caribbean",3,"L4, L5 and L6: Lower managerial, administrative and professional occupations",34
E05013757,Carshalton South & Clockhouse,7,"Black, Black British, Black Welsh, Caribbean or African: Caribbean",4,L7: Intermediate occupations,14
E05013757,Carshalton South & Clockhouse,7,"Black, Black British, Black Welsh, Caribbean or African: Caribbean",5,L8 and L9: Small employers and own account workers,11
E05013757,Carshalton South & Clockhouse,7,"Black, Black British, Black Welsh, Caribbean or African: Caribbean",6,L10 and L11: Lower supervisory and technical occupations,3
E05013757,Carshalton South & Clockhouse,7,"Black, Black British, Black Welsh, Caribbean or African: Caribbean",7,L12: Semi-routine occupations,9
E05013757,Carshalton South & Clockhouse,7,"Black, Black British, Black Welsh, Caribbean or African: Caribbean",8,L13: Routine occupations,11
E05013757,Carshalton South & Clockhouse,7,"Black, Black British, Black Welsh, Caribbean or African: Caribbean",9,L14.1: Never worked,6
E05013757,Carshalton South & Clockhouse,7,"Black, Black British, Black Welsh, Caribbean or African: Caribbean",10,L14.2: Long-term unemployed,2
E05013757,Carshalton South & Clockhouse,7,"Black, Black British, Black Welsh, Caribbean or African: Caribbean",11,L15: Full-time students,8
E05013757,Carshalton South & Clockhouse,8,"Black, Black British, Black Welsh, Caribbean or African: Other Black",-8,Does not apply,28
E05013757,Carshalton South & Clockhouse,8,"Black, Black British, Black Welsh, Caribbean or African: Other Black",1,L1 and L2: Large employers and higher managerial and administrative occupations,2
E05013757,Carshalton South & Clockhouse,8,"Black, Black British, Black Welsh, Caribbean or African: Other Black",2,L3: Higher professional occupations,3
E05013757,Carshalton South & Clockhouse,8,"Black, Black British, Black Welsh, Caribbean or African: Other Black",3,"L4, L5 and L6: Lower managerial, administrative and professional occupations",9
E05013757,Carshalton South & Clockhouse,8,"Black, Black British, Black Welsh, Caribbean or African: Other Black",4,L7: Intermediate occupations,4
E05013757,Carshalton South & Clockhouse,8,"Black, Black British, Black Welsh, Caribbean or African: Other Black",5,L8 and L9: Small employers and own account workers,1
E05013757,Carshalton South & Clockhouse,8,"Black, Black British, Black Welsh, Caribbean or African: Other Black",6,L10 and L11: Lower supervisory and technical occupations,3
E05013757,Carshalton South & Clockhouse,8,"Black, Black British, Black Welsh, Caribbean or African: Other Black",7,L12: Semi-routine occupations,6
E05013757,Carshalton South & Clockhouse,8,"Black, Black British, Black Welsh, Caribbean or African: Other Black",8,L13: Routine occupations,2
E05013757,Carshalton South & Clockhouse,8,"Black, Black British, Black Welsh, Caribbean or African: Other Black",9,L14.1: Never worked,6
E05013757,Carshalton South & Clockhouse,8,"Black, Black British, Black Welsh, Caribbean or African: Other Black",10,L14.2: Long-term unemployed,1
E05013757,Carshalton South & Clockhouse,8,"Black, Black British, Black Welsh, Caribbean or African: Other Black",11,L15: Full-time students,3
E05013757,Carshalton South & Clockhouse,9,Mixed or Multiple ethnic groups: White and Asian,-8,Does not apply,62
E05013757,Carshalton South & Clockhouse,9,Mixed or Multiple ethnic groups: White and Asian,1,L1 and L2: Large employers and higher managerial and administrative occupations,1
E05013757,Carshalton South & Clockhouse,9,Mixed or Multiple ethnic groups: White and Asian,2,L3: Higher professional occupations,8
E05013757,Carshalton South & Clockhouse,9,Mixed or Multiple ethnic groups: White and Asian,3,"L4, L5 and L6: Lower managerial, administrative and professional occupations",14
E05013757,Carshalton South & Clockhouse,9,Mixed or Multiple ethnic groups: White and Asian,4,L7: Intermediate occupations,9
E05013757,Carshalton South & Clockhouse,9,Mixed or Multiple ethnic groups: White and Asian,5,L8 and L9: Small employers and own account workers,4
E05013757,Carshalton South & Clockhouse,9,Mixed or Multiple ethnic groups: White and Asian,6,L10 and L11: Lower supervisory and technical occupations,4
E05013757,Carshalton South & Clockhouse,9,Mixed or Multiple ethnic groups: White and Asian,7,L12: Semi-routine occupations,10
E05013757,Carshalton South & Clockhouse,9,Mixed or Multiple ethnic groups: White and Asian,8,L13: Routine occupations,2
E05013757,Carshalton South & Clockhouse,9,Mixed or Multiple ethnic groups: White and Asian,9,L14.1: Never worked,3
E05013757,Carshalton South & Clockhouse,9,Mixed or Multiple ethnic groups: White and Asian,10,L14.2: Long-term unemployed,0
E05013757,Carshalton South & Clockhouse,9,Mixed or Multiple ethnic groups: White and Asian,11,L15: Full-time students,13
E05013757,Carshalton South & Clockhouse,10,Mixed or Multiple ethnic groups: White and Black African,-8,Does not apply,25
E05013757,Carshalton South & Clockhouse,10,Mixed or Multiple ethnic groups: White and Black African,1,L1 and L2: Large employers and higher managerial and administrative occupations,0
E05013757,Carshalton South & Clockhouse,10,Mixed or Multiple ethnic groups: White and Black African,2,L3: Higher professional occupations,3
E05013757,Carshalton South & Clockhouse,10,Mixed or Multiple ethnic groups: White and Black African,3,"L4, L5 and L6: Lower managerial, administrative and professional occupations",4
E05013757,Carshalton South & Clockhouse,10,Mixed or Multiple ethnic groups: White and Black African,4,L7: Intermediate occupations,2
E05013757,Carshalton South & Clockhouse,10,Mixed or Multiple ethnic groups: White and Black African,5,L8 and L9: Small employers and own account workers,2
E05013757,Carshalton South & Clockhouse,10,Mixed or Multiple ethnic groups: White and Black African,6,L10 and L11: Lower supervisory and technical occupations,0
E05013757,Carshalton South & Clockhouse,10,Mixed or Multiple ethnic groups: White and Black African,7,L12: Semi-routine occupations,4
E05013757,Carshalton South & Clockhouse,10,Mixed or Multiple ethnic groups: White and Black African,8,L13: Routine occupations,2
E05013757,Carshalton South & Clockhouse,10,Mixed or Multiple ethnic groups: White and Black African,9,L14.1: Never worked,0
E05013757,Carshalton South & Clockhouse,10,Mixed or Multiple ethnic groups: White and Black African,10,L14.2: Long-term unemployed,0
E05013757,Carshalton South & Clockhouse,10,Mixed or Multiple ethnic groups: White and Black African,11,L15: Full-time students,5
E05013757,Carshalton South & Clockhouse,11,Mixed or Multiple ethnic groups: White and Black Caribbean,-8,Does not apply,46
E05013757,Carshalton South & Clockhouse,11,Mixed or Multiple ethnic groups: White and Black Caribbean,1,L1 and L2: Large employers and higher managerial and administrative occupations,3
E05013757,Carshalton South & Clockhouse,11,Mixed or Multiple ethnic groups: White and Black Caribbean,2,L3: Higher professional occupations,4
E05013757,Carshalton South & Clockhouse,11,Mixed or Multiple ethnic groups: White and Black Caribbean,3,"L4, L5 and L6: Lower managerial, administrative and professional occupations",13
E05013757,Carshalton South & Clockhouse,11,Mixed or Multiple ethnic groups: White and Black Caribbean,4,L7: Intermediate occupations,9
E05013757,Carshalton South & Clockhouse,11,Mixed or Multiple ethnic groups: White and Black Caribbean,5,L8 and L9: Small employers and own account workers,8
E05013757,Carshalton South & Clockhouse,11,Mixed or Multiple ethnic groups: White and Black Caribbean,6,L10 and L11: Lower supervisory and technical occupations,4
E05013757,Carshalton South & Clockhouse,11,Mixed or Multiple ethnic groups: White and Black Caribbean,7,L12: Semi-routine occupations,6
E05013757,Carshalton South & Clockhouse,11,Mixed or Multiple ethnic groups: White and Black Caribbean,8,L13: Routine occupations,4
E05013757,Carshalton South & Clockhouse,11,Mixed or Multiple ethnic groups: White and Black Caribbean,9,L14.1: Never worked,2
E05013757,Carshalton South & Clockhouse,11,Mixed or Multiple ethnic groups: White and Black Caribbean,10,L14.2: Long-term unemployed,2
E05013757,Carshalton South & Clockhouse,11,Mixed or Multiple ethnic groups: White and Black Caribbean,11,L15: Full-time students,5
E05013757,Carshalton South & Clockhouse,12,Mixed or Multiple ethnic groups: Other Mixed or Multiple ethnic groups,-8,Does not apply,74
E05013757,Carshalton South & Clockhouse,12,Mixed or Multiple ethnic groups: Other Mixed or Multiple ethnic groups,1,L1 and L2: Large employers and higher managerial and administrative occupations,2
E05013757,Carshalton South & Clockhouse,12,Mixed or Multiple ethnic groups: Other Mixed or Multiple ethnic groups,2,L3: Higher professional occupations,9
E05013757,Carshalton South & Clockhouse,12,Mixed or Multiple ethnic groups: Other Mixed or Multiple ethnic groups,3,"L4, L5 and L6: Lower managerial, administrative and professional occupations",13
E05013757,Carshalton South & Clockhouse,12,Mixed or Multiple ethnic groups: Other Mixed or Multiple ethnic groups,4,L7: Intermediate occupations,7
E05013757,Carshalton South & Clockhouse,12,Mixed or Multiple ethnic groups: Other Mixed or Multiple ethnic groups,5,L8 and L9: Small employers and own account workers,4
E05013757,Carshalton South & Clockhouse,12,Mixed or Multiple ethnic groups: Other Mixed or Multiple ethnic groups,6,L10 and L11: Lower supervisory and technical occupations,0
E05013757,Carshalton South & Clockhouse,12,Mixed or Multiple ethnic groups: Other Mixed or Multiple ethnic groups,7,L12: Semi-routine occupations,3
E05013757,Carshalton South & Clockhouse,12,Mixed or Multiple ethnic groups: Other Mixed or Multiple ethnic groups,8,L13: Routine occupations,3
E05013757,Carshalton South & Clockhouse,12,Mixed or Multiple ethnic groups: Other Mixed or Multiple ethnic groups,9,L14.1: Never worked,0
E05013757,Carshalton South & Clockhouse,12,Mixed or Multiple ethnic groups: Other Mixed or Multiple ethnic groups,10,L14.2: Long-term unemployed,0
E05013757,Carshalton South & Clockhouse,12,Mixed or Multiple ethnic groups: Other Mixed or Multiple ethnic groups,11,L15: Full-time students,13
E05013757,Carshalton South & Clockhouse,13,"White: English, Welsh, Scottish, Northern Irish or British",-8,Does not apply,1245
E05013757,Carshalton South & Clockhouse,13,"White: English, Welsh, Scottish, Northern Irish or British",1,L1 and L2: Large employers and higher managerial and administrative occupations,388
E05013757,Carshalton South & Clockhouse,13,"White: English, Welsh, Scottish, Northern Irish or British",2,L3: Higher professional occupations,641
E05013757,Carshalton South & Clockhouse,13,"White: English, Welsh, Scottish, Northern Irish or British",3,"L4, L5 and L6: Lower managerial, administrative and professional occupations",1339
E05013757,Carshalton South & Clockhouse,13,"White: English, Welsh, Scottish, Northern Irish or British",4,L7: Intermediate occupations,824
E05013757,Carshalton South & Clockhouse,13,"White: English, Welsh, Scottish, Northern Irish or British",5,L8 and L9: Small employers and own account workers,653
E05013757,Carshalton South & Clockhouse,13,"White: English, Welsh, Scottish, Northern Irish or British",6,L10 and L11: Lower supervisory and technical occupations,221
E05013757,Carshalton South & Clockhouse,13,"White: English, Welsh, Scottish, Northern Irish or British",7,L12: Semi-routine occupations,437
E05013757,Carshalton South & Clockhouse,13,"White: English, Welsh, Scottish, Northern Irish or British",8,L13: Routine occupations,386
E05013757,Carshalton South & Clockhouse,13,"White: English, Welsh, Scottish, Northern Irish or British",9,L14.1: Never worked,288
E05013757,Carshalton South & Clockhouse,13,"White: English, Welsh, Scottish, Northern Irish or British",10,L14.2: Long-term unemployed,49
E05013757,Carshalton South & Clockhouse,13,"White: English, Welsh, Scottish, Northern Irish or British",11,L15: Full-time students,311
E05013757,Carshalton South & Clockhouse,14,White: Irish,-8,Does not apply,13
E05013757,Carshalton South & Clockhouse,14,White: Irish,1,L1 and L2: Large employers and higher managerial and administrative occupations,13
E05013757,Carshalton South & Clockhouse,14,White: Irish,2,L3: Higher professional occupations,15
E05013757,Carshalton South & Clockhouse,14,White: Irish,3,"L4, L5 and L6: Lower managerial, administrative and professional occupations",48
E05013757,Carshalton South & Clockhouse,14,White: Irish,4,L7: Intermediate occupations,18
E05013757,Carshalton South & Clockhouse,14,White: Irish,5,L8 and L9: Small employers and own account workers,21
E05013757,Carshalton South & Clockhouse,14,White: Irish,6,L10 and L11: Lower supervisory and technical occupations,6
E05013757,Carshalton South & Clockhouse,14,White: Irish,7,L12: Semi-routine occupations,13
E05013757,Carshalton South & Clockhouse,14,White: Irish,8,L13: Routine occupations,4
E05013757,Carshalton South & Clockhouse,14,White: Irish,9,L14.1: Never worked,6
E05013757,Carshalton South & Clockhouse,14,White: Irish,10,L14.2: Long-term unemployed,2
E05013757,Carshalton South & Clockhouse,14,White: Irish,11,L15: Full-time students,7
E05013757,Carshalton South & Clockhouse,15,White: Gypsy or Irish Traveller,-8,Does not apply,3
E05013757,Carshalton South & Clockhouse,15,White: Gypsy or Irish Traveller,1,L1 and L2: Large employers and higher managerial and administrative occupations,0
E05013757,Carshalton South & Clockhouse,15,White: Gypsy or Irish Traveller,2,L3: Higher professional occupations,0
E05013757,Carshalton South & Clockhouse,15,White: Gypsy or Irish Traveller,3,"L4, L5 and L6: Lower managerial, administrative and professional occupations",0
E05013757,Carshalton South & Clockhouse,15,White: Gypsy or Irish Traveller,4,L7: Intermediate occupations,1
E05013757,Carshalton South & Clockhouse,15,White: Gypsy or Irish Traveller,5,L8 and L9: Small employers and own account workers,1
E05013757,Carshalton South & Clockhouse,15,White: Gypsy or Irish Traveller,6,L10 and L11: Lower supervisory and technical occupations,0
E05013757,Carshalton South & Clockhouse,15,White: Gypsy or Irish Traveller,7,L12: Semi-routine occupations,0
E05013757,Carshalton South & Clockhouse,15,White: Gypsy or Irish Traveller,8,L13: Routine occupations,2
E05013757,Carshalton South & Clockhouse,15,White: Gypsy or Irish Traveller,9,L14.1: Never worked,2
E05013757,Carshalton South & Clockhouse,15,White: Gypsy or Irish Traveller,10,L14.2: Long-term unemployed,0
E05013757,Carshalton South & Clockhouse,15,White: Gypsy or Irish Traveller,11,L15: Full-time students,1
E05013757,Carshalton South & Clockhouse,16,White: Roma,-8,Does not apply,0
E05013757,Carshalton South & Clockhouse,16,White: Roma,1,L1 and L2: Large employers and higher managerial and administrative occupations,0
E05013757,Carshalton South & Clockhouse,16,White: Roma,2,L3: Higher professional occupations,1
E05013757,Carshalton South & Clockhouse,16,White: Roma,3,"L4, L5 and L6: Lower managerial, administrative and professional occupations",0
E05013757,Carshalton South & Clockhouse,16,White: Roma,4,L7: Intermediate occupations,1
E05013757,Carshalton South & Clockhouse,16,White: Roma,5,L8 and L9: Small employers and own account workers,5
E05013757,Carshalton South & Clockhouse,16,White: Roma,6,L10 and L11: Lower supervisory and technical occupations,0
E05013757,Carshalton South & Clockhouse,16,White: Roma,7,L12: Semi-routine occupations,0
E05013757,Carshalton South & Clockhouse,16,White: Roma,8,L13: Routine occupations,0
E05013757,Carshalton South & Clockhouse,16,White: Roma,9,L14.1: Never worked,0
E05013757,Carshalton South & Clockhouse,16,White: Roma,10,L14.2: Long-term unemployed,0
E05013757,Carshalton South & Clockhouse,16,White: Roma,11,L15: Full-time students,0
E05013757,Carshalton South & Clockhouse,17,White: Other White,-8,Does not apply,68
E05013757,Carshalton South & Clockhouse,17,White: Other White,1,L1 and L2: Large employers and higher managerial and administrative occupations,28
E05013757,Carshalton South & Clockhouse,17,White: Other White,2,L3: Higher professional occupations,82
E05013757,Carshalton South & Clockhouse,17,White: Other White,3,"L4, L5 and L6: Lower managerial, administrative and professional occupations",69
E05013757,Carshalton South & Clockhouse,17,White: Other White,4,L7: Intermediate occupations,40
E05013757,Carshalton South & Clockhouse,17,White: Other White,5,L8 and L9: Small employers and own account workers,72
E05013757,Carshalton South & Clockhouse,17,White: Other White,6,L10 and L11: Lower supervisory and technical occupations,18
E05013757,Carshalton South & Clockhouse,17,White: Other White,7,L12: Semi-routine occupations,22
E05013757,Carshalton South & Clockhouse,17,White: Other White,8,L13: Routine occupations,28
E05013757,Carshalton South & Clockhouse,17,White: Other White,9,L14.1: Never worked,13
E05013757,Carshalton South & Clockhouse,17,White: Other White,10,L14.2: Long-term unemployed,6
E05013757,Carshalton South & Clockhouse,17,White: Other White,11,L15: Full-time students,18
E05013757,Carshalton South & Clockhouse,18,Other ethnic group: Arab,-8,Does not apply,2
E05013757,Carshalton South & Clockhouse,18,Other ethnic group: Arab,1,L1 and L2: Large employers and higher managerial and administrative occupations,1
E05013757,Carshalton South & Clockhouse,18,Other ethnic group: Arab,2,L3: Higher professional occupations,3
E05013757,Carshalton South & Clockhouse,18,Other ethnic group: Arab,3,"L4, L5 and L6: Lower managerial, administrative and professional occupations",5
E05013757,Carshalton South & Clockhouse,18,Other ethnic group: Arab,4,L7: Intermediate occupations,0
E05013757,Carshalton South & Clockhouse,18,Other ethnic group: Arab,5,L8 and L9: Small employers and own account workers,0
E05013757,Carshalton South & Clockhouse,18,Other ethnic group: Arab,6,L10 and L11: Lower supervisory and technical occupations,2
E05013757,Carshalton South & Clockhouse,18,Other ethnic group: Arab,7,L12: Semi-routine occupations,1
E05013757,Carshalton South & Clockhouse,18,Other ethnic group: Arab,8,L13: Routine occupations,0
E05013757,Carshalton South & Clockhouse,18,Other ethnic group: Arab,9,L14.1: Never worked,3
E05013757,Carshalton South & Clockhouse,18,Other ethnic group: Arab,10,L14.2: Long-term unemployed,0
E05013757,Carshalton South & Clockhouse,18,Other ethnic group: Arab,11,L15: Full-time students,1
E05013757,Carshalton South & Clockhouse,19,Other ethnic group: Any other ethnic group,-8,Does not apply,44
E05013757,Carshalton South & Clockhouse,19,Other ethnic group: Any other ethnic group,1,L1 and L2: Large employers and higher managerial and administrative occupations,11
E05013757,Carshalton South & Clockhouse,19,Other ethnic group: Any other ethnic group,2,L3: Higher professional occupations,18
E05013757,Carshalton South & Clockhouse,19,Other ethnic group: Any other ethnic group,3,"L4, L5 and L6: Lower managerial, administrative and professional occupations",24
E05013757,Carshalton South & Clockhouse,19,Other ethnic group: Any other ethnic group,4,L7: Intermediate occupations,15
E05013757,Carshalton South & Clockhouse,19,Other ethnic group: Any other ethnic group,5,L8 and L9: Small employers and own account workers,16
E05013757,Carshalton South & Clockhouse,19,Other ethnic group: Any other ethnic group,6,L10 and L11: Lower supervisory and technical occupations,5
E05013757,Carshalton South & Clockhouse,19,Other ethnic group: Any other ethnic group,7,L12: Semi-routine occupations,13
E05013757,Carshalton South & Clockhouse,19,Other ethnic group: Any other ethnic group,8,L13: Routine occupations,7
E05013757,Carshalton South & Clockhouse,19,Other ethnic group: Any other ethnic group,9,L14.1: Never worked,15
E05013757,Carshalton South & Clockhouse,19,Other ethnic group: Any other ethnic group,10,L14.2: Long-term unemployed,2
E05013757,Carshalton South & Clockhouse,19,Other ethnic group: Any other ethnic group,11,L15: Full-time students,12
E05013758,Cheam,-8,Does not apply,-8,Does not apply,0
E05013758,Cheam,-8,Does not apply,1,L1 and L2: Large employers and higher managerial and administrative occupations,0
E05013758,Cheam,-8,Does not apply,2,L3: Higher professional occupations,0
E05013758,Cheam,-8,Does not apply,3,"L4, L5 and L6: Lower managerial, administrative and professional occupations",0
E05013758,Cheam,-8,Does not apply,4,L7: Intermediate occupations,0
E05013758,Cheam,-8,Does not apply,5,L8 and L9: Small employers and own account workers,0
E05013758,Cheam,-8,Does not apply,6,L10 and L11: Lower supervisory and technical occupations,0
E05013758,Cheam,-8,Does not apply,7,L12: Semi-routine occupations,0
E05013758,Cheam,-8,Does not apply,8,L13: Routine occupations,0
E05013758,Cheam,-8,Does not apply,9,L14.1: Never worked,0
E05013758,Cheam,-8,Does not apply,10,L14.2: Long-term unemployed,0
E05013758,Cheam,-8,Does not apply,11,L15: Full-time students,0
E05013758,Cheam,1,"Asian, Asian British or Asian Welsh: Bangladeshi",-8,Does not apply,25
E05013758,Cheam,1,"Asian, Asian British or Asian Welsh: Bangladeshi",1,L1 and L2: Large employers and higher managerial and administrative occupations,3
E05013758,Cheam,1,"Asian, Asian British or Asian Welsh: Bangladeshi",2,L3: Higher professional occupations,17
E05013758,Cheam,1,"Asian, Asian British or Asian Welsh: Bangladeshi",3,"L4, L5 and L6: Lower managerial, administrative and professional occupations",9
E05013758,Cheam,1,"Asian, Asian British or Asian Welsh: Bangladeshi",4,L7: Intermediate occupations,3
E05013758,Cheam,1,"Asian, Asian British or Asian Welsh: Bangladeshi",5,L8 and L9: Small employers and own account workers,7
E05013758,Cheam,1,"Asian, Asian British or Asian Welsh: Bangladeshi",6,L10 and L11: Lower supervisory and technical occupations,3
E05013758,Cheam,1,"Asian, Asian British or Asian Welsh: Bangladeshi",7,L12: Semi-routine occupations,2
E05013758,Cheam,1,"Asian, Asian British or Asian Welsh: Bangladeshi",8,L13: Routine occupations,3
E05013758,Cheam,1,"Asian, Asian British or Asian Welsh: Bangladeshi",9,L14.1: Never worked,11
E05013758,Cheam,1,"Asian, Asian British or Asian Welsh: Bangladeshi",10,L14.2: Long-term unemployed,1
E05013758,Cheam,1,"Asian, Asian British or Asian Welsh: Bangladeshi",11,L15: Full-time students,12
E05013758,Cheam,2,"Asian, Asian British or Asian Welsh: Chinese",-8,Does not apply,37
E05013758,Cheam,2,"Asian, Asian British or Asian Welsh: Chinese",1,L1 and L2: Large employers and higher managerial and administrative occupations,22
E05013758,Cheam,2,"Asian, Asian British or Asian Welsh: Chinese",2,L3: Higher professional occupations,39
E05013758,Cheam,2,"Asian, Asian British or Asian Welsh: Chinese",3,"L4, L5 and L6: Lower managerial, administrative and professional occupations",37
E05013758,Cheam,2,"Asian, Asian British or Asian Welsh: Chinese",4,L7: Intermediate occupations,15
E05013758,Cheam,2,"Asian, Asian British or Asian Welsh: Chinese",5,L8 and L9: Small employers and own account workers,12
E05013758,Cheam,2,"Asian, Asian British or Asian Welsh: Chinese",6,L10 and L11: Lower supervisory and technical occupations,4
E05013758,Cheam,2,"Asian, Asian British or Asian Welsh: Chinese",7,L12: Semi-routine occupations,6
E05013758,Cheam,2,"Asian, Asian British or Asian Welsh: Chinese",8,L13: Routine occupations,5
E05013758,Cheam,2,"Asian, Asian British or Asian Welsh: Chinese",9,L14.1: Never worked,6
E05013758,Cheam,2,"Asian, Asian British or Asian Welsh: Chinese",10,L14.2: Long-term unemployed,2
E05013758,Cheam,2,"Asian, Asian British or Asian Welsh: Chinese",11,L15: Full-time students,8
E05013758,Cheam,3,"Asian, Asian British or Asian Welsh: Indian",-8,Does not apply,179
E05013758,Cheam,3,"Asian, Asian British or Asian Welsh: Indian",1,L1 and L2: Large employers and higher managerial and administrative occupations,59
E05013758,Cheam,3,"Asian, Asian British or Asian Welsh: Indian",2,L3: Higher professional occupations,176
E05013758,Cheam,3,"Asian, Asian British or Asian Welsh: Indian",3,"L4, L5 and L6: Lower managerial, administrative and professional occupations",139
E05013758,Cheam,3,"Asian, Asian British or Asian Welsh: Indian",4,L7: Intermediate occupations,65
E05013758,Cheam,3,"Asian, Asian British or Asian Welsh: Indian",5,L8 and L9: Small employers and own account workers,75
E05013758,Cheam,3,"Asian, Asian British or Asian Welsh: Indian",6,L10 and L11: Lower supervisory and technical occupations,3
E05013758,Cheam,3,"Asian, Asian British or Asian Welsh: Indian",7,L12: Semi-routine occupations,32
E05013758,Cheam,3,"Asian, Asian British or Asian Welsh: Indian",8,L13: Routine occupations,11
E05013758,Cheam,3,"Asian, Asian British or Asian Welsh: Indian",9,L14.1: Never worked,38
E05013758,Cheam,3,"Asian, Asian British or Asian Welsh: Indian",10,L14.2: Long-term unemployed,8
E05013758,Cheam,3,"Asian, Asian British or Asian Welsh: Indian",11,L15: Full-time students,60
E05013758,Cheam,4,"Asian, Asian British or Asian Welsh: Pakistani",-8,Does not apply,124
E05013758,Cheam,4,"Asian, Asian British or Asian Welsh: Pakistani",1,L1 and L2: Large employers and higher managerial and administrative occupations,17
E05013758,Cheam,4,"Asian, Asian British or Asian Welsh: Pakistani",2,L3: Higher professional occupations,70
E05013758,Cheam,4,"Asian, Asian British or Asian Welsh: Pakistani",3,"L4, L5 and L6: Lower managerial, administrative and professional occupations",37
E05013758,Cheam,4,"Asian, Asian British or Asian Welsh: Pakistani",4,L7: Intermediate occupations,18
E05013758,Cheam,4,"Asian, Asian British or Asian Welsh: Pakistani",5,L8 and L9: Small employers and own account workers,36
E05013758,Cheam,4,"Asian, Asian British or Asian Welsh: Pakistani",6,L10 and L11: Lower supervisory and technical occupations,2
E05013758,Cheam,4,"Asian, Asian British or Asian Welsh: Pakistani",7,L12: Semi-routine occupations,11
E05013758,Cheam,4,"Asian, Asian British or Asian Welsh: Pakistani",8,L13: Routine occupations,4
E05013758,Cheam,4,"Asian, Asian British or Asian Welsh: Pakistani",9,L14.1: Never worked,40
E05013758,Cheam,4,"Asian, Asian British or Asian Welsh: Pakistani",10,L14.2: Long-term unemployed,3
E05013758,Cheam,4,"Asian, Asian British or Asian Welsh: Pakistani",11,L15: Full-time students,36
E05013758,Cheam,5,"Asian, Asian British or Asian Welsh: Other Asian",-8,Does not apply,117
E05013758,Cheam,5,"Asian, Asian British or Asian Welsh: Other Asian",1,L1 and L2: Large employers and higher managerial and administrative occupations,29
E05013758,Cheam,5,"Asian, Asian British or Asian Welsh: Other Asian",2,L3: Higher professional occupations,90
E05013758,Cheam,5,"Asian, Asian British or Asian Welsh: Other Asian",3,"L4, L5 and L6: Lower managerial, administrative and professional occupations",85
E05013758,Cheam,5,"Asian, Asian British or Asian Welsh: Other Asian",4,L7: Intermediate occupations,47
E05013758,Cheam,5,"Asian, Asian British or Asian Welsh: Other Asian",5,L8 and L9: Small employers and own account workers,57
E05013758,Cheam,5,"Asian, Asian British or Asian Welsh: Other Asian",6,L10 and L11: Lower supervisory and technical occupations,7
E05013758,Cheam,5,"Asian, Asian British or Asian Welsh: Other Asian",7,L12: Semi-routine occupations,55
E05013758,Cheam,5,"Asian, Asian British or Asian Welsh: Other Asian",8,L13: Routine occupations,13
E05013758,Cheam,5,"Asian, Asian British or Asian Welsh: Other Asian",9,L14.1: Never worked,40
E05013758,Cheam,5,"Asian, Asian British or Asian Welsh: Other Asian",10,L14.2: Long-term unemployed,0
E05013758,Cheam,5,"Asian, Asian British or Asian Welsh: Other Asian",11,L15: Full-time students,44
E05013758,Cheam,6,"Black, Black British, Black Welsh, Caribbean or African: African",-8,Does not apply,30
E05013758,Cheam,6,"Black, Black British, Black Welsh, Caribbean or African: African",1,L1 and L2: Large employers and higher managerial and administrative occupations,9
E05013758,Cheam,6,"Black, Black British, Black Welsh, Caribbean or African: African",2,L3: Higher professional occupations,28
E05013758,Cheam,6,"Black, Black British, Black Welsh, Caribbean or African: African",3,"L4, L5 and L6: Lower managerial, administrative and professional occupations",22
E05013758,Cheam,6,"Black, Black British, Black Welsh, Caribbean or African: African",4,L7: Intermediate occupations,10
E05013758,Cheam,6,"Black, Black British, Black Welsh, Caribbean or African: African",5,L8 and L9: Small employers and own account workers,6
E05013758,Cheam,6,"Black, Black British, Black Welsh, Caribbean or African: African",6,L10 and L11: Lower supervisory and technical occupations,1
E05013758,Cheam,6,"Black, Black British, Black Welsh, Caribbean or African: African",7,L12: Semi-routine occupations,12
E05013758,Cheam,6,"Black, Black British, Black Welsh, Caribbean or African: African",8,L13: Routine occupations,5
E05013758,Cheam,6,"Black, Black British, Black Welsh, Caribbean or African: African",9,L14.1: Never worked,8
E05013758,Cheam,6,"Black, Black British, Black Welsh, Caribbean or African: African",10,L14.2: Long-term unemployed,3
E05013758,Cheam,6,"Black, Black British, Black Welsh, Caribbean or African: African",11,L15: Full-time students,17
E05013758,Cheam,7,"Black, Black British, Black Welsh, Caribbean or African: Caribbean",-8,Does not apply,9
E05013758,Cheam,7,"Black, Black British, Black Welsh, Caribbean or African: Caribbean",1,L1 and L2: Large employers and higher managerial and administrative occupations,7
E05013758,Cheam,7,"Black, Black British, Black Welsh, Caribbean or African: Caribbean",2,L3: Higher professional occupations,5
E05013758,Cheam,7,"Black, Black British, Black Welsh, Caribbean or African: Caribbean",3,"L4, L5 and L6: Lower managerial, administrative and professional occupations",12
E05013758,Cheam,7,"Black, Black British, Black Welsh, Caribbean or African: Caribbean",4,L7: Intermediate occupations,7
E05013758,Cheam,7,"Black, Black British, Black Welsh, Caribbean or African: Caribbean",5,L8 and L9: Small employers and own account workers,3
E05013758,Cheam,7,"Black, Black British, Black Welsh, Caribbean or African: Caribbean",6,L10 and L11: Lower supervisory and technical occupations,2
E05013758,Cheam,7,"Black, Black British, Black Welsh, Caribbean or African: Caribbean",7,L12: Semi-routine occupations,9
E05013758,Cheam,7,"Black, Black British, Black Welsh, Caribbean or African: Caribbean",8,L13: Routine occupations,3
E05013758,Cheam,7,"Black, Black British, Black Welsh, Caribbean or African: Caribbean",9,L14.1: Never worked,7
E05013758,Cheam,7,"Black, Black British, Black Welsh, Caribbean or African: Caribbean",10,L14.2: Long-term unemployed,0
E05013758,Cheam,7,"Black, Black British, Black Welsh, Caribbean or African: Caribbean",11,L15: Full-time students,3
E05013758,Cheam,8,"Black, Black British, Black Welsh, Caribbean or African: Other Black",-8,Does not apply,12
E05013758,Cheam,8,"Black, Black British, Black Welsh, Caribbean or African: Other Black",1,L1 and L2: Large employers and higher managerial and administrative occupations,1
E05013758,Cheam,8,"Black, Black British, Black Welsh, Caribbean or African: Other Black",2,L3: Higher professional occupations,1
E05013758,Cheam,8,"Black, Black British, Black Welsh, Caribbean or African: Other Black",3,"L4, L5 and L6: Lower managerial, administrative and professional occupations",4
E05013758,Cheam,8,"Black, Black British, Black Welsh, Caribbean or African: Other Black",4,L7: Intermediate occupations,1
E05013758,Cheam,8,"Black, Black British, Black Welsh, Caribbean or African: Other Black",5,L8 and L9: Small employers and own account workers,1
E05013758,Cheam,8,"Black, Black British, Black Welsh, Caribbean or African: Other Black",6,L10 and L11: Lower supervisory and technical occupations,1
E05013758,Cheam,8,"Black, Black British, Black Welsh, Caribbean or African: Other Black",7,L12: Semi-routine occupations,0
E05013758,Cheam,8,"Black, Black British, Black Welsh, Caribbean or African: Other Black",8,L13: Routine occupations,0
E05013758,Cheam,8,"Black, Black British, Black Welsh, Caribbean or African: Other Black",9,L14.1: Never worked,4
E05013758,Cheam,8,"Black, Black British, Black Welsh, Caribbean or African: Other Black",10,L14.2: Long-term unemployed,0
E05013758,Cheam,8,"Black, Black British, Black Welsh, Caribbean or African: Other Black",11,L15: Full-time students,6
E05013758,Cheam,9,Mixed or Multiple ethnic groups: White and Asian,-8,Does not apply,63
E05013758,Cheam,9,Mixed or Multiple ethnic groups: White and Asian,1,L1 and L2: Large employers and higher managerial and administrative occupations,5
E05013758,Cheam,9,Mixed or Multiple ethnic groups: White and Asian,2,L3: Higher professional occupations,12
E05013758,Cheam,9,Mixed or Multiple ethnic groups: White and Asian,3,"L4, L5 and L6: Lower managerial, administrative and professional occupations",19
E05013758,Cheam,9,Mixed or Multiple ethnic groups: White and Asian,4,L7: Intermediate occupations,13
E05013758,Cheam,9,Mixed or Multiple ethnic groups: White and Asian,5,L8 and L9: Small employers and own account workers,9
E05013758,Cheam,9,Mixed or Multiple ethnic groups: White and Asian,6,L10 and L11: Lower supervisory and technical occupations,3
E05013758,Cheam,9,Mixed or Multiple ethnic groups: White and Asian,7,L12: Semi-routine occupations,3
E05013758,Cheam,9,Mixed or Multiple ethnic groups: White and Asian,8,L13: Routine occupations,4
E05013758,Cheam,9,Mixed or Multiple ethnic groups: White and Asian,9,L14.1: Never worked,4
E05013758,Cheam,9,Mixed or Multiple ethnic groups: White and Asian,10,L14.2: Long-term unemployed,3
E05013758,Cheam,9,Mixed or Multiple ethnic groups: White and Asian,11,L15: Full-time students,30
E05013758,Cheam,10,Mixed or Multiple ethnic groups: White and Black African,-8,Does not apply,15
E05013758,Cheam,10,Mixed or Multiple ethnic groups: White and Black African,1,L1 and L2: Large employers and higher managerial and administrative occupations,2
E05013758,Cheam,10,Mixed or Multiple ethnic groups: White and Black African,2,L3: Higher professional occupations,2
E05013758,Cheam,10,Mixed or Multiple ethnic groups: White and Black African,3,"L4, L5 and L6: Lower managerial, administrative and professional occupations",5
E05013758,Cheam,10,Mixed or Multiple ethnic groups: White and Black African,4,L7: Intermediate occupations,2
E05013758,Cheam,10,Mixed or Multiple ethnic groups: White and Black African,5,L8 and L9: Small employers and own account workers,2
E05013758,Cheam,10,Mixed or Multiple ethnic groups: White and Black African,6,L10 and L11: Lower supervisory and technical occupations,0
E05013758,Cheam,10,Mixed or Multiple ethnic groups: White and Black African,7,L12: Semi-routine occupations,1
E05013758,Cheam,10,Mixed or Multiple ethnic groups: White and Black African,8,L13: Routine occupations,0
E05013758,Cheam,10,Mixed or Multiple ethnic groups: White and Black African,9,L14.1: Never worked,1
E05013758,Cheam,10,Mixed or Multiple ethnic groups: White and Black African,10,L14.2: Long-term unemployed,0
E05013758,Cheam,10,Mixed or Multiple ethnic groups: White and Black African,11,L15: Full-time students,1
E05013758,Cheam,11,Mixed or Multiple ethnic groups: White and Black Caribbean,-8,Does not apply,44
E05013758,Cheam,11,Mixed or Multiple ethnic groups: White and Black Caribbean,1,L1 and L2: Large employers and higher managerial and administrative occupations,5
E05013758,Cheam,11,Mixed or Multiple ethnic groups: White and Black Caribbean,2,L3: Higher professional occupations,3
E05013758,Cheam,11,Mixed or Multiple ethnic groups: White and Black Caribbean,3,"L4, L5 and L6: Lower managerial, administrative and professional occupations",10
E05013758,Cheam,11,Mixed or Multiple ethnic groups: White and Black Caribbean,4,L7: Intermediate occupations,7
E05013758,Cheam,11,Mixed or Multiple ethnic groups: White and Black Caribbean,5,L8 and L9: Small employers and own account workers,11
E05013758,Cheam,11,Mixed or Multiple ethnic groups: White and Black Caribbean,6,L10 and L11: Lower supervisory and technical occupations,0
E05013758,Cheam,11,Mixed or Multiple ethnic groups: White and Black Caribbean,7,L12: Semi-routine occupations,1
E05013758,Cheam,11,Mixed or Multiple ethnic groups: White and Black Caribbean,8,L13: Routine occupations,11
E05013758,Cheam,11,Mixed or Multiple ethnic groups: White and Black Caribbean,9,L14.1: Never worked,1
E05013758,Cheam,11,Mixed or Multiple ethnic groups: White and Black Caribbean,10,L14.2: Long-term unemployed,0
E05013758,Cheam,11,Mixed or Multiple ethnic groups: White and Black Caribbean,11,L15: Full-time students,11
E05013758,Cheam,12,Mixed or Multiple ethnic groups: Other Mixed or Multiple ethnic groups,-8,Does not apply,45
E05013758,Cheam,12,Mixed or Multiple ethnic groups: Other Mixed or Multiple ethnic groups,1,L1 and L2: Large employers and higher managerial and administrative occupations,4
E05013758,Cheam,12,Mixed or Multiple ethnic groups: Other Mixed or Multiple ethnic groups,2,L3: Higher professional occupations,10
E05013758,Cheam,12,Mixed or Multiple ethnic groups: Other Mixed or Multiple ethnic groups,3,"L4, L5 and L6: Lower managerial, administrative and professional occupations",20
E05013758,Cheam,12,Mixed or Multiple ethnic groups: Other Mixed or Multiple ethnic groups,4,L7: Intermediate occupations,9
E05013758,Cheam,12,Mixed or Multiple ethnic groups: Other Mixed or Multiple ethnic groups,5,L8 and L9: Small employers and own account workers,7
E05013758,Cheam,12,Mixed or Multiple ethnic groups: Other Mixed or Multiple ethnic groups,6,L10 and L11: Lower supervisory and technical occupations,1
E05013758,Cheam,12,Mixed or Multiple ethnic groups: Other Mixed or Multiple ethnic groups,7,L12: Semi-routine occupations,4
E05013758,Cheam,12,Mixed or Multiple ethnic groups: Other Mixed or Multiple ethnic groups,8,L13: Routine occupations,6
E05013758,Cheam,12,Mixed or Multiple ethnic groups: Other Mixed or Multiple ethnic groups,9,L14.1: Never worked,2
E05013758,Cheam,12,Mixed or Multiple ethnic groups: Other Mixed or Multiple ethnic groups,10,L14.2: Long-term unemployed,2
E05013758,Cheam,12,Mixed or Multiple ethnic groups: Other Mixed or Multiple ethnic groups,11,L15: Full-time students,14
E05013758,Cheam,13,"White: English, Welsh, Scottish, Northern Irish or British",-8,Does not apply,1133
E05013758,Cheam,13,"White: English, Welsh, Scottish, Northern Irish or British",1,L1 and L2: Large employers and higher managerial and administrative occupations,437
E05013758,Cheam,13,"White: English, Welsh, Scottish, Northern Irish or British",2,L3: Higher professional occupations,697
E05013758,Cheam,13,"White: English, Welsh, Scottish, Northern Irish or British",3,"L4, L5 and L6: Lower managerial, administrative and professional occupations",1422
E05013758,Cheam,13,"White: English, Welsh, Scottish, Northern Irish or British",4,L7: Intermediate occupations,792
E05013758,Cheam,13,"White: English, Welsh, Scottish, Northern Irish or British",5,L8 and L9: Small employers and own account workers,770
E05013758,Cheam,13,"White: English, Welsh, Scottish, Northern Irish or British",6,L10 and L11: Lower supervisory and technical occupations,213
E05013758,Cheam,13,"White: English, Welsh, Scottish, Northern Irish or British",7,L12: Semi-routine occupations,410
E05013758,Cheam,13,"White: English, Welsh, Scottish, Northern Irish or British",8,L13: Routine occupations,284
E05013758,Cheam,13,"White: English, Welsh, Scottish, Northern Irish or British",9,L14.1: Never worked,290
E05013758,Cheam,13,"White: English, Welsh, Scottish, Northern Irish or British",10,L14.2: Long-term unemployed,40
E05013758,Cheam,13,"White: English, Welsh, Scottish, Northern Irish or British",11,L15: Full-time students,289
E05013758,Cheam,14,White: Irish,-8,Does not apply,12
E05013758,Cheam,14,White: Irish,1,L1 and L2: Large employers and higher managerial and administrative occupations,7
E05013758,Cheam,14,White: Irish,2,L3: Higher professional occupations,23
E05013758,Cheam,14,White: Irish,3,"L4, L5 and L6: Lower managerial, administrative and professional occupations",66
E05013758,Cheam,14,White: Irish,4,L7: Intermediate occupations,28
E05013758,Cheam,14,White: Irish,5,L8 and L9: Small employers and own account workers,32
E05013758,Cheam,14,White: Irish,6,L10 and L11: Lower supervisory and technical occupations,4
E05013758,Cheam,14,White: Irish,7,L12: Semi-routine occupations,17
E05013758,Cheam,14,White: Irish,8,L13: Routine occupations,13
E05013758,Cheam,14,White: Irish,9,L14.1: Never worked,11
E05013758,Cheam,14,White: Irish,10,L14.2: Long-term unemployed,1
E05013758,Cheam,14,White: Irish,11,L15: Full-time students,5
E05013758,Cheam,15,White: Gypsy or Irish Traveller,-8,Does not apply,0
E05013758,Cheam,15,White: Gypsy or Irish Traveller,1,L1 and L2: Large employers and higher managerial and administrative occupations,0
E05013758,Cheam,15,White: Gypsy or Irish Traveller,2,L3: Higher professional occupations,0
E05013758,Cheam,15,White: Gypsy or Irish Traveller,3,"L4, L5 and L6: Lower managerial, administrative and professional occupations",0
E05013758,Cheam,15,White: Gypsy or Irish Traveller,4,L7: Intermediate occupations,0
E05013758,Cheam,15,White: Gypsy or Irish Traveller,5,L8 and L9: Small employers and own account workers,0
E05013758,Cheam,15,White: Gypsy or Irish Traveller,6,L10 and L11: Lower supervisory and technical occupations,0
E05013758,Cheam,15,White: Gypsy or Irish Traveller,7,L12: Semi-routine occupations,0
E05013758,Cheam,15,White: Gypsy or Irish Traveller,8,L13: Routine occupations,0
E05013758,Cheam,15,White: Gypsy or Irish Traveller,9,L14.1: Never worked,0
E05013758,Cheam,15,White: Gypsy or Irish Traveller,10,L14.2: Long-term unemployed,0
E05013758,Cheam,15,White: Gypsy or Irish Traveller,11,L15: Full-time students,0
E05013758,Cheam,16,White: Roma,-8,Does not apply,2
E05013758,Cheam,16,White: Roma,1,L1 and L2: Large employers and higher managerial and administrative occupations,0
E05013758,Cheam,16,White: Roma,2,L3: Higher professional occupations,3
E05013758,Cheam,16,White: Roma,3,"L4, L5 and L6: Lower managerial, administrative and professional occupations",2
E05013758,Cheam,16,White: Roma,4,L7: Intermediate occupations,0
E05013758,Cheam,16,White: Roma,5,L8 and L9: Small employers and own account workers,0
E05013758,Cheam,16,White: Roma,6,L10 and L11: Lower supervisory and technical occupations,0
E05013758,Cheam,16,White: Roma,7,L12: Semi-routine occupations,1
E05013758,Cheam,16,White: Roma,8,L13: Routine occupations,1
E05013758,Cheam,16,White: Roma,9,L14.1: Never worked,1
E05013758,Cheam,16,White: Roma,10,L14.2: Long-term unemployed,0
E05013758,Cheam,16,White: Roma,11,L15: Full-time students,0
E05013758,Cheam,17,White: Other White,-8,Does not apply,97
E05013758,Cheam,17,White: Other White,1,L1 and L2: Large employers and higher managerial and administrative occupations,43
E05013758,Cheam,17,White: Other White,2,L3: Higher professional occupations,93
E05013758,Cheam,17,White: Other White,3,"L4, L5 and L6: Lower managerial, administrative and professional occupations",129
E05013758,Cheam,17,White: Other White,4,L7: Intermediate occupations,62
E05013758,Cheam,17,White: Other White,5,L8 and L9: Small employers and own account workers,98
E05013758,Cheam,17,White: Other White,6,L10 and L11: Lower supervisory and technical occupations,15
E05013758,Cheam,17,White: Other White,7,L12: Semi-routine occupations,41
E05013758,Cheam,17,White: Other White,8,L13: Routine occupations,40
E05013758,Cheam,17,White: Other White,9,L14.1: Never worked,16
E05013758,Cheam,17,White: Other White,10,L14.2: Long-term unemployed,3
E05013758,Cheam,17,White: Other White,11,L15: Full-time students,34
E05013758,Cheam,18,Other ethnic group: Arab,-8,Does not apply,19
E05013758,Cheam,18,Other ethnic group: Arab,1,L1 and L2: Large employers and higher managerial and administrative occupations,4
E05013758,Cheam,18,Other ethnic group: Arab,2,L3: Higher professional occupations,27
E05013758,Cheam,18,Other ethnic group: Arab,3,"L4, L5 and L6: Lower managerial, administrative and professional occupations",8
E05013758,Cheam,18,Other ethnic group: Arab,4,L7: Intermediate occupations,3
E05013758,Cheam,18,Other ethnic group: Arab,5,L8 and L9: Small employers and own account workers,8
E05013758,Cheam,18,Other ethnic group: Arab,6,L10 and L11: Lower supervisory and technical occupations,1
E05013758,Cheam,18,Other ethnic group: Arab,7,L12: Semi-routine occupations,5
E05013758,Cheam,18,Other ethnic group: Arab,8,L13: Routine occupations,2
E05013758,Cheam,18,Other ethnic group: Arab,9,L14.1: Never worked,6
E05013758,Cheam,18,Other ethnic group: Arab,10,L14.2: Long-term unemployed,1
E05013758,Cheam,18,Other ethnic group: Arab,11,L15: Full-time students,10
E05013758,Cheam,19,Other ethnic group: Any other ethnic group,-8,Does not apply,31
E05013758,Cheam,19,Other ethnic group: Any other ethnic group,1,L1 and L2: Large employers and higher managerial and administrative occupations,12
E05013758,Cheam,19,Other ethnic group: Any other ethnic group,2,L3: Higher professional occupations,50
E05013758,Cheam,19,Other ethnic group: Any other ethnic group,3,"L4, L5 and L6: Lower managerial, administrative and professional occupations",31
E05013758,Cheam,19,Other ethnic group: Any other ethnic group,4,L7: Intermediate occupations,17
E05013758,Cheam,19,Other ethnic group: Any other ethnic group,5,L8 and L9: Small employers and own account workers,25
E05013758,Cheam,19,Other ethnic group: Any other ethnic group,6,L10 and L11: Lower supervisory and technical occupations,4
E05013758,Cheam,19,Other ethnic group: Any other ethnic group,7,L12: Semi-routine occupations,22
E05013758,Cheam,19,Other ethnic group: Any other ethnic group,8,L13: Routine occupations,24
E05013758,Cheam,19,Other ethnic group: Any other ethnic group,9,L14.1: Never worked,15
E05013758,Cheam,19,Other ethnic group: Any other ethnic group,10,L14.2: Long-term unemployed,0
E05013758,Cheam,19,Other ethnic group: Any other ethnic group,11,L15: Full-time students,21
E05013759,Hackbridge,-8,Does not apply,-8,Does not apply,0
E05013759,Hackbridge,-8,Does not apply,1,L1 and L2: Large employers and higher managerial and administrative occupations,0
E05013759,Hackbridge,-8,Does not apply,2,L3: Higher professional occupations,0
E05013759,Hackbridge,-8,Does not apply,3,"L4, L5 and L6: Lower managerial, administrative and professional occupations",0
E05013759,Hackbridge,-8,Does not apply,4,L7: Intermediate occupations,0
E05013759,Hackbridge,-8,Does not apply,5,L8 and L9: Small employers and own account workers,0
E05013759,Hackbridge,-8,Does not apply,6,L10 and L11: Lower supervisory and technical occupations,0
E05013759,Hackbridge,-8,Does not apply,7,L12: Semi-routine occupations,0
E05013759,Hackbridge,-8,Does not apply,8,L13: Routine occupations,0
E05013759,Hackbridge,-8,Does not apply,9,L14.1: Never worked,0
E05013759,Hackbridge,-8,Does not apply,10,L14.2: Long-term unemployed,0
E05013759,Hackbridge,-8,Does not apply,11,L15: Full-time students,0
E05013759,Hackbridge,1,"Asian, Asian British or Asian Welsh: Bangladeshi",-8,Does not apply,8
E05013759,Hackbridge,1,"Asian, Asian British or Asian Welsh: Bangladeshi",1,L1 and L2: Large employers and higher managerial and administrative occupations,3
E05013759,Hackbridge,1,"Asian, Asian British or Asian Welsh: Bangladeshi",2,L3: Higher professional occupations,6
E05013759,Hackbridge,1,"Asian, Asian British or Asian Welsh: Bangladeshi",3,"L4, L5 and L6: Lower managerial, administrative and professional occupations",7
E05013759,Hackbridge,1,"Asian, Asian British or Asian Welsh: Bangladeshi",4,L7: Intermediate occupations,5
E05013759,Hackbridge,1,"Asian, Asian British or Asian Welsh: Bangladeshi",5,L8 and L9: Small employers and own account workers,2
E05013759,Hackbridge,1,"Asian, Asian British or Asian Welsh: Bangladeshi",6,L10 and L11: Lower supervisory and technical occupations,0
E05013759,Hackbridge,1,"Asian, Asian British or Asian Welsh: Bangladeshi",7,L12: Semi-routine occupations,5
E05013759,Hackbridge,1,"Asian, Asian British or Asian Welsh: Bangladeshi",8,L13: Routine occupations,0
E05013759,Hackbridge,1,"Asian, Asian British or Asian Welsh: Bangladeshi",9,L14.1: Never worked,5
E05013759,Hackbridge,1,"Asian, Asian British or Asian Welsh: Bangladeshi",10,L14.2: Long-term unemployed,0
E05013759,Hackbridge,1,"Asian, Asian British or Asian Welsh: Bangladeshi",11,L15: Full-time students,5
E05013759,Hackbridge,2,"Asian, Asian British or Asian Welsh: Chinese",-8,Does not apply,15
E05013759,Hackbridge,2,"Asian, Asian British or Asian Welsh: Chinese",1,L1 and L2: Large employers and higher managerial and administrative occupations,5
E05013759,Hackbridge,2,"Asian, Asian British or Asian Welsh: Chinese",2,L3: Higher professional occupations,28
E05013759,Hackbridge,2,"Asian, Asian British or Asian Welsh: Chinese",3,"L4, L5 and L6: Lower managerial, administrative and professional occupations",25
E05013759,Hackbridge,2,"Asian, Asian British or Asian Welsh: Chinese",4,L7: Intermediate occupations,3
E05013759,Hackbridge,2,"Asian, Asian British or Asian Welsh: Chinese",5,L8 and L9: Small employers and own account workers,3
E05013759,Hackbridge,2,"Asian, Asian British or Asian Welsh: Chinese",6,L10 and L11: Lower supervisory and technical occupations,3
E05013759,Hackbridge,2,"Asian, Asian British or Asian Welsh: Chinese",7,L12: Semi-routine occupations,5
E05013759,Hackbridge,2,"Asian, Asian British or Asian Welsh: Chinese",8,L13: Routine occupations,2
E05013759,Hackbridge,2,"Asian, Asian British or Asian Welsh: Chinese",9,L14.1: Never worked,2
E05013759,Hackbridge,2,"Asian, Asian British or Asian Welsh: Chinese",10,L14.2: Long-term unemployed,1
E05013759,Hackbridge,2,"Asian, Asian British or Asian Welsh: Chinese",11,L15: Full-time students,5
E05013759,Hackbridge,3,"Asian, Asian British or Asian Welsh: Indian",-8,Does not apply,91
E05013759,Hackbridge,3,"Asian, Asian British or Asian Welsh: Indian",1,L1 and L2: Large employers and higher managerial and administrative occupations,15
E05013759,Hackbridge,3,"Asian, Asian British or Asian Welsh: Indian",2,L3: Higher professional occupations,55
E05013759,Hackbridge,3,"Asian, Asian British or Asian Welsh: Indian",3,"L4, L5 and L6: Lower managerial, administrative and professional occupations",60
E05013759,Hackbridge,3,"Asian, Asian British or Asian Welsh: Indian",4,L7: Intermediate occupations,27
E05013759,Hackbridge,3,"Asian, Asian British or Asian Welsh: Indian",5,L8 and L9: Small employers and own account workers,19
E05013759,Hackbridge,3,"Asian, Asian British or Asian Welsh: Indian",6,L10 and L11: Lower supervisory and technical occupations,3
E05013759,Hackbridge,3,"Asian, Asian British or Asian Welsh: Indian",7,L12: Semi-routine occupations,11
E05013759,Hackbridge,3,"Asian, Asian British or Asian Welsh: Indian",8,L13: Routine occupations,10
E05013759,Hackbridge,3,"Asian, Asian British or Asian Welsh: Indian",9,L14.1: Never worked,17
E05013759,Hackbridge,3,"Asian, Asian British or Asian Welsh: Indian",10,L14.2: Long-term unemployed,2
E05013759,Hackbridge,3,"Asian, Asian British or Asian Welsh: Indian",11,L15: Full-time students,11
E05013759,Hackbridge,4,"Asian, Asian British or Asian Welsh: Pakistani",-8,Does not apply,67
E05013759,Hackbridge,4,"Asian, Asian British or Asian Welsh: Pakistani",1,L1 and L2: Large employers and higher managerial and administrative occupations,8
E05013759,Hackbridge,4,"Asian, Asian British or Asian Welsh: Pakistani",2,L3: Higher professional occupations,28
E05013759,Hackbridge,4,"Asian, Asian British or Asian Welsh: Pakistani",3,"L4, L5 and L6: Lower managerial, administrative and professional occupations",28
E05013759,Hackbridge,4,"Asian, Asian British or Asian Welsh: Pakistani",4,L7: Intermediate occupations,14
E05013759,Hackbridge,4,"Asian, Asian British or Asian Welsh: Pakistani",5,L8 and L9: Small employers and own account workers,18
E05013759,Hackbridge,4,"Asian, Asian British or Asian Welsh: Pakistani",6,L10 and L11: Lower supervisory and technical occupations,7
E05013759,Hackbridge,4,"Asian, Asian British or Asian Welsh: Pakistani",7,L12: Semi-routine occupations,13
E05013759,Hackbridge,4,"Asian, Asian British or Asian Welsh: Pakistani",8,L13: Routine occupations,4
E05013759,Hackbridge,4,"Asian, Asian British or Asian Welsh: Pakistani",9,L14.1: Never worked,25
E05013759,Hackbridge,4,"Asian, Asian British or Asian Welsh: Pakistani",10,L14.2: Long-term unemployed,4
E05013759,Hackbridge,4,"Asian, Asian British or Asian Welsh: Pakistani",11,L15: Full-time students,11
E05013759,Hackbridge,5,"Asian, Asian British or Asian Welsh: Other Asian",-8,Does not apply,85
E05013759,Hackbridge,5,"Asian, Asian British or Asian Welsh: Other Asian",1,L1 and L2: Large employers and higher managerial and administrative occupations,8
E05013759,Hackbridge,5,"Asian, Asian British or Asian Welsh: Other Asian",2,L3: Higher professional occupations,33
E05013759,Hackbridge,5,"Asian, Asian British or Asian Welsh: Other Asian",3,"L4, L5 and L6: Lower managerial, administrative and professional occupations",53
E05013759,Hackbridge,5,"Asian, Asian British or Asian Welsh: Other Asian",4,L7: Intermediate occupations,22
E05013759,Hackbridge,5,"Asian, Asian British or Asian Welsh: Other Asian",5,L8 and L9: Small employers and own account workers,20
E05013759,Hackbridge,5,"Asian, Asian British or Asian Welsh: Other Asian",6,L10 and L11: Lower supervisory and technical occupations,7
E05013759,Hackbridge,5,"Asian, Asian British or Asian Welsh: Other Asian",7,L12: Semi-routine occupations,28
E05013759,Hackbridge,5,"Asian, Asian British or Asian Welsh: Other Asian",8,L13: Routine occupations,21
E05013759,Hackbridge,5,"Asian, Asian British or Asian Welsh: Other Asian",9,L14.1: Never worked,19
E05013759,Hackbridge,5,"Asian, Asian British or Asian Welsh: Other Asian",10,L14.2: Long-term unemployed,3
E05013759,Hackbridge,5,"Asian, Asian British or Asian Welsh: Other Asian",11,L15: Full-time students,23
E05013759,Hackbridge,6,"Black, Black British, Black Welsh, Caribbean or African: African",-8,Does not apply,84
E05013759,Hackbridge,6,"Black, Black British, Black Welsh, Caribbean or African: African",1,L1 and L2: Large employers and higher managerial and administrative occupations,14
E05013759,Hackbridge,6,"Black, Black British, Black Welsh, Caribbean or African: African",2,L3: Higher professional occupations,49
E05013759,Hackbridge,6,"Black, Black British, Black Welsh, Caribbean or African: African",3,"L4, L5 and L6: Lower managerial, administrative and professional occupations",77
E05013759,Hackbridge,6,"Black, Black British, Black Welsh, Caribbean or African: African",4,L7: Intermediate occupations,33
E05013759,Hackbridge,6,"Black, Black British, Black Welsh, Caribbean or African: African",5,L8 and L9: Small employers and own account workers,16
E05013759,Hackbridge,6,"Black, Black British, Black Welsh, Caribbean or African: African",6,L10 and L11: Lower supervisory and technical occupations,16
E05013759,Hackbridge,6,"Black, Black British, Black Welsh, Caribbean or African: African",7,L12: Semi-routine occupations,39
E05013759,Hackbridge,6,"Black, Black British, Black Welsh, Caribbean or African: African",8,L13: Routine occupations,17
E05013759,Hackbridge,6,"Black, Black British, Black Welsh, Caribbean or African: African",9,L14.1: Never worked,12
E05013759,Hackbridge,6,"Black, Black British, Black Welsh, Caribbean or African: African",10,L14.2: Long-term unemployed,2
E05013759,Hackbridge,6,"Black, Black British, Black Welsh, Caribbean or African: African",11,L15: Full-time students,38
E05013759,Hackbridge,7,"Black, Black British, Black Welsh, Caribbean or African: Caribbean",-8,Does not apply,37
E05013759,Hackbridge,7,"Black, Black British, Black Welsh, Caribbean or African: Caribbean",1,L1 and L2: Large employers and higher managerial and administrative occupations,8
E05013759,Hackbridge,7,"Black, Black British, Black Welsh, Caribbean or African: Caribbean",2,L3: Higher professional occupations,21
E05013759,Hackbridge,7,"Black, Black British, Black Welsh, Caribbean or African: Caribbean",3,"L4, L5 and L6: Lower managerial, administrative and professional occupations",46
E05013759,Hackbridge,7,"Black, Black British, Black Welsh, Caribbean or African: Caribbean",4,L7: Intermediate occupations,32
E05013759,Hackbridge,7,"Black, Black British, Black Welsh, Caribbean or African: Caribbean",5,L8 and L9: Small employers and own account workers,20
E05013759,Hackbridge,7,"Black, Black British, Black Welsh, Caribbean or African: Caribbean",6,L10 and L11: Lower supervisory and technical occupations,9
E05013759,Hackbridge,7,"Black, Black British, Black Welsh, Caribbean or African: Caribbean",7,L12: Semi-routine occupations,15
E05013759,Hackbridge,7,"Black, Black British, Black Welsh, Caribbean or African: Caribbean",8,L13: Routine occupations,12
E05013759,Hackbridge,7,"Black, Black British, Black Welsh, Caribbean or African: Caribbean",9,L14.1: Never worked,8
E05013759,Hackbridge,7,"Black, Black British, Black Welsh, Caribbean or African: Caribbean",10,L14.2: Long-term unemployed,3
E05013759,Hackbridge,7,"Black, Black British, Black Welsh, Caribbean or African: Caribbean",11,L15: Full-time students,10
E05013759,Hackbridge,8,"Black, Black British, Black Welsh, Caribbean or African: Other Black",-8,Does not apply,38
E05013759,Hackbridge,8,"Black, Black British, Black Welsh, Caribbean or African: Other Black",1,L1 and L2: Large employers and higher managerial and administrative occupations,0
E05013759,Hackbridge,8,"Black, Black British, Black Welsh, Caribbean or African: Other Black",2,L3: Higher professional occupations,4
E05013759,Hackbridge,8,"Black, Black British, Black Welsh, Caribbean or African: Other Black",3,"L4, L5 and L6: Lower managerial, administrative and professional occupations",10
E05013759,Hackbridge,8,"Black, Black British, Black Welsh, Caribbean or African: Other Black",4,L7: Intermediate occupations,4
E05013759,Hackbridge,8,"Black, Black British, Black Welsh, Caribbean or African: Other Black",5,L8 and L9: Small employers and own account workers,2
E05013759,Hackbridge,8,"Black, Black British, Black Welsh, Caribbean or African: Other Black",6,L10 and L11: Lower supervisory and technical occupations,1
E05013759,Hackbridge,8,"Black, Black British, Black Welsh, Caribbean or African: Other Black",7,L12: Semi-routine occupations,3
E05013759,Hackbridge,8,"Black, Black British, Black Welsh, Caribbean or African: Other Black",8,L13: Routine occupations,4
E05013759,Hackbridge,8,"Black, Black British, Black Welsh, Caribbean or African: Other Black",9,L14.1: Never worked,4
E05013759,Hackbridge,8,"Black, Black British, Black Welsh, Caribbean or African: Other Black",10,L14.2: Long-term unemployed,0
E05013759,Hackbridge,8,"Black, Black British, Black Welsh, Caribbean or African: Other Black",11,L15: Full-time students,9
E05013759,Hackbridge,9,Mixed or Multiple ethnic groups: White and Asian,-8,Does not apply,46
E05013759,Hackbridge,9,Mixed or Multiple ethnic groups: White and Asian,1,L1 and L2: Large employers and higher managerial and administrative occupations,3
E05013759,Hackbridge,9,Mixed or Multiple ethnic groups: White and Asian,2,L3: Higher professional occupations,11
E05013759,Hackbridge,9,Mixed or Multiple ethnic groups: White and Asian,3,"L4, L5 and L6: Lower managerial, administrative and professional occupations",13
E05013759,Hackbridge,9,Mixed or Multiple ethnic groups: White and Asian,4,L7: Intermediate occupations,6
E05013759,Hackbridge,9,Mixed or Multiple ethnic groups: White and Asian,5,L8 and L9: Small employers and own account workers,0
E05013759,Hackbridge,9,Mixed or Multiple ethnic groups: White and Asian,6,L10 and L11: Lower supervisory and technical occupations,1
E05013759,Hackbridge,9,Mixed or Multiple ethnic groups: White and Asian,7,L12: Semi-routine occupations,5
E05013759,Hackbridge,9,Mixed or Multiple ethnic groups: White and Asian,8,L13: Routine occupations,0
E05013759,Hackbridge,9,Mixed or Multiple ethnic groups: White and Asian,9,L14.1: Never worked,0
E05013759,Hackbridge,9,Mixed or Multiple ethnic groups: White and Asian,10,L14.2: Long-term unemployed,0
E05013759,Hackbridge,9,Mixed or Multiple ethnic groups: White and Asian,11,L15: Full-time students,6
E05013759,Hackbridge,10,Mixed or Multiple ethnic groups: White and Black African,-8,Does not apply,31
E05013759,Hackbridge,10,Mixed or Multiple ethnic groups: White and Black African,1,L1 and L2: Large employers and higher managerial and administrative occupations,2
E05013759,Hackbridge,10,Mixed or Multiple ethnic groups: White and Black African,2,L3: Higher professional occupations,0
E05013759,Hackbridge,10,Mixed or Multiple ethnic groups: White and Black African,3,"L4, L5 and L6: Lower managerial, administrative and professional occupations",5
E05013759,Hackbridge,10,Mixed or Multiple ethnic groups: White and Black African,4,L7: Intermediate occupations,1
E05013759,Hackbridge,10,Mixed or Multiple ethnic groups: White and Black African,5,L8 and L9: Small employers and own account workers,5
E05013759,Hackbridge,10,Mixed or Multiple ethnic groups: White and Black African,6,L10 and L11: Lower supervisory and technical occupations,1
E05013759,Hackbridge,10,Mixed or Multiple ethnic groups: White and Black African,7,L12: Semi-routine occupations,4
E05013759,Hackbridge,10,Mixed or Multiple ethnic groups: White and Black African,8,L13: Routine occupations,1
E05013759,Hackbridge,10,Mixed or Multiple ethnic groups: White and Black African,9,L14.1: Never worked,1
E05013759,Hackbridge,10,Mixed or Multiple ethnic groups: White and Black African,10,L14.2: Long-term unemployed,0
E05013759,Hackbridge,10,Mixed or Multiple ethnic groups: White and Black African,11,L15: Full-time students,7
E05013759,Hackbridge,11,Mixed or Multiple ethnic groups: White and Black Caribbean,-8,Does not apply,66
E05013759,Hackbridge,11,Mixed or Multiple ethnic groups: White and Black Caribbean,1,L1 and L2: Large employers and higher managerial and administrative occupations,2
E05013759,Hackbridge,11,Mixed or Multiple ethnic groups: White and Black Caribbean,2,L3: Higher professional occupations,7
E05013759,Hackbridge,11,Mixed or Multiple ethnic groups: White and Black Caribbean,3,"L4, L5 and L6: Lower managerial, administrative and professional occupations",24
E05013759,Hackbridge,11,Mixed or Multiple ethnic groups: White and Black Caribbean,4,L7: Intermediate occupations,12
E05013759,Hackbridge,11,Mixed or Multiple ethnic groups: White and Black Caribbean,5,L8 and L9: Small employers and own account workers,9
E05013759,Hackbridge,11,Mixed or Multiple ethnic groups: White and Black Caribbean,6,L10 and L11: Lower supervisory and technical occupations,4
E05013759,Hackbridge,11,Mixed or Multiple ethnic groups: White and Black Caribbean,7,L12: Semi-routine occupations,7
E05013759,Hackbridge,11,Mixed or Multiple ethnic groups: White and Black Caribbean,8,L13: Routine occupations,4
E05013759,Hackbridge,11,Mixed or Multiple ethnic groups: White and Black Caribbean,9,L14.1: Never worked,4
E05013759,Hackbridge,11,Mixed or Multiple ethnic groups: White and Black Caribbean,10,L14.2: Long-term unemployed,1
E05013759,Hackbridge,11,Mixed or Multiple ethnic groups: White and Black Caribbean,11,L15: Full-time students,8
E05013759,Hackbridge,12,Mixed or Multiple ethnic groups: Other Mixed or Multiple ethnic groups,-8,Does not apply,76
E05013759,Hackbridge,12,Mixed or Multiple ethnic groups: Other Mixed or Multiple ethnic groups,1,L1 and L2: Large employers and higher managerial and administrative occupations,5
E05013759,Hackbridge,12,Mixed or Multiple ethnic groups: Other Mixed or Multiple ethnic groups,2,L3: Higher professional occupations,5
E05013759,Hackbridge,12,Mixed or Multiple ethnic groups: Other Mixed or Multiple ethnic groups,3,"L4, L5 and L6: Lower managerial, administrative and professional occupations",25
E05013759,Hackbridge,12,Mixed or Multiple ethnic groups: Other Mixed or Multiple ethnic groups,4,L7: Intermediate occupations,6
E05013759,Hackbridge,12,Mixed or Multiple ethnic groups: Other Mixed or Multiple ethnic groups,5,L8 and L9: Small employers and own account workers,5
E05013759,Hackbridge,12,Mixed or Multiple ethnic groups: Other Mixed or Multiple ethnic groups,6,L10 and L11: Lower supervisory and technical occupations,3
E05013759,Hackbridge,12,Mixed or Multiple ethnic groups: Other Mixed or Multiple ethnic groups,7,L12: Semi-routine occupations,3
E05013759,Hackbridge,12,Mixed or Multiple ethnic groups: Other Mixed or Multiple ethnic groups,8,L13: Routine occupations,6
E05013759,Hackbridge,12,Mixed or Multiple ethnic groups: Other Mixed or Multiple ethnic groups,9,L14.1: Never worked,2
E05013759,Hackbridge,12,Mixed or Multiple ethnic groups: Other Mixed or Multiple ethnic groups,10,L14.2: Long-term unemployed,0
E05013759,Hackbridge,12,Mixed or Multiple ethnic groups: Other Mixed or Multiple ethnic groups,11,L15: Full-time students,8
E05013759,Hackbridge,13,"White: English, Welsh, Scottish, Northern Irish or British",-8,Does not apply,647
E05013759,Hackbridge,13,"White: English, Welsh, Scottish, Northern Irish or British",1,L1 and L2: Large employers and higher managerial and administrative occupations,119
E05013759,Hackbridge,13,"White: English, Welsh, Scottish, Northern Irish or British",2,L3: Higher professional occupations,257
E05013759,Hackbridge,13,"White: English, Welsh, Scottish, Northern Irish or British",3,"L4, L5 and L6: Lower managerial, administrative and professional occupations",634
E05013759,Hackbridge,13,"White: English, Welsh, Scottish, Northern Irish or British",4,L7: Intermediate occupations,419
E05013759,Hackbridge,13,"White: English, Welsh, Scottish, Northern Irish or British",5,L8 and L9: Small employers and own account workers,239
E05013759,Hackbridge,13,"White: English, Welsh, Scottish, Northern Irish or British",6,L10 and L11: Lower supervisory and technical occupations,139
E05013759,Hackbridge,13,"White: English, Welsh, Scottish, Northern Irish or British",7,L12: Semi-routine occupations,254
E05013759,Hackbridge,13,"White: English, Welsh, Scottish, Northern Irish or British",8,L13: Routine occupations,224
E05013759,Hackbridge,13,"White: English, Welsh, Scottish, Northern Irish or British",9,L14.1: Never worked,111
E05013759,Hackbridge,13,"White: English, Welsh, Scottish, Northern Irish or British",10,L14.2: Long-term unemployed,28
E05013759,Hackbridge,13,"White: English, Welsh, Scottish, Northern Irish or British",11,L15: Full-time students,111
E05013759,Hackbridge,14,White: Irish,-8,Does not apply,6
E05013759,Hackbridge,14,White: Irish,1,L1 and L2: Large employers and higher managerial and administrative occupations,3
E05013759,Hackbridge,14,White: Irish,2,L3: Higher professional occupations,6
E05013759,Hackbridge,14,White: Irish,3,"L4, L5 and L6: Lower managerial, administrative and professional occupations",13
E05013759,Hackbridge,14,White: Irish,4,L7: Intermediate occupations,7
E05013759,Hackbridge,14,White: Irish,5,L8 and L9: Small employers and own account workers,8
E05013759,Hackbridge,14,White: Irish,6,L10 and L11: Lower supervisory and technical occupations,7
E05013759,Hackbridge,14,White: Irish,7,L12: Semi-routine occupations,3
E05013759,Hackbridge,14,White: Irish,8,L13: Routine occupations,3
E05013759,Hackbridge,14,White: Irish,9,L14.1: Never worked,2
E05013759,Hackbridge,14,White: Irish,10,L14.2: Long-term unemployed,0
E05013759,Hackbridge,14,White: Irish,11,L15: Full-time students,0
E05013759,Hackbridge,15,White: Gypsy or Irish Traveller,-8,Does not apply,2
E05013759,Hackbridge,15,White: Gypsy or Irish Traveller,1,L1 and L2: Large employers and higher managerial and administrative occupations,0
E05013759,Hackbridge,15,White: Gypsy or Irish Traveller,2,L3: Higher professional occupations,0
E05013759,Hackbridge,15,White: Gypsy or Irish Traveller,3,"L4, L5 and L6: Lower managerial, administrative and professional occupations",0
E05013759,Hackbridge,15,White: Gypsy or Irish Traveller,4,L7: Intermediate occupations,0
E05013759,Hackbridge,15,White: Gypsy or Irish Traveller,5,L8 and L9: Small employers and own account workers,1
E05013759,Hackbridge,15,White: Gypsy or Irish Traveller,6,L10 and L11: Lower supervisory and technical occupations,0
E05013759,Hackbridge,15,White: Gypsy or Irish Traveller,7,L12: Semi-routine occupations,0
E05013759,Hackbridge,15,White: Gypsy or Irish Traveller,8,L13: Routine occupations,0
E05013759,Hackbridge,15,White: Gypsy or Irish Traveller,9,L14.1: Never worked,0
E05013759,Hackbridge,15,White: Gypsy or Irish Traveller,10,L14.2: Long-term unemployed,0
E05013759,Hackbridge,15,White: Gypsy or Irish Traveller,11,L15: Full-time students,0
E05013759,Hackbridge,16,White: Roma,-8,Does not apply,2
E05013759,Hackbridge,16,White: Roma,1,L1 and L2: Large employers and higher managerial and administrative occupations,0
E05013759,Hackbridge,16,White: Roma,2,L3: Higher professional occupations,1
E05013759,Hackbridge,16,White: Roma,3,"L4, L5 and L6: Lower managerial, administrative and professional occupations",2
E05013759,Hackbridge,16,White: Roma,4,L7: Intermediate occupations,0
E05013759,Hackbridge,16,White: Roma,5,L8 and L9: Small employers and own account workers,3
E05013759,Hackbridge,16,White: Roma,6,L10 and L11: Lower supervisory and technical occupations,1
E05013759,Hackbridge,16,White: Roma,7,L12: Semi-routine occupations,0
E05013759,Hackbridge,16,White: Roma,8,L13: Routine occupations,1
E05013759,Hackbridge,16,White: Roma,9,L14.1: Never worked,1
E05013759,Hackbridge,16,White: Roma,10,L14.2: Long-term unemployed,0
E05013759,Hackbridge,16,White: Roma,11,L15: Full-time students,1
E05013759,Hackbridge,17,White: Other White,-8,Does not apply,146
E05013759,Hackbridge,17,White: Other White,1,L1 and L2: Large employers and higher managerial and administrative occupations,31
E05013759,Hackbridge,17,White: Other White,2,L3: Higher professional occupations,87
E05013759,Hackbridge,17,White: Other White,3,"L4, L5 and L6: Lower managerial, administrative and professional occupations",165
E05013759,Hackbridge,17,White: Other White,4,L7: Intermediate occupations,72
E05013759,Hackbridge,17,White: Other White,5,L8 and L9: Small employers and own account workers,150
E05013759,Hackbridge,17,White: Other White,6,L10 and L11: Lower supervisory and technical occupations,37
E05013759,Hackbridge,17,White: Other White,7,L12: Semi-routine occupations,51
E05013759,Hackbridge,17,White: Other White,8,L13: Routine occupations,98
E05013759,Hackbridge,17,White: Other White,9,L14.1: Never worked,11
E05013759,Hackbridge,17,White: Other White,10,L14.2: Long-term unemployed,1
E05013759,Hackbridge,17,White: Other White,11,L15: Full-time students,32
E05013759,Hackbridge,18,Other ethnic group: Arab,-8,Does not apply,18
E05013759,Hackbridge,18,Other ethnic group: Arab,1,L1 and L2: Large employers and higher managerial and administrative occupations,0
E05013759,Hackbridge,18,Other ethnic group: Arab,2,L3: Higher professional occupations,11
E05013759,Hackbridge,18,Other ethnic group: Arab,3,"L4, L5 and L6: Lower managerial, administrative and professional occupations",10
E05013759,Hackbridge,18,Other ethnic group: Arab,4,L7: Intermediate occupations,3
E05013759,Hackbridge,18,Other ethnic group: Arab,5,L8 and L9: Small employers and own account workers,2
E05013759,Hackbridge,18,Other ethnic group: Arab,6,L10 and L11: Lower supervisory and technical occupations,0
E05013759,Hackbridge,18,Other ethnic group: Arab,7,L12: Semi-routine occupations,5
E05013759,Hackbridge,18,Other ethnic group: Arab,8,L13: Routine occupations,1
E05013759,Hackbridge,18,Other ethnic group: Arab,9,L14.1: Never worked,4
E05013759,Hackbridge,18,Other ethnic group: Arab,10,L14.2: Long-term unemployed,1
E05013759,Hackbridge,18,Other ethnic group: Arab,11,L15: Full-time students,3
E05013759,Hackbridge,19,Other ethnic group: Any other ethnic group,-8,Does not apply,49
E05013759,Hackbridge,19,Other ethnic group: Any other ethnic group,1,L1 and L2: Large employers and higher managerial and administrative occupations,6
E05013759,Hackbridge,19,Other ethnic group: Any other ethnic group,2,L3: Higher professional occupations,22
E05013759,Hackbridge,19,Other ethnic group: Any other ethnic group,3,"L4, L5 and L6: Lower managerial, administrative and professional occupations",42
E05013759,Hackbridge,19,Other ethnic group: Any other ethnic group,4,L7: Intermediate occupations,17
E05013759,Hackbridge,19,Other ethnic group: Any other ethnic group,5,L8 and L9: Small employers and own account workers,26
E05013759,Hackbridge,19,Other ethnic group: Any other ethnic group,6,L10 and L11: Lower supervisory and technical occupations,8
E05013759,Hackbridge,19,Other ethnic group: Any other ethnic group,7,L12: Semi-routine occupations,18
E05013759,Hackbridge,19,Other ethnic group: Any other ethnic group,8,L13: Routine occupations,15
E05013759,Hackbridge,19,Other ethnic group: Any other ethnic group,9,L14.1: Never worked,8
E05013759,Hackbridge,19,Other ethnic group: Any other ethnic group,10,L14.2: Long-term unemployed,1
E05013759,Hackbridge,19,Other ethnic group: Any other ethnic group,11,L15: Full-time students,19
E05013760,North Cheam,-8,Does not apply,-8,Does not apply,0
E05013760,North Cheam,-8,Does not apply,1,L1 and L2: Large employers and higher managerial and administrative occupations,0
E05013760,North Cheam,-8,Does not apply,2,L3: Higher professional occupations,0
E05013760,North Cheam,-8,Does not apply,3,"L4, L5 and L6: Lower managerial, administrative and professional occupations",0
E05013760,North Cheam,-8,Does not apply,4,L7: Intermediate occupations,0
E05013760,North Cheam,-8,Does not apply,5,L8 and L9: Small employers and own account workers,0
E05013760,North Cheam,-8,Does not apply,6,L10 and L11: Lower supervisory and technical occupations,0
E05013760,North Cheam,-8,Does not apply,7,L12: Semi-routine occupations,0
E05013760,North Cheam,-8,Does not apply,8,L13: Routine occupations,0
E05013760,North Cheam,-8,Does not apply,9,L14.1: Never worked,0
E05013760,North Cheam,-8,Does not apply,10,L14.2: Long-term unemployed,0
E05013760,North Cheam,-8,Does not apply,11,L15: Full-time students,0
E05013760,North Cheam,1,"Asian, Asian British or Asian Welsh: Bangladeshi",-8,Does not apply,25
E05013760,North Cheam,1,"Asian, Asian British or Asian Welsh: Bangladeshi",1,L1 and L2: Large employers and higher managerial and administrative occupations,2
E05013760,North Cheam,1,"Asian, Asian British or Asian Welsh: Bangladeshi",2,L3: Higher professional occupations,11
E05013760,North Cheam,1,"Asian, Asian British or Asian Welsh: Bangladeshi",3,"L4, L5 and L6: Lower managerial, administrative and professional occupations",9
E05013760,North Cheam,1,"Asian, Asian British or Asian Welsh: Bangladeshi",4,L7: Intermediate occupations,6
E05013760,North Cheam,1,"Asian, Asian British or Asian Welsh: Bangladeshi",5,L8 and L9: Small employers and own account workers,2
E05013760,North Cheam,1,"Asian, Asian British or Asian Welsh: Bangladeshi",6,L10 and L11: Lower supervisory and technical occupations,0
E05013760,North Cheam,1,"Asian, Asian British or Asian Welsh: Bangladeshi",7,L12: Semi-routine occupations,3
E05013760,North Cheam,1,"Asian, Asian British or Asian Welsh: Bangladeshi",8,L13: Routine occupations,1
E05013760,North Cheam,1,"Asian, Asian British or Asian Welsh: Bangladeshi",9,L14.1: Never worked,7
E05013760,North Cheam,1,"Asian, Asian British or Asian Welsh: Bangladeshi",10,L14.2: Long-term unemployed,2
E05013760,North Cheam,1,"Asian, Asian British or Asian Welsh: Bangladeshi",11,L15: Full-time students,7
E05013760,North Cheam,2,"Asian, Asian British or Asian Welsh: Chinese",-8,Does not apply,67
E05013760,North Cheam,2,"Asian, Asian British or Asian Welsh: Chinese",1,L1 and L2: Large employers and higher managerial and administrative occupations,10
E05013760,North Cheam,2,"Asian, Asian British or Asian Welsh: Chinese",2,L3: Higher professional occupations,34
E05013760,North Cheam,2,"Asian, Asian British or Asian Welsh: Chinese",3,"L4, L5 and L6: Lower managerial, administrative and professional occupations",43
E05013760,North Cheam,2,"Asian, Asian British or Asian Welsh: Chinese",4,L7: Intermediate occupations,15
E05013760,North Cheam,2,"Asian, Asian British or Asian Welsh: Chinese",5,L8 and L9: Small employers and own account workers,20
E05013760,North Cheam,2,"Asian, Asian British or Asian Welsh: Chinese",6,L10 and L11: Lower supervisory and technical occupations,11
E05013760,North Cheam,2,"Asian, Asian British or Asian Welsh: Chinese",7,L12: Semi-routine occupations,15
E05013760,North Cheam,2,"Asian, Asian British or Asian Welsh: Chinese",8,L13: Routine occupations,7
E05013760,North Cheam,2,"Asian, Asian British or Asian Welsh: Chinese",9,L14.1: Never worked,8
E05013760,North Cheam,2,"Asian, Asian British or Asian Welsh: Chinese",10,L14.2: Long-term unemployed,2
E05013760,North Cheam,2,"Asian, Asian British or Asian Welsh: Chinese",11,L15: Full-time students,21
E05013760,North Cheam,3,"Asian, Asian British or Asian Welsh: Indian",-8,Does not apply,188
E05013760,North Cheam,3,"Asian, Asian British or Asian Welsh: Indian",1,L1 and L2: Large employers and higher managerial and administrative occupations,38
E05013760,North Cheam,3,"Asian, Asian British or Asian Welsh: Indian",2,L3: Higher professional occupations,113
E05013760,North Cheam,3,"Asian, Asian British or Asian Welsh: Indian",3,"L4, L5 and L6: Lower managerial, administrative and professional occupations",108
E05013760,North Cheam,3,"Asian, Asian British or Asian Welsh: Indian",4,L7: Intermediate occupations,44
E05013760,North Cheam,3,"Asian, Asian British or Asian Welsh: Indian",5,L8 and L9: Small employers and own account workers,31
E05013760,North Cheam,3,"Asian, Asian British or Asian Welsh: Indian",6,L10 and L11: Lower supervisory and technical occupations,7
E05013760,North Cheam,3,"Asian, Asian British or Asian Welsh: Indian",7,L12: Semi-routine occupations,23
E05013760,North Cheam,3,"Asian, Asian British or Asian Welsh: Indian",8,L13: Routine occupations,13
E05013760,North Cheam,3,"Asian, Asian British or Asian Welsh: Indian",9,L14.1: Never worked,19
E05013760,North Cheam,3,"Asian, Asian British or Asian Welsh: Indian",10,L14.2: Long-term unemployed,3
E05013760,North Cheam,3,"Asian, Asian British or Asian Welsh: Indian",11,L15: Full-time students,26
E05013760,North Cheam,4,"Asian, Asian British or Asian Welsh: Pakistani",-8,Does not apply,88
E05013760,North Cheam,4,"Asian, Asian British or Asian Welsh: Pakistani",1,L1 and L2: Large employers and higher managerial and administrative occupations,14
E05013760,North Cheam,4,"Asian, Asian British or Asian Welsh: Pakistani",2,L3: Higher professional occupations,32
E05013760,North Cheam,4,"Asian, Asian British or Asian Welsh: Pakistani",3,"L4, L5 and L6: Lower managerial, administrative and professional occupations",40
E05013760,North Cheam,4,"Asian, Asian British or Asian Welsh: Pakistani",4,L7: Intermediate occupations,23
E05013760,North Cheam,4,"Asian, Asian British or Asian Welsh: Pakistani",5,L8 and L9: Small employers and own account workers,18
E05013760,North Cheam,4,"Asian, Asian British or Asian Welsh: Pakistani",6,L10 and L11: Lower supervisory and technical occupations,4
E05013760,North Cheam,4,"Asian, Asian British or Asian Welsh: Pakistani",7,L12: Semi-routine occupations,16
E05013760,North Cheam,4,"Asian, Asian British or Asian Welsh: Pakistani",8,L13: Routine occupations,8
E05013760,North Cheam,4,"Asian, Asian British or Asian Welsh: Pakistani",9,L14.1: Never worked,26
E05013760,North Cheam,4,"Asian, Asian British or Asian Welsh: Pakistani",10,L14.2: Long-term unemployed,5
E05013760,North Cheam,4,"Asian, Asian British or Asian Welsh: Pakistani",11,L15: Full-time students,38
E05013760,North Cheam,5,"Asian, Asian British or Asian Welsh: Other Asian",-8,Does not apply,209
E05013760,North Cheam,5,"Asian, Asian British or Asian Welsh: Other Asian",1,L1 and L2: Large employers and higher managerial and administrative occupations,10
E05013760,North Cheam,5,"Asian, Asian British or Asian Welsh: Other Asian",2,L3: Higher professional occupations,86
E05013760,North Cheam,5,"Asian, Asian British or Asian Welsh: Other Asian",3,"L4, L5 and L6: Lower managerial, administrative and professional occupations",142
E05013760,North Cheam,5,"Asian, Asian British or Asian Welsh: Other Asian",4,L7: Intermediate occupations,68
E05013760,North Cheam,5,"Asian, Asian British or Asian Welsh: Other Asian",5,L8 and L9: Small employers and own account workers,64
E05013760,North Cheam,5,"Asian, Asian British or Asian Welsh: Other Asian",6,L10 and L11: Lower supervisory and technical occupations,22
E05013760,North Cheam,5,"Asian, Asian British or Asian Welsh: Other Asian",7,L12: Semi-routine occupations,90
E05013760,North Cheam,5,"Asian, Asian British or Asian Welsh: Other Asian",8,L13: Routine occupations,35
E05013760,North Cheam,5,"Asian, Asian British or Asian Welsh: Other Asian",9,L14.1: Never worked,50
E05013760,North Cheam,5,"Asian, Asian British or Asian Welsh: Other Asian",10,L14.2: Long-term unemployed,6
E05013760,North Cheam,5,"Asian, Asian British or Asian Welsh: Other Asian",11,L15: Full-time students,76
E05013760,North Cheam,6,"Black, Black British, Black Welsh, Caribbean or African: African",-8,Does not apply,32
E05013760,North Cheam,6,"Black, Black British, Black Welsh, Caribbean or African: African",1,L1 and L2: Large employers and higher managerial and administrative occupations,3
E05013760,North Cheam,6,"Black, Black British, Black Welsh, Caribbean or African: African",2,L3: Higher professional occupations,19
E05013760,North Cheam,6,"Black, Black British, Black Welsh, Caribbean or African: African",3,"L4, L5 and L6: Lower managerial, administrative and professional occupations",30
E05013760,North Cheam,6,"Black, Black British, Black Welsh, Caribbean or African: African",4,L7: Intermediate occupations,9
E05013760,North Cheam,6,"Black, Black British, Black Welsh, Caribbean or African: African",5,L8 and L9: Small employers and own account workers,9
E05013760,North Cheam,6,"Black, Black British, Black Welsh, Caribbean or African: African",6,L10 and L11: Lower supervisory and technical occupations,2
E05013760,North Cheam,6,"Black, Black British, Black Welsh, Caribbean or African: African",7,L12: Semi-routine occupations,17
E05013760,North Cheam,6,"Black, Black British, Black Welsh, Caribbean or African: African",8,L13: Routine occupations,7
E05013760,North Cheam,6,"Black, Black British, Black Welsh, Caribbean or African: African",9,L14.1: Never worked,3
E05013760,North Cheam,6,"Black, Black British, Black Welsh, Caribbean or African: African",10,L14.2: Long-term unemployed,3
E05013760,North Cheam,6,"Black, Black British, Black Welsh, Caribbean or African: African",11,L15: Full-time students,17
E05013760,North Cheam,7,"Black, Black British, Black Welsh, Caribbean or African: Caribbean",-8,Does not apply,12
E05013760,North Cheam,7,"Black, Black British, Black Welsh, Caribbean or African: Caribbean",1,L1 and L2: Large employers and higher managerial and administrative occupations,5
E05013760,North Cheam,7,"Black, Black British, Black Welsh, Caribbean or African: Caribbean",2,L3: Higher professional occupations,9
E05013760,North Cheam,7,"Black, Black British, Black Welsh, Caribbean or African: Caribbean",3,"L4, L5 and L6: Lower managerial, administrative and professional occupations",23
E05013760,North Cheam,7,"Black, Black British, Black Welsh, Caribbean or African: Caribbean",4,L7: Intermediate occupations,11
E05013760,North Cheam,7,"Black, Black British, Black Welsh, Caribbean or African: Caribbean",5,L8 and L9: Small employers and own account workers,2
E05013760,North Cheam,7,"Black, Black British, Black Welsh, Caribbean or African: Caribbean",6,L10 and L11: Lower supervisory and technical occupations,3
E05013760,North Cheam,7,"Black, Black British, Black Welsh, Caribbean or African: Caribbean",7,L12: Semi-routine occupations,6
E05013760,North Cheam,7,"Black, Black British, Black Welsh, Caribbean or African: Caribbean",8,L13: Routine occupations,5
E05013760,North Cheam,7,"Black, Black British, Black Welsh, Caribbean or African: Caribbean",9,L14.1: Never worked,4
E05013760,North Cheam,7,"Black, Black British, Black Welsh, Caribbean or African: Caribbean",10,L14.2: Long-term unemployed,1
E05013760,North Cheam,7,"Black, Black British, Black Welsh, Caribbean or African: Caribbean",11,L15: Full-time students,6
E05013760,North Cheam,8,"Black, Black British, Black Welsh, Caribbean or African: Other Black",-8,Does not apply,12
E05013760,North Cheam,8,"Black, Black British, Black Welsh, Caribbean or African: Other Black",1,L1 and L2: Large employers and higher managerial and administrative occupations,0
E05013760,North Cheam,8,"Black, Black British, Black Welsh, Caribbean or African: Other Black",2,L3: Higher professional occupations,4
E05013760,North Cheam,8,"Black, Black British, Black Welsh, Caribbean or African: Other Black",3,"L4, L5 and L6: Lower managerial, administrative and professional occupations",9
E05013760,North Cheam,8,"Black, Black British, Black Welsh, Caribbean or African: Other Black",4,L7: Intermediate occupations,0
E05013760,North Cheam,8,"Black, Black British, Black Welsh, Caribbean or African: Other Black",5,L8 and L9: Small employers and own account workers,1
E05013760,North Cheam,8,"Black, Black British, Black Welsh, Caribbean or African: Other Black",6,L10 and L11: Lower supervisory and technical occupations,2
E05013760,North Cheam,8,"Black, Black British, Black Welsh, Caribbean or African: Other Black",7,L12: Semi-routine occupations,0
E05013760,North Cheam,8,"Black, Black British, Black Welsh, Caribbean or African: Other Black",8,L13: Routine occupations,0
E05013760,North Cheam,8,"Black, Black British, Black Welsh, Caribbean or African: Other Black",9,L14.1: Never worked,3
E05013760,North Cheam,8,"Black, Black British, Black Welsh, Caribbean or African: Other Black",10,L14.2: Long-term unemployed,0
E05013760,North Cheam,8,"Black, Black British, Black Welsh, Caribbean or African: Other Black",11,L15: Full-time students,2
E05013760,North Cheam,9,Mixed or Multiple ethnic groups: White and Asian,-8,Does not apply,64
E05013760,North Cheam,9,Mixed or Multiple ethnic groups: White and Asian,1,L1 and L2: Large employers and higher managerial and administrative occupations,6
E05013760,North Cheam,9,Mixed or Multiple ethnic groups: White and Asian,2,L3: Higher professional occupations,12
E05013760,North Cheam,9,Mixed or Multiple ethnic groups: White and Asian,3,"L4, L5 and L6: Lower managerial, administrative and professional occupations",13
E05013760,North Cheam,9,Mixed or Multiple ethnic groups: White and Asian,4,L7: Intermediate occupations,12
E05013760,North Cheam,9,Mixed or Multiple ethnic groups: White and Asian,5,L8 and L9: Small employers and own account workers,5
E05013760,North Cheam,9,Mixed or Multiple ethnic groups: White and Asian,6,L10 and L11: Lower supervisory and technical occupations,6
E05013760,North Cheam,9,Mixed or Multiple ethnic groups: White and Asian,7,L12: Semi-routine occupations,5
E05013760,North Cheam,9,Mixed or Multiple ethnic groups: White and Asian,8,L13: Routine occupations,3
E05013760,North Cheam,9,Mixed or Multiple ethnic groups: White and Asian,9,L14.1: Never worked,0
E05013760,North Cheam,9,Mixed or Multiple ethnic groups: White and Asian,10,L14.2: Long-term unemployed,2
E05013760,North Cheam,9,Mixed or Multiple ethnic groups: White and Asian,11,L15: Full-time students,15
E05013760,North Cheam,10,Mixed or Multiple ethnic groups: White and Black African,-8,Does not apply,14
E05013760,North Cheam,10,Mixed or Multiple ethnic groups: White and Black African,1,L1 and L2: Large employers and higher managerial and administrative occupations,2
E05013760,North Cheam,10,Mixed or Multiple ethnic groups: White and Black African,2,L3: Higher professional occupations,2
E05013760,North Cheam,10,Mixed or Multiple ethnic groups: White and Black African,3,"L4, L5 and L6: Lower managerial, administrative and professional occupations",7
E05013760,North Cheam,10,Mixed or Multiple ethnic groups: White and Black African,4,L7: Intermediate occupations,4
E05013760,North Cheam,10,Mixed or Multiple ethnic groups: White and Black African,5,L8 and L9: Small employers and own account workers,2
E05013760,North Cheam,10,Mixed or Multiple ethnic groups: White and Black African,6,L10 and L11: Lower supervisory and technical occupations,0
E05013760,North Cheam,10,Mixed or Multiple ethnic groups: White and Black African,7,L12: Semi-routine occupations,0
E05013760,North Cheam,10,Mixed or Multiple ethnic groups: White and Black African,8,L13: Routine occupations,2
E05013760,North Cheam,10,Mixed or Multiple ethnic groups: White and Black African,9,L14.1: Never worked,0
E05013760,North Cheam,10,Mixed or Multiple ethnic groups: White and Black African,10,L14.2: Long-term unemployed,0
E05013760,North Cheam,10,Mixed or Multiple ethnic groups: White and Black African,11,L15: Full-time students,1
E05013760,North Cheam,11,Mixed or Multiple ethnic groups: White and Black Caribbean,-8,Does not apply,45
E05013760,North Cheam,11,Mixed or Multiple ethnic groups: White and Black Caribbean,1,L1 and L2: Large employers and higher managerial and administrative occupations,2
E05013760,North Cheam,11,Mixed or Multiple ethnic groups: White and Black Caribbean,2,L3: Higher professional occupations,6
E05013760,North Cheam,11,Mixed or Multiple ethnic groups: White and Black Caribbean,3,"L4, L5 and L6: Lower managerial, administrative and professional occupations",11
E05013760,North Cheam,11,Mixed or Multiple ethnic groups: White and Black Caribbean,4,L7: Intermediate occupations,8
E05013760,North Cheam,11,Mixed or Multiple ethnic groups: White and Black Caribbean,5,L8 and L9: Small employers and own account workers,5
E05013760,North Cheam,11,Mixed or Multiple ethnic groups: White and Black Caribbean,6,L10 and L11: Lower supervisory and technical occupations,2
E05013760,North Cheam,11,Mixed or Multiple ethnic groups: White and Black Caribbean,7,L12: Semi-routine occupations,1
E05013760,North Cheam,11,Mixed or Multiple ethnic groups: White and Black Caribbean,8,L13: Routine occupations,0
E05013760,North Cheam,11,Mixed or Multiple ethnic groups: White and Black Caribbean,9,L14.1: Never worked,2
E05013760,North Cheam,11,Mixed or Multiple ethnic groups: White and Black Caribbean,10,L14.2: Long-term unemployed,0
E05013760,North Cheam,11,Mixed or Multiple ethnic groups: White and Black Caribbean,11,L15: Full-time students,7
E05013760,North Cheam,12,Mixed or Multiple ethnic groups: Other Mixed or Multiple ethnic groups,-8,Does not apply,60
E05013760,North Cheam,12,Mixed or Multiple ethnic groups: Other Mixed or Multiple ethnic groups,1,L1 and L2: Large employers and higher managerial and administrative occupations,3
E05013760,North Cheam,12,Mixed or Multiple ethnic groups: Other Mixed or Multiple ethnic groups,2,L3: Higher professional occupations,8
E05013760,North Cheam,12,Mixed or Multiple ethnic groups: Other Mixed or Multiple ethnic groups,3,"L4, L5 and L6: Lower managerial, administrative and professional occupations",11
E05013760,North Cheam,12,Mixed or Multiple ethnic groups: Other Mixed or Multiple ethnic groups,4,L7: Intermediate occupations,2
E05013760,North Cheam,12,Mixed or Multiple ethnic groups: Other Mixed or Multiple ethnic groups,5,L8 and L9: Small employers and own account workers,9
E05013760,North Cheam,12,Mixed or Multiple ethnic groups: Other Mixed or Multiple ethnic groups,6,L10 and L11: Lower supervisory and technical occupations,1
E05013760,North Cheam,12,Mixed or Multiple ethnic groups: Other Mixed or Multiple ethnic groups,7,L12: Semi-routine occupations,9
E05013760,North Cheam,12,Mixed or Multiple ethnic groups: Other Mixed or Multiple ethnic groups,8,L13: Routine occupations,5
E05013760,North Cheam,12,Mixed or Multiple ethnic groups: Other Mixed or Multiple ethnic groups,9,L14.1: Never worked,0
E05013760,North Cheam,12,Mixed or Multiple ethnic groups: Other Mixed or Multiple ethnic groups,10,L14.2: Long-term unemployed,1
E05013760,North Cheam,12,Mixed or Multiple ethnic groups: Other Mixed or Multiple ethnic groups,11,L15: Full-time students,5
E05013760,North Cheam,13,"White: English, Welsh, Scottish, Northern Irish or British",-8,Does not apply,1294
E05013760,North Cheam,13,"White: English, Welsh, Scottish, Northern Irish or British",1,L1 and L2: Large employers and higher managerial and administrative occupations,296
E05013760,North Cheam,13,"White: English, Welsh, Scottish, Northern Irish or British",2,L3: Higher professional occupations,446
E05013760,North Cheam,13,"White: English, Welsh, Scottish, Northern Irish or British",3,"L4, L5 and L6: Lower managerial, administrative and professional occupations",1311
E05013760,North Cheam,13,"White: English, Welsh, Scottish, Northern Irish or British",4,L7: Intermediate occupations,979
E05013760,North Cheam,13,"White: English, Welsh, Scottish, Northern Irish or British",5,L8 and L9: Small employers and own account workers,745
E05013760,North Cheam,13,"White: English, Welsh, Scottish, Northern Irish or British",6,L10 and L11: Lower supervisory and technical occupations,357
E05013760,North Cheam,13,"White: English, Welsh, Scottish, Northern Irish or British",7,L12: Semi-routine occupations,579
E05013760,North Cheam,13,"White: English, Welsh, Scottish, Northern Irish or British",8,L13: Routine occupations,482
E05013760,North Cheam,13,"White: English, Welsh, Scottish, Northern Irish or British",9,L14.1: Never worked,258
E05013760,North Cheam,13,"White: English, Welsh, Scottish, Northern Irish or British",10,L14.2: Long-term unemployed,63
E05013760,North Cheam,13,"White: English, Welsh, Scottish, Northern Irish or British",11,L15: Full-time students,271
E05013760,North Cheam,14,White: Irish,-8,Does not apply,8
E05013760,North Cheam,14,White: Irish,1,L1 and L2: Large employers and higher managerial and administrative occupations,12
E05013760,North Cheam,14,White: Irish,2,L3: Higher professional occupations,19
E05013760,North Cheam,14,White: Irish,3,"L4, L5 and L6: Lower managerial, administrative and professional occupations",40
E05013760,North Cheam,14,White: Irish,4,L7: Intermediate occupations,32
E05013760,North Cheam,14,White: Irish,5,L8 and L9: Small employers and own account workers,29
E05013760,North Cheam,14,White: Irish,6,L10 and L11: Lower supervisory and technical occupations,5
E05013760,North Cheam,14,White: Irish,7,L12: Semi-routine occupations,21
E05013760,North Cheam,14,White: Irish,8,L13: Routine occupations,28
E05013760,North Cheam,14,White: Irish,9,L14.1: Never worked,9
E05013760,North Cheam,14,White: Irish,10,L14.2: Long-term unemployed,1
E05013760,North Cheam,14,White: Irish,11,L15: Full-time students,4
E05013760,North Cheam,15,White: Gypsy or Irish Traveller,-8,Does not apply,0
E05013760,North Cheam,15,White: Gypsy or Irish Traveller,1,L1 and L2: Large employers and higher managerial and administrative occupations,0
E05013760,North Cheam,15,White: Gypsy or Irish Traveller,2,L3: Higher professional occupations,0
E05013760,North Cheam,15,White: Gypsy or Irish Traveller,3,"L4, L5 and L6: Lower managerial, administrative and professional occupations",0
E05013760,North Cheam,15,White: Gypsy or Irish Traveller,4,L7: Intermediate occupations,0
E05013760,North Cheam,15,White: Gypsy or Irish Traveller,5,L8 and L9: Small employers and own account workers,0
E05013760,North Cheam,15,White: Gypsy or Irish Traveller,6,L10 and L11: Lower supervisory and technical occupations,0
E05013760,North Cheam,15,White: Gypsy or Irish Traveller,7,L12: Semi-routine occupations,0
E05013760,North Cheam,15,White: Gypsy or Irish Traveller,8,L13: Routine occupations,0
E05013760,North Cheam,15,White: Gypsy or Irish Traveller,9,L14.1: Never worked,0
E05013760,North Cheam,15,White: Gypsy or Irish Traveller,10,L14.2: Long-term unemployed,0
E05013760,North Cheam,15,White: Gypsy or Irish Traveller,11,L15: Full-time students,0
E05013760,North Cheam,16,White: Roma,-8,Does not apply,0
E05013760,North Cheam,16,White: Roma,1,L1 and L2: Large employers and higher managerial and administrative occupations,0
E05013760,North Cheam,16,White: Roma,2,L3: Higher professional occupations,0
E05013760,North Cheam,16,White: Roma,3,"L4, L5 and L6: Lower managerial, administrative and professional occupations",3
E05013760,North Cheam,16,White: Roma,4,L7: Intermediate occupations,0
E05013760,North Cheam,16,White: Roma,5,L8 and L9: Small employers and own account workers,1
E05013760,North Cheam,16,White: Roma,6,L10 and L11: Lower supervisory and technical occupations,0
E05013760,North Cheam,16,White: Roma,7,L12: Semi-routine occupations,0
E05013760,North Cheam,16,White: Roma,8,L13: Routine occupations,2
E05013760,North Cheam,16,White: Roma,9,L14.1: Never worked,4
E05013760,North Cheam,16,White: Roma,10,L14.2: Long-term unemployed,0
E05013760,North Cheam,16,White: Roma,11,L15: Full-time students,0
E05013760,North Cheam,17,White: Other White,-8,Does not apply,128
E05013760,North Cheam,17,White: Other White,1,L1 and L2: Large employers and higher managerial and administrative occupations,30
E05013760,North Cheam,17,White: Other White,2,L3: Higher professional occupations,63
E05013760,North Cheam,17,White: Other White,3,"L4, L5 and L6: Lower managerial, administrative and professional occupations",107
E05013760,North Cheam,17,White: Other White,4,L7: Intermediate occupations,46
E05013760,North Cheam,17,White: Other White,5,L8 and L9: Small employers and own account workers,138
E05013760,North Cheam,17,White: Other White,6,L10 and L11: Lower supervisory and technical occupations,21
E05013760,North Cheam,17,White: Other White,7,L12: Semi-routine occupations,40
E05013760,North Cheam,17,White: Other White,8,L13: Routine occupations,52
E05013760,North Cheam,17,White: Other White,9,L14.1: Never worked,15
E05013760,North Cheam,17,White: Other White,10,L14.2: Long-term unemployed,9
E05013760,North Cheam,17,White: Other White,11,L15: Full-time students,24
E05013760,North Cheam,18,Other ethnic group: Arab,-8,Does not apply,24
E05013760,North Cheam,18,Other ethnic group: Arab,1,L1 and L2: Large employers and higher managerial and administrative occupations,1
E05013760,North Cheam,18,Other ethnic group: Arab,2,L3: Higher professional occupations,10
E05013760,North Cheam,18,Other ethnic group: Arab,3,"L4, L5 and L6: Lower managerial, administrative and professional occupations",13
E05013760,North Cheam,18,Other ethnic group: Arab,4,L7: Intermediate occupations,3
E05013760,North Cheam,18,Other ethnic group: Arab,5,L8 and L9: Small employers and own account workers,5
E05013760,North Cheam,18,Other ethnic group: Arab,6,L10 and L11: Lower supervisory and technical occupations,4
E05013760,North Cheam,18,Other ethnic group: Arab,7,L12: Semi-routine occupations,7
E05013760,North Cheam,18,Other ethnic group: Arab,8,L13: Routine occupations,2
E05013760,North Cheam,18,Other ethnic group: Arab,9,L14.1: Never worked,9
E05013760,North Cheam,18,Other ethnic group: Arab,10,L14.2: Long-term unemployed,2
E05013760,North Cheam,18,Other ethnic group: Arab,11,L15: Full-time students,6
E05013760,North Cheam,19,Other ethnic group: Any other ethnic group,-8,Does not apply,70
E05013760,North Cheam,19,Other ethnic group: Any other ethnic group,1,L1 and L2: Large employers and higher managerial and administrative occupations,11
E05013760,North Cheam,19,Other ethnic group: Any other ethnic group,2,L3: Higher professional occupations,30
E05013760,North Cheam,19,Other ethnic group: Any other ethnic group,3,"L4, L5 and L6: Lower managerial, administrative and professional occupations",49
E05013760,North Cheam,19,Other ethnic group: Any other ethnic group,4,L7: Intermediate occupations,27
E05013760,North Cheam,19,Other ethnic group: Any other ethnic group,5,L8 and L9: Small employers and own account workers,40
E05013760,North Cheam,19,Other ethnic group: Any other ethnic group,6,L10 and L11: Lower supervisory and technical occupations,6
E05013760,North Cheam,19,Other ethnic group: Any other ethnic group,7,L12: Semi-routine occupations,27
E05013760,North Cheam,19,Other ethnic group: Any other ethnic group,8,L13: Routine occupations,22
E05013760,North Cheam,19,Other ethnic group: Any other ethnic group,9,L14.1: Never worked,24
E05013760,North Cheam,19,Other ethnic group: Any other ethnic group,10,L14.2: Long-term unemployed,3
E05013760,North Cheam,19,Other ethnic group: Any other ethnic group,11,L15: Full-time students,27
E05013761,St Helier East,-8,Does not apply,-8,Does not apply,0
E05013761,St Helier East,-8,Does not apply,1,L1 and L2: Large employers and higher managerial and administrative occupations,0
E05013761,St Helier East,-8,Does not apply,2,L3: Higher professional occupations,0
E05013761,St Helier East,-8,Does not apply,3,"L4, L5 and L6: Lower managerial, administrative and professional occupations",0
E05013761,St Helier East,-8,Does not apply,4,L7: Intermediate occupations,0
E05013761,St Helier East,-8,Does not apply,5,L8 and L9: Small employers and own account workers,0
E05013761,St Helier East,-8,Does not apply,6,L10 and L11: Lower supervisory and technical occupations,0
E05013761,St Helier East,-8,Does not apply,7,L12: Semi-routine occupations,0
E05013761,St Helier East,-8,Does not apply,8,L13: Routine occupations,0
E05013761,St Helier East,-8,Does not apply,9,L14.1: Never worked,0
E05013761,St Helier East,-8,Does not apply,10,L14.2: Long-term unemployed,0
E05013761,St Helier East,-8,Does not apply,11,L15: Full-time students,0
E05013761,St Helier East,1,"Asian, Asian British or Asian Welsh: Bangladeshi",-8,Does not apply,20
E05013761,St Helier East,1,"Asian, Asian British or Asian Welsh: Bangladeshi",1,L1 and L2: Large employers and higher managerial and administrative occupations,0
E05013761,St Helier East,1,"Asian, Asian British or Asian Welsh: Bangladeshi",2,L3: Higher professional occupations,5
E05013761,St Helier East,1,"Asian, Asian British or Asian Welsh: Bangladeshi",3,"L4, L5 and L6: Lower managerial, administrative and professional occupations",12
E05013761,St Helier East,1,"Asian, Asian British or Asian Welsh: Bangladeshi",4,L7: Intermediate occupations,5
E05013761,St Helier East,1,"Asian, Asian British or Asian Welsh: Bangladeshi",5,L8 and L9: Small employers and own account workers,4
E05013761,St Helier East,1,"Asian, Asian British or Asian Welsh: Bangladeshi",6,L10 and L11: Lower supervisory and technical occupations,3
E05013761,St Helier East,1,"Asian, Asian British or Asian Welsh: Bangladeshi",7,L12: Semi-routine occupations,5
E05013761,St Helier East,1,"Asian, Asian British or Asian Welsh: Bangladeshi",8,L13: Routine occupations,5
E05013761,St Helier East,1,"Asian, Asian British or Asian Welsh: Bangladeshi",9,L14.1: Never worked,2
E05013761,St Helier East,1,"Asian, Asian British or Asian Welsh: Bangladeshi",10,L14.2: Long-term unemployed,0
E05013761,St Helier East,1,"Asian, Asian British or Asian Welsh: Bangladeshi",11,L15: Full-time students,2
E05013761,St Helier East,2,"Asian, Asian British or Asian Welsh: Chinese",-8,Does not apply,15
E05013761,St Helier East,2,"Asian, Asian British or Asian Welsh: Chinese",1,L1 and L2: Large employers and higher managerial and administrative occupations,2
E05013761,St Helier East,2,"Asian, Asian British or Asian Welsh: Chinese",2,L3: Higher professional occupations,10
E05013761,St Helier East,2,"Asian, Asian British or Asian Welsh: Chinese",3,"L4, L5 and L6: Lower managerial, administrative and professional occupations",10
E05013761,St Helier East,2,"Asian, Asian British or Asian Welsh: Chinese",4,L7: Intermediate occupations,3
E05013761,St Helier East,2,"Asian, Asian British or Asian Welsh: Chinese",5,L8 and L9: Small employers and own account workers,6
E05013761,St Helier East,2,"Asian, Asian British or Asian Welsh: Chinese",6,L10 and L11: Lower supervisory and technical occupations,5
E05013761,St Helier East,2,"Asian, Asian British or Asian Welsh: Chinese",7,L12: Semi-routine occupations,5
E05013761,St Helier East,2,"Asian, Asian British or Asian Welsh: Chinese",8,L13: Routine occupations,6
E05013761,St Helier East,2,"Asian, Asian British or Asian Welsh: Chinese",9,L14.1: Never worked,4
E05013761,St Helier East,2,"Asian, Asian British or Asian Welsh: Chinese",10,L14.2: Long-term unemployed,3
E05013761,St Helier East,2,"Asian, Asian British or Asian Welsh: Chinese",11,L15: Full-time students,7
E05013761,St Helier East,3,"Asian, Asian British or Asian Welsh: Indian",-8,Does not apply,66
E05013761,St Helier East,3,"Asian, Asian British or Asian Welsh: Indian",1,L1 and L2: Large employers and higher managerial and administrative occupations,6
E05013761,St Helier East,3,"Asian, Asian British or Asian Welsh: Indian",2,L3: Higher professional occupations,16
E05013761,St Helier East,3,"Asian, Asian British or Asian Welsh: Indian",3,"L4, L5 and L6: Lower managerial, administrative and professional occupations",38
E05013761,St Helier East,3,"Asian, Asian British or Asian Welsh: Indian",4,L7: Intermediate occupations,20
E05013761,St Helier East,3,"Asian, Asian British or Asian Welsh: Indian",5,L8 and L9: Small employers and own account workers,13
E05013761,St Helier East,3,"Asian, Asian British or Asian Welsh: Indian",6,L10 and L11: Lower supervisory and technical occupations,5
E05013761,St Helier East,3,"Asian, Asian British or Asian Welsh: Indian",7,L12: Semi-routine occupations,11
E05013761,St Helier East,3,"Asian, Asian British or Asian Welsh: Indian",8,L13: Routine occupations,8
E05013761,St Helier East,3,"Asian, Asian British or Asian Welsh: Indian",9,L14.1: Never worked,14
E05013761,St Helier East,3,"Asian, Asian British or Asian Welsh: Indian",10,L14.2: Long-term unemployed,1
E05013761,St Helier East,3,"Asian, Asian British or Asian Welsh: Indian",11,L15: Full-time students,10
E05013761,St Helier East,4,"Asian, Asian British or Asian Welsh: Pakistani",-8,Does not apply,84
E05013761,St Helier East,4,"Asian, Asian British or Asian Welsh: Pakistani",1,L1 and L2: Large employers and higher managerial and administrative occupations,6
E05013761,St Helier East,4,"Asian, Asian British or Asian Welsh: Pakistani",2,L3: Higher professional occupations,15
E05013761,St Helier East,4,"Asian, Asian British or Asian Welsh: Pakistani",3,"L4, L5 and L6: Lower managerial, administrative and professional occupations",33
E05013761,St Helier East,4,"Asian, Asian British or Asian Welsh: Pakistani",4,L7: Intermediate occupations,15
E05013761,St Helier East,4,"Asian, Asian British or Asian Welsh: Pakistani",5,L8 and L9: Small employers and own account workers,31
E05013761,St Helier East,4,"Asian, Asian British or Asian Welsh: Pakistani",6,L10 and L11: Lower supervisory and technical occupations,8
E05013761,St Helier East,4,"Asian, Asian British or Asian Welsh: Pakistani",7,L12: Semi-routine occupations,14
E05013761,St Helier East,4,"Asian, Asian British or Asian Welsh: Pakistani",8,L13: Routine occupations,13
E05013761,St Helier East,4,"Asian, Asian British or Asian Welsh: Pakistani",9,L14.1: Never worked,33
E05013761,St Helier East,4,"Asian, Asian British or Asian Welsh: Pakistani",10,L14.2: Long-term unemployed,1
E05013761,St Helier East,4,"Asian, Asian British or Asian Welsh: Pakistani",11,L15: Full-time students,29
E05013761,St Helier East,5,"Asian, Asian British or Asian Welsh: Other Asian",-8,Does not apply,149
E05013761,St Helier East,5,"Asian, Asian British or Asian Welsh: Other Asian",1,L1 and L2: Large employers and higher managerial and administrative occupations,6
E05013761,St Helier East,5,"Asian, Asian British or Asian Welsh: Other Asian",2,L3: Higher professional occupations,31
E05013761,St Helier East,5,"Asian, Asian British or Asian Welsh: Other Asian",3,"L4, L5 and L6: Lower managerial, administrative and professional occupations",109
E05013761,St Helier East,5,"Asian, Asian British or Asian Welsh: Other Asian",4,L7: Intermediate occupations,45
E05013761,St Helier East,5,"Asian, Asian British or Asian Welsh: Other Asian",5,L8 and L9: Small employers and own account workers,29
E05013761,St Helier East,5,"Asian, Asian British or Asian Welsh: Other Asian",6,L10 and L11: Lower supervisory and technical occupations,25
E05013761,St Helier East,5,"Asian, Asian British or Asian Welsh: Other Asian",7,L12: Semi-routine occupations,78
E05013761,St Helier East,5,"Asian, Asian British or Asian Welsh: Other Asian",8,L13: Routine occupations,37
E05013761,St Helier East,5,"Asian, Asian British or Asian Welsh: Other Asian",9,L14.1: Never worked,42
E05013761,St Helier East,5,"Asian, Asian British or Asian Welsh: Other Asian",10,L14.2: Long-term unemployed,2
E05013761,St Helier East,5,"Asian, Asian British or Asian Welsh: Other Asian",11,L15: Full-time students,60
E05013761,St Helier East,6,"Black, Black British, Black Welsh, Caribbean or African: African",-8,Does not apply,106
E05013761,St Helier East,6,"Black, Black British, Black Welsh, Caribbean or African: African",1,L1 and L2: Large employers and higher managerial and administrative occupations,18
E05013761,St Helier East,6,"Black, Black British, Black Welsh, Caribbean or African: African",2,L3: Higher professional occupations,23
E05013761,St Helier East,6,"Black, Black British, Black Welsh, Caribbean or African: African",3,"L4, L5 and L6: Lower managerial, administrative and professional occupations",80
E05013761,St Helier East,6,"Black, Black British, Black Welsh, Caribbean or African: African",4,L7: Intermediate occupations,40
E05013761,St Helier East,6,"Black, Black British, Black Welsh, Caribbean or African: African",5,L8 and L9: Small employers and own account workers,27
E05013761,St Helier East,6,"Black, Black British, Black Welsh, Caribbean or African: African",6,L10 and L11: Lower supervisory and technical occupations,13
E05013761,St Helier East,6,"Black, Black British, Black Welsh, Caribbean or African: African",7,L12: Semi-routine occupations,32
E05013761,St Helier East,6,"Black, Black British, Black Welsh, Caribbean or African: African",8,L13: Routine occupations,31
E05013761,St Helier East,6,"Black, Black British, Black Welsh, Caribbean or African: African",9,L14.1: Never worked,7
E05013761,St Helier East,6,"Black, Black British, Black Welsh, Caribbean or African: African",10,L14.2: Long-term unemployed,12
E05013761,St Helier East,6,"Black, Black British, Black Welsh, Caribbean or African: African",11,L15: Full-time students,41
E05013761,St Helier East,7,"Black, Black British, Black Welsh, Caribbean or African: Caribbean",-8,Does not apply,38
E05013761,St Helier East,7,"Black, Black British, Black Welsh, Caribbean or African: Caribbean",1,L1 and L2: Large employers and higher managerial and administrative occupations,1
E05013761,St Helier East,7,"Black, Black British, Black Welsh, Caribbean or African: Caribbean",2,L3: Higher professional occupations,14
E05013761,St Helier East,7,"Black, Black British, Black Welsh, Caribbean or African: Caribbean",3,"L4, L5 and L6: Lower managerial, administrative and professional occupations",31
E05013761,St Helier East,7,"Black, Black British, Black Welsh, Caribbean or African: Caribbean",4,L7: Intermediate occupations,14
E05013761,St Helier East,7,"Black, Black British, Black Welsh, Caribbean or African: Caribbean",5,L8 and L9: Small employers and own account workers,13
E05013761,St Helier East,7,"Black, Black British, Black Welsh, Caribbean or African: Caribbean",6,L10 and L11: Lower supervisory and technical occupations,14
E05013761,St Helier East,7,"Black, Black British, Black Welsh, Caribbean or African: Caribbean",7,L12: Semi-routine occupations,25
E05013761,St Helier East,7,"Black, Black British, Black Welsh, Caribbean or African: Caribbean",8,L13: Routine occupations,22
E05013761,St Helier East,7,"Black, Black British, Black Welsh, Caribbean or African: Caribbean",9,L14.1: Never worked,14
E05013761,St Helier East,7,"Black, Black British, Black Welsh, Caribbean or African: Caribbean",10,L14.2: Long-term unemployed,1
E05013761,St Helier East,7,"Black, Black British, Black Welsh, Caribbean or African: Caribbean",11,L15: Full-time students,6
E05013761,St Helier East,8,"Black, Black British, Black Welsh, Caribbean or African: Other Black",-8,Does not apply,44
E05013761,St Helier East,8,"Black, Black British, Black Welsh, Caribbean or African: Other Black",1,L1 and L2: Large employers and higher managerial and administrative occupations,1
E05013761,St Helier East,8,"Black, Black British, Black Welsh, Caribbean or African: Other Black",2,L3: Higher professional occupations,5
E05013761,St Helier East,8,"Black, Black British, Black Welsh, Caribbean or African: Other Black",3,"L4, L5 and L6: Lower managerial, administrative and professional occupations",11
E05013761,St Helier East,8,"Black, Black British, Black Welsh, Caribbean or African: Other Black",4,L7: Intermediate occupations,4
E05013761,St Helier East,8,"Black, Black British, Black Welsh, Caribbean or African: Other Black",5,L8 and L9: Small employers and own account workers,5
E05013761,St Helier East,8,"Black, Black British, Black Welsh, Caribbean or African: Other Black",6,L10 and L11: Lower supervisory and technical occupations,6
E05013761,St Helier East,8,"Black, Black British, Black Welsh, Caribbean or African: Other Black",7,L12: Semi-routine occupations,5
E05013761,St Helier East,8,"Black, Black British, Black Welsh, Caribbean or African: Other Black",8,L13: Routine occupations,3
E05013761,St Helier East,8,"Black, Black British, Black Welsh, Caribbean or African: Other Black",9,L14.1: Never worked,6
E05013761,St Helier East,8,"Black, Black British, Black Welsh, Caribbean or African: Other Black",10,L14.2: Long-term unemployed,1
E05013761,St Helier East,8,"Black, Black British, Black Welsh, Caribbean or African: Other Black",11,L15: Full-time students,14
E05013761,St Helier East,9,Mixed or Multiple ethnic groups: White and Asian,-8,Does not apply,60
E05013761,St Helier East,9,Mixed or Multiple ethnic groups: White and Asian,1,L1 and L2: Large employers and higher managerial and administrative occupations,0
E05013761,St Helier East,9,Mixed or Multiple ethnic groups: White and Asian,2,L3: Higher professional occupations,4
E05013761,St Helier East,9,Mixed or Multiple ethnic groups: White and Asian,3,"L4, L5 and L6: Lower managerial, administrative and professional occupations",9
E05013761,St Helier East,9,Mixed or Multiple ethnic groups: White and Asian,4,L7: Intermediate occupations,7
E05013761,St Helier East,9,Mixed or Multiple ethnic groups: White and Asian,5,L8 and L9: Small employers and own account workers,2
E05013761,St Helier East,9,Mixed or Multiple ethnic groups: White and Asian,6,L10 and L11: Lower supervisory and technical occupations,2
E05013761,St Helier East,9,Mixed or Multiple ethnic groups: White and Asian,7,L12: Semi-routine occupations,2
E05013761,St Helier East,9,Mixed or Multiple ethnic groups: White and Asian,8,L13: Routine occupations,2
E05013761,St Helier East,9,Mixed or Multiple ethnic groups: White and Asian,9,L14.1: Never worked,4
E05013761,St Helier East,9,Mixed or Multiple ethnic groups: White and Asian,10,L14.2: Long-term unemployed,1
E05013761,St Helier East,9,Mixed or Multiple ethnic groups: White and Asian,11,L15: Full-time students,14
E05013761,St Helier East,10,Mixed or Multiple ethnic groups: White and Black African,-8,Does not apply,24
E05013761,St Helier East,10,Mixed or Multiple ethnic groups: White and Black African,1,L1 and L2: Large employers and higher managerial and administrative occupations,0
E05013761,St Helier East,10,Mixed or Multiple ethnic groups: White and Black African,2,L3: Higher professional occupations,0
E05013761,St Helier East,10,Mixed or Multiple ethnic groups: White and Black African,3,"L4, L5 and L6: Lower managerial, administrative and professional occupations",3
E05013761,St Helier East,10,Mixed or Multiple ethnic groups: White and Black African,4,L7: Intermediate occupations,1
E05013761,St Helier East,10,Mixed or Multiple ethnic groups: White and Black African,5,L8 and L9: Small employers and own account workers,1
E05013761,St Helier East,10,Mixed or Multiple ethnic groups: White and Black African,6,L10 and L11: Lower supervisory and technical occupations,3
E05013761,St Helier East,10,Mixed or Multiple ethnic groups: White and Black African,7,L12: Semi-routine occupations,5
E05013761,St Helier East,10,Mixed or Multiple ethnic groups: White and Black African,8,L13: Routine occupations,3
E05013761,St Helier East,10,Mixed or Multiple ethnic groups: White and Black African,9,L14.1: Never worked,3
E05013761,St Helier East,10,Mixed or Multiple ethnic groups: White and Black African,10,L14.2: Long-term unemployed,2
E05013761,St Helier East,10,Mixed or Multiple ethnic groups: White and Black African,11,L15: Full-time students,4
E05013761,St Helier East,11,Mixed or Multiple ethnic groups: White and Black Caribbean,-8,Does not apply,90
E05013761,St Helier East,11,Mixed or Multiple ethnic groups: White and Black Caribbean,1,L1 and L2: Large employers and higher managerial and administrative occupations,0
E05013761,St Helier East,11,Mixed or Multiple ethnic groups: White and Black Caribbean,2,L3: Higher professional occupations,1
E05013761,St Helier East,11,Mixed or Multiple ethnic groups: White and Black Caribbean,3,"L4, L5 and L6: Lower managerial, administrative and professional occupations",18
E05013761,St Helier East,11,Mixed or Multiple ethnic groups: White and Black Caribbean,4,L7: Intermediate occupations,8
E05013761,St Helier East,11,Mixed or Multiple ethnic groups: White and Black Caribbean,5,L8 and L9: Small employers and own account workers,10
E05013761,St Helier East,11,Mixed or Multiple ethnic groups: White and Black Caribbean,6,L10 and L11: Lower supervisory and technical occupations,1
E05013761,St Helier East,11,Mixed or Multiple ethnic groups: White and Black Caribbean,7,L12: Semi-routine occupations,13
E05013761,St Helier East,11,Mixed or Multiple ethnic groups: White and Black Caribbean,8,L13: Routine occupations,14
E05013761,St Helier East,11,Mixed or Multiple ethnic groups: White and Black Caribbean,9,L14.1: Never worked,7
E05013761,St Helier East,11,Mixed or Multiple ethnic groups: White and Black Caribbean,10,L14.2: Long-term unemployed,5
E05013761,St Helier East,11,Mixed or Multiple ethnic groups: White and Black Caribbean,11,L15: Full-time students,9
E05013761,St Helier East,12,Mixed or Multiple ethnic groups: Other Mixed or Multiple ethnic groups,-8,Does not apply,63
E05013761,St Helier East,12,Mixed or Multiple ethnic groups: Other Mixed or Multiple ethnic groups,1,L1 and L2: Large employers and higher managerial and administrative occupations,2
E05013761,St Helier East,12,Mixed or Multiple ethnic groups: Other Mixed or Multiple ethnic groups,2,L3: Higher professional occupations,8
E05013761,St Helier East,12,Mixed or Multiple ethnic groups: Other Mixed or Multiple ethnic groups,3,"L4, L5 and L6: Lower managerial, administrative and professional occupations",14
E05013761,St Helier East,12,Mixed or Multiple ethnic groups: Other Mixed or Multiple ethnic groups,4,L7: Intermediate occupations,9
E05013761,St Helier East,12,Mixed or Multiple ethnic groups: Other Mixed or Multiple ethnic groups,5,L8 and L9: Small employers and own account workers,7
E05013761,St Helier East,12,Mixed or Multiple ethnic groups: Other Mixed or Multiple ethnic groups,6,L10 and L11: Lower supervisory and technical occupations,0
E05013761,St Helier East,12,Mixed or Multiple ethnic groups: Other Mixed or Multiple ethnic groups,7,L12: Semi-routine occupations,6
E05013761,St Helier East,12,Mixed or Multiple ethnic groups: Other Mixed or Multiple ethnic groups,8,L13: Routine occupations,10
E05013761,St Helier East,12,Mixed or Multiple ethnic groups: Other Mixed or Multiple ethnic groups,9,L14.1: Never worked,6
E05013761,St Helier East,12,Mixed or Multiple ethnic groups: Other Mixed or Multiple ethnic groups,10,L14.2: Long-term unemployed,0
E05013761,St Helier East,12,Mixed or Multiple ethnic groups: Other Mixed or Multiple ethnic groups,11,L15: Full-time students,11
E05013761,St Helier East,13,"White: English, Welsh, Scottish, Northern Irish or British",-8,Does not apply,1058
E05013761,St Helier East,13,"White: English, Welsh, Scottish, Northern Irish or British",1,L1 and L2: Large employers and higher managerial and administrative occupations,74
E05013761,St Helier East,13,"White: English, Welsh, Scottish, Northern Irish or British",2,L3: Higher professional occupations,124
E05013761,St Helier East,13,"White: English, Welsh, Scottish, Northern Irish or British",3,"L4, L5 and L6: Lower managerial, administrative and professional occupations",626
E05013761,St Helier East,13,"White: English, Welsh, Scottish, Northern Irish or British",4,L7: Intermediate occupations,559
E05013761,St Helier East,13,"White: English, Welsh, Scottish, Northern Irish or British",5,L8 and L9: Small employers and own account workers,437
E05013761,St Helier East,13,"White: English, Welsh, Scottish, Northern Irish or British",6,L10 and L11: Lower supervisory and technical occupations,245
E05013761,St Helier East,13,"White: English, Welsh, Scottish, Northern Irish or British",7,L12: Semi-routine occupations,582
E05013761,St Helier East,13,"White: English, Welsh, Scottish, Northern Irish or British",8,L13: Routine occupations,573
E05013761,St Helier East,13,"White: English, Welsh, Scottish, Northern Irish or British",9,L14.1: Never worked,385
E05013761,St Helier East,13,"White: English, Welsh, Scottish, Northern Irish or British",10,L14.2: Long-term unemployed,58
E05013761,St Helier East,13,"White: English, Welsh, Scottish, Northern Irish or British",11,L15: Full-time students,227
E05013761,St Helier East,14,White: Irish,-8,Does not apply,7
E05013761,St Helier East,14,White: Irish,1,L1 and L2: Large employers and higher managerial and administrative occupations,6
E05013761,St Helier East,14,White: Irish,2,L3: Higher professional occupations,2
E05013761,St Helier East,14,White: Irish,3,"L4, L5 and L6: Lower managerial, administrative and professional occupations",15
E05013761,St Helier East,14,White: Irish,4,L7: Intermediate occupations,7
E05013761,St Helier East,14,White: Irish,5,L8 and L9: Small employers and own account workers,13
E05013761,St Helier East,14,White: Irish,6,L10 and L11: Lower supervisory and technical occupations,8
E05013761,St Helier East,14,White: Irish,7,L12: Semi-routine occupations,7
E05013761,St Helier East,14,White: Irish,8,L13: Routine occupations,7
E05013761,St Helier East,14,White: Irish,9,L14.1: Never worked,7
E05013761,St Helier East,14,White: Irish,10,L14.2: Long-term unemployed,1
E05013761,St Helier East,14,White: Irish,11,L15: Full-time students,1
E05013761,St Helier East,15,White: Gypsy or Irish Traveller,-8,Does not apply,4
E05013761,St Helier East,15,White: Gypsy or Irish Traveller,1,L1 and L2: Large employers and higher managerial and administrative occupations,0
E05013761,St Helier East,15,White: Gypsy or Irish Traveller,2,L3: Higher professional occupations,0
E05013761,St Helier East,15,White: Gypsy or Irish Traveller,3,"L4, L5 and L6: Lower managerial, administrative and professional occupations",1
E05013761,St Helier East,15,White: Gypsy or Irish Traveller,4,L7: Intermediate occupations,0
E05013761,St Helier East,15,White: Gypsy or Irish Traveller,5,L8 and L9: Small employers and own account workers,3
E05013761,St Helier East,15,White: Gypsy or Irish Traveller,6,L10 and L11: Lower supervisory and technical occupations,1
E05013761,St Helier East,15,White: Gypsy or Irish Traveller,7,L12: Semi-routine occupations,0
E05013761,St Helier East,15,White: Gypsy or Irish Traveller,8,L13: Routine occupations,3
E05013761,St Helier East,15,White: Gypsy or Irish Traveller,9,L14.1: Never worked,2
E05013761,St Helier East,15,White: Gypsy or Irish Traveller,10,L14.2: Long-term unemployed,0
E05013761,St Helier East,15,White: Gypsy or Irish Traveller,11,L15: Full-time students,0
E05013761,St Helier East,16,White: Roma,-8,Does not apply,3
E05013761,St Helier East,16,White: Roma,1,L1 and L2: Large employers and higher managerial and administrative occupations,2
E05013761,St Helier East,16,White: Roma,2,L3: Higher professional occupations,0
E05013761,St Helier East,16,White: Roma,3,"L4, L5 and L6: Lower managerial, administrative and professional occupations",0
E05013761,St Helier East,16,White: Roma,4,L7: Intermediate occupations,2
E05013761,St Helier East,16,White: Roma,5,L8 and L9: Small employers and own account workers,3
E05013761,St Helier East,16,White: Roma,6,L10 and L11: Lower supervisory and technical occupations,0
E05013761,St Helier East,16,White: Roma,7,L12: Semi-routine occupations,2
E05013761,St Helier East,16,White: Roma,8,L13: Routine occupations,2
E05013761,St Helier East,16,White: Roma,9,L14.1: Never worked,0
E05013761,St Helier East,16,White: Roma,10,L14.2: Long-term unemployed,0
E05013761,St Helier East,16,White: Roma,11,L15: Full-time students,0
E05013761,St Helier East,17,White: Other White,-8,Does not apply,147
E05013761,St Helier East,17,White: Other White,1,L1 and L2: Large employers and higher managerial and administrative occupations,13
E05013761,St Helier East,17,White: Other White,2,L3: Higher professional occupations,33
E05013761,St Helier East,17,White: Other White,3,"L4, L5 and L6: Lower managerial, administrative and professional occupations",102
E05013761,St Helier East,17,White: Other White,4,L7: Intermediate occupations,66
E05013761,St Helier East,17,White: Other White,5,L8 and L9: Small employers and own account workers,182
E05013761,St Helier East,17,White: Other White,6,L10 and L11: Lower supervisory and technical occupations,35
E05013761,St Helier East,17,White: Other White,7,L12: Semi-routine occupations,54
E05013761,St Helier East,17,White: Other White,8,L13: Routine occupations,80
E05013761,St Helier East,17,White: Other White,9,L14.1: Never worked,21
E05013761,St Helier East,17,White: Other White,10,L14.2: Long-term unemployed,13
E05013761,St Helier East,17,White: Other White,11,L15: Full-time students,34
E05013761,St Helier East,18,Other ethnic group: Arab,-8,Does not apply,10
E05013761,St Helier East,18,Other ethnic group: Arab,1,L1 and L2: Large employers and higher managerial and administrative occupations,0
E05013761,St Helier East,18,Other ethnic group: Arab,2,L3: Higher professional occupations,2
E05013761,St Helier East,18,Other ethnic group: Arab,3,"L4, L5 and L6: Lower managerial, administrative and professional occupations",3
E05013761,St Helier East,18,Other ethnic group: Arab,4,L7: Intermediate occupations,5
E05013761,St Helier East,18,Other ethnic group: Arab,5,L8 and L9: Small employers and own account workers,2
E05013761,St Helier East,18,Other ethnic group: Arab,6,L10 and L11: Lower supervisory and technical occupations,1
E05013761,St Helier East,18,Other ethnic group: Arab,7,L12: Semi-routine occupations,3
E05013761,St Helier East,18,Other ethnic group: Arab,8,L13: Routine occupations,3
E05013761,St Helier East,18,Other ethnic group: Arab,9,L14.1: Never worked,8
E05013761,St Helier East,18,Other ethnic group: Arab,10,L14.2: Long-term unemployed,1
E05013761,St Helier East,18,Other ethnic group: Arab,11,L15: Full-time students,4
E05013761,St Helier East,19,Other ethnic group: Any other ethnic group,-8,Does not apply,60
E05013761,St Helier East,19,Other ethnic group: Any other ethnic group,1,L1 and L2: Large employers and higher managerial and administrative occupations,2
E05013761,St Helier East,19,Other ethnic group: Any other ethnic group,2,L3: Higher professional occupations,14
E05013761,St Helier East,19,Other ethnic group: Any other ethnic group,3,"L4, L5 and L6: Lower managerial, administrative and professional occupations",28
E05013761,St Helier East,19,Other ethnic group: Any other ethnic group,4,L7: Intermediate occupations,23
E05013761,St Helier East,19,Other ethnic group: Any other ethnic group,5,L8 and L9: Small employers and own account workers,36
E05013761,St Helier East,19,Other ethnic group: Any other ethnic group,6,L10 and L11: Lower supervisory and technical occupations,6
E05013761,St Helier East,19,Other ethnic group: Any other ethnic group,7,L12: Semi-routine occupations,23
E05013761,St Helier East,19,Other ethnic group: Any other ethnic group,8,L13: Routine occupations,24
E05013761,St Helier East,19,Other ethnic group: Any other ethnic group,9,L14.1: Never worked,20
E05013761,St Helier East,19,Other ethnic group: Any other ethnic group,10,L14.2: Long-term unemployed,2
E05013761,St Helier East,19,Other ethnic group: Any other ethnic group,11,L15: Full-time students,12
E05013762,St Helier West,-8,Does not apply,-8,Does not apply,0
E05013762,St Helier West,-8,Does not apply,1,L1 and L2: Large employers and higher managerial and administrative occupations,0
E05013762,St Helier West,-8,Does not apply,2,L3: Higher professional occupations,0
E05013762,St Helier West,-8,Does not apply,3,"L4, L5 and L6: Lower managerial, administrative and professional occupations",0
E05013762,St Helier West,-8,Does not apply,4,L7: Intermediate occupations,0
E05013762,St Helier West,-8,Does not apply,5,L8 and L9: Small employers and own account workers,0
E05013762,St Helier West,-8,Does not apply,6,L10 and L11: Lower supervisory and technical occupations,0
E05013762,St Helier West,-8,Does not apply,7,L12: Semi-routine occupations,0
E05013762,St Helier West,-8,Does not apply,8,L13: Routine occupations,0
E05013762,St Helier West,-8,Does not apply,9,L14.1: Never worked,0
E05013762,St Helier West,-8,Does not apply,10,L14.2: Long-term unemployed,0
E05013762,St Helier West,-8,Does not apply,11,L15: Full-time students,0
E05013762,St Helier West,1,"Asian, Asian British or Asian Welsh: Bangladeshi",-8,Does not apply,34
E05013762,St Helier West,1,"Asian, Asian British or Asian Welsh: Bangladeshi",1,L1 and L2: Large employers and higher managerial and administrative occupations,0
E05013762,St Helier West,1,"Asian, Asian British or Asian Welsh: Bangladeshi",2,L3: Higher professional occupations,3
E05013762,St Helier West,1,"Asian, Asian British or Asian Welsh: Bangladeshi",3,"L4, L5 and L6: Lower managerial, administrative and professional occupations",11
E05013762,St Helier West,1,"Asian, Asian British or Asian Welsh: Bangladeshi",4,L7: Intermediate occupations,8
E05013762,St Helier West,1,"Asian, Asian British or Asian Welsh: Bangladeshi",5,L8 and L9: Small employers and own account workers,7
E05013762,St Helier West,1,"Asian, Asian British or Asian Welsh: Bangladeshi",6,L10 and L11: Lower supervisory and technical occupations,2
E05013762,St Helier West,1,"Asian, Asian British or Asian Welsh: Bangladeshi",7,L12: Semi-routine occupations,10
E05013762,St Helier West,1,"Asian, Asian British or Asian Welsh: Bangladeshi",8,L13: Routine occupations,8
E05013762,St Helier West,1,"Asian, Asian British or Asian Welsh: Bangladeshi",9,L14.1: Never worked,8
E05013762,St Helier West,1,"Asian, Asian British or Asian Welsh: Bangladeshi",10,L14.2: Long-term unemployed,1
E05013762,St Helier West,1,"Asian, Asian British or Asian Welsh: Bangladeshi",11,L15: Full-time students,13
E05013762,St Helier West,2,"Asian, Asian British or Asian Welsh: Chinese",-8,Does not apply,23
E05013762,St Helier West,2,"Asian, Asian British or Asian Welsh: Chinese",1,L1 and L2: Large employers and higher managerial and administrative occupations,3
E05013762,St Helier West,2,"Asian, Asian British or Asian Welsh: Chinese",2,L3: Higher professional occupations,12
E05013762,St Helier West,2,"Asian, Asian British or Asian Welsh: Chinese",3,"L4, L5 and L6: Lower managerial, administrative and professional occupations",22
E05013762,St Helier West,2,"Asian, Asian British or Asian Welsh: Chinese",4,L7: Intermediate occupations,12
E05013762,St Helier West,2,"Asian, Asian British or Asian Welsh: Chinese",5,L8 and L9: Small employers and own account workers,4
E05013762,St Helier West,2,"Asian, Asian British or Asian Welsh: Chinese",6,L10 and L11: Lower supervisory and technical occupations,10
E05013762,St Helier West,2,"Asian, Asian British or Asian Welsh: Chinese",7,L12: Semi-routine occupations,11
E05013762,St Helier West,2,"Asian, Asian British or Asian Welsh: Chinese",8,L13: Routine occupations,7
E05013762,St Helier West,2,"Asian, Asian British or Asian Welsh: Chinese",9,L14.1: Never worked,9
E05013762,St Helier West,2,"Asian, Asian British or Asian Welsh: Chinese",10,L14.2: Long-term unemployed,1
E05013762,St Helier West,2,"Asian, Asian British or Asian Welsh: Chinese",11,L15: Full-time students,7
E05013762,St Helier West,3,"Asian, Asian British or Asian Welsh: Indian",-8,Does not apply,87
E05013762,St Helier West,3,"Asian, Asian British or Asian Welsh: Indian",1,L1 and L2: Large employers and higher managerial and administrative occupations,12
E05013762,St Helier West,3,"Asian, Asian British or Asian Welsh: Indian",2,L3: Higher professional occupations,48
E05013762,St Helier West,3,"Asian, Asian British or Asian Welsh: Indian",3,"L4, L5 and L6: Lower managerial, administrative and professional occupations",90
E05013762,St Helier West,3,"Asian, Asian British or Asian Welsh: Indian",4,L7: Intermediate occupations,38
E05013762,St Helier West,3,"Asian, Asian British or Asian Welsh: Indian",5,L8 and L9: Small employers and own account workers,13
E05013762,St Helier West,3,"Asian, Asian British or Asian Welsh: Indian",6,L10 and L11: Lower supervisory and technical occupations,13
E05013762,St Helier West,3,"Asian, Asian British or Asian Welsh: Indian",7,L12: Semi-routine occupations,31
E05013762,St Helier West,3,"Asian, Asian British or Asian Welsh: Indian",8,L13: Routine occupations,17
E05013762,St Helier West,3,"Asian, Asian British or Asian Welsh: Indian",9,L14.1: Never worked,19
E05013762,St Helier West,3,"Asian, Asian British or Asian Welsh: Indian",10,L14.2: Long-term unemployed,1
E05013762,St Helier West,3,"Asian, Asian British or Asian Welsh: Indian",11,L15: Full-time students,16
E05013762,St Helier West,4,"Asian, Asian British or Asian Welsh: Pakistani",-8,Does not apply,141
E05013762,St Helier West,4,"Asian, Asian British or Asian Welsh: Pakistani",1,L1 and L2: Large employers and higher managerial and administrative occupations,1
E05013762,St Helier West,4,"Asian, Asian British or Asian Welsh: Pakistani",2,L3: Higher professional occupations,27
E05013762,St Helier West,4,"Asian, Asian British or Asian Welsh: Pakistani",3,"L4, L5 and L6: Lower managerial, administrative and professional occupations",53
E05013762,St Helier West,4,"Asian, Asian British or Asian Welsh: Pakistani",4,L7: Intermediate occupations,30
E05013762,St Helier West,4,"Asian, Asian British or Asian Welsh: Pakistani",5,L8 and L9: Small employers and own account workers,46
E05013762,St Helier West,4,"Asian, Asian British or Asian Welsh: Pakistani",6,L10 and L11: Lower supervisory and technical occupations,8
E05013762,St Helier West,4,"Asian, Asian British or Asian Welsh: Pakistani",7,L12: Semi-routine occupations,28
E05013762,St Helier West,4,"Asian, Asian British or Asian Welsh: Pakistani",8,L13: Routine occupations,18
E05013762,St Helier West,4,"Asian, Asian British or Asian Welsh: Pakistani",9,L14.1: Never worked,59
E05013762,St Helier West,4,"Asian, Asian British or Asian Welsh: Pakistani",10,L14.2: Long-term unemployed,0
E05013762,St Helier West,4,"Asian, Asian British or Asian Welsh: Pakistani",11,L15: Full-time students,56
E05013762,St Helier West,5,"Asian, Asian British or Asian Welsh: Other Asian",-8,Does not apply,294
E05013762,St Helier West,5,"Asian, Asian British or Asian Welsh: Other Asian",1,L1 and L2: Large employers and higher managerial and administrative occupations,12
E05013762,St Helier West,5,"Asian, Asian British or Asian Welsh: Other Asian",2,L3: Higher professional occupations,61
E05013762,St Helier West,5,"Asian, Asian British or Asian Welsh: Other Asian",3,"L4, L5 and L6: Lower managerial, administrative and professional occupations",202
E05013762,St Helier West,5,"Asian, Asian British or Asian Welsh: Other Asian",4,L7: Intermediate occupations,103
E05013762,St Helier West,5,"Asian, Asian British or Asian Welsh: Other Asian",5,L8 and L9: Small employers and own account workers,42
E05013762,St Helier West,5,"Asian, Asian British or Asian Welsh: Other Asian",6,L10 and L11: Lower supervisory and technical occupations,51
E05013762,St Helier West,5,"Asian, Asian British or Asian Welsh: Other Asian",7,L12: Semi-routine occupations,127
E05013762,St Helier West,5,"Asian, Asian British or Asian Welsh: Other Asian",8,L13: Routine occupations,100
E05013762,St Helier West,5,"Asian, Asian British or Asian Welsh: Other Asian",9,L14.1: Never worked,75
E05013762,St Helier West,5,"Asian, Asian British or Asian Welsh: Other Asian",10,L14.2: Long-term unemployed,9
E05013762,St Helier West,5,"Asian, Asian British or Asian Welsh: Other Asian",11,L15: Full-time students,99
E05013762,St Helier West,6,"Black, Black British, Black Welsh, Caribbean or African: African",-8,Does not apply,134
E05013762,St Helier West,6,"Black, Black British, Black Welsh, Caribbean or African: African",1,L1 and L2: Large employers and higher managerial and administrative occupations,10
E05013762,St Helier West,6,"Black, Black British, Black Welsh, Caribbean or African: African",2,L3: Higher professional occupations,24
E05013762,St Helier West,6,"Black, Black British, Black Welsh, Caribbean or African: African",3,"L4, L5 and L6: Lower managerial, administrative and professional occupations",120
E05013762,St Helier West,6,"Black, Black British, Black Welsh, Caribbean or African: African",4,L7: Intermediate occupations,32
E05013762,St Helier West,6,"Black, Black British, Black Welsh, Caribbean or African: African",5,L8 and L9: Small employers and own account workers,25
E05013762,St Helier West,6,"Black, Black British, Black Welsh, Caribbean or African: African",6,L10 and L11: Lower supervisory and technical occupations,18
E05013762,St Helier West,6,"Black, Black British, Black Welsh, Caribbean or African: African",7,L12: Semi-routine occupations,57
E05013762,St Helier West,6,"Black, Black British, Black Welsh, Caribbean or African: African",8,L13: Routine occupations,27
E05013762,St Helier West,6,"Black, Black British, Black Welsh, Caribbean or African: African",9,L14.1: Never worked,23
E05013762,St Helier West,6,"Black, Black British, Black Welsh, Caribbean or African: African",10,L14.2: Long-term unemployed,10
E05013762,St Helier West,6,"Black, Black British, Black Welsh, Caribbean or African: African",11,L15: Full-time students,67
E05013762,St Helier West,7,"Black, Black British, Black Welsh, Caribbean or African: Caribbean",-8,Does not apply,45
E05013762,St Helier West,7,"Black, Black British, Black Welsh, Caribbean or African: Caribbean",1,L1 and L2: Large employers and higher managerial and administrative occupations,7
E05013762,St Helier West,7,"Black, Black British, Black Welsh, Caribbean or African: Caribbean",2,L3: Higher professional occupations,16
E05013762,St Helier West,7,"Black, Black British, Black Welsh, Caribbean or African: Caribbean",3,"L4, L5 and L6: Lower managerial, administrative and professional occupations",41
E05013762,St Helier West,7,"Black, Black British, Black Welsh, Caribbean or African: Caribbean",4,L7: Intermediate occupations,20
E05013762,St Helier West,7,"Black, Black British, Black Welsh, Caribbean or African: Caribbean",5,L8 and L9: Small employers and own account workers,13
E05013762,St Helier West,7,"Black, Black British, Black Welsh, Caribbean or African: Caribbean",6,L10 and L11: Lower supervisory and technical occupations,8
E05013762,St Helier West,7,"Black, Black British, Black Welsh, Caribbean or African: Caribbean",7,L12: Semi-routine occupations,22
E05013762,St Helier West,7,"Black, Black British, Black Welsh, Caribbean or African: Caribbean",8,L13: Routine occupations,20
E05013762,St Helier West,7,"Black, Black British, Black Welsh, Caribbean or African: Caribbean",9,L14.1: Never worked,6
E05013762,St Helier West,7,"Black, Black British, Black Welsh, Caribbean or African: Caribbean",10,L14.2: Long-term unemployed,4
E05013762,St Helier West,7,"Black, Black British, Black Welsh, Caribbean or African: Caribbean",11,L15: Full-time students,15
E05013762,St Helier West,8,"Black, Black British, Black Welsh, Caribbean or African: Other Black",-8,Does not apply,43
E05013762,St Helier West,8,"Black, Black British, Black Welsh, Caribbean or African: Other Black",1,L1 and L2: Large employers and higher managerial and administrative occupations,1
E05013762,St Helier West,8,"Black, Black British, Black Welsh, Caribbean or African: Other Black",2,L3: Higher professional occupations,3
E05013762,St Helier West,8,"Black, Black British, Black Welsh, Caribbean or African: Other Black",3,"L4, L5 and L6: Lower managerial, administrative and professional occupations",11
E05013762,St Helier West,8,"Black, Black British, Black Welsh, Caribbean or African: Other Black",4,L7: Intermediate occupations,8
E05013762,St Helier West,8,"Black, Black British, Black Welsh, Caribbean or African: Other Black",5,L8 and L9: Small employers and own account workers,1
E05013762,St Helier West,8,"Black, Black British, Black Welsh, Caribbean or African: Other Black",6,L10 and L11: Lower supervisory and technical occupations,4
E05013762,St Helier West,8,"Black, Black British, Black Welsh, Caribbean or African: Other Black",7,L12: Semi-routine occupations,3
E05013762,St Helier West,8,"Black, Black British, Black Welsh, Caribbean or African: Other Black",8,L13: Routine occupations,11
E05013762,St Helier West,8,"Black, Black British, Black Welsh, Caribbean or African: Other Black",9,L14.1: Never worked,5
E05013762,St Helier West,8,"Black, Black British, Black Welsh, Caribbean or African: Other Black",10,L14.2: Long-term unemployed,4
E05013762,St Helier West,8,"Black, Black British, Black Welsh, Caribbean or African: Other Black",11,L15: Full-time students,14
E05013762,St Helier West,9,Mixed or Multiple ethnic groups: White and Asian,-8,Does not apply,70
E05013762,St Helier West,9,Mixed or Multiple ethnic groups: White and Asian,1,L1 and L2: Large employers and higher managerial and administrative occupations,1
E05013762,St Helier West,9,Mixed or Multiple ethnic groups: White and Asian,2,L3: Higher professional occupations,3
E05013762,St Helier West,9,Mixed or Multiple ethnic groups: White and Asian,3,"L4, L5 and L6: Lower managerial, administrative and professional occupations",13
E05013762,St Helier West,9,Mixed or Multiple ethnic groups: White and Asian,4,L7: Intermediate occupations,8
E05013762,St Helier West,9,Mixed or Multiple ethnic groups: White and Asian,5,L8 and L9: Small employers and own account workers,2
E05013762,St Helier West,9,Mixed or Multiple ethnic groups: White and Asian,6,L10 and L11: Lower supervisory and technical occupations,5
E05013762,St Helier West,9,Mixed or Multiple ethnic groups: White and Asian,7,L12: Semi-routine occupations,4
E05013762,St Helier West,9,Mixed or Multiple ethnic groups: White and Asian,8,L13: Routine occupations,4
E05013762,St Helier West,9,Mixed or Multiple ethnic groups: White and Asian,9,L14.1: Never worked,2
E05013762,St Helier West,9,Mixed or Multiple ethnic groups: White and Asian,10,L14.2: Long-term unemployed,1
E05013762,St Helier West,9,Mixed or Multiple ethnic groups: White and Asian,11,L15: Full-time students,12
E05013762,St Helier West,10,Mixed or Multiple ethnic groups: White and Black African,-8,Does not apply,45
E05013762,St Helier West,10,Mixed or Multiple ethnic groups: White and Black African,1,L1 and L2: Large employers and higher managerial and administrative occupations,4
E05013762,St Helier West,10,Mixed or Multiple ethnic groups: White and Black African,2,L3: Higher professional occupations,1
E05013762,St Helier West,10,Mixed or Multiple ethnic groups: White and Black African,3,"L4, L5 and L6: Lower managerial, administrative and professional occupations",4
E05013762,St Helier West,10,Mixed or Multiple ethnic groups: White and Black African,4,L7: Intermediate occupations,7
E05013762,St Helier West,10,Mixed or Multiple ethnic groups: White and Black African,5,L8 and L9: Small employers and own account workers,2
E05013762,St Helier West,10,Mixed or Multiple ethnic groups: White and Black African,6,L10 and L11: Lower supervisory and technical occupations,2
E05013762,St Helier West,10,Mixed or Multiple ethnic groups: White and Black African,7,L12: Semi-routine occupations,1
E05013762,St Helier West,10,Mixed or Multiple ethnic groups: White and Black African,8,L13: Routine occupations,3
E05013762,St Helier West,10,Mixed or Multiple ethnic groups: White and Black African,9,L14.1: Never worked,0
E05013762,St Helier West,10,Mixed or Multiple ethnic groups: White and Black African,10,L14.2: Long-term unemployed,0
E05013762,St Helier West,10,Mixed or Multiple ethnic groups: White and Black African,11,L15: Full-time students,5
E05013762,St Helier West,11,Mixed or Multiple ethnic groups: White and Black Caribbean,-8,Does not apply,98
E05013762,St Helier West,11,Mixed or Multiple ethnic groups: White and Black Caribbean,1,L1 and L2: Large employers and higher managerial and administrative occupations,0
E05013762,St Helier West,11,Mixed or Multiple ethnic groups: White and Black Caribbean,2,L3: Higher professional occupations,5
E05013762,St Helier West,11,Mixed or Multiple ethnic groups: White and Black Caribbean,3,"L4, L5 and L6: Lower managerial, administrative and professional occupations",20
E05013762,St Helier West,11,Mixed or Multiple ethnic groups: White and Black Caribbean,4,L7: Intermediate occupations,16
E05013762,St Helier West,11,Mixed or Multiple ethnic groups: White and Black Caribbean,5,L8 and L9: Small employers and own account workers,11
E05013762,St Helier West,11,Mixed or Multiple ethnic groups: White and Black Caribbean,6,L10 and L11: Lower supervisory and technical occupations,7
E05013762,St Helier West,11,Mixed or Multiple ethnic groups: White and Black Caribbean,7,L12: Semi-routine occupations,9
E05013762,St Helier West,11,Mixed or Multiple ethnic groups: White and Black Caribbean,8,L13: Routine occupations,16
E05013762,St Helier West,11,Mixed or Multiple ethnic groups: White and Black Caribbean,9,L14.1: Never worked,10
E05013762,St Helier West,11,Mixed or Multiple ethnic groups: White and Black Caribbean,10,L14.2: Long-term unemployed,3
E05013762,St Helier West,11,Mixed or Multiple ethnic groups: White and Black Caribbean,11,L15: Full-time students,22
E05013762,St Helier West,12,Mixed or Multiple ethnic groups: Other Mixed or Multiple ethnic groups,-8,Does not apply,56
E05013762,St Helier West,12,Mixed or Multiple ethnic groups: Other Mixed or Multiple ethnic groups,1,L1 and L2: Large employers and higher managerial and administrative occupations,4
E05013762,St Helier West,12,Mixed or Multiple ethnic groups: Other Mixed or Multiple ethnic groups,2,L3: Higher professional occupations,4
E05013762,St Helier West,12,Mixed or Multiple ethnic groups: Other Mixed or Multiple ethnic groups,3,"L4, L5 and L6: Lower managerial, administrative and professional occupations",21
E05013762,St Helier West,12,Mixed or Multiple ethnic groups: Other Mixed or Multiple ethnic groups,4,L7: Intermediate occupations,11
E05013762,St Helier West,12,Mixed or Multiple ethnic groups: Other Mixed or Multiple ethnic groups,5,L8 and L9: Small employers and own account workers,11
E05013762,St Helier West,12,Mixed or Multiple ethnic groups: Other Mixed or Multiple ethnic groups,6,L10 and L11: Lower supervisory and technical occupations,5
E05013762,St Helier West,12,Mixed or Multiple ethnic groups: Other Mixed or Multiple ethnic groups,7,L12: Semi-routine occupations,8
E05013762,St Helier West,12,Mixed or Multiple ethnic groups: Other Mixed or Multiple ethnic groups,8,L13: Routine occupations,3
E05013762,St Helier West,12,Mixed or Multiple ethnic groups: Other Mixed or Multiple ethnic groups,9,L14.1: Never worked,14
E05013762,St Helier West,12,Mixed or Multiple ethnic groups: Other Mixed or Multiple ethnic groups,10,L14.2: Long-term unemployed,3
E05013762,St Helier West,12,Mixed or Multiple ethnic groups: Other Mixed or Multiple ethnic groups,11,L15: Full-time students,15
E05013762,St Helier West,13,"White: English, Welsh, Scottish, Northern Irish or British",-8,Does not apply,1274
E05013762,St Helier West,13,"White: English, Welsh, Scottish, Northern Irish or British",1,L1 and L2: Large employers and higher managerial and administrative occupations,118
E05013762,St Helier West,13,"White: English, Welsh, Scottish, Northern Irish or British",2,L3: Higher professional occupations,210
E05013762,St Helier West,13,"White: English, Welsh, Scottish, Northern Irish or British",3,"L4, L5 and L6: Lower managerial, administrative and professional occupations",836
E05013762,St Helier West,13,"White: English, Welsh, Scottish, Northern Irish or British",4,L7: Intermediate occupations,785
E05013762,St Helier West,13,"White: English, Welsh, Scottish, Northern Irish or British",5,L8 and L9: Small employers and own account workers,531
E05013762,St Helier West,13,"White: English, Welsh, Scottish, Northern Irish or British",6,L10 and L11: Lower supervisory and technical occupations,375
E05013762,St Helier West,13,"White: English, Welsh, Scottish, Northern Irish or British",7,L12: Semi-routine occupations,803
E05013762,St Helier West,13,"White: English, Welsh, Scottish, Northern Irish or British",8,L13: Routine occupations,762
E05013762,St Helier West,13,"White: English, Welsh, Scottish, Northern Irish or British",9,L14.1: Never worked,542
E05013762,St Helier West,13,"White: English, Welsh, Scottish, Northern Irish or British",10,L14.2: Long-term unemployed,63
E05013762,St Helier West,13,"White: English, Welsh, Scottish, Northern Irish or British",11,L15: Full-time students,309
E05013762,St Helier West,14,White: Irish,-8,Does not apply,5
E05013762,St Helier West,14,White: Irish,1,L1 and L2: Large employers and higher managerial and administrative occupations,4
E05013762,St Helier West,14,White: Irish,2,L3: Higher professional occupations,8
E05013762,St Helier West,14,White: Irish,3,"L4, L5 and L6: Lower managerial, administrative and professional occupations",21
E05013762,St Helier West,14,White: Irish,4,L7: Intermediate occupations,7
E05013762,St Helier West,14,White: Irish,5,L8 and L9: Small employers and own account workers,18
E05013762,St Helier West,14,White: Irish,6,L10 and L11: Lower supervisory and technical occupations,3
E05013762,St Helier West,14,White: Irish,7,L12: Semi-routine occupations,11
E05013762,St Helier West,14,White: Irish,8,L13: Routine occupations,18
E05013762,St Helier West,14,White: Irish,9,L14.1: Never worked,13
E05013762,St Helier West,14,White: Irish,10,L14.2: Long-term unemployed,1
E05013762,St Helier West,14,White: Irish,11,L15: Full-time students,2
E05013762,St Helier West,15,White: Gypsy or Irish Traveller,-8,Does not apply,9
E05013762,St Helier West,15,White: Gypsy or Irish Traveller,1,L1 and L2: Large employers and higher managerial and administrative occupations,0
E05013762,St Helier West,15,White: Gypsy or Irish Traveller,2,L3: Higher professional occupations,0
E05013762,St Helier West,15,White: Gypsy or Irish Traveller,3,"L4, L5 and L6: Lower managerial, administrative and professional occupations",0
E05013762,St Helier West,15,White: Gypsy or Irish Traveller,4,L7: Intermediate occupations,0
E05013762,St Helier West,15,White: Gypsy or Irish Traveller,5,L8 and L9: Small employers and own account workers,1
E05013762,St Helier West,15,White: Gypsy or Irish Traveller,6,L10 and L11: Lower supervisory and technical occupations,3
E05013762,St Helier West,15,White: Gypsy or Irish Traveller,7,L12: Semi-routine occupations,2
E05013762,St Helier West,15,White: Gypsy or Irish Traveller,8,L13: Routine occupations,1
E05013762,St Helier West,15,White: Gypsy or Irish Traveller,9,L14.1: Never worked,2
E05013762,St Helier West,15,White: Gypsy or Irish Traveller,10,L14.2: Long-term unemployed,0
E05013762,St Helier West,15,White: Gypsy or Irish Traveller,11,L15: Full-time students,0
E05013762,St Helier West,16,White: Roma,-8,Does not apply,3
E05013762,St Helier West,16,White: Roma,1,L1 and L2: Large employers and higher managerial and administrative occupations,0
E05013762,St Helier West,16,White: Roma,2,L3: Higher professional occupations,2
E05013762,St Helier West,16,White: Roma,3,"L4, L5 and L6: Lower managerial, administrative and professional occupations",3
E05013762,St Helier West,16,White: Roma,4,L7: Intermediate occupations,1
E05013762,St Helier West,16,White: Roma,5,L8 and L9: Small employers and own account workers,1
E05013762,St Helier West,16,White: Roma,6,L10 and L11: Lower supervisory and technical occupations,1
E05013762,St Helier West,16,White: Roma,7,L12: Semi-routine occupations,0
E05013762,St Helier West,16,White: Roma,8,L13: Routine occupations,2
E05013762,St Helier West,16,White: Roma,9,L14.1: Never worked,1
E05013762,St Helier West,16,White: Roma,10,L14.2: Long-term unemployed,0
E05013762,St Helier West,16,White: Roma,11,L15: Full-time students,1
E05013762,St Helier West,17,White: Other White,-8,Does not apply,222
E05013762,St Helier West,17,White: Other White,1,L1 and L2: Large employers and higher managerial and administrative occupations,33
E05013762,St Helier West,17,White: Other White,2,L3: Higher professional occupations,61
E05013762,St Helier West,17,White: Other White,3,"L4, L5 and L6: Lower managerial, administrative and professional occupations",167
E05013762,St Helier West,17,White: Other White,4,L7: Intermediate occupations,89
E05013762,St Helier West,17,White: Other White,5,L8 and L9: Small employers and own account workers,275
E05013762,St Helier West,17,White: Other White,6,L10 and L11: Lower supervisory and technical occupations,58
E05013762,St Helier West,17,White: Other White,7,L12: Semi-routine occupations,88
E05013762,St Helier West,17,White: Other White,8,L13: Routine occupations,98
E05013762,St Helier West,17,White: Other White,9,L14.1: Never worked,43
E05013762,St Helier West,17,White: Other White,10,L14.2: Long-term unemployed,11
E05013762,St Helier West,17,White: Other White,11,L15: Full-time students,66
E05013762,St Helier West,18,Other ethnic group: Arab,-8,Does not apply,15
E05013762,St Helier West,18,Other ethnic group: Arab,1,L1 and L2: Large employers and higher managerial and administrative occupations,1
E05013762,St Helier West,18,Other ethnic group: Arab,2,L3: Higher professional occupations,3
E05013762,St Helier West,18,Other ethnic group: Arab,3,"L4, L5 and L6: Lower managerial, administrative and professional occupations",5
E05013762,St Helier West,18,Other ethnic group: Arab,4,L7: Intermediate occupations,3
E05013762,St Helier West,18,Other ethnic group: Arab,5,L8 and L9: Small employers and own account workers,3
E05013762,St Helier West,18,Other ethnic group: Arab,6,L10 and L11: Lower supervisory and technical occupations,2
E05013762,St Helier West,18,Other ethnic group: Arab,7,L12: Semi-routine occupations,5
E05013762,St Helier West,18,Other ethnic group: Arab,8,L13: Routine occupations,4
E05013762,St Helier West,18,Other ethnic group: Arab,9,L14.1: Never worked,12
E05013762,St Helier West,18,Other ethnic group: Arab,10,L14.2: Long-term unemployed,0
E05013762,St Helier West,18,Other ethnic group: Arab,11,L15: Full-time students,6
E05013762,St Helier West,19,Other ethnic group: Any other ethnic group,-8,Does not apply,108
E05013762,St Helier West,19,Other ethnic group: Any other ethnic group,1,L1 and L2: Large employers and higher managerial and administrative occupations,6
E05013762,St Helier West,19,Other ethnic group: Any other ethnic group,2,L3: Higher professional occupations,19
E05013762,St Helier West,19,Other ethnic group: Any other ethnic group,3,"L4, L5 and L6: Lower managerial, administrative and professional occupations",56
E05013762,St Helier West,19,Other ethnic group: Any other ethnic group,4,L7: Intermediate occupations,32
E05013762,St Helier West,19,Other ethnic group: Any other ethnic group,5,L8 and L9: Small employers and own account workers,50
E05013762,St Helier West,19,Other ethnic group: Any other ethnic group,6,L10 and L11: Lower supervisory and technical occupations,10
E05013762,St Helier West,19,Other ethnic group: Any other ethnic group,7,L12: Semi-routine occupations,39
E05013762,St Helier West,19,Other ethnic group: Any other ethnic group,8,L13: Routine occupations,56
E05013762,St Helier West,19,Other ethnic group: Any other ethnic group,9,L14.1: Never worked,35
E05013762,St Helier West,19,Other ethnic group: Any other ethnic group,10,L14.2: Long-term unemployed,5
E05013762,St Helier West,19,Other ethnic group: Any other ethnic group,11,L15: Full-time students,42
E05013763,South Beddington & Roundshaw,-8,Does not apply,-8,Does not apply,0
E05013763,South Beddington & Roundshaw,-8,Does not apply,1,L1 and L2: Large employers and higher managerial and administrative occupations,0
E05013763,South Beddington & Roundshaw,-8,Does not apply,2,L3: Higher professional occupations,0
E05013763,South Beddington & Roundshaw,-8,Does not apply,3,"L4, L5 and L6: Lower managerial, administrative and professional occupations",0
E05013763,South Beddington & Roundshaw,-8,Does not apply,4,L7: Intermediate occupations,0
E05013763,South Beddington & Roundshaw,-8,Does not apply,5,L8 and L9: Small employers and own account workers,0
E05013763,South Beddington & Roundshaw,-8,Does not apply,6,L10 and L11: Lower supervisory and technical occupations,0
E05013763,South Beddington & Roundshaw,-8,Does not apply,7,L12: Semi-routine occupations,0
E05013763,South Beddington & Roundshaw,-8,Does not apply,8,L13: Routine occupations,0
E05013763,South Beddington & Roundshaw,-8,Does not apply,9,L14.1: Never worked,0
E05013763,South Beddington & Roundshaw,-8,Does not apply,10,L14.2: Long-term unemployed,0
E05013763,South Beddington & Roundshaw,-8,Does not apply,11,L15: Full-time students,0
E05013763,South Beddington & Roundshaw,1,"Asian, Asian British or Asian Welsh: Bangladeshi",-8,Does not apply,39
E05013763,South Beddington & Roundshaw,1,"Asian, Asian British or Asian Welsh: Bangladeshi",1,L1 and L2: Large employers and higher managerial and administrative occupations,2
E05013763,South Beddington & Roundshaw,1,"Asian, Asian British or Asian Welsh: Bangladeshi",2,L3: Higher professional occupations,10
E05013763,South Beddington & Roundshaw,1,"Asian, Asian British or Asian Welsh: Bangladeshi",3,"L4, L5 and L6: Lower managerial, administrative and professional occupations",21
E05013763,South Beddington & Roundshaw,1,"Asian, Asian British or Asian Welsh: Bangladeshi",4,L7: Intermediate occupations,13
E05013763,South Beddington & Roundshaw,1,"Asian, Asian British or Asian Welsh: Bangladeshi",5,L8 and L9: Small employers and own account workers,26
E05013763,South Beddington & Roundshaw,1,"Asian, Asian British or Asian Welsh: Bangladeshi",6,L10 and L11: Lower supervisory and technical occupations,4
E05013763,South Beddington & Roundshaw,1,"Asian, Asian British or Asian Welsh: Bangladeshi",7,L12: Semi-routine occupations,7
E05013763,South Beddington & Roundshaw,1,"Asian, Asian British or Asian Welsh: Bangladeshi",8,L13: Routine occupations,2
E05013763,South Beddington & Roundshaw,1,"Asian, Asian British or Asian Welsh: Bangladeshi",9,L14.1: Never worked,16
E05013763,South Beddington & Roundshaw,1,"Asian, Asian British or Asian Welsh: Bangladeshi",10,L14.2: Long-term unemployed,1
E05013763,South Beddington & Roundshaw,1,"Asian, Asian British or Asian Welsh: Bangladeshi",11,L15: Full-time students,17
E05013763,South Beddington & Roundshaw,2,"Asian, Asian British or Asian Welsh: Chinese",-8,Does not apply,25
E05013763,South Beddington & Roundshaw,2,"Asian, Asian British or Asian Welsh: Chinese",1,L1 and L2: Large employers and higher managerial and administrative occupations,2
E05013763,South Beddington & Roundshaw,2,"Asian, Asian British or Asian Welsh: Chinese",2,L3: Higher professional occupations,22
E05013763,South Beddington & Roundshaw,2,"Asian, Asian British or Asian Welsh: Chinese",3,"L4, L5 and L6: Lower managerial, administrative and professional occupations",20
E05013763,South Beddington & Roundshaw,2,"Asian, Asian British or Asian Welsh: Chinese",4,L7: Intermediate occupations,9
E05013763,South Beddington & Roundshaw,2,"Asian, Asian British or Asian Welsh: Chinese",5,L8 and L9: Small employers and own account workers,11
E05013763,South Beddington & Roundshaw,2,"Asian, Asian British or Asian Welsh: Chinese",6,L10 and L11: Lower supervisory and technical occupations,8
E05013763,South Beddington & Roundshaw,2,"Asian, Asian British or Asian Welsh: Chinese",7,L12: Semi-routine occupations,9
E05013763,South Beddington & Roundshaw,2,"Asian, Asian British or Asian Welsh: Chinese",8,L13: Routine occupations,10
E05013763,South Beddington & Roundshaw,2,"Asian, Asian British or Asian Welsh: Chinese",9,L14.1: Never worked,12
E05013763,South Beddington & Roundshaw,2,"Asian, Asian British or Asian Welsh: Chinese",10,L14.2: Long-term unemployed,1
E05013763,South Beddington & Roundshaw,2,"Asian, Asian British or Asian Welsh: Chinese",11,L15: Full-time students,4
E05013763,South Beddington & Roundshaw,3,"Asian, Asian British or Asian Welsh: Indian",-8,Does not apply,238
E05013763,South Beddington & Roundshaw,3,"Asian, Asian British or Asian Welsh: Indian",1,L1 and L2: Large employers and higher managerial and administrative occupations,52
E05013763,South Beddington & Roundshaw,3,"Asian, Asian British or Asian Welsh: Indian",2,L3: Higher professional occupations,202
E05013763,South Beddington & Roundshaw,3,"Asian, Asian British or Asian Welsh: Indian",3,"L4, L5 and L6: Lower managerial, administrative and professional occupations",186
E05013763,South Beddington & Roundshaw,3,"Asian, Asian British or Asian Welsh: Indian",4,L7: Intermediate occupations,93
E05013763,South Beddington & Roundshaw,3,"Asian, Asian British or Asian Welsh: Indian",5,L8 and L9: Small employers and own account workers,88
E05013763,South Beddington & Roundshaw,3,"Asian, Asian British or Asian Welsh: Indian",6,L10 and L11: Lower supervisory and technical occupations,16
E05013763,South Beddington & Roundshaw,3,"Asian, Asian British or Asian Welsh: Indian",7,L12: Semi-routine occupations,34
E05013763,South Beddington & Roundshaw,3,"Asian, Asian British or Asian Welsh: Indian",8,L13: Routine occupations,20
E05013763,South Beddington & Roundshaw,3,"Asian, Asian British or Asian Welsh: Indian",9,L14.1: Never worked,43
E05013763,South Beddington & Roundshaw,3,"Asian, Asian British or Asian Welsh: Indian",10,L14.2: Long-term unemployed,9
E05013763,South Beddington & Roundshaw,3,"Asian, Asian British or Asian Welsh: Indian",11,L15: Full-time students,57
E05013763,South Beddington & Roundshaw,4,"Asian, Asian British or Asian Welsh: Pakistani",-8,Does not apply,99
E05013763,South Beddington & Roundshaw,4,"Asian, Asian British or Asian Welsh: Pakistani",1,L1 and L2: Large employers and higher managerial and administrative occupations,20
E05013763,South Beddington & Roundshaw,4,"Asian, Asian British or Asian Welsh: Pakistani",2,L3: Higher professional occupations,56
E05013763,South Beddington & Roundshaw,4,"Asian, Asian British or Asian Welsh: Pakistani",3,"L4, L5 and L6: Lower managerial, administrative and professional occupations",52
E05013763,South Beddington & Roundshaw,4,"Asian, Asian British or Asian Welsh: Pakistani",4,L7: Intermediate occupations,18
E05013763,South Beddington & Roundshaw,4,"Asian, Asian British or Asian Welsh: Pakistani",5,L8 and L9: Small employers and own account workers,36
E05013763,South Beddington & Roundshaw,4,"Asian, Asian British or Asian Welsh: Pakistani",6,L10 and L11: Lower supervisory and technical occupations,2
E05013763,South Beddington & Roundshaw,4,"Asian, Asian British or Asian Welsh: Pakistani",7,L12: Semi-routine occupations,12
E05013763,South Beddington & Roundshaw,4,"Asian, Asian British or Asian Welsh: Pakistani",8,L13: Routine occupations,5
E05013763,South Beddington & Roundshaw,4,"Asian, Asian British or Asian Welsh: Pakistani",9,L14.1: Never worked,25
E05013763,South Beddington & Roundshaw,4,"Asian, Asian British or Asian Welsh: Pakistani",10,L14.2: Long-term unemployed,3
E05013763,South Beddington & Roundshaw,4,"Asian, Asian British or Asian Welsh: Pakistani",11,L15: Full-time students,25
E05013763,South Beddington & Roundshaw,5,"Asian, Asian British or Asian Welsh: Other Asian",-8,Does not apply,164
E05013763,South Beddington & Roundshaw,5,"Asian, Asian British or Asian Welsh: Other Asian",1,L1 and L2: Large employers and higher managerial and administrative occupations,16
E05013763,South Beddington & Roundshaw,5,"Asian, Asian British or Asian Welsh: Other Asian",2,L3: Higher professional occupations,81
E05013763,South Beddington & Roundshaw,5,"Asian, Asian British or Asian Welsh: Other Asian",3,"L4, L5 and L6: Lower managerial, administrative and professional occupations",102
E05013763,South Beddington & Roundshaw,5,"Asian, Asian British or Asian Welsh: Other Asian",4,L7: Intermediate occupations,66
E05013763,South Beddington & Roundshaw,5,"Asian, Asian British or Asian Welsh: Other Asian",5,L8 and L9: Small employers and own account workers,58
E05013763,South Beddington & Roundshaw,5,"Asian, Asian British or Asian Welsh: Other Asian",6,L10 and L11: Lower supervisory and technical occupations,21
E05013763,South Beddington & Roundshaw,5,"Asian, Asian British or Asian Welsh: Other Asian",7,L12: Semi-routine occupations,55
E05013763,South Beddington & Roundshaw,5,"Asian, Asian British or Asian Welsh: Other Asian",8,L13: Routine occupations,29
E05013763,South Beddington & Roundshaw,5,"Asian, Asian British or Asian Welsh: Other Asian",9,L14.1: Never worked,56
E05013763,South Beddington & Roundshaw,5,"Asian, Asian British or Asian Welsh: Other Asian",10,L14.2: Long-term unemployed,10
E05013763,South Beddington & Roundshaw,5,"Asian, Asian British or Asian Welsh: Other Asian",11,L15: Full-time students,68
E05013763,South Beddington & Roundshaw,6,"Black, Black British, Black Welsh, Caribbean or African: African",-8,Does not apply,142
E05013763,South Beddington & Roundshaw,6,"Black, Black British, Black Welsh, Caribbean or African: African",1,L1 and L2: Large employers and higher managerial and administrative occupations,17
E05013763,South Beddington & Roundshaw,6,"Black, Black British, Black Welsh, Caribbean or African: African",2,L3: Higher professional occupations,47
E05013763,South Beddington & Roundshaw,6,"Black, Black British, Black Welsh, Caribbean or African: African",3,"L4, L5 and L6: Lower managerial, administrative and professional occupations",108
E05013763,South Beddington & Roundshaw,6,"Black, Black British, Black Welsh, Caribbean or African: African",4,L7: Intermediate occupations,36
E05013763,South Beddington & Roundshaw,6,"Black, Black British, Black Welsh, Caribbean or African: African",5,L8 and L9: Small employers and own account workers,35
E05013763,South Beddington & Roundshaw,6,"Black, Black British, Black Welsh, Caribbean or African: African",6,L10 and L11: Lower supervisory and technical occupations,17
E05013763,South Beddington & Roundshaw,6,"Black, Black British, Black Welsh, Caribbean or African: African",7,L12: Semi-routine occupations,44
E05013763,South Beddington & Roundshaw,6,"Black, Black British, Black Welsh, Caribbean or African: African",8,L13: Routine occupations,45
E05013763,South Beddington & Roundshaw,6,"Black, Black British, Black Welsh, Caribbean or African: African",9,L14.1: Never worked,27
E05013763,South Beddington & Roundshaw,6,"Black, Black British, Black Welsh, Caribbean or African: African",10,L14.2: Long-term unemployed,6
E05013763,South Beddington & Roundshaw,6,"Black, Black British, Black Welsh, Caribbean or African: African",11,L15: Full-time students,97
E05013763,South Beddington & Roundshaw,7,"Black, Black British, Black Welsh, Caribbean or African: Caribbean",-8,Does not apply,43
E05013763,South Beddington & Roundshaw,7,"Black, Black British, Black Welsh, Caribbean or African: Caribbean",1,L1 and L2: Large employers and higher managerial and administrative occupations,4
E05013763,South Beddington & Roundshaw,7,"Black, Black British, Black Welsh, Caribbean or African: Caribbean",2,L3: Higher professional occupations,21
E05013763,South Beddington & Roundshaw,7,"Black, Black British, Black Welsh, Caribbean or African: Caribbean",3,"L4, L5 and L6: Lower managerial, administrative and professional occupations",46
E05013763,South Beddington & Roundshaw,7,"Black, Black British, Black Welsh, Caribbean or African: Caribbean",4,L7: Intermediate occupations,37
E05013763,South Beddington & Roundshaw,7,"Black, Black British, Black Welsh, Caribbean or African: Caribbean",5,L8 and L9: Small employers and own account workers,16
E05013763,South Beddington & Roundshaw,7,"Black, Black British, Black Welsh, Caribbean or African: Caribbean",6,L10 and L11: Lower supervisory and technical occupations,8
E05013763,South Beddington & Roundshaw,7,"Black, Black British, Black Welsh, Caribbean or African: Caribbean",7,L12: Semi-routine occupations,33
E05013763,South Beddington & Roundshaw,7,"Black, Black British, Black Welsh, Caribbean or African: Caribbean",8,L13: Routine occupations,27
E05013763,South Beddington & Roundshaw,7,"Black, Black British, Black Welsh, Caribbean or African: Caribbean",9,L14.1: Never worked,12
E05013763,South Beddington & Roundshaw,7,"Black, Black British, Black Welsh, Caribbean or African: Caribbean",10,L14.2: Long-term unemployed,3
E05013763,South Beddington & Roundshaw,7,"Black, Black British, Black Welsh, Caribbean or African: Caribbean",11,L15: Full-time students,19
E05013763,South Beddington & Roundshaw,8,"Black, Black British, Black Welsh, Caribbean or African: Other Black",-8,Does not apply,51
E05013763,South Beddington & Roundshaw,8,"Black, Black British, Black Welsh, Caribbean or African: Other Black",1,L1 and L2: Large employers and higher managerial and administrative occupations,1
E05013763,South Beddington & Roundshaw,8,"Black, Black British, Black Welsh, Caribbean or African: Other Black",2,L3: Higher professional occupations,5
E05013763,South Beddington & Roundshaw,8,"Black, Black British, Black Welsh, Caribbean or African: Other Black",3,"L4, L5 and L6: Lower managerial, administrative and professional occupations",18
E05013763,South Beddington & Roundshaw,8,"Black, Black British, Black Welsh, Caribbean or African: Other Black",4,L7: Intermediate occupations,16
E05013763,South Beddington & Roundshaw,8,"Black, Black British, Black Welsh, Caribbean or African: Other Black",5,L8 and L9: Small employers and own account workers,7
E05013763,South Beddington & Roundshaw,8,"Black, Black British, Black Welsh, Caribbean or African: Other Black",6,L10 and L11: Lower supervisory and technical occupations,2
E05013763,South Beddington & Roundshaw,8,"Black, Black British, Black Welsh, Caribbean or African: Other Black",7,L12: Semi-routine occupations,11
E05013763,South Beddington & Roundshaw,8,"Black, Black British, Black Welsh, Caribbean or African: Other Black",8,L13: Routine occupations,7
E05013763,South Beddington & Roundshaw,8,"Black, Black British, Black Welsh, Caribbean or African: Other Black",9,L14.1: Never worked,5
E05013763,South Beddington & Roundshaw,8,"Black, Black British, Black Welsh, Caribbean or African: Other Black",10,L14.2: Long-term unemployed,2
E05013763,South Beddington & Roundshaw,8,"Black, Black British, Black Welsh, Caribbean or African: Other Black",11,L15: Full-time students,15
E05013763,South Beddington & Roundshaw,9,Mixed or Multiple ethnic groups: White and Asian,-8,Does not apply,58
E05013763,South Beddington & Roundshaw,9,Mixed or Multiple ethnic groups: White and Asian,1,L1 and L2: Large employers and higher managerial and administrative occupations,3
E05013763,South Beddington & Roundshaw,9,Mixed or Multiple ethnic groups: White and Asian,2,L3: Higher professional occupations,10
E05013763,South Beddington & Roundshaw,9,Mixed or Multiple ethnic groups: White and Asian,3,"L4, L5 and L6: Lower managerial, administrative and professional occupations",5
E05013763,South Beddington & Roundshaw,9,Mixed or Multiple ethnic groups: White and Asian,4,L7: Intermediate occupations,7
E05013763,South Beddington & Roundshaw,9,Mixed or Multiple ethnic groups: White and Asian,5,L8 and L9: Small employers and own account workers,4
E05013763,South Beddington & Roundshaw,9,Mixed or Multiple ethnic groups: White and Asian,6,L10 and L11: Lower supervisory and technical occupations,2
E05013763,South Beddington & Roundshaw,9,Mixed or Multiple ethnic groups: White and Asian,7,L12: Semi-routine occupations,9
E05013763,South Beddington & Roundshaw,9,Mixed or Multiple ethnic groups: White and Asian,8,L13: Routine occupations,2
E05013763,South Beddington & Roundshaw,9,Mixed or Multiple ethnic groups: White and Asian,9,L14.1: Never worked,2
E05013763,South Beddington & Roundshaw,9,Mixed or Multiple ethnic groups: White and Asian,10,L14.2: Long-term unemployed,1
E05013763,South Beddington & Roundshaw,9,Mixed or Multiple ethnic groups: White and Asian,11,L15: Full-time students,12
E05013763,South Beddington & Roundshaw,10,Mixed or Multiple ethnic groups: White and Black African,-8,Does not apply,32
E05013763,South Beddington & Roundshaw,10,Mixed or Multiple ethnic groups: White and Black African,1,L1 and L2: Large employers and higher managerial and administrative occupations,0
E05013763,South Beddington & Roundshaw,10,Mixed or Multiple ethnic groups: White and Black African,2,L3: Higher professional occupations,2
E05013763,South Beddington & Roundshaw,10,Mixed or Multiple ethnic groups: White and Black African,3,"L4, L5 and L6: Lower managerial, administrative and professional occupations",6
E05013763,South Beddington & Roundshaw,10,Mixed or Multiple ethnic groups: White and Black African,4,L7: Intermediate occupations,1
E05013763,South Beddington & Roundshaw,10,Mixed or Multiple ethnic groups: White and Black African,5,L8 and L9: Small employers and own account workers,3
E05013763,South Beddington & Roundshaw,10,Mixed or Multiple ethnic groups: White and Black African,6,L10 and L11: Lower supervisory and technical occupations,2
E05013763,South Beddington & Roundshaw,10,Mixed or Multiple ethnic groups: White and Black African,7,L12: Semi-routine occupations,7
E05013763,South Beddington & Roundshaw,10,Mixed or Multiple ethnic groups: White and Black African,8,L13: Routine occupations,8
E05013763,South Beddington & Roundshaw,10,Mixed or Multiple ethnic groups: White and Black African,9,L14.1: Never worked,8
E05013763,South Beddington & Roundshaw,10,Mixed or Multiple ethnic groups: White and Black African,10,L14.2: Long-term unemployed,0
E05013763,South Beddington & Roundshaw,10,Mixed or Multiple ethnic groups: White and Black African,11,L15: Full-time students,9
E05013763,South Beddington & Roundshaw,11,Mixed or Multiple ethnic groups: White and Black Caribbean,-8,Does not apply,98
E05013763,South Beddington & Roundshaw,11,Mixed or Multiple ethnic groups: White and Black Caribbean,1,L1 and L2: Large employers and higher managerial and administrative occupations,1
E05013763,South Beddington & Roundshaw,11,Mixed or Multiple ethnic groups: White and Black Caribbean,2,L3: Higher professional occupations,3
E05013763,South Beddington & Roundshaw,11,Mixed or Multiple ethnic groups: White and Black Caribbean,3,"L4, L5 and L6: Lower managerial, administrative and professional occupations",16
E05013763,South Beddington & Roundshaw,11,Mixed or Multiple ethnic groups: White and Black Caribbean,4,L7: Intermediate occupations,14
E05013763,South Beddington & Roundshaw,11,Mixed or Multiple ethnic groups: White and Black Caribbean,5,L8 and L9: Small employers and own account workers,12
E05013763,South Beddington & Roundshaw,11,Mixed or Multiple ethnic groups: White and Black Caribbean,6,L10 and L11: Lower supervisory and technical occupations,6
E05013763,South Beddington & Roundshaw,11,Mixed or Multiple ethnic groups: White and Black Caribbean,7,L12: Semi-routine occupations,12
E05013763,South Beddington & Roundshaw,11,Mixed or Multiple ethnic groups: White and Black Caribbean,8,L13: Routine occupations,8
E05013763,South Beddington & Roundshaw,11,Mixed or Multiple ethnic groups: White and Black Caribbean,9,L14.1: Never worked,3
E05013763,South Beddington & Roundshaw,11,Mixed or Multiple ethnic groups: White and Black Caribbean,10,L14.2: Long-term unemployed,1
E05013763,South Beddington & Roundshaw,11,Mixed or Multiple ethnic groups: White and Black Caribbean,11,L15: Full-time students,23
E05013763,South Beddington & Roundshaw,12,Mixed or Multiple ethnic groups: Other Mixed or Multiple ethnic groups,-8,Does not apply,69
E05013763,South Beddington & Roundshaw,12,Mixed or Multiple ethnic groups: Other Mixed or Multiple ethnic groups,1,L1 and L2: Large employers and higher managerial and administrative occupations,2
E05013763,South Beddington & Roundshaw,12,Mixed or Multiple ethnic groups: Other Mixed or Multiple ethnic groups,2,L3: Higher professional occupations,5
E05013763,South Beddington & Roundshaw,12,Mixed or Multiple ethnic groups: Other Mixed or Multiple ethnic groups,3,"L4, L5 and L6: Lower managerial, administrative and professional occupations",14
E05013763,South Beddington & Roundshaw,12,Mixed or Multiple ethnic groups: Other Mixed or Multiple ethnic groups,4,L7: Intermediate occupations,10
E05013763,South Beddington & Roundshaw,12,Mixed or Multiple ethnic groups: Other Mixed or Multiple ethnic groups,5,L8 and L9: Small employers and own account workers,12
E05013763,South Beddington & Roundshaw,12,Mixed or Multiple ethnic groups: Other Mixed or Multiple ethnic groups,6,L10 and L11: Lower supervisory and technical occupations,3
E05013763,South Beddington & Roundshaw,12,Mixed or Multiple ethnic groups: Other Mixed or Multiple ethnic groups,7,L12: Semi-routine occupations,5
E05013763,South Beddington & Roundshaw,12,Mixed or Multiple ethnic groups: Other Mixed or Multiple ethnic groups,8,L13: Routine occupations,6
E05013763,South Beddington & Roundshaw,12,Mixed or Multiple ethnic groups: Other Mixed or Multiple ethnic groups,9,L14.1: Never worked,1
E05013763,South Beddington & Roundshaw,12,Mixed or Multiple ethnic groups: Other Mixed or Multiple ethnic groups,10,L14.2: Long-term unemployed,1
E05013763,South Beddington & Roundshaw,12,Mixed or Multiple ethnic groups: Other Mixed or Multiple ethnic groups,11,L15: Full-time students,12
E05013763,South Beddington & Roundshaw,13,"White: English, Welsh, Scottish, Northern Irish or British",-8,Does not apply,1028
E05013763,South Beddington & Roundshaw,13,"White: English, Welsh, Scottish, Northern Irish or British",1,L1 and L2: Large employers and higher managerial and administrative occupations,224
E05013763,South Beddington & Roundshaw,13,"White: English, Welsh, Scottish, Northern Irish or British",2,L3: Higher professional occupations,329
E05013763,South Beddington & Roundshaw,13,"White: English, Welsh, Scottish, Northern Irish or British",3,"L4, L5 and L6: Lower managerial, administrative and professional occupations",903
E05013763,South Beddington & Roundshaw,13,"White: English, Welsh, Scottish, Northern Irish or British",4,L7: Intermediate occupations,689
E05013763,South Beddington & Roundshaw,13,"White: English, Welsh, Scottish, Northern Irish or British",5,L8 and L9: Small employers and own account workers,568
E05013763,South Beddington & Roundshaw,13,"White: English, Welsh, Scottish, Northern Irish or British",6,L10 and L11: Lower supervisory and technical occupations,245
E05013763,South Beddington & Roundshaw,13,"White: English, Welsh, Scottish, Northern Irish or British",7,L12: Semi-routine occupations,570
E05013763,South Beddington & Roundshaw,13,"White: English, Welsh, Scottish, Northern Irish or British",8,L13: Routine occupations,559
E05013763,South Beddington & Roundshaw,13,"White: English, Welsh, Scottish, Northern Irish or British",9,L14.1: Never worked,403
E05013763,South Beddington & Roundshaw,13,"White: English, Welsh, Scottish, Northern Irish or British",10,L14.2: Long-term unemployed,47
E05013763,South Beddington & Roundshaw,13,"White: English, Welsh, Scottish, Northern Irish or British",11,L15: Full-time students,241
E05013763,South Beddington & Roundshaw,14,White: Irish,-8,Does not apply,15
E05013763,South Beddington & Roundshaw,14,White: Irish,1,L1 and L2: Large employers and higher managerial and administrative occupations,6
E05013763,South Beddington & Roundshaw,14,White: Irish,2,L3: Higher professional occupations,10
E05013763,South Beddington & Roundshaw,14,White: Irish,3,"L4, L5 and L6: Lower managerial, administrative and professional occupations",34
E05013763,South Beddington & Roundshaw,14,White: Irish,4,L7: Intermediate occupations,14
E05013763,South Beddington & Roundshaw,14,White: Irish,5,L8 and L9: Small employers and own account workers,11
E05013763,South Beddington & Roundshaw,14,White: Irish,6,L10 and L11: Lower supervisory and technical occupations,4
E05013763,South Beddington & Roundshaw,14,White: Irish,7,L12: Semi-routine occupations,9
E05013763,South Beddington & Roundshaw,14,White: Irish,8,L13: Routine occupations,13
E05013763,South Beddington & Roundshaw,14,White: Irish,9,L14.1: Never worked,9
E05013763,South Beddington & Roundshaw,14,White: Irish,10,L14.2: Long-term unemployed,1
E05013763,South Beddington & Roundshaw,14,White: Irish,11,L15: Full-time students,4
E05013763,South Beddington & Roundshaw,15,White: Gypsy or Irish Traveller,-8,Does not apply,0
E05013763,South Beddington & Roundshaw,15,White: Gypsy or Irish Traveller,1,L1 and L2: Large employers and higher managerial and administrative occupations,0
E05013763,South Beddington & Roundshaw,15,White: Gypsy or Irish Traveller,2,L3: Higher professional occupations,0
E05013763,South Beddington & Roundshaw,15,White: Gypsy or Irish Traveller,3,"L4, L5 and L6: Lower managerial, administrative and professional occupations",0
E05013763,South Beddington & Roundshaw,15,White: Gypsy or Irish Traveller,4,L7: Intermediate occupations,0
E05013763,South Beddington & Roundshaw,15,White: Gypsy or Irish Traveller,5,L8 and L9: Small employers and own account workers,0
E05013763,South Beddington & Roundshaw,15,White: Gypsy or Irish Traveller,6,L10 and L11: Lower supervisory and technical occupations,0
E05013763,South Beddington & Roundshaw,15,White: Gypsy or Irish Traveller,7,L12: Semi-routine occupations,0
E05013763,South Beddington & Roundshaw,15,White: Gypsy or Irish Traveller,8,L13: Routine occupations,0
E05013763,South Beddington & Roundshaw,15,White: Gypsy or Irish Traveller,9,L14.1: Never worked,2
E05013763,South Beddington & Roundshaw,15,White: Gypsy or Irish Traveller,10,L14.2: Long-term unemployed,0
E05013763,South Beddington & Roundshaw,15,White: Gypsy or Irish Traveller,11,L15: Full-time students,0
E05013763,South Beddington & Roundshaw,16,White: Roma,-8,Does not apply,2
E05013763,South Beddington & Roundshaw,16,White: Roma,1,L1 and L2: Large employers and higher managerial and administrative occupations,0
E05013763,South Beddington & Roundshaw,16,White: Roma,2,L3: Higher professional occupations,0
E05013763,South Beddington & Roundshaw,16,White: Roma,3,"L4, L5 and L6: Lower managerial, administrative and professional occupations",2
E05013763,South Beddington & Roundshaw,16,White: Roma,4,L7: Intermediate occupations,0
E05013763,South Beddington & Roundshaw,16,White: Roma,5,L8 and L9: Small employers and own account workers,0
E05013763,South Beddington & Roundshaw,16,White: Roma,6,L10 and L11: Lower supervisory and technical occupations,1
E05013763,South Beddington & Roundshaw,16,White: Roma,7,L12: Semi-routine occupations,2
E05013763,South Beddington & Roundshaw,16,White: Roma,8,L13: Routine occupations,4
E05013763,South Beddington & Roundshaw,16,White: Roma,9,L14.1: Never worked,0
E05013763,South Beddington & Roundshaw,16,White: Roma,10,L14.2: Long-term unemployed,0
E05013763,South Beddington & Roundshaw,16,White: Roma,11,L15: Full-time students,0
E05013763,South Beddington & Roundshaw,17,White: Other White,-8,Does not apply,85
E05013763,South Beddington & Roundshaw,17,White: Other White,1,L1 and L2: Large employers and higher managerial and administrative occupations,16
E05013763,South Beddington & Roundshaw,17,White: Other White,2,L3: Higher professional occupations,45
E05013763,South Beddington & Roundshaw,17,White: Other White,3,"L4, L5 and L6: Lower managerial, administrative and professional occupations",111
E05013763,South Beddington & Roundshaw,17,White: Other White,4,L7: Intermediate occupations,45
E05013763,South Beddington & Roundshaw,17,White: Other White,5,L8 and L9: Small employers and own account workers,103
E05013763,South Beddington & Roundshaw,17,White: Other White,6,L10 and L11: Lower supervisory and technical occupations,20
E05013763,South Beddington & Roundshaw,17,White: Other White,7,L12: Semi-routine occupations,35
E05013763,South Beddington & Roundshaw,17,White: Other White,8,L13: Routine occupations,63
E05013763,South Beddington & Roundshaw,17,White: Other White,9,L14.1: Never worked,20
E05013763,South Beddington & Roundshaw,17,White: Other White,10,L14.2: Long-term unemployed,5
E05013763,South Beddington & Roundshaw,17,White: Other White,11,L15: Full-time students,22
E05013763,South Beddington & Roundshaw,18,Other ethnic group: Arab,-8,Does not apply,17
E05013763,South Beddington & Roundshaw,18,Other ethnic group: Arab,1,L1 and L2: Large employers and higher managerial and administrative occupations,3
E05013763,South Beddington & Roundshaw,18,Other ethnic group: Arab,2,L3: Higher professional occupations,10
E05013763,South Beddington & Roundshaw,18,Other ethnic group: Arab,3,"L4, L5 and L6: Lower managerial, administrative and professional occupations",5
E05013763,South Beddington & Roundshaw,18,Other ethnic group: Arab,4,L7: Intermediate occupations,1
E05013763,South Beddington & Roundshaw,18,Other ethnic group: Arab,5,L8 and L9: Small employers and own account workers,2
E05013763,South Beddington & Roundshaw,18,Other ethnic group: Arab,6,L10 and L11: Lower supervisory and technical occupations,3
E05013763,South Beddington & Roundshaw,18,Other ethnic group: Arab,7,L12: Semi-routine occupations,3
E05013763,South Beddington & Roundshaw,18,Other ethnic group: Arab,8,L13: Routine occupations,3
E05013763,South Beddington & Roundshaw,18,Other ethnic group: Arab,9,L14.1: Never worked,7
E05013763,South Beddington & Roundshaw,18,Other ethnic group: Arab,10,L14.2: Long-term unemployed,0
E05013763,South Beddington & Roundshaw,18,Other ethnic group: Arab,11,L15: Full-time students,13
E05013763,South Beddington & Roundshaw,19,Other ethnic group: Any other ethnic group,-8,Does not apply,78
E05013763,South Beddington & Roundshaw,19,Other ethnic group: Any other ethnic group,1,L1 and L2: Large employers and higher managerial and administrative occupations,8
E05013763,South Beddington & Roundshaw,19,Other ethnic group: Any other ethnic group,2,L3: Higher professional occupations,29
E05013763,South Beddington & Roundshaw,19,Other ethnic group: Any other ethnic group,3,"L4, L5 and L6: Lower managerial, administrative and professional occupations",53
E05013763,South Beddington & Roundshaw,19,Other ethnic group: Any other ethnic group,4,L7: Intermediate occupations,27
E05013763,South Beddington & Roundshaw,19,Other ethnic group: Any other ethnic group,5,L8 and L9: Small employers and own account workers,33
E05013763,South Beddington & Roundshaw,19,Other ethnic group: Any other ethnic group,6,L10 and L11: Lower supervisory and technical occupations,12
E05013763,South Beddington & Roundshaw,19,Other ethnic group: Any other ethnic group,7,L12: Semi-routine occupations,18
E05013763,South Beddington & Roundshaw,19,Other ethnic group: Any other ethnic group,8,L13: Routine occupations,18
E05013763,South Beddington & Roundshaw,19,Other ethnic group: Any other ethnic group,9,L14.1: Never worked,34
E05013763,South Beddington & Roundshaw,19,Other ethnic group: Any other ethnic group,10,L14.2: Long-term unemployed,4
E05013763,South Beddington & Roundshaw,19,Other ethnic group: Any other ethnic group,11,L15: Full-time students,44
E05013764,Stonecot,-8,Does not apply,-8,Does not apply,0
E05013764,Stonecot,-8,Does not apply,1,L1 and L2: Large employers and higher managerial and administrative occupations,0
E05013764,Stonecot,-8,Does not apply,2,L3: Higher professional occupations,0
E05013764,Stonecot,-8,Does not apply,3,"L4, L5 and L6: Lower managerial, administrative and professional occupations",0
E05013764,Stonecot,-8,Does not apply,4,L7: Intermediate occupations,0
E05013764,Stonecot,-8,Does not apply,5,L8 and L9: Small employers and own account workers,0
E05013764,Stonecot,-8,Does not apply,6,L10 and L11: Lower supervisory and technical occupations,0
E05013764,Stonecot,-8,Does not apply,7,L12: Semi-routine occupations,0
E05013764,Stonecot,-8,Does not apply,8,L13: Routine occupations,0
E05013764,Stonecot,-8,Does not apply,9,L14.1: Never worked,0
E05013764,Stonecot,-8,Does not apply,10,L14.2: Long-term unemployed,0
E05013764,Stonecot,-8,Does not apply,11,L15: Full-time students,0
E05013764,Stonecot,1,"Asian, Asian British or Asian Welsh: Bangladeshi",-8,Does not apply,9
E05013764,Stonecot,1,"Asian, Asian British or Asian Welsh: Bangladeshi",1,L1 and L2: Large employers and higher managerial and administrative occupations,2
E05013764,Stonecot,1,"Asian, Asian British or Asian Welsh: Bangladeshi",2,L3: Higher professional occupations,5
E05013764,Stonecot,1,"Asian, Asian British or Asian Welsh: Bangladeshi",3,"L4, L5 and L6: Lower managerial, administrative and professional occupations",4
E05013764,Stonecot,1,"Asian, Asian British or Asian Welsh: Bangladeshi",4,L7: Intermediate occupations,5
E05013764,Stonecot,1,"Asian, Asian British or Asian Welsh: Bangladeshi",5,L8 and L9: Small employers and own account workers,6
E05013764,Stonecot,1,"Asian, Asian British or Asian Welsh: Bangladeshi",6,L10 and L11: Lower supervisory and technical occupations,2
E05013764,Stonecot,1,"Asian, Asian British or Asian Welsh: Bangladeshi",7,L12: Semi-routine occupations,2
E05013764,Stonecot,1,"Asian, Asian British or Asian Welsh: Bangladeshi",8,L13: Routine occupations,1
E05013764,Stonecot,1,"Asian, Asian British or Asian Welsh: Bangladeshi",9,L14.1: Never worked,5
E05013764,Stonecot,1,"Asian, Asian British or Asian Welsh: Bangladeshi",10,L14.2: Long-term unemployed,1
E05013764,Stonecot,1,"Asian, Asian British or Asian Welsh: Bangladeshi",11,L15: Full-time students,3
E05013764,Stonecot,2,"Asian, Asian British or Asian Welsh: Chinese",-8,Does not apply,27
E05013764,Stonecot,2,"Asian, Asian British or Asian Welsh: Chinese",1,L1 and L2: Large employers and higher managerial and administrative occupations,7
E05013764,Stonecot,2,"Asian, Asian British or Asian Welsh: Chinese",2,L3: Higher professional occupations,24
E05013764,Stonecot,2,"Asian, Asian British or Asian Welsh: Chinese",3,"L4, L5 and L6: Lower managerial, administrative and professional occupations",21
E05013764,Stonecot,2,"Asian, Asian British or Asian Welsh: Chinese",4,L7: Intermediate occupations,5
E05013764,Stonecot,2,"Asian, Asian British or Asian Welsh: Chinese",5,L8 and L9: Small employers and own account workers,15
E05013764,Stonecot,2,"Asian, Asian British or Asian Welsh: Chinese",6,L10 and L11: Lower supervisory and technical occupations,9
E05013764,Stonecot,2,"Asian, Asian British or Asian Welsh: Chinese",7,L12: Semi-routine occupations,8
E05013764,Stonecot,2,"Asian, Asian British or Asian Welsh: Chinese",8,L13: Routine occupations,8
E05013764,Stonecot,2,"Asian, Asian British or Asian Welsh: Chinese",9,L14.1: Never worked,17
E05013764,Stonecot,2,"Asian, Asian British or Asian Welsh: Chinese",10,L14.2: Long-term unemployed,2
E05013764,Stonecot,2,"Asian, Asian British or Asian Welsh: Chinese",11,L15: Full-time students,6
E05013764,Stonecot,3,"Asian, Asian British or Asian Welsh: Indian",-8,Does not apply,136
E05013764,Stonecot,3,"Asian, Asian British or Asian Welsh: Indian",1,L1 and L2: Large employers and higher managerial and administrative occupations,17
E05013764,Stonecot,3,"Asian, Asian British or Asian Welsh: Indian",2,L3: Higher professional occupations,69
E05013764,Stonecot,3,"Asian, Asian British or Asian Welsh: Indian",3,"L4, L5 and L6: Lower managerial, administrative and professional occupations",77
E05013764,Stonecot,3,"Asian, Asian British or Asian Welsh: Indian",4,L7: Intermediate occupations,48
E05013764,Stonecot,3,"Asian, Asian British or Asian Welsh: Indian",5,L8 and L9: Small employers and own account workers,26
E05013764,Stonecot,3,"Asian, Asian British or Asian Welsh: Indian",6,L10 and L11: Lower supervisory and technical occupations,7
E05013764,Stonecot,3,"Asian, Asian British or Asian Welsh: Indian",7,L12: Semi-routine occupations,32
E05013764,Stonecot,3,"Asian, Asian British or Asian Welsh: Indian",8,L13: Routine occupations,15
E05013764,Stonecot,3,"Asian, Asian British or Asian Welsh: Indian",9,L14.1: Never worked,35
E05013764,Stonecot,3,"Asian, Asian British or Asian Welsh: Indian",10,L14.2: Long-term unemployed,1
E05013764,Stonecot,3,"Asian, Asian British or Asian Welsh: Indian",11,L15: Full-time students,21
E05013764,Stonecot,4,"Asian, Asian British or Asian Welsh: Pakistani",-8,Does not apply,112
E05013764,Stonecot,4,"Asian, Asian British or Asian Welsh: Pakistani",1,L1 and L2: Large employers and higher managerial and administrative occupations,16
E05013764,Stonecot,4,"Asian, Asian British or Asian Welsh: Pakistani",2,L3: Higher professional occupations,31
E05013764,Stonecot,4,"Asian, Asian British or Asian Welsh: Pakistani",3,"L4, L5 and L6: Lower managerial, administrative and professional occupations",41
E05013764,Stonecot,4,"Asian, Asian British or Asian Welsh: Pakistani",4,L7: Intermediate occupations,30
E05013764,Stonecot,4,"Asian, Asian British or Asian Welsh: Pakistani",5,L8 and L9: Small employers and own account workers,43
E05013764,Stonecot,4,"Asian, Asian British or Asian Welsh: Pakistani",6,L10 and L11: Lower supervisory and technical occupations,1
E05013764,Stonecot,4,"Asian, Asian British or Asian Welsh: Pakistani",7,L12: Semi-routine occupations,20
E05013764,Stonecot,4,"Asian, Asian British or Asian Welsh: Pakistani",8,L13: Routine occupations,11
E05013764,Stonecot,4,"Asian, Asian British or Asian Welsh: Pakistani",9,L14.1: Never worked,42
E05013764,Stonecot,4,"Asian, Asian British or Asian Welsh: Pakistani",10,L14.2: Long-term unemployed,1
E05013764,Stonecot,4,"Asian, Asian British or Asian Welsh: Pakistani",11,L15: Full-time students,39
E05013764,Stonecot,5,"Asian, Asian British or Asian Welsh: Other Asian",-8,Does not apply,140
E05013764,Stonecot,5,"Asian, Asian British or Asian Welsh: Other Asian",1,L1 and L2: Large employers and higher managerial and administrative occupations,16
E05013764,Stonecot,5,"Asian, Asian British or Asian Welsh: Other Asian",2,L3: Higher professional occupations,46
E05013764,Stonecot,5,"Asian, Asian British or Asian Welsh: Other Asian",3,"L4, L5 and L6: Lower managerial, administrative and professional occupations",111
E05013764,Stonecot,5,"Asian, Asian British or Asian Welsh: Other Asian",4,L7: Intermediate occupations,59
E05013764,Stonecot,5,"Asian, Asian British or Asian Welsh: Other Asian",5,L8 and L9: Small employers and own account workers,47
E05013764,Stonecot,5,"Asian, Asian British or Asian Welsh: Other Asian",6,L10 and L11: Lower supervisory and technical occupations,11
E05013764,Stonecot,5,"Asian, Asian British or Asian Welsh: Other Asian",7,L12: Semi-routine occupations,85
E05013764,Stonecot,5,"Asian, Asian British or Asian Welsh: Other Asian",8,L13: Routine occupations,32
E05013764,Stonecot,5,"Asian, Asian British or Asian Welsh: Other Asian",9,L14.1: Never worked,36
E05013764,Stonecot,5,"Asian, Asian British or Asian Welsh: Other Asian",10,L14.2: Long-term unemployed,6
E05013764,Stonecot,5,"Asian, Asian British or Asian Welsh: Other Asian",11,L15: Full-time students,61
E05013764,Stonecot,6,"Black, Black British, Black Welsh, Caribbean or African: African",-8,Does not apply,45
E05013764,Stonecot,6,"Black, Black British, Black Welsh, Caribbean or African: African",1,L1 and L2: Large employers and higher managerial and administrative occupations,7
E05013764,Stonecot,6,"Black, Black British, Black Welsh, Caribbean or African: African",2,L3: Higher professional occupations,17
E05013764,Stonecot,6,"Black, Black British, Black Welsh, Caribbean or African: African",3,"L4, L5 and L6: Lower managerial, administrative and professional occupations",49
E05013764,Stonecot,6,"Black, Black British, Black Welsh, Caribbean or African: African",4,L7: Intermediate occupations,21
E05013764,Stonecot,6,"Black, Black British, Black Welsh, Caribbean or African: African",5,L8 and L9: Small employers and own account workers,10
E05013764,Stonecot,6,"Black, Black British, Black Welsh, Caribbean or African: African",6,L10 and L11: Lower supervisory and technical occupations,2
E05013764,Stonecot,6,"Black, Black British, Black Welsh, Caribbean or African: African",7,L12: Semi-routine occupations,13
E05013764,Stonecot,6,"Black, Black British, Black Welsh, Caribbean or African: African",8,L13: Routine occupations,10
E05013764,Stonecot,6,"Black, Black British, Black Welsh, Caribbean or African: African",9,L14.1: Never worked,6
E05013764,Stonecot,6,"Black, Black British, Black Welsh, Caribbean or African: African",10,L14.2: Long-term unemployed,2
E05013764,Stonecot,6,"Black, Black British, Black Welsh, Caribbean or African: African",11,L15: Full-time students,24
E05013764,Stonecot,7,"Black, Black British, Black Welsh, Caribbean or African: Caribbean",-8,Does not apply,13
E05013764,Stonecot,7,"Black, Black British, Black Welsh, Caribbean or African: Caribbean",1,L1 and L2: Large employers and higher managerial and administrative occupations,3
E05013764,Stonecot,7,"Black, Black British, Black Welsh, Caribbean or African: Caribbean",2,L3: Higher professional occupations,10
E05013764,Stonecot,7,"Black, Black British, Black Welsh, Caribbean or African: Caribbean",3,"L4, L5 and L6: Lower managerial, administrative and professional occupations",30
E05013764,Stonecot,7,"Black, Black British, Black Welsh, Caribbean or African: Caribbean",4,L7: Intermediate occupations,19
E05013764,Stonecot,7,"Black, Black British, Black Welsh, Caribbean or African: Caribbean",5,L8 and L9: Small employers and own account workers,13
E05013764,Stonecot,7,"Black, Black British, Black Welsh, Caribbean or African: Caribbean",6,L10 and L11: Lower supervisory and technical occupations,6
E05013764,Stonecot,7,"Black, Black British, Black Welsh, Caribbean or African: Caribbean",7,L12: Semi-routine occupations,15
E05013764,Stonecot,7,"Black, Black British, Black Welsh, Caribbean or African: Caribbean",8,L13: Routine occupations,6
E05013764,Stonecot,7,"Black, Black British, Black Welsh, Caribbean or African: Caribbean",9,L14.1: Never worked,10
E05013764,Stonecot,7,"Black, Black British, Black Welsh, Caribbean or African: Caribbean",10,L14.2: Long-term unemployed,0
E05013764,Stonecot,7,"Black, Black British, Black Welsh, Caribbean or African: Caribbean",11,L15: Full-time students,7
E05013764,Stonecot,8,"Black, Black British, Black Welsh, Caribbean or African: Other Black",-8,Does not apply,15
E05013764,Stonecot,8,"Black, Black British, Black Welsh, Caribbean or African: Other Black",1,L1 and L2: Large employers and higher managerial and administrative occupations,1
E05013764,Stonecot,8,"Black, Black British, Black Welsh, Caribbean or African: Other Black",2,L3: Higher professional occupations,2
E05013764,Stonecot,8,"Black, Black British, Black Welsh, Caribbean or African: Other Black",3,"L4, L5 and L6: Lower managerial, administrative and professional occupations",5
E05013764,Stonecot,8,"Black, Black British, Black Welsh, Caribbean or African: Other Black",4,L7: Intermediate occupations,3
E05013764,Stonecot,8,"Black, Black British, Black Welsh, Caribbean or African: Other Black",5,L8 and L9: Small employers and own account workers,3
E05013764,Stonecot,8,"Black, Black British, Black Welsh, Caribbean or African: Other Black",6,L10 and L11: Lower supervisory and technical occupations,2
E05013764,Stonecot,8,"Black, Black British, Black Welsh, Caribbean or African: Other Black",7,L12: Semi-routine occupations,3
E05013764,Stonecot,8,"Black, Black British, Black Welsh, Caribbean or African: Other Black",8,L13: Routine occupations,2
E05013764,Stonecot,8,"Black, Black British, Black Welsh, Caribbean or African: Other Black",9,L14.1: Never worked,0
E05013764,Stonecot,8,"Black, Black British, Black Welsh, Caribbean or African: Other Black",10,L14.2: Long-term unemployed,1
E05013764,Stonecot,8,"Black, Black British, Black Welsh, Caribbean or African: Other Black",11,L15: Full-time students,4
E05013764,Stonecot,9,Mixed or Multiple ethnic groups: White and Asian,-8,Does not apply,47
E05013764,Stonecot,9,Mixed or Multiple ethnic groups: White and Asian,1,L1 and L2: Large employers and higher managerial and administrative occupations,2
E05013764,Stonecot,9,Mixed or Multiple ethnic groups: White and Asian,2,L3: Higher professional occupations,7
E05013764,Stonecot,9,Mixed or Multiple ethnic groups: White and Asian,3,"L4, L5 and L6: Lower managerial, administrative and professional occupations",8
E05013764,Stonecot,9,Mixed or Multiple ethnic groups: White and Asian,4,L7: Intermediate occupations,7
E05013764,Stonecot,9,Mixed or Multiple ethnic groups: White and Asian,5,L8 and L9: Small employers and own account workers,1
E05013764,Stonecot,9,Mixed or Multiple ethnic groups: White and Asian,6,L10 and L11: Lower supervisory and technical occupations,2
E05013764,Stonecot,9,Mixed or Multiple ethnic groups: White and Asian,7,L12: Semi-routine occupations,7
E05013764,Stonecot,9,Mixed or Multiple ethnic groups: White and Asian,8,L13: Routine occupations,1
E05013764,Stonecot,9,Mixed or Multiple ethnic groups: White and Asian,9,L14.1: Never worked,8
E05013764,Stonecot,9,Mixed or Multiple ethnic groups: White and Asian,10,L14.2: Long-term unemployed,3
E05013764,Stonecot,9,Mixed or Multiple ethnic groups: White and Asian,11,L15: Full-time students,6
E05013764,Stonecot,10,Mixed or Multiple ethnic groups: White and Black African,-8,Does not apply,14
E05013764,Stonecot,10,Mixed or Multiple ethnic groups: White and Black African,1,L1 and L2: Large employers and higher managerial and administrative occupations,1
E05013764,Stonecot,10,Mixed or Multiple ethnic groups: White and Black African,2,L3: Higher professional occupations,4
E05013764,Stonecot,10,Mixed or Multiple ethnic groups: White and Black African,3,"L4, L5 and L6: Lower managerial, administrative and professional occupations",5
E05013764,Stonecot,10,Mixed or Multiple ethnic groups: White and Black African,4,L7: Intermediate occupations,3
E05013764,Stonecot,10,Mixed or Multiple ethnic groups: White and Black African,5,L8 and L9: Small employers and own account workers,0
E05013764,Stonecot,10,Mixed or Multiple ethnic groups: White and Black African,6,L10 and L11: Lower supervisory and technical occupations,0
E05013764,Stonecot,10,Mixed or Multiple ethnic groups: White and Black African,7,L12: Semi-routine occupations,0
E05013764,Stonecot,10,Mixed or Multiple ethnic groups: White and Black African,8,L13: Routine occupations,0
E05013764,Stonecot,10,Mixed or Multiple ethnic groups: White and Black African,9,L14.1: Never worked,1
E05013764,Stonecot,10,Mixed or Multiple ethnic groups: White and Black African,10,L14.2: Long-term unemployed,0
E05013764,Stonecot,10,Mixed or Multiple ethnic groups: White and Black African,11,L15: Full-time students,7
E05013764,Stonecot,11,Mixed or Multiple ethnic groups: White and Black Caribbean,-8,Does not apply,40
E05013764,Stonecot,11,Mixed or Multiple ethnic groups: White and Black Caribbean,1,L1 and L2: Large employers and higher managerial and administrative occupations,3
E05013764,Stonecot,11,Mixed or Multiple ethnic groups: White and Black Caribbean,2,L3: Higher professional occupations,0
E05013764,Stonecot,11,Mixed or Multiple ethnic groups: White and Black Caribbean,3,"L4, L5 and L6: Lower managerial, administrative and professional occupations",14
E05013764,Stonecot,11,Mixed or Multiple ethnic groups: White and Black Caribbean,4,L7: Intermediate occupations,3
E05013764,Stonecot,11,Mixed or Multiple ethnic groups: White and Black Caribbean,5,L8 and L9: Small employers and own account workers,3
E05013764,Stonecot,11,Mixed or Multiple ethnic groups: White and Black Caribbean,6,L10 and L11: Lower supervisory and technical occupations,2
E05013764,Stonecot,11,Mixed or Multiple ethnic groups: White and Black Caribbean,7,L12: Semi-routine occupations,4
E05013764,Stonecot,11,Mixed or Multiple ethnic groups: White and Black Caribbean,8,L13: Routine occupations,3
E05013764,Stonecot,11,Mixed or Multiple ethnic groups: White and Black Caribbean,9,L14.1: Never worked,2
E05013764,Stonecot,11,Mixed or Multiple ethnic groups: White and Black Caribbean,10,L14.2: Long-term unemployed,0
E05013764,Stonecot,11,Mixed or Multiple ethnic groups: White and Black Caribbean,11,L15: Full-time students,5
E05013764,Stonecot,12,Mixed or Multiple ethnic groups: Other Mixed or Multiple ethnic groups,-8,Does not apply,55
E05013764,Stonecot,12,Mixed or Multiple ethnic groups: Other Mixed or Multiple ethnic groups,1,L1 and L2: Large employers and higher managerial and administrative occupations,2
E05013764,Stonecot,12,Mixed or Multiple ethnic groups: Other Mixed or Multiple ethnic groups,2,L3: Higher professional occupations,7
E05013764,Stonecot,12,Mixed or Multiple ethnic groups: Other Mixed or Multiple ethnic groups,3,"L4, L5 and L6: Lower managerial, administrative and professional occupations",14
E05013764,Stonecot,12,Mixed or Multiple ethnic groups: Other Mixed or Multiple ethnic groups,4,L7: Intermediate occupations,4
E05013764,Stonecot,12,Mixed or Multiple ethnic groups: Other Mixed or Multiple ethnic groups,5,L8 and L9: Small employers and own account workers,14
E05013764,Stonecot,12,Mixed or Multiple ethnic groups: Other Mixed or Multiple ethnic groups,6,L10 and L11: Lower supervisory and technical occupations,5
E05013764,Stonecot,12,Mixed or Multiple ethnic groups: Other Mixed or Multiple ethnic groups,7,L12: Semi-routine occupations,5
E05013764,Stonecot,12,Mixed or Multiple ethnic groups: Other Mixed or Multiple ethnic groups,8,L13: Routine occupations,2
E05013764,Stonecot,12,Mixed or Multiple ethnic groups: Other Mixed or Multiple ethnic groups,9,L14.1: Never worked,3
E05013764,Stonecot,12,Mixed or Multiple ethnic groups: Other Mixed or Multiple ethnic groups,10,L14.2: Long-term unemployed,3
E05013764,Stonecot,12,Mixed or Multiple ethnic groups: Other Mixed or Multiple ethnic groups,11,L15: Full-time students,5
E05013764,Stonecot,13,"White: English, Welsh, Scottish, Northern Irish or British",-8,Does not apply,771
E05013764,Stonecot,13,"White: English, Welsh, Scottish, Northern Irish or British",1,L1 and L2: Large employers and higher managerial and administrative occupations,123
E05013764,Stonecot,13,"White: English, Welsh, Scottish, Northern Irish or British",2,L3: Higher professional occupations,284
E05013764,Stonecot,13,"White: English, Welsh, Scottish, Northern Irish or British",3,"L4, L5 and L6: Lower managerial, administrative and professional occupations",803
E05013764,Stonecot,13,"White: English, Welsh, Scottish, Northern Irish or British",4,L7: Intermediate occupations,678
E05013764,Stonecot,13,"White: English, Welsh, Scottish, Northern Irish or British",5,L8 and L9: Small employers and own account workers,519
E05013764,Stonecot,13,"White: English, Welsh, Scottish, Northern Irish or British",6,L10 and L11: Lower supervisory and technical occupations,241
E05013764,Stonecot,13,"White: English, Welsh, Scottish, Northern Irish or British",7,L12: Semi-routine occupations,484
E05013764,Stonecot,13,"White: English, Welsh, Scottish, Northern Irish or British",8,L13: Routine occupations,385
E05013764,Stonecot,13,"White: English, Welsh, Scottish, Northern Irish or British",9,L14.1: Never worked,233
E05013764,Stonecot,13,"White: English, Welsh, Scottish, Northern Irish or British",10,L14.2: Long-term unemployed,33
E05013764,Stonecot,13,"White: English, Welsh, Scottish, Northern Irish or British",11,L15: Full-time students,202
E05013764,Stonecot,14,White: Irish,-8,Does not apply,9
E05013764,Stonecot,14,White: Irish,1,L1 and L2: Large employers and higher managerial and administrative occupations,7
E05013764,Stonecot,14,White: Irish,2,L3: Higher professional occupations,8
E05013764,Stonecot,14,White: Irish,3,"L4, L5 and L6: Lower managerial, administrative and professional occupations",37
E05013764,Stonecot,14,White: Irish,4,L7: Intermediate occupations,23
E05013764,Stonecot,14,White: Irish,5,L8 and L9: Small employers and own account workers,14
E05013764,Stonecot,14,White: Irish,6,L10 and L11: Lower supervisory and technical occupations,6
E05013764,Stonecot,14,White: Irish,7,L12: Semi-routine occupations,21
E05013764,Stonecot,14,White: Irish,8,L13: Routine occupations,13
E05013764,Stonecot,14,White: Irish,9,L14.1: Never worked,4
E05013764,Stonecot,14,White: Irish,10,L14.2: Long-term unemployed,1
E05013764,Stonecot,14,White: Irish,11,L15: Full-time students,3
E05013764,Stonecot,15,White: Gypsy or Irish Traveller,-8,Does not apply,0
E05013764,Stonecot,15,White: Gypsy or Irish Traveller,1,L1 and L2: Large employers and higher managerial and administrative occupations,0
E05013764,Stonecot,15,White: Gypsy or Irish Traveller,2,L3: Higher professional occupations,0
E05013764,Stonecot,15,White: Gypsy or Irish Traveller,3,"L4, L5 and L6: Lower managerial, administrative and professional occupations",0
E05013764,Stonecot,15,White: Gypsy or Irish Traveller,4,L7: Intermediate occupations,0
E05013764,Stonecot,15,White: Gypsy or Irish Traveller,5,L8 and L9: Small employers and own account workers,0
E05013764,Stonecot,15,White: Gypsy or Irish Traveller,6,L10 and L11: Lower supervisory and technical occupations,0
E05013764,Stonecot,15,White: Gypsy or Irish Traveller,7,L12: Semi-routine occupations,0
E05013764,Stonecot,15,White: Gypsy or Irish Traveller,8,L13: Routine occupations,0
E05013764,Stonecot,15,White: Gypsy or Irish Traveller,9,L14.1: Never worked,0
E05013764,Stonecot,15,White: Gypsy or Irish Traveller,10,L14.2: Long-term unemployed,0
E05013764,Stonecot,15,White: Gypsy or Irish Traveller,11,L15: Full-time students,0
E05013764,Stonecot,16,White: Roma,-8,Does not apply,3
E05013764,Stonecot,16,White: Roma,1,L1 and L2: Large employers and higher managerial and administrative occupations,0
E05013764,Stonecot,16,White: Roma,2,L3: Higher professional occupations,0
E05013764,Stonecot,16,White: Roma,3,"L4, L5 and L6: Lower managerial, administrative and professional occupations",0
E05013764,Stonecot,16,White: Roma,4,L7: Intermediate occupations,0
E05013764,Stonecot,16,White: Roma,5,L8 and L9: Small employers and own account workers,3
E05013764,Stonecot,16,White: Roma,6,L10 and L11: Lower supervisory and technical occupations,2
E05013764,Stonecot,16,White: Roma,7,L12: Semi-routine occupations,2
E05013764,Stonecot,16,White: Roma,8,L13: Routine occupations,1
E05013764,Stonecot,16,White: Roma,9,L14.1: Never worked,1
E05013764,Stonecot,16,White: Roma,10,L14.2: Long-term unemployed,0
E05013764,Stonecot,16,White: Roma,11,L15: Full-time students,1
E05013764,Stonecot,17,White: Other White,-8,Does not apply,90
E05013764,Stonecot,17,White: Other White,1,L1 and L2: Large employers and higher managerial and administrative occupations,14
E05013764,Stonecot,17,White: Other White,2,L3: Higher professional occupations,42
E05013764,Stonecot,17,White: Other White,3,"L4, L5 and L6: Lower managerial, administrative and professional occupations",101
E05013764,Stonecot,17,White: Other White,4,L7: Intermediate occupations,47
E05013764,Stonecot,17,White: Other White,5,L8 and L9: Small employers and own account workers,108
E05013764,Stonecot,17,White: Other White,6,L10 and L11: Lower supervisory and technical occupations,27
E05013764,Stonecot,17,White: Other White,7,L12: Semi-routine occupations,34
E05013764,Stonecot,17,White: Other White,8,L13: Routine occupations,58
E05013764,Stonecot,17,White: Other White,9,L14.1: Never worked,24
E05013764,Stonecot,17,White: Other White,10,L14.2: Long-term unemployed,4
E05013764,Stonecot,17,White: Other White,11,L15: Full-time students,32
E05013764,Stonecot,18,Other ethnic group: Arab,-8,Does not apply,25
E05013764,Stonecot,18,Other ethnic group: Arab,1,L1 and L2: Large employers and higher managerial and administrative occupations,4
E05013764,Stonecot,18,Other ethnic group: Arab,2,L3: Higher professional occupations,5
E05013764,Stonecot,18,Other ethnic group: Arab,3,"L4, L5 and L6: Lower managerial, administrative and professional occupations",9
E05013764,Stonecot,18,Other ethnic group: Arab,4,L7: Intermediate occupations,5
E05013764,Stonecot,18,Other ethnic group: Arab,5,L8 and L9: Small employers and own account workers,4
E05013764,Stonecot,18,Other ethnic group: Arab,6,L10 and L11: Lower supervisory and technical occupations,0
E05013764,Stonecot,18,Other ethnic group: Arab,7,L12: Semi-routine occupations,1
E05013764,Stonecot,18,Other ethnic group: Arab,8,L13: Routine occupations,1
E05013764,Stonecot,18,Other ethnic group: Arab,9,L14.1: Never worked,7
E05013764,Stonecot,18,Other ethnic group: Arab,10,L14.2: Long-term unemployed,0
E05013764,Stonecot,18,Other ethnic group: Arab,11,L15: Full-time students,5
E05013764,Stonecot,19,Other ethnic group: Any other ethnic group,-8,Does not apply,56
E05013764,Stonecot,19,Other ethnic group: Any other ethnic group,1,L1 and L2: Large employers and higher managerial and administrative occupations,4
E05013764,Stonecot,19,Other ethnic group: Any other ethnic group,2,L3: Higher professional occupations,23
E05013764,Stonecot,19,Other ethnic group: Any other ethnic group,3,"L4, L5 and L6: Lower managerial, administrative and professional occupations",32
E05013764,Stonecot,19,Other ethnic group: Any other ethnic group,4,L7: Intermediate occupations,24
E05013764,Stonecot,19,Other ethnic group: Any other ethnic group,5,L8 and L9: Small employers and own account workers,45
E05013764,Stonecot,19,Other ethnic group: Any other ethnic group,6,L10 and L11: Lower supervisory and technical occupations,5
E05013764,Stonecot,19,Other ethnic group: Any other ethnic group,7,L12: Semi-routine occupations,31
E05013764,Stonecot,19,Other ethnic group: Any other ethnic group,8,L13: Routine occupations,11
E05013764,Stonecot,19,Other ethnic group: Any other ethnic group,9,L14.1: Never worked,24
E05013764,Stonecot,19,Other ethnic group: Any other ethnic group,10,L14.2: Long-term unemployed,1
E05013764,Stonecot,19,Other ethnic group: Any other ethnic group,11,L15: Full-time students,25
E05013765,Sutton Central,-8,Does not apply,-8,Does not apply,0
E05013765,Sutton Central,-8,Does not apply,1,L1 and L2: Large employers and higher managerial and administrative occupations,0
E05013765,Sutton Central,-8,Does not apply,2,L3: Higher professional occupations,0
E05013765,Sutton Central,-8,Does not apply,3,"L4, L5 and L6: Lower managerial, administrative and professional occupations",0
E05013765,Sutton Central,-8,Does not apply,4,L7: Intermediate occupations,0
E05013765,Sutton Central,-8,Does not apply,5,L8 and L9: Small employers and own account workers,0
E05013765,Sutton Central,-8,Does not apply,6,L10 and L11: Lower supervisory and technical occupations,0
E05013765,Sutton Central,-8,Does not apply,7,L12: Semi-routine occupations,0
E05013765,Sutton Central,-8,Does not apply,8,L13: Routine occupations,0
E05013765,Sutton Central,-8,Does not apply,9,L14.1: Never worked,0
E05013765,Sutton Central,-8,Does not apply,10,L14.2: Long-term unemployed,0
E05013765,Sutton Central,-8,Does not apply,11,L15: Full-time students,0
E05013765,Sutton Central,1,"Asian, Asian British or Asian Welsh: Bangladeshi",-8,Does not apply,48
E05013765,Sutton Central,1,"Asian, Asian British or Asian Welsh: Bangladeshi",1,L1 and L2: Large employers and higher managerial and administrative occupations,1
E05013765,Sutton Central,1,"Asian, Asian British or Asian Welsh: Bangladeshi",2,L3: Higher professional occupations,18
E05013765,Sutton Central,1,"Asian, Asian British or Asian Welsh: Bangladeshi",3,"L4, L5 and L6: Lower managerial, administrative and professional occupations",23
E05013765,Sutton Central,1,"Asian, Asian British or Asian Welsh: Bangladeshi",4,L7: Intermediate occupations,15
E05013765,Sutton Central,1,"Asian, Asian British or Asian Welsh: Bangladeshi",5,L8 and L9: Small employers and own account workers,11
E05013765,Sutton Central,1,"Asian, Asian British or Asian Welsh: Bangladeshi",6,L10 and L11: Lower supervisory and technical occupations,3
E05013765,Sutton Central,1,"Asian, Asian British or Asian Welsh: Bangladeshi",7,L12: Semi-routine occupations,11
E05013765,Sutton Central,1,"Asian, Asian British or Asian Welsh: Bangladeshi",8,L13: Routine occupations,8
E05013765,Sutton Central,1,"Asian, Asian British or Asian Welsh: Bangladeshi",9,L14.1: Never worked,10
E05013765,Sutton Central,1,"Asian, Asian British or Asian Welsh: Bangladeshi",10,L14.2: Long-term unemployed,2
E05013765,Sutton Central,1,"Asian, Asian British or Asian Welsh: Bangladeshi",11,L15: Full-time students,14
E05013765,Sutton Central,2,"Asian, Asian British or Asian Welsh: Chinese",-8,Does not apply,105
E05013765,Sutton Central,2,"Asian, Asian British or Asian Welsh: Chinese",1,L1 and L2: Large employers and higher managerial and administrative occupations,23
E05013765,Sutton Central,2,"Asian, Asian British or Asian Welsh: Chinese",2,L3: Higher professional occupations,70
E05013765,Sutton Central,2,"Asian, Asian British or Asian Welsh: Chinese",3,"L4, L5 and L6: Lower managerial, administrative and professional occupations",72
E05013765,Sutton Central,2,"Asian, Asian British or Asian Welsh: Chinese",4,L7: Intermediate occupations,29
E05013765,Sutton Central,2,"Asian, Asian British or Asian Welsh: Chinese",5,L8 and L9: Small employers and own account workers,16
E05013765,Sutton Central,2,"Asian, Asian British or Asian Welsh: Chinese",6,L10 and L11: Lower supervisory and technical occupations,19
E05013765,Sutton Central,2,"Asian, Asian British or Asian Welsh: Chinese",7,L12: Semi-routine occupations,13
E05013765,Sutton Central,2,"Asian, Asian British or Asian Welsh: Chinese",8,L13: Routine occupations,19
E05013765,Sutton Central,2,"Asian, Asian British or Asian Welsh: Chinese",9,L14.1: Never worked,17
E05013765,Sutton Central,2,"Asian, Asian British or Asian Welsh: Chinese",10,L14.2: Long-term unemployed,6
E05013765,Sutton Central,2,"Asian, Asian British or Asian Welsh: Chinese",11,L15: Full-time students,33
E05013765,Sutton Central,3,"Asian, Asian British or Asian Welsh: Indian",-8,Does not apply,166
E05013765,Sutton Central,3,"Asian, Asian British or Asian Welsh: Indian",1,L1 and L2: Large employers and higher managerial and administrative occupations,27
E05013765,Sutton Central,3,"Asian, Asian British or Asian Welsh: Indian",2,L3: Higher professional occupations,137
E05013765,Sutton Central,3,"Asian, Asian British or Asian Welsh: Indian",3,"L4, L5 and L6: Lower managerial, administrative and professional occupations",108
E05013765,Sutton Central,3,"Asian, Asian British or Asian Welsh: Indian",4,L7: Intermediate occupations,48
E05013765,Sutton Central,3,"Asian, Asian British or Asian Welsh: Indian",5,L8 and L9: Small employers and own account workers,31
E05013765,Sutton Central,3,"Asian, Asian British or Asian Welsh: Indian",6,L10 and L11: Lower supervisory and technical occupations,7
E05013765,Sutton Central,3,"Asian, Asian British or Asian Welsh: Indian",7,L12: Semi-routine occupations,24
E05013765,Sutton Central,3,"Asian, Asian British or Asian Welsh: Indian",8,L13: Routine occupations,10
E05013765,Sutton Central,3,"Asian, Asian British or Asian Welsh: Indian",9,L14.1: Never worked,28
E05013765,Sutton Central,3,"Asian, Asian British or Asian Welsh: Indian",10,L14.2: Long-term unemployed,10
E05013765,Sutton Central,3,"Asian, Asian British or Asian Welsh: Indian",11,L15: Full-time students,21
E05013765,Sutton Central,4,"Asian, Asian British or Asian Welsh: Pakistani",-8,Does not apply,109
E05013765,Sutton Central,4,"Asian, Asian British or Asian Welsh: Pakistani",1,L1 and L2: Large employers and higher managerial and administrative occupations,9
E05013765,Sutton Central,4,"Asian, Asian British or Asian Welsh: Pakistani",2,L3: Higher professional occupations,33
E05013765,Sutton Central,4,"Asian, Asian British or Asian Welsh: Pakistani",3,"L4, L5 and L6: Lower managerial, administrative and professional occupations",30
E05013765,Sutton Central,4,"Asian, Asian British or Asian Welsh: Pakistani",4,L7: Intermediate occupations,21
E05013765,Sutton Central,4,"Asian, Asian British or Asian Welsh: Pakistani",5,L8 and L9: Small employers and own account workers,26
E05013765,Sutton Central,4,"Asian, Asian British or Asian Welsh: Pakistani",6,L10 and L11: Lower supervisory and technical occupations,5
E05013765,Sutton Central,4,"Asian, Asian British or Asian Welsh: Pakistani",7,L12: Semi-routine occupations,21
E05013765,Sutton Central,4,"Asian, Asian British or Asian Welsh: Pakistani",8,L13: Routine occupations,13
E05013765,Sutton Central,4,"Asian, Asian British or Asian Welsh: Pakistani",9,L14.1: Never worked,47
E05013765,Sutton Central,4,"Asian, Asian British or Asian Welsh: Pakistani",10,L14.2: Long-term unemployed,5
E05013765,Sutton Central,4,"Asian, Asian British or Asian Welsh: Pakistani",11,L15: Full-time students,19
E05013765,Sutton Central,5,"Asian, Asian British or Asian Welsh: Other Asian",-8,Does not apply,206
E05013765,Sutton Central,5,"Asian, Asian British or Asian Welsh: Other Asian",1,L1 and L2: Large employers and higher managerial and administrative occupations,12
E05013765,Sutton Central,5,"Asian, Asian British or Asian Welsh: Other Asian",2,L3: Higher professional occupations,60
E05013765,Sutton Central,5,"Asian, Asian British or Asian Welsh: Other Asian",3,"L4, L5 and L6: Lower managerial, administrative and professional occupations",135
E05013765,Sutton Central,5,"Asian, Asian British or Asian Welsh: Other Asian",4,L7: Intermediate occupations,70
E05013765,Sutton Central,5,"Asian, Asian British or Asian Welsh: Other Asian",5,L8 and L9: Small employers and own account workers,41
E05013765,Sutton Central,5,"Asian, Asian British or Asian Welsh: Other Asian",6,L10 and L11: Lower supervisory and technical occupations,32
E05013765,Sutton Central,5,"Asian, Asian British or Asian Welsh: Other Asian",7,L12: Semi-routine occupations,82
E05013765,Sutton Central,5,"Asian, Asian British or Asian Welsh: Other Asian",8,L13: Routine occupations,41
E05013765,Sutton Central,5,"Asian, Asian British or Asian Welsh: Other Asian",9,L14.1: Never worked,53
E05013765,Sutton Central,5,"Asian, Asian British or Asian Welsh: Other Asian",10,L14.2: Long-term unemployed,11
E05013765,Sutton Central,5,"Asian, Asian British or Asian Welsh: Other Asian",11,L15: Full-time students,55
E05013765,Sutton Central,6,"Black, Black British, Black Welsh, Caribbean or African: African",-8,Does not apply,151
E05013765,Sutton Central,6,"Black, Black British, Black Welsh, Caribbean or African: African",1,L1 and L2: Large employers and higher managerial and administrative occupations,20
E05013765,Sutton Central,6,"Black, Black British, Black Welsh, Caribbean or African: African",2,L3: Higher professional occupations,49
E05013765,Sutton Central,6,"Black, Black British, Black Welsh, Caribbean or African: African",3,"L4, L5 and L6: Lower managerial, administrative and professional occupations",95
E05013765,Sutton Central,6,"Black, Black British, Black Welsh, Caribbean or African: African",4,L7: Intermediate occupations,50
E05013765,Sutton Central,6,"Black, Black British, Black Welsh, Caribbean or African: African",5,L8 and L9: Small employers and own account workers,30
E05013765,Sutton Central,6,"Black, Black British, Black Welsh, Caribbean or African: African",6,L10 and L11: Lower supervisory and technical occupations,18
E05013765,Sutton Central,6,"Black, Black British, Black Welsh, Caribbean or African: African",7,L12: Semi-routine occupations,61
E05013765,Sutton Central,6,"Black, Black British, Black Welsh, Caribbean or African: African",8,L13: Routine occupations,50
E05013765,Sutton Central,6,"Black, Black British, Black Welsh, Caribbean or African: African",9,L14.1: Never worked,28
E05013765,Sutton Central,6,"Black, Black British, Black Welsh, Caribbean or African: African",10,L14.2: Long-term unemployed,7
E05013765,Sutton Central,6,"Black, Black British, Black Welsh, Caribbean or African: African",11,L15: Full-time students,65
E05013765,Sutton Central,7,"Black, Black British, Black Welsh, Caribbean or African: Caribbean",-8,Does not apply,52
E05013765,Sutton Central,7,"Black, Black British, Black Welsh, Caribbean or African: Caribbean",1,L1 and L2: Large employers and higher managerial and administrative occupations,6
E05013765,Sutton Central,7,"Black, Black British, Black Welsh, Caribbean or African: Caribbean",2,L3: Higher professional occupations,16
E05013765,Sutton Central,7,"Black, Black British, Black Welsh, Caribbean or African: Caribbean",3,"L4, L5 and L6: Lower managerial, administrative and professional occupations",49
E05013765,Sutton Central,7,"Black, Black British, Black Welsh, Caribbean or African: Caribbean",4,L7: Intermediate occupations,28
E05013765,Sutton Central,7,"Black, Black British, Black Welsh, Caribbean or African: Caribbean",5,L8 and L9: Small employers and own account workers,12
E05013765,Sutton Central,7,"Black, Black British, Black Welsh, Caribbean or African: Caribbean",6,L10 and L11: Lower supervisory and technical occupations,8
E05013765,Sutton Central,7,"Black, Black British, Black Welsh, Caribbean or African: Caribbean",7,L12: Semi-routine occupations,25
E05013765,Sutton Central,7,"Black, Black British, Black Welsh, Caribbean or African: Caribbean",8,L13: Routine occupations,9
E05013765,Sutton Central,7,"Black, Black British, Black Welsh, Caribbean or African: Caribbean",9,L14.1: Never worked,10
E05013765,Sutton Central,7,"Black, Black British, Black Welsh, Caribbean or African: Caribbean",10,L14.2: Long-term unemployed,8
E05013765,Sutton Central,7,"Black, Black British, Black Welsh, Caribbean or African: Caribbean",11,L15: Full-time students,15
E05013765,Sutton Central,8,"Black, Black British, Black Welsh, Caribbean or African: Other Black",-8,Does not apply,80
E05013765,Sutton Central,8,"Black, Black British, Black Welsh, Caribbean or African: Other Black",1,L1 and L2: Large employers and higher managerial and administrative occupations,2
E05013765,Sutton Central,8,"Black, Black British, Black Welsh, Caribbean or African: Other Black",2,L3: Higher professional occupations,7
E05013765,Sutton Central,8,"Black, Black British, Black Welsh, Caribbean or African: Other Black",3,"L4, L5 and L6: Lower managerial, administrative and professional occupations",17
E05013765,Sutton Central,8,"Black, Black British, Black Welsh, Caribbean or African: Other Black",4,L7: Intermediate occupations,8
E05013765,Sutton Central,8,"Black, Black British, Black Welsh, Caribbean or African: Other Black",5,L8 and L9: Small employers and own account workers,9
E05013765,Sutton Central,8,"Black, Black British, Black Welsh, Caribbean or African: Other Black",6,L10 and L11: Lower supervisory and technical occupations,0
E05013765,Sutton Central,8,"Black, Black British, Black Welsh, Caribbean or African: Other Black",7,L12: Semi-routine occupations,3
E05013765,Sutton Central,8,"Black, Black British, Black Welsh, Caribbean or African: Other Black",8,L13: Routine occupations,3
E05013765,Sutton Central,8,"Black, Black British, Black Welsh, Caribbean or African: Other Black",9,L14.1: Never worked,3
E05013765,Sutton Central,8,"Black, Black British, Black Welsh, Caribbean or African: Other Black",10,L14.2: Long-term unemployed,0
E05013765,Sutton Central,8,"Black, Black British, Black Welsh, Caribbean or African: Other Black",11,L15: Full-time students,13
E05013765,Sutton Central,9,Mixed or Multiple ethnic groups: White and Asian,-8,Does not apply,129
E05013765,Sutton Central,9,Mixed or Multiple ethnic groups: White and Asian,1,L1 and L2: Large employers and higher managerial and administrative occupations,1
E05013765,Sutton Central,9,Mixed or Multiple ethnic groups: White and Asian,2,L3: Higher professional occupations,12
E05013765,Sutton Central,9,Mixed or Multiple ethnic groups: White and Asian,3,"L4, L5 and L6: Lower managerial, administrative and professional occupations",30
E05013765,Sutton Central,9,Mixed or Multiple ethnic groups: White and Asian,4,L7: Intermediate occupations,11
E05013765,Sutton Central,9,Mixed or Multiple ethnic groups: White and Asian,5,L8 and L9: Small employers and own account workers,7
E05013765,Sutton Central,9,Mixed or Multiple ethnic groups: White and Asian,6,L10 and L11: Lower supervisory and technical occupations,0
E05013765,Sutton Central,9,Mixed or Multiple ethnic groups: White and Asian,7,L12: Semi-routine occupations,5
E05013765,Sutton Central,9,Mixed or Multiple ethnic groups: White and Asian,8,L13: Routine occupations,6
E05013765,Sutton Central,9,Mixed or Multiple ethnic groups: White and Asian,9,L14.1: Never worked,7
E05013765,Sutton Central,9,Mixed or Multiple ethnic groups: White and Asian,10,L14.2: Long-term unemployed,0
E05013765,Sutton Central,9,Mixed or Multiple ethnic groups: White and Asian,11,L15: Full-time students,14
E05013765,Sutton Central,10,Mixed or Multiple ethnic groups: White and Black African,-8,Does not apply,61
E05013765,Sutton Central,10,Mixed or Multiple ethnic groups: White and Black African,1,L1 and L2: Large employers and higher managerial and administrative occupations,2
E05013765,Sutton Central,10,Mixed or Multiple ethnic groups: White and Black African,2,L3: Higher professional occupations,8
E05013765,Sutton Central,10,Mixed or Multiple ethnic groups: White and Black African,3,"L4, L5 and L6: Lower managerial, administrative and professional occupations",22
E05013765,Sutton Central,10,Mixed or Multiple ethnic groups: White and Black African,4,L7: Intermediate occupations,7
E05013765,Sutton Central,10,Mixed or Multiple ethnic groups: White and Black African,5,L8 and L9: Small employers and own account workers,7
E05013765,Sutton Central,10,Mixed or Multiple ethnic groups: White and Black African,6,L10 and L11: Lower supervisory and technical occupations,1
E05013765,Sutton Central,10,Mixed or Multiple ethnic groups: White and Black African,7,L12: Semi-routine occupations,5
E05013765,Sutton Central,10,Mixed or Multiple ethnic groups: White and Black African,8,L13: Routine occupations,6
E05013765,Sutton Central,10,Mixed or Multiple ethnic groups: White and Black African,9,L14.1: Never worked,3
E05013765,Sutton Central,10,Mixed or Multiple ethnic groups: White and Black African,10,L14.2: Long-term unemployed,3
E05013765,Sutton Central,10,Mixed or Multiple ethnic groups: White and Black African,11,L15: Full-time students,6
E05013765,Sutton Central,11,Mixed or Multiple ethnic groups: White and Black Caribbean,-8,Does not apply,85
E05013765,Sutton Central,11,Mixed or Multiple ethnic groups: White and Black Caribbean,1,L1 and L2: Large employers and higher managerial and administrative occupations,4
E05013765,Sutton Central,11,Mixed or Multiple ethnic groups: White and Black Caribbean,2,L3: Higher professional occupations,6
E05013765,Sutton Central,11,Mixed or Multiple ethnic groups: White and Black Caribbean,3,"L4, L5 and L6: Lower managerial, administrative and professional occupations",15
E05013765,Sutton Central,11,Mixed or Multiple ethnic groups: White and Black Caribbean,4,L7: Intermediate occupations,12
E05013765,Sutton Central,11,Mixed or Multiple ethnic groups: White and Black Caribbean,5,L8 and L9: Small employers and own account workers,10
E05013765,Sutton Central,11,Mixed or Multiple ethnic groups: White and Black Caribbean,6,L10 and L11: Lower supervisory and technical occupations,3
E05013765,Sutton Central,11,Mixed or Multiple ethnic groups: White and Black Caribbean,7,L12: Semi-routine occupations,14
E05013765,Sutton Central,11,Mixed or Multiple ethnic groups: White and Black Caribbean,8,L13: Routine occupations,15
E05013765,Sutton Central,11,Mixed or Multiple ethnic groups: White and Black Caribbean,9,L14.1: Never worked,2
E05013765,Sutton Central,11,Mixed or Multiple ethnic groups: White and Black Caribbean,10,L14.2: Long-term unemployed,6
E05013765,Sutton Central,11,Mixed or Multiple ethnic groups: White and Black Caribbean,11,L15: Full-time students,8
E05013765,Sutton Central,12,Mixed or Multiple ethnic groups: Other Mixed or Multiple ethnic groups,-8,Does not apply,90
E05013765,Sutton Central,12,Mixed or Multiple ethnic groups: Other Mixed or Multiple ethnic groups,1,L1 and L2: Large employers and higher managerial and administrative occupations,5
E05013765,Sutton Central,12,Mixed or Multiple ethnic groups: Other Mixed or Multiple ethnic groups,2,L3: Higher professional occupations,20
E05013765,Sutton Central,12,Mixed or Multiple ethnic groups: Other Mixed or Multiple ethnic groups,3,"L4, L5 and L6: Lower managerial, administrative and professional occupations",17
E05013765,Sutton Central,12,Mixed or Multiple ethnic groups: Other Mixed or Multiple ethnic groups,4,L7: Intermediate occupations,11
E05013765,Sutton Central,12,Mixed or Multiple ethnic groups: Other Mixed or Multiple ethnic groups,5,L8 and L9: Small employers and own account workers,10
E05013765,Sutton Central,12,Mixed or Multiple ethnic groups: Other Mixed or Multiple ethnic groups,6,L10 and L11: Lower supervisory and technical occupations,6
E05013765,Sutton Central,12,Mixed or Multiple ethnic groups: Other Mixed or Multiple ethnic groups,7,L12: Semi-routine occupations,7
E05013765,Sutton Central,12,Mixed or Multiple ethnic groups: Other Mixed or Multiple ethnic groups,8,L13: Routine occupations,9
E05013765,Sutton Central,12,Mixed or Multiple ethnic groups: Other Mixed or Multiple ethnic groups,9,L14.1: Never worked,10
E05013765,Sutton Central,12,Mixed or Multiple ethnic groups: Other Mixed or Multiple ethnic groups,10,L14.2: Long-term unemployed,2
E05013765,Sutton Central,12,Mixed or Multiple ethnic groups: Other Mixed or Multiple ethnic groups,11,L15: Full-time students,10
E05013765,Sutton Central,13,"White: English, Welsh, Scottish, Northern Irish or British",-8,Does not apply,1011
E05013765,Sutton Central,13,"White: English, Welsh, Scottish, Northern Irish or British",1,L1 and L2: Large employers and higher managerial and administrative occupations,200
E05013765,Sutton Central,13,"White: English, Welsh, Scottish, Northern Irish or British",2,L3: Higher professional occupations,472
E05013765,Sutton Central,13,"White: English, Welsh, Scottish, Northern Irish or British",3,"L4, L5 and L6: Lower managerial, administrative and professional occupations",1123
E05013765,Sutton Central,13,"White: English, Welsh, Scottish, Northern Irish or British",4,L7: Intermediate occupations,656
E05013765,Sutton Central,13,"White: English, Welsh, Scottish, Northern Irish or British",5,L8 and L9: Small employers and own account workers,436
E05013765,Sutton Central,13,"White: English, Welsh, Scottish, Northern Irish or British",6,L10 and L11: Lower supervisory and technical occupations,230
E05013765,Sutton Central,13,"White: English, Welsh, Scottish, Northern Irish or British",7,L12: Semi-routine occupations,471
E05013765,Sutton Central,13,"White: English, Welsh, Scottish, Northern Irish or British",8,L13: Routine occupations,411
E05013765,Sutton Central,13,"White: English, Welsh, Scottish, Northern Irish or British",9,L14.1: Never worked,271
E05013765,Sutton Central,13,"White: English, Welsh, Scottish, Northern Irish or British",10,L14.2: Long-term unemployed,60
E05013765,Sutton Central,13,"White: English, Welsh, Scottish, Northern Irish or British",11,L15: Full-time students,172
E05013765,Sutton Central,14,White: Irish,-8,Does not apply,2
E05013765,Sutton Central,14,White: Irish,1,L1 and L2: Large employers and higher managerial and administrative occupations,13
E05013765,Sutton Central,14,White: Irish,2,L3: Higher professional occupations,22
E05013765,Sutton Central,14,White: Irish,3,"L4, L5 and L6: Lower managerial, administrative and professional occupations",42
E05013765,Sutton Central,14,White: Irish,4,L7: Intermediate occupations,22
E05013765,Sutton Central,14,White: Irish,5,L8 and L9: Small employers and own account workers,22
E05013765,Sutton Central,14,White: Irish,6,L10 and L11: Lower supervisory and technical occupations,9
E05013765,Sutton Central,14,White: Irish,7,L12: Semi-routine occupations,17
E05013765,Sutton Central,14,White: Irish,8,L13: Routine occupations,13
E05013765,Sutton Central,14,White: Irish,9,L14.1: Never worked,19
E05013765,Sutton Central,14,White: Irish,10,L14.2: Long-term unemployed,3
E05013765,Sutton Central,14,White: Irish,11,L15: Full-time students,5
E05013765,Sutton Central,15,White: Gypsy or Irish Traveller,-8,Does not apply,0
E05013765,Sutton Central,15,White: Gypsy or Irish Traveller,1,L1 and L2: Large employers and higher managerial and administrative occupations,0
E05013765,Sutton Central,15,White: Gypsy or Irish Traveller,2,L3: Higher professional occupations,0
E05013765,Sutton Central,15,White: Gypsy or Irish Traveller,3,"L4, L5 and L6: Lower managerial, administrative and professional occupations",1
E05013765,Sutton Central,15,White: Gypsy or Irish Traveller,4,L7: Intermediate occupations,1
E05013765,Sutton Central,15,White: Gypsy or Irish Traveller,5,L8 and L9: Small employers and own account workers,2
E05013765,Sutton Central,15,White: Gypsy or Irish Traveller,6,L10 and L11: Lower supervisory and technical occupations,0
E05013765,Sutton Central,15,White: Gypsy or Irish Traveller,7,L12: Semi-routine occupations,0
E05013765,Sutton Central,15,White: Gypsy or Irish Traveller,8,L13: Routine occupations,0
E05013765,Sutton Central,15,White: Gypsy or Irish Traveller,9,L14.1: Never worked,0
E05013765,Sutton Central,15,White: Gypsy or Irish Traveller,10,L14.2: Long-term unemployed,0
E05013765,Sutton Central,15,White: Gypsy or Irish Traveller,11,L15: Full-time students,1
E05013765,Sutton Central,16,White: Roma,-8,Does not apply,9
E05013765,Sutton Central,16,White: Roma,1,L1 and L2: Large employers and higher managerial and administrative occupations,0
E05013765,Sutton Central,16,White: Roma,2,L3: Higher professional occupations,1
E05013765,Sutton Central,16,White: Roma,3,"L4, L5 and L6: Lower managerial, administrative and professional occupations",4
E05013765,Sutton Central,16,White: Roma,4,L7: Intermediate occupations,3
E05013765,Sutton Central,16,White: Roma,5,L8 and L9: Small employers and own account workers,10
E05013765,Sutton Central,16,White: Roma,6,L10 and L11: Lower supervisory and technical occupations,3
E05013765,Sutton Central,16,White: Roma,7,L12: Semi-routine occupations,2
E05013765,Sutton Central,16,White: Roma,8,L13: Routine occupations,8
E05013765,Sutton Central,16,White: Roma,9,L14.1: Never worked,1
E05013765,Sutton Central,16,White: Roma,10,L14.2: Long-term unemployed,0
E05013765,Sutton Central,16,White: Roma,11,L15: Full-time students,4
E05013765,Sutton Central,17,White: Other White,-8,Does not apply,385
E05013765,Sutton Central,17,White: Other White,1,L1 and L2: Large employers and higher managerial and administrative occupations,47
E05013765,Sutton Central,17,White: Other White,2,L3: Higher professional occupations,191
E05013765,Sutton Central,17,White: Other White,3,"L4, L5 and L6: Lower managerial, administrative and professional occupations",356
E05013765,Sutton Central,17,White: Other White,4,L7: Intermediate occupations,150
E05013765,Sutton Central,17,White: Other White,5,L8 and L9: Small employers and own account workers,394
E05013765,Sutton Central,17,White: Other White,6,L10 and L11: Lower supervisory and technical occupations,100
E05013765,Sutton Central,17,White: Other White,7,L12: Semi-routine occupations,150
E05013765,Sutton Central,17,White: Other White,8,L13: Routine occupations,189
E05013765,Sutton Central,17,White: Other White,9,L14.1: Never worked,46
E05013765,Sutton Central,17,White: Other White,10,L14.2: Long-term unemployed,26
E05013765,Sutton Central,17,White: Other White,11,L15: Full-time students,136
E05013765,Sutton Central,18,Other ethnic group: Arab,-8,Does not apply,39
E05013765,Sutton Central,18,Other ethnic group: Arab,1,L1 and L2: Large employers and higher managerial and administrative occupations,7
E05013765,Sutton Central,18,Other ethnic group: Arab,2,L3: Higher professional occupations,21
E05013765,Sutton Central,18,Other ethnic group: Arab,3,"L4, L5 and L6: Lower managerial, administrative and professional occupations",18
E05013765,Sutton Central,18,Other ethnic group: Arab,4,L7: Intermediate occupations,6
E05013765,Sutton Central,18,Other ethnic group: Arab,5,L8 and L9: Small employers and own account workers,10
E05013765,Sutton Central,18,Other ethnic group: Arab,6,L10 and L11: Lower supervisory and technical occupations,8
E05013765,Sutton Central,18,Other ethnic group: Arab,7,L12: Semi-routine occupations,8
E05013765,Sutton Central,18,Other ethnic group: Arab,8,L13: Routine occupations,11
E05013765,Sutton Central,18,Other ethnic group: Arab,9,L14.1: Never worked,27
E05013765,Sutton Central,18,Other ethnic group: Arab,10,L14.2: Long-term unemployed,3
E05013765,Sutton Central,18,Other ethnic group: Arab,11,L15: Full-time students,13
E05013765,Sutton Central,19,Other ethnic group: Any other ethnic group,-8,Does not apply,86
E05013765,Sutton Central,19,Other ethnic group: Any other ethnic group,1,L1 and L2: Large employers and higher managerial and administrative occupations,7
E05013765,Sutton Central,19,Other ethnic group: Any other ethnic group,2,L3: Higher professional occupations,32
E05013765,Sutton Central,19,Other ethnic group: Any other ethnic group,3,"L4, L5 and L6: Lower managerial, administrative and professional occupations",52
E05013765,Sutton Central,19,Other ethnic group: Any other ethnic group,4,L7: Intermediate occupations,29
E05013765,Sutton Central,19,Other ethnic group: Any other ethnic group,5,L8 and L9: Small employers and own account workers,31
E05013765,Sutton Central,19,Other ethnic group: Any other ethnic group,6,L10 and L11: Lower supervisory and technical occupations,15
E05013765,Sutton Central,19,Other ethnic group: Any other ethnic group,7,L12: Semi-routine occupations,40
E05013765,Sutton Central,19,Other ethnic group: Any other ethnic group,8,L13: Routine occupations,32
E05013765,Sutton Central,19,Other ethnic group: Any other ethnic group,9,L14.1: Never worked,33
E05013765,Sutton Central,19,Other ethnic group: Any other ethnic group,10,L14.2: Long-term unemployed,7
E05013765,Sutton Central,19,Other ethnic group: Any other ethnic group,11,L15: Full-time students,34
E05013766,Sutton North,-8,Does not apply,-8,Does not apply,0
E05013766,Sutton North,-8,Does not apply,1,L1 and L2: Large employers and higher managerial and administrative occupations,0
E05013766,Sutton North,-8,Does not apply,2,L3: Higher professional occupations,0
E05013766,Sutton North,-8,Does not apply,3,"L4, L5 and L6: Lower managerial, administrative and professional occupations",0
E05013766,Sutton North,-8,Does not apply,4,L7: Intermediate occupations,0
E05013766,Sutton North,-8,Does not apply,5,L8 and L9: Small employers and own account workers,0
E05013766,Sutton North,-8,Does not apply,6,L10 and L11: Lower supervisory and technical occupations,0
E05013766,Sutton North,-8,Does not apply,7,L12: Semi-routine occupations,0
E05013766,Sutton North,-8,Does not apply,8,L13: Routine occupations,0
E05013766,Sutton North,-8,Does not apply,9,L14.1: Never worked,0
E05013766,Sutton North,-8,Does not apply,10,L14.2: Long-term unemployed,0
E05013766,Sutton North,-8,Does not apply,11,L15: Full-time students,0
E05013766,Sutton North,1,"Asian, Asian British or Asian Welsh: Bangladeshi",-8,Does not apply,34
E05013766,Sutton North,1,"Asian, Asian British or Asian Welsh: Bangladeshi",1,L1 and L2: Large employers and higher managerial and administrative occupations,3
E05013766,Sutton North,1,"Asian, Asian British or Asian Welsh: Bangladeshi",2,L3: Higher professional occupations,4
E05013766,Sutton North,1,"Asian, Asian British or Asian Welsh: Bangladeshi",3,"L4, L5 and L6: Lower managerial, administrative and professional occupations",16
E05013766,Sutton North,1,"Asian, Asian British or Asian Welsh: Bangladeshi",4,L7: Intermediate occupations,10
E05013766,Sutton North,1,"Asian, Asian British or Asian Welsh: Bangladeshi",5,L8 and L9: Small employers and own account workers,15
E05013766,Sutton North,1,"Asian, Asian British or Asian Welsh: Bangladeshi",6,L10 and L11: Lower supervisory and technical occupations,1
E05013766,Sutton North,1,"Asian, Asian British or Asian Welsh: Bangladeshi",7,L12: Semi-routine occupations,11
E05013766,Sutton North,1,"Asian, Asian British or Asian Welsh: Bangladeshi",8,L13: Routine occupations,8
E05013766,Sutton North,1,"Asian, Asian British or Asian Welsh: Bangladeshi",9,L14.1: Never worked,17
E05013766,Sutton North,1,"Asian, Asian British or Asian Welsh: Bangladeshi",10,L14.2: Long-term unemployed,0
E05013766,Sutton North,1,"Asian, Asian British or Asian Welsh: Bangladeshi",11,L15: Full-time students,9
E05013766,Sutton North,2,"Asian, Asian British or Asian Welsh: Chinese",-8,Does not apply,107
E05013766,Sutton North,2,"Asian, Asian British or Asian Welsh: Chinese",1,L1 and L2: Large employers and higher managerial and administrative occupations,19
E05013766,Sutton North,2,"Asian, Asian British or Asian Welsh: Chinese",2,L3: Higher professional occupations,52
E05013766,Sutton North,2,"Asian, Asian British or Asian Welsh: Chinese",3,"L4, L5 and L6: Lower managerial, administrative and professional occupations",55
E05013766,Sutton North,2,"Asian, Asian British or Asian Welsh: Chinese",4,L7: Intermediate occupations,17
E05013766,Sutton North,2,"Asian, Asian British or Asian Welsh: Chinese",5,L8 and L9: Small employers and own account workers,23
E05013766,Sutton North,2,"Asian, Asian British or Asian Welsh: Chinese",6,L10 and L11: Lower supervisory and technical occupations,9
E05013766,Sutton North,2,"Asian, Asian British or Asian Welsh: Chinese",7,L12: Semi-routine occupations,8
E05013766,Sutton North,2,"Asian, Asian British or Asian Welsh: Chinese",8,L13: Routine occupations,12
E05013766,Sutton North,2,"Asian, Asian British or Asian Welsh: Chinese",9,L14.1: Never worked,24
E05013766,Sutton North,2,"Asian, Asian British or Asian Welsh: Chinese",10,L14.2: Long-term unemployed,1
E05013766,Sutton North,2,"Asian, Asian British or Asian Welsh: Chinese",11,L15: Full-time students,12
E05013766,Sutton North,3,"Asian, Asian British or Asian Welsh: Indian",-8,Does not apply,209
E05013766,Sutton North,3,"Asian, Asian British or Asian Welsh: Indian",1,L1 and L2: Large employers and higher managerial and administrative occupations,36
E05013766,Sutton North,3,"Asian, Asian British or Asian Welsh: Indian",2,L3: Higher professional occupations,125
E05013766,Sutton North,3,"Asian, Asian British or Asian Welsh: Indian",3,"L4, L5 and L6: Lower managerial, administrative and professional occupations",123
E05013766,Sutton North,3,"Asian, Asian British or Asian Welsh: Indian",4,L7: Intermediate occupations,57
E05013766,Sutton North,3,"Asian, Asian British or Asian Welsh: Indian",5,L8 and L9: Small employers and own account workers,46
E05013766,Sutton North,3,"Asian, Asian British or Asian Welsh: Indian",6,L10 and L11: Lower supervisory and technical occupations,5
E05013766,Sutton North,3,"Asian, Asian British or Asian Welsh: Indian",7,L12: Semi-routine occupations,32
E05013766,Sutton North,3,"Asian, Asian British or Asian Welsh: Indian",8,L13: Routine occupations,4
E05013766,Sutton North,3,"Asian, Asian British or Asian Welsh: Indian",9,L14.1: Never worked,32
E05013766,Sutton North,3,"Asian, Asian British or Asian Welsh: Indian",10,L14.2: Long-term unemployed,5
E05013766,Sutton North,3,"Asian, Asian British or Asian Welsh: Indian",11,L15: Full-time students,30
E05013766,Sutton North,4,"Asian, Asian British or Asian Welsh: Pakistani",-8,Does not apply,114
E05013766,Sutton North,4,"Asian, Asian British or Asian Welsh: Pakistani",1,L1 and L2: Large employers and higher managerial and administrative occupations,11
E05013766,Sutton North,4,"Asian, Asian British or Asian Welsh: Pakistani",2,L3: Higher professional occupations,31
E05013766,Sutton North,4,"Asian, Asian British or Asian Welsh: Pakistani",3,"L4, L5 and L6: Lower managerial, administrative and professional occupations",52
E05013766,Sutton North,4,"Asian, Asian British or Asian Welsh: Pakistani",4,L7: Intermediate occupations,28
E05013766,Sutton North,4,"Asian, Asian British or Asian Welsh: Pakistani",5,L8 and L9: Small employers and own account workers,45
E05013766,Sutton North,4,"Asian, Asian British or Asian Welsh: Pakistani",6,L10 and L11: Lower supervisory and technical occupations,2
E05013766,Sutton North,4,"Asian, Asian British or Asian Welsh: Pakistani",7,L12: Semi-routine occupations,15
E05013766,Sutton North,4,"Asian, Asian British or Asian Welsh: Pakistani",8,L13: Routine occupations,8
E05013766,Sutton North,4,"Asian, Asian British or Asian Welsh: Pakistani",9,L14.1: Never worked,53
E05013766,Sutton North,4,"Asian, Asian British or Asian Welsh: Pakistani",10,L14.2: Long-term unemployed,6
E05013766,Sutton North,4,"Asian, Asian British or Asian Welsh: Pakistani",11,L15: Full-time students,48
E05013766,Sutton North,5,"Asian, Asian British or Asian Welsh: Other Asian",-8,Does not apply,160
E05013766,Sutton North,5,"Asian, Asian British or Asian Welsh: Other Asian",1,L1 and L2: Large employers and higher managerial and administrative occupations,18
E05013766,Sutton North,5,"Asian, Asian British or Asian Welsh: Other Asian",2,L3: Higher professional occupations,54
E05013766,Sutton North,5,"Asian, Asian British or Asian Welsh: Other Asian",3,"L4, L5 and L6: Lower managerial, administrative and professional occupations",109
E05013766,Sutton North,5,"Asian, Asian British or Asian Welsh: Other Asian",4,L7: Intermediate occupations,54
E05013766,Sutton North,5,"Asian, Asian British or Asian Welsh: Other Asian",5,L8 and L9: Small employers and own account workers,47
E05013766,Sutton North,5,"Asian, Asian British or Asian Welsh: Other Asian",6,L10 and L11: Lower supervisory and technical occupations,23
E05013766,Sutton North,5,"Asian, Asian British or Asian Welsh: Other Asian",7,L12: Semi-routine occupations,83
E05013766,Sutton North,5,"Asian, Asian British or Asian Welsh: Other Asian",8,L13: Routine occupations,35
E05013766,Sutton North,5,"Asian, Asian British or Asian Welsh: Other Asian",9,L14.1: Never worked,55
E05013766,Sutton North,5,"Asian, Asian British or Asian Welsh: Other Asian",10,L14.2: Long-term unemployed,5
E05013766,Sutton North,5,"Asian, Asian British or Asian Welsh: Other Asian",11,L15: Full-time students,48
E05013766,Sutton North,6,"Black, Black British, Black Welsh, Caribbean or African: African",-8,Does not apply,105
E05013766,Sutton North,6,"Black, Black British, Black Welsh, Caribbean or African: African",1,L1 and L2: Large employers and higher managerial and administrative occupations,8
E05013766,Sutton North,6,"Black, Black British, Black Welsh, Caribbean or African: African",2,L3: Higher professional occupations,39
E05013766,Sutton North,6,"Black, Black British, Black Welsh, Caribbean or African: African",3,"L4, L5 and L6: Lower managerial, administrative and professional occupations",70
E05013766,Sutton North,6,"Black, Black British, Black Welsh, Caribbean or African: African",4,L7: Intermediate occupations,28
E05013766,Sutton North,6,"Black, Black British, Black Welsh, Caribbean or African: African",5,L8 and L9: Small employers and own account workers,18
E05013766,Sutton North,6,"Black, Black British, Black Welsh, Caribbean or African: African",6,L10 and L11: Lower supervisory and technical occupations,14
E05013766,Sutton North,6,"Black, Black British, Black Welsh, Caribbean or African: African",7,L12: Semi-routine occupations,33
E05013766,Sutton North,6,"Black, Black British, Black Welsh, Caribbean or African: African",8,L13: Routine occupations,21
E05013766,Sutton North,6,"Black, Black British, Black Welsh, Caribbean or African: African",9,L14.1: Never worked,10
E05013766,Sutton North,6,"Black, Black British, Black Welsh, Caribbean or African: African",10,L14.2: Long-term unemployed,7
E05013766,Sutton North,6,"Black, Black British, Black Welsh, Caribbean or African: African",11,L15: Full-time students,46
E05013766,Sutton North,7,"Black, Black British, Black Welsh, Caribbean or African: Caribbean",-8,Does not apply,15
E05013766,Sutton North,7,"Black, Black British, Black Welsh, Caribbean or African: Caribbean",1,L1 and L2: Large employers and higher managerial and administrative occupations,4
E05013766,Sutton North,7,"Black, Black British, Black Welsh, Caribbean or African: Caribbean",2,L3: Higher professional occupations,9
E05013766,Sutton North,7,"Black, Black British, Black Welsh, Caribbean or African: Caribbean",3,"L4, L5 and L6: Lower managerial, administrative and professional occupations",32
E05013766,Sutton North,7,"Black, Black British, Black Welsh, Caribbean or African: Caribbean",4,L7: Intermediate occupations,16
E05013766,Sutton North,7,"Black, Black British, Black Welsh, Caribbean or African: Caribbean",5,L8 and L9: Small employers and own account workers,11
E05013766,Sutton North,7,"Black, Black British, Black Welsh, Caribbean or African: Caribbean",6,L10 and L11: Lower supervisory and technical occupations,6
E05013766,Sutton North,7,"Black, Black British, Black Welsh, Caribbean or African: Caribbean",7,L12: Semi-routine occupations,10
E05013766,Sutton North,7,"Black, Black British, Black Welsh, Caribbean or African: Caribbean",8,L13: Routine occupations,12
E05013766,Sutton North,7,"Black, Black British, Black Welsh, Caribbean or African: Caribbean",9,L14.1: Never worked,9
E05013766,Sutton North,7,"Black, Black British, Black Welsh, Caribbean or African: Caribbean",10,L14.2: Long-term unemployed,1
E05013766,Sutton North,7,"Black, Black British, Black Welsh, Caribbean or African: Caribbean",11,L15: Full-time students,6
E05013766,Sutton North,8,"Black, Black British, Black Welsh, Caribbean or African: Other Black",-8,Does not apply,36
E05013766,Sutton North,8,"Black, Black British, Black Welsh, Caribbean or African: Other Black",1,L1 and L2: Large employers and higher managerial and administrative occupations,0
E05013766,Sutton North,8,"Black, Black British, Black Welsh, Caribbean or African: Other Black",2,L3: Higher professional occupations,3
E05013766,Sutton North,8,"Black, Black British, Black Welsh, Caribbean or African: Other Black",3,"L4, L5 and L6: Lower managerial, administrative and professional occupations",12
E05013766,Sutton North,8,"Black, Black British, Black Welsh, Caribbean or African: Other Black",4,L7: Intermediate occupations,6
E05013766,Sutton North,8,"Black, Black British, Black Welsh, Caribbean or African: Other Black",5,L8 and L9: Small employers and own account workers,5
E05013766,Sutton North,8,"Black, Black British, Black Welsh, Caribbean or African: Other Black",6,L10 and L11: Lower supervisory and technical occupations,1
E05013766,Sutton North,8,"Black, Black British, Black Welsh, Caribbean or African: Other Black",7,L12: Semi-routine occupations,4
E05013766,Sutton North,8,"Black, Black British, Black Welsh, Caribbean or African: Other Black",8,L13: Routine occupations,4
E05013766,Sutton North,8,"Black, Black British, Black Welsh, Caribbean or African: Other Black",9,L14.1: Never worked,3
E05013766,Sutton North,8,"Black, Black British, Black Welsh, Caribbean or African: Other Black",10,L14.2: Long-term unemployed,3
E05013766,Sutton North,8,"Black, Black British, Black Welsh, Caribbean or African: Other Black",11,L15: Full-time students,9
E05013766,Sutton North,9,Mixed or Multiple ethnic groups: White and Asian,-8,Does not apply,93
E05013766,Sutton North,9,Mixed or Multiple ethnic groups: White and Asian,1,L1 and L2: Large employers and higher managerial and administrative occupations,3
E05013766,Sutton North,9,Mixed or Multiple ethnic groups: White and Asian,2,L3: Higher professional occupations,6
E05013766,Sutton North,9,Mixed or Multiple ethnic groups: White and Asian,3,"L4, L5 and L6: Lower managerial, administrative and professional occupations",21
E05013766,Sutton North,9,Mixed or Multiple ethnic groups: White and Asian,4,L7: Intermediate occupations,11
E05013766,Sutton North,9,Mixed or Multiple ethnic groups: White and Asian,5,L8 and L9: Small employers and own account workers,5
E05013766,Sutton North,9,Mixed or Multiple ethnic groups: White and Asian,6,L10 and L11: Lower supervisory and technical occupations,3
E05013766,Sutton North,9,Mixed or Multiple ethnic groups: White and Asian,7,L12: Semi-routine occupations,3
E05013766,Sutton North,9,Mixed or Multiple ethnic groups: White and Asian,8,L13: Routine occupations,6
E05013766,Sutton North,9,Mixed or Multiple ethnic groups: White and Asian,9,L14.1: Never worked,4
E05013766,Sutton North,9,Mixed or Multiple ethnic groups: White and Asian,10,L14.2: Long-term unemployed,0
E05013766,Sutton North,9,Mixed or Multiple ethnic groups: White and Asian,11,L15: Full-time students,16
E05013766,Sutton North,10,Mixed or Multiple ethnic groups: White and Black African,-8,Does not apply,31
E05013766,Sutton North,10,Mixed or Multiple ethnic groups: White and Black African,1,L1 and L2: Large employers and higher managerial and administrative occupations,1
E05013766,Sutton North,10,Mixed or Multiple ethnic groups: White and Black African,2,L3: Higher professional occupations,2
E05013766,Sutton North,10,Mixed or Multiple ethnic groups: White and Black African,3,"L4, L5 and L6: Lower managerial, administrative and professional occupations",9
E05013766,Sutton North,10,Mixed or Multiple ethnic groups: White and Black African,4,L7: Intermediate occupations,6
E05013766,Sutton North,10,Mixed or Multiple ethnic groups: White and Black African,5,L8 and L9: Small employers and own account workers,6
E05013766,Sutton North,10,Mixed or Multiple ethnic groups: White and Black African,6,L10 and L11: Lower supervisory and technical occupations,2
E05013766,Sutton North,10,Mixed or Multiple ethnic groups: White and Black African,7,L12: Semi-routine occupations,2
E05013766,Sutton North,10,Mixed or Multiple ethnic groups: White and Black African,8,L13: Routine occupations,0
E05013766,Sutton North,10,Mixed or Multiple ethnic groups: White and Black African,9,L14.1: Never worked,3
E05013766,Sutton North,10,Mixed or Multiple ethnic groups: White and Black African,10,L14.2: Long-term unemployed,1
E05013766,Sutton North,10,Mixed or Multiple ethnic groups: White and Black African,11,L15: Full-time students,11
E05013766,Sutton North,11,Mixed or Multiple ethnic groups: White and Black Caribbean,-8,Does not apply,59
E05013766,Sutton North,11,Mixed or Multiple ethnic groups: White and Black Caribbean,1,L1 and L2: Large employers and higher managerial and administrative occupations,1
E05013766,Sutton North,11,Mixed or Multiple ethnic groups: White and Black Caribbean,2,L3: Higher professional occupations,7
E05013766,Sutton North,11,Mixed or Multiple ethnic groups: White and Black Caribbean,3,"L4, L5 and L6: Lower managerial, administrative and professional occupations",14
E05013766,Sutton North,11,Mixed or Multiple ethnic groups: White and Black Caribbean,4,L7: Intermediate occupations,8
E05013766,Sutton North,11,Mixed or Multiple ethnic groups: White and Black Caribbean,5,L8 and L9: Small employers and own account workers,6
E05013766,Sutton North,11,Mixed or Multiple ethnic groups: White and Black Caribbean,6,L10 and L11: Lower supervisory and technical occupations,3
E05013766,Sutton North,11,Mixed or Multiple ethnic groups: White and Black Caribbean,7,L12: Semi-routine occupations,9
E05013766,Sutton North,11,Mixed or Multiple ethnic groups: White and Black Caribbean,8,L13: Routine occupations,3
E05013766,Sutton North,11,Mixed or Multiple ethnic groups: White and Black Caribbean,9,L14.1: Never worked,3
E05013766,Sutton North,11,Mixed or Multiple ethnic groups: White and Black Caribbean,10,L14.2: Long-term unemployed,3
E05013766,Sutton North,11,Mixed or Multiple ethnic groups: White and Black Caribbean,11,L15: Full-time students,11
E05013766,Sutton North,12,Mixed or Multiple ethnic groups: Other Mixed or Multiple ethnic groups,-8,Does not apply,79
E05013766,Sutton North,12,Mixed or Multiple ethnic groups: Other Mixed or Multiple ethnic groups,1,L1 and L2: Large employers and higher managerial and administrative occupations,6
E05013766,Sutton North,12,Mixed or Multiple ethnic groups: Other Mixed or Multiple ethnic groups,2,L3: Higher professional occupations,5
E05013766,Sutton North,12,Mixed or Multiple ethnic groups: Other Mixed or Multiple ethnic groups,3,"L4, L5 and L6: Lower managerial, administrative and professional occupations",26
E05013766,Sutton North,12,Mixed or Multiple ethnic groups: Other Mixed or Multiple ethnic groups,4,L7: Intermediate occupations,9
E05013766,Sutton North,12,Mixed or Multiple ethnic groups: Other Mixed or Multiple ethnic groups,5,L8 and L9: Small employers and own account workers,10
E05013766,Sutton North,12,Mixed or Multiple ethnic groups: Other Mixed or Multiple ethnic groups,6,L10 and L11: Lower supervisory and technical occupations,6
E05013766,Sutton North,12,Mixed or Multiple ethnic groups: Other Mixed or Multiple ethnic groups,7,L12: Semi-routine occupations,3
E05013766,Sutton North,12,Mixed or Multiple ethnic groups: Other Mixed or Multiple ethnic groups,8,L13: Routine occupations,7
E05013766,Sutton North,12,Mixed or Multiple ethnic groups: Other Mixed or Multiple ethnic groups,9,L14.1: Never worked,6
E05013766,Sutton North,12,Mixed or Multiple ethnic groups: Other Mixed or Multiple ethnic groups,10,L14.2: Long-term unemployed,0
E05013766,Sutton North,12,Mixed or Multiple ethnic groups: Other Mixed or Multiple ethnic groups,11,L15: Full-time students,14
E05013766,Sutton North,13,"White: English, Welsh, Scottish, Northern Irish or British",-8,Does not apply,1086
E05013766,Sutton North,13,"White: English, Welsh, Scottish, Northern Irish or British",1,L1 and L2: Large employers and higher managerial and administrative occupations,179
E05013766,Sutton North,13,"White: English, Welsh, Scottish, Northern Irish or British",2,L3: Higher professional occupations,357
E05013766,Sutton North,13,"White: English, Welsh, Scottish, Northern Irish or British",3,"L4, L5 and L6: Lower managerial, administrative and professional occupations",1075
E05013766,Sutton North,13,"White: English, Welsh, Scottish, Northern Irish or British",4,L7: Intermediate occupations,775
E05013766,Sutton North,13,"White: English, Welsh, Scottish, Northern Irish or British",5,L8 and L9: Small employers and own account workers,602
E05013766,Sutton North,13,"White: English, Welsh, Scottish, Northern Irish or British",6,L10 and L11: Lower supervisory and technical occupations,250
E05013766,Sutton North,13,"White: English, Welsh, Scottish, Northern Irish or British",7,L12: Semi-routine occupations,606
E05013766,Sutton North,13,"White: English, Welsh, Scottish, Northern Irish or British",8,L13: Routine occupations,478
E05013766,Sutton North,13,"White: English, Welsh, Scottish, Northern Irish or British",9,L14.1: Never worked,325
E05013766,Sutton North,13,"White: English, Welsh, Scottish, Northern Irish or British",10,L14.2: Long-term unemployed,66
E05013766,Sutton North,13,"White: English, Welsh, Scottish, Northern Irish or British",11,L15: Full-time students,234
E05013766,Sutton North,14,White: Irish,-8,Does not apply,7
E05013766,Sutton North,14,White: Irish,1,L1 and L2: Large employers and higher managerial and administrative occupations,4
E05013766,Sutton North,14,White: Irish,2,L3: Higher professional occupations,12
E05013766,Sutton North,14,White: Irish,3,"L4, L5 and L6: Lower managerial, administrative and professional occupations",45
E05013766,Sutton North,14,White: Irish,4,L7: Intermediate occupations,15
E05013766,Sutton North,14,White: Irish,5,L8 and L9: Small employers and own account workers,16
E05013766,Sutton North,14,White: Irish,6,L10 and L11: Lower supervisory and technical occupations,12
E05013766,Sutton North,14,White: Irish,7,L12: Semi-routine occupations,16
E05013766,Sutton North,14,White: Irish,8,L13: Routine occupations,17
E05013766,Sutton North,14,White: Irish,9,L14.1: Never worked,10
E05013766,Sutton North,14,White: Irish,10,L14.2: Long-term unemployed,1
E05013766,Sutton North,14,White: Irish,11,L15: Full-time students,2
E05013766,Sutton North,15,White: Gypsy or Irish Traveller,-8,Does not apply,0
E05013766,Sutton North,15,White: Gypsy or Irish Traveller,1,L1 and L2: Large employers and higher managerial and administrative occupations,0
E05013766,Sutton North,15,White: Gypsy or Irish Traveller,2,L3: Higher professional occupations,0
E05013766,Sutton North,15,White: Gypsy or Irish Traveller,3,"L4, L5 and L6: Lower managerial, administrative and professional occupations",0
E05013766,Sutton North,15,White: Gypsy or Irish Traveller,4,L7: Intermediate occupations,3
E05013766,Sutton North,15,White: Gypsy or Irish Traveller,5,L8 and L9: Small employers and own account workers,0
E05013766,Sutton North,15,White: Gypsy or Irish Traveller,6,L10 and L11: Lower supervisory and technical occupations,0
E05013766,Sutton North,15,White: Gypsy or Irish Traveller,7,L12: Semi-routine occupations,0
E05013766,Sutton North,15,White: Gypsy or Irish Traveller,8,L13: Routine occupations,2
E05013766,Sutton North,15,White: Gypsy or Irish Traveller,9,L14.1: Never worked,7
E05013766,Sutton North,15,White: Gypsy or Irish Traveller,10,L14.2: Long-term unemployed,0
E05013766,Sutton North,15,White: Gypsy or Irish Traveller,11,L15: Full-time students,0
E05013766,Sutton North,16,White: Roma,-8,Does not apply,6
E05013766,Sutton North,16,White: Roma,1,L1 and L2: Large employers and higher managerial and administrative occupations,0
E05013766,Sutton North,16,White: Roma,2,L3: Higher professional occupations,0
E05013766,Sutton North,16,White: Roma,3,"L4, L5 and L6: Lower managerial, administrative and professional occupations",2
E05013766,Sutton North,16,White: Roma,4,L7: Intermediate occupations,0
E05013766,Sutton North,16,White: Roma,5,L8 and L9: Small employers and own account workers,6
E05013766,Sutton North,16,White: Roma,6,L10 and L11: Lower supervisory and technical occupations,1
E05013766,Sutton North,16,White: Roma,7,L12: Semi-routine occupations,2
E05013766,Sutton North,16,White: Roma,8,L13: Routine occupations,3
E05013766,Sutton North,16,White: Roma,9,L14.1: Never worked,0
E05013766,Sutton North,16,White: Roma,10,L14.2: Long-term unemployed,0
E05013766,Sutton North,16,White: Roma,11,L15: Full-time students,2
E05013766,Sutton North,17,White: Other White,-8,Does not apply,208
E05013766,Sutton North,17,White: Other White,1,L1 and L2: Large employers and higher managerial and administrative occupations,48
E05013766,Sutton North,17,White: Other White,2,L3: Higher professional occupations,82
E05013766,Sutton North,17,White: Other White,3,"L4, L5 and L6: Lower managerial, administrative and professional occupations",218
E05013766,Sutton North,17,White: Other White,4,L7: Intermediate occupations,99
E05013766,Sutton North,17,White: Other White,5,L8 and L9: Small employers and own account workers,227
E05013766,Sutton North,17,White: Other White,6,L10 and L11: Lower supervisory and technical occupations,75
E05013766,Sutton North,17,White: Other White,7,L12: Semi-routine occupations,76
E05013766,Sutton North,17,White: Other White,8,L13: Routine occupations,123
E05013766,Sutton North,17,White: Other White,9,L14.1: Never worked,33
E05013766,Sutton North,17,White: Other White,10,L14.2: Long-term unemployed,9
E05013766,Sutton North,17,White: Other White,11,L15: Full-time students,65
E05013766,Sutton North,18,Other ethnic group: Arab,-8,Does not apply,10
E05013766,Sutton North,18,Other ethnic group: Arab,1,L1 and L2: Large employers and higher managerial and administrative occupations,0
E05013766,Sutton North,18,Other ethnic group: Arab,2,L3: Higher professional occupations,6
E05013766,Sutton North,18,Other ethnic group: Arab,3,"L4, L5 and L6: Lower managerial, administrative and professional occupations",8
E05013766,Sutton North,18,Other ethnic group: Arab,4,L7: Intermediate occupations,4
E05013766,Sutton North,18,Other ethnic group: Arab,5,L8 and L9: Small employers and own account workers,5
E05013766,Sutton North,18,Other ethnic group: Arab,6,L10 and L11: Lower supervisory and technical occupations,3
E05013766,Sutton North,18,Other ethnic group: Arab,7,L12: Semi-routine occupations,2
E05013766,Sutton North,18,Other ethnic group: Arab,8,L13: Routine occupations,5
E05013766,Sutton North,18,Other ethnic group: Arab,9,L14.1: Never worked,6
E05013766,Sutton North,18,Other ethnic group: Arab,10,L14.2: Long-term unemployed,3
E05013766,Sutton North,18,Other ethnic group: Arab,11,L15: Full-time students,9
E05013766,Sutton North,19,Other ethnic group: Any other ethnic group,-8,Does not apply,69
E05013766,Sutton North,19,Other ethnic group: Any other ethnic group,1,L1 and L2: Large employers and higher managerial and administrative occupations,7
E05013766,Sutton North,19,Other ethnic group: Any other ethnic group,2,L3: Higher professional occupations,36
E05013766,Sutton North,19,Other ethnic group: Any other ethnic group,3,"L4, L5 and L6: Lower managerial, administrative and professional occupations",42
E05013766,Sutton North,19,Other ethnic group: Any other ethnic group,4,L7: Intermediate occupations,23
E05013766,Sutton North,19,Other ethnic group: Any other ethnic group,5,L8 and L9: Small employers and own account workers,29
E05013766,Sutton North,19,Other ethnic group: Any other ethnic group,6,L10 and L11: Lower supervisory and technical occupations,10
E05013766,Sutton North,19,Other ethnic group: Any other ethnic group,7,L12: Semi-routine occupations,21
E05013766,Sutton North,19,Other ethnic group: Any other ethnic group,8,L13: Routine occupations,22
E05013766,Sutton North,19,Other ethnic group: Any other ethnic group,9,L14.1: Never worked,22
E05013766,Sutton North,19,Other ethnic group: Any other ethnic group,10,L14.2: Long-term unemployed,1
E05013766,Sutton North,19,Other ethnic group: Any other ethnic group,11,L15: Full-time students,25
E05013767,Sutton South,-8,Does not apply,-8,Does not apply,0
E05013767,Sutton South,-8,Does not apply,1,L1 and L2: Large employers and higher managerial and administrative occupations,0
E05013767,Sutton South,-8,Does not apply,2,L3: Higher professional occupations,0
E05013767,Sutton South,-8,Does not apply,3,"L4, L5 and L6: Lower managerial, administrative and professional occupations",0
E05013767,Sutton South,-8,Does not apply,4,L7: Intermediate occupations,0
E05013767,Sutton South,-8,Does not apply,5,L8 and L9: Small employers and own account workers,0
E05013767,Sutton South,-8,Does not apply,6,L10 and L11: Lower supervisory and technical occupations,0
E05013767,Sutton South,-8,Does not apply,7,L12: Semi-routine occupations,0
E05013767,Sutton South,-8,Does not apply,8,L13: Routine occupations,0
E05013767,Sutton South,-8,Does not apply,9,L14.1: Never worked,0
E05013767,Sutton South,-8,Does not apply,10,L14.2: Long-term unemployed,0
E05013767,Sutton South,-8,Does not apply,11,L15: Full-time students,0
E05013767,Sutton South,1,"Asian, Asian British or Asian Welsh: Bangladeshi",-8,Does not apply,18
E05013767,Sutton South,1,"Asian, Asian British or Asian Welsh: Bangladeshi",1,L1 and L2: Large employers and higher managerial and administrative occupations,6
E05013767,Sutton South,1,"Asian, Asian British or Asian Welsh: Bangladeshi",2,L3: Higher professional occupations,4
E05013767,Sutton South,1,"Asian, Asian British or Asian Welsh: Bangladeshi",3,"L4, L5 and L6: Lower managerial, administrative and professional occupations",7
E05013767,Sutton South,1,"Asian, Asian British or Asian Welsh: Bangladeshi",4,L7: Intermediate occupations,9
E05013767,Sutton South,1,"Asian, Asian British or Asian Welsh: Bangladeshi",5,L8 and L9: Small employers and own account workers,7
E05013767,Sutton South,1,"Asian, Asian British or Asian Welsh: Bangladeshi",6,L10 and L11: Lower supervisory and technical occupations,1
E05013767,Sutton South,1,"Asian, Asian British or Asian Welsh: Bangladeshi",7,L12: Semi-routine occupations,6
E05013767,Sutton South,1,"Asian, Asian British or Asian Welsh: Bangladeshi",8,L13: Routine occupations,3
E05013767,Sutton South,1,"Asian, Asian British or Asian Welsh: Bangladeshi",9,L14.1: Never worked,9
E05013767,Sutton South,1,"Asian, Asian British or Asian Welsh: Bangladeshi",10,L14.2: Long-term unemployed,0
E05013767,Sutton South,1,"Asian, Asian British or Asian Welsh: Bangladeshi",11,L15: Full-time students,4
E05013767,Sutton South,2,"Asian, Asian British or Asian Welsh: Chinese",-8,Does not apply,64
E05013767,Sutton South,2,"Asian, Asian British or Asian Welsh: Chinese",1,L1 and L2: Large employers and higher managerial and administrative occupations,20
E05013767,Sutton South,2,"Asian, Asian British or Asian Welsh: Chinese",2,L3: Higher professional occupations,73
E05013767,Sutton South,2,"Asian, Asian British or Asian Welsh: Chinese",3,"L4, L5 and L6: Lower managerial, administrative and professional occupations",45
E05013767,Sutton South,2,"Asian, Asian British or Asian Welsh: Chinese",4,L7: Intermediate occupations,23
E05013767,Sutton South,2,"Asian, Asian British or Asian Welsh: Chinese",5,L8 and L9: Small employers and own account workers,16
E05013767,Sutton South,2,"Asian, Asian British or Asian Welsh: Chinese",6,L10 and L11: Lower supervisory and technical occupations,5
E05013767,Sutton South,2,"Asian, Asian British or Asian Welsh: Chinese",7,L12: Semi-routine occupations,8
E05013767,Sutton South,2,"Asian, Asian British or Asian Welsh: Chinese",8,L13: Routine occupations,14
E05013767,Sutton South,2,"Asian, Asian British or Asian Welsh: Chinese",9,L14.1: Never worked,15
E05013767,Sutton South,2,"Asian, Asian British or Asian Welsh: Chinese",10,L14.2: Long-term unemployed,2
E05013767,Sutton South,2,"Asian, Asian British or Asian Welsh: Chinese",11,L15: Full-time students,15
E05013767,Sutton South,3,"Asian, Asian British or Asian Welsh: Indian",-8,Does not apply,307
E05013767,Sutton South,3,"Asian, Asian British or Asian Welsh: Indian",1,L1 and L2: Large employers and higher managerial and administrative occupations,60
E05013767,Sutton South,3,"Asian, Asian British or Asian Welsh: Indian",2,L3: Higher professional occupations,237
E05013767,Sutton South,3,"Asian, Asian British or Asian Welsh: Indian",3,"L4, L5 and L6: Lower managerial, administrative and professional occupations",159
E05013767,Sutton South,3,"Asian, Asian British or Asian Welsh: Indian",4,L7: Intermediate occupations,62
E05013767,Sutton South,3,"Asian, Asian British or Asian Welsh: Indian",5,L8 and L9: Small employers and own account workers,51
E05013767,Sutton South,3,"Asian, Asian British or Asian Welsh: Indian",6,L10 and L11: Lower supervisory and technical occupations,11
E05013767,Sutton South,3,"Asian, Asian British or Asian Welsh: Indian",7,L12: Semi-routine occupations,44
E05013767,Sutton South,3,"Asian, Asian British or Asian Welsh: Indian",8,L13: Routine occupations,17
E05013767,Sutton South,3,"Asian, Asian British or Asian Welsh: Indian",9,L14.1: Never worked,45
E05013767,Sutton South,3,"Asian, Asian British or Asian Welsh: Indian",10,L14.2: Long-term unemployed,21
E05013767,Sutton South,3,"Asian, Asian British or Asian Welsh: Indian",11,L15: Full-time students,37
E05013767,Sutton South,4,"Asian, Asian British or Asian Welsh: Pakistani",-8,Does not apply,169
E05013767,Sutton South,4,"Asian, Asian British or Asian Welsh: Pakistani",1,L1 and L2: Large employers and higher managerial and administrative occupations,17
E05013767,Sutton South,4,"Asian, Asian British or Asian Welsh: Pakistani",2,L3: Higher professional occupations,67
E05013767,Sutton South,4,"Asian, Asian British or Asian Welsh: Pakistani",3,"L4, L5 and L6: Lower managerial, administrative and professional occupations",54
E05013767,Sutton South,4,"Asian, Asian British or Asian Welsh: Pakistani",4,L7: Intermediate occupations,21
E05013767,Sutton South,4,"Asian, Asian British or Asian Welsh: Pakistani",5,L8 and L9: Small employers and own account workers,46
E05013767,Sutton South,4,"Asian, Asian British or Asian Welsh: Pakistani",6,L10 and L11: Lower supervisory and technical occupations,3
E05013767,Sutton South,4,"Asian, Asian British or Asian Welsh: Pakistani",7,L12: Semi-routine occupations,21
E05013767,Sutton South,4,"Asian, Asian British or Asian Welsh: Pakistani",8,L13: Routine occupations,15
E05013767,Sutton South,4,"Asian, Asian British or Asian Welsh: Pakistani",9,L14.1: Never worked,55
E05013767,Sutton South,4,"Asian, Asian British or Asian Welsh: Pakistani",10,L14.2: Long-term unemployed,7
E05013767,Sutton South,4,"Asian, Asian British or Asian Welsh: Pakistani",11,L15: Full-time students,33
E05013767,Sutton South,5,"Asian, Asian British or Asian Welsh: Other Asian",-8,Does not apply,136
E05013767,Sutton South,5,"Asian, Asian British or Asian Welsh: Other Asian",1,L1 and L2: Large employers and higher managerial and administrative occupations,16
E05013767,Sutton South,5,"Asian, Asian British or Asian Welsh: Other Asian",2,L3: Higher professional occupations,76
E05013767,Sutton South,5,"Asian, Asian British or Asian Welsh: Other Asian",3,"L4, L5 and L6: Lower managerial, administrative and professional occupations",111
E05013767,Sutton South,5,"Asian, Asian British or Asian Welsh: Other Asian",4,L7: Intermediate occupations,53
E05013767,Sutton South,5,"Asian, Asian British or Asian Welsh: Other Asian",5,L8 and L9: Small employers and own account workers,34
E05013767,Sutton South,5,"Asian, Asian British or Asian Welsh: Other Asian",6,L10 and L11: Lower supervisory and technical occupations,16
E05013767,Sutton South,5,"Asian, Asian British or Asian Welsh: Other Asian",7,L12: Semi-routine occupations,59
E05013767,Sutton South,5,"Asian, Asian British or Asian Welsh: Other Asian",8,L13: Routine occupations,33
E05013767,Sutton South,5,"Asian, Asian British or Asian Welsh: Other Asian",9,L14.1: Never worked,41
E05013767,Sutton South,5,"Asian, Asian British or Asian Welsh: Other Asian",10,L14.2: Long-term unemployed,6
E05013767,Sutton South,5,"Asian, Asian British or Asian Welsh: Other Asian",11,L15: Full-time students,33
E05013767,Sutton South,6,"Black, Black British, Black Welsh, Caribbean or African: African",-8,Does not apply,77
E05013767,Sutton South,6,"Black, Black British, Black Welsh, Caribbean or African: African",1,L1 and L2: Large employers and higher managerial and administrative occupations,14
E05013767,Sutton South,6,"Black, Black British, Black Welsh, Caribbean or African: African",2,L3: Higher professional occupations,47
E05013767,Sutton South,6,"Black, Black British, Black Welsh, Caribbean or African: African",3,"L4, L5 and L6: Lower managerial, administrative and professional occupations",97
E05013767,Sutton South,6,"Black, Black British, Black Welsh, Caribbean or African: African",4,L7: Intermediate occupations,43
E05013767,Sutton South,6,"Black, Black British, Black Welsh, Caribbean or African: African",5,L8 and L9: Small employers and own account workers,25
E05013767,Sutton South,6,"Black, Black British, Black Welsh, Caribbean or African: African",6,L10 and L11: Lower supervisory and technical occupations,16
E05013767,Sutton South,6,"Black, Black British, Black Welsh, Caribbean or African: African",7,L12: Semi-routine occupations,52
E05013767,Sutton South,6,"Black, Black British, Black Welsh, Caribbean or African: African",8,L13: Routine occupations,22
E05013767,Sutton South,6,"Black, Black British, Black Welsh, Caribbean or African: African",9,L14.1: Never worked,26
E05013767,Sutton South,6,"Black, Black British, Black Welsh, Caribbean or African: African",10,L14.2: Long-term unemployed,6
E05013767,Sutton South,6,"Black, Black British, Black Welsh, Caribbean or African: African",11,L15: Full-time students,27
E05013767,Sutton South,7,"Black, Black British, Black Welsh, Caribbean or African: Caribbean",-8,Does not apply,15
E05013767,Sutton South,7,"Black, Black British, Black Welsh, Caribbean or African: Caribbean",1,L1 and L2: Large employers and higher managerial and administrative occupations,7
E05013767,Sutton South,7,"Black, Black British, Black Welsh, Caribbean or African: Caribbean",2,L3: Higher professional occupations,18
E05013767,Sutton South,7,"Black, Black British, Black Welsh, Caribbean or African: Caribbean",3,"L4, L5 and L6: Lower managerial, administrative and professional occupations",38
E05013767,Sutton South,7,"Black, Black British, Black Welsh, Caribbean or African: Caribbean",4,L7: Intermediate occupations,21
E05013767,Sutton South,7,"Black, Black British, Black Welsh, Caribbean or African: Caribbean",5,L8 and L9: Small employers and own account workers,8
E05013767,Sutton South,7,"Black, Black British, Black Welsh, Caribbean or African: Caribbean",6,L10 and L11: Lower supervisory and technical occupations,6
E05013767,Sutton South,7,"Black, Black British, Black Welsh, Caribbean or African: Caribbean",7,L12: Semi-routine occupations,10
E05013767,Sutton South,7,"Black, Black British, Black Welsh, Caribbean or African: Caribbean",8,L13: Routine occupations,12
E05013767,Sutton South,7,"Black, Black British, Black Welsh, Caribbean or African: Caribbean",9,L14.1: Never worked,6
E05013767,Sutton South,7,"Black, Black British, Black Welsh, Caribbean or African: Caribbean",10,L14.2: Long-term unemployed,1
E05013767,Sutton South,7,"Black, Black British, Black Welsh, Caribbean or African: Caribbean",11,L15: Full-time students,5
E05013767,Sutton South,8,"Black, Black British, Black Welsh, Caribbean or African: Other Black",-8,Does not apply,62
E05013767,Sutton South,8,"Black, Black British, Black Welsh, Caribbean or African: Other Black",1,L1 and L2: Large employers and higher managerial and administrative occupations,0
E05013767,Sutton South,8,"Black, Black British, Black Welsh, Caribbean or African: Other Black",2,L3: Higher professional occupations,4
E05013767,Sutton South,8,"Black, Black British, Black Welsh, Caribbean or African: Other Black",3,"L4, L5 and L6: Lower managerial, administrative and professional occupations",8
E05013767,Sutton South,8,"Black, Black British, Black Welsh, Caribbean or African: Other Black",4,L7: Intermediate occupations,5
E05013767,Sutton South,8,"Black, Black British, Black Welsh, Caribbean or African: Other Black",5,L8 and L9: Small employers and own account workers,3
E05013767,Sutton South,8,"Black, Black British, Black Welsh, Caribbean or African: Other Black",6,L10 and L11: Lower supervisory and technical occupations,0
E05013767,Sutton South,8,"Black, Black British, Black Welsh, Caribbean or African: Other Black",7,L12: Semi-routine occupations,4
E05013767,Sutton South,8,"Black, Black British, Black Welsh, Caribbean or African: Other Black",8,L13: Routine occupations,10
E05013767,Sutton South,8,"Black, Black British, Black Welsh, Caribbean or African: Other Black",9,L14.1: Never worked,0
E05013767,Sutton South,8,"Black, Black British, Black Welsh, Caribbean or African: Other Black",10,L14.2: Long-term unemployed,3
E05013767,Sutton South,8,"Black, Black British, Black Welsh, Caribbean or African: Other Black",11,L15: Full-time students,5
E05013767,Sutton South,9,Mixed or Multiple ethnic groups: White and Asian,-8,Does not apply,71
E05013767,Sutton South,9,Mixed or Multiple ethnic groups: White and Asian,1,L1 and L2: Large employers and higher managerial and administrative occupations,7
E05013767,Sutton South,9,Mixed or Multiple ethnic groups: White and Asian,2,L3: Higher professional occupations,13
E05013767,Sutton South,9,Mixed or Multiple ethnic groups: White and Asian,3,"L4, L5 and L6: Lower managerial, administrative and professional occupations",16
E05013767,Sutton South,9,Mixed or Multiple ethnic groups: White and Asian,4,L7: Intermediate occupations,17
E05013767,Sutton South,9,Mixed or Multiple ethnic groups: White and Asian,5,L8 and L9: Small employers and own account workers,15
E05013767,Sutton South,9,Mixed or Multiple ethnic groups: White and Asian,6,L10 and L11: Lower supervisory and technical occupations,1
E05013767,Sutton South,9,Mixed or Multiple ethnic groups: White and Asian,7,L12: Semi-routine occupations,13
E05013767,Sutton South,9,Mixed or Multiple ethnic groups: White and Asian,8,L13: Routine occupations,9
E05013767,Sutton South,9,Mixed or Multiple ethnic groups: White and Asian,9,L14.1: Never worked,2
E05013767,Sutton South,9,Mixed or Multiple ethnic groups: White and Asian,10,L14.2: Long-term unemployed,0
E05013767,Sutton South,9,Mixed or Multiple ethnic groups: White and Asian,11,L15: Full-time students,15
E05013767,Sutton South,10,Mixed or Multiple ethnic groups: White and Black African,-8,Does not apply,29
E05013767,Sutton South,10,Mixed or Multiple ethnic groups: White and Black African,1,L1 and L2: Large employers and higher managerial and administrative occupations,2
E05013767,Sutton South,10,Mixed or Multiple ethnic groups: White and Black African,2,L3: Higher professional occupations,2
E05013767,Sutton South,10,Mixed or Multiple ethnic groups: White and Black African,3,"L4, L5 and L6: Lower managerial, administrative and professional occupations",7
E05013767,Sutton South,10,Mixed or Multiple ethnic groups: White and Black African,4,L7: Intermediate occupations,4
E05013767,Sutton South,10,Mixed or Multiple ethnic groups: White and Black African,5,L8 and L9: Small employers and own account workers,3
E05013767,Sutton South,10,Mixed or Multiple ethnic groups: White and Black African,6,L10 and L11: Lower supervisory and technical occupations,0
E05013767,Sutton South,10,Mixed or Multiple ethnic groups: White and Black African,7,L12: Semi-routine occupations,3
E05013767,Sutton South,10,Mixed or Multiple ethnic groups: White and Black African,8,L13: Routine occupations,3
E05013767,Sutton South,10,Mixed or Multiple ethnic groups: White and Black African,9,L14.1: Never worked,1
E05013767,Sutton South,10,Mixed or Multiple ethnic groups: White and Black African,10,L14.2: Long-term unemployed,1
E05013767,Sutton South,10,Mixed or Multiple ethnic groups: White and Black African,11,L15: Full-time students,1
E05013767,Sutton South,11,Mixed or Multiple ethnic groups: White and Black Caribbean,-8,Does not apply,57
E05013767,Sutton South,11,Mixed or Multiple ethnic groups: White and Black Caribbean,1,L1 and L2: Large employers and higher managerial and administrative occupations,2
E05013767,Sutton South,11,Mixed or Multiple ethnic groups: White and Black Caribbean,2,L3: Higher professional occupations,6
E05013767,Sutton South,11,Mixed or Multiple ethnic groups: White and Black Caribbean,3,"L4, L5 and L6: Lower managerial, administrative and professional occupations",20
E05013767,Sutton South,11,Mixed or Multiple ethnic groups: White and Black Caribbean,4,L7: Intermediate occupations,17
E05013767,Sutton South,11,Mixed or Multiple ethnic groups: White and Black Caribbean,5,L8 and L9: Small employers and own account workers,11
E05013767,Sutton South,11,Mixed or Multiple ethnic groups: White and Black Caribbean,6,L10 and L11: Lower supervisory and technical occupations,8
E05013767,Sutton South,11,Mixed or Multiple ethnic groups: White and Black Caribbean,7,L12: Semi-routine occupations,9
E05013767,Sutton South,11,Mixed or Multiple ethnic groups: White and Black Caribbean,8,L13: Routine occupations,3
E05013767,Sutton South,11,Mixed or Multiple ethnic groups: White and Black Caribbean,9,L14.1: Never worked,9
E05013767,Sutton South,11,Mixed or Multiple ethnic groups: White and Black Caribbean,10,L14.2: Long-term unemployed,1
E05013767,Sutton South,11,Mixed or Multiple ethnic groups: White and Black Caribbean,11,L15: Full-time students,8
E05013767,Sutton South,12,Mixed or Multiple ethnic groups: Other Mixed or Multiple ethnic groups,-8,Does not apply,74
E05013767,Sutton South,12,Mixed or Multiple ethnic groups: Other Mixed or Multiple ethnic groups,1,L1 and L2: Large employers and higher managerial and administrative occupations,5
E05013767,Sutton South,12,Mixed or Multiple ethnic groups: Other Mixed or Multiple ethnic groups,2,L3: Higher professional occupations,9
E05013767,Sutton South,12,Mixed or Multiple ethnic groups: Other Mixed or Multiple ethnic groups,3,"L4, L5 and L6: Lower managerial, administrative and professional occupations",24
E05013767,Sutton South,12,Mixed or Multiple ethnic groups: Other Mixed or Multiple ethnic groups,4,L7: Intermediate occupations,13
E05013767,Sutton South,12,Mixed or Multiple ethnic groups: Other Mixed or Multiple ethnic groups,5,L8 and L9: Small employers and own account workers,7
E05013767,Sutton South,12,Mixed or Multiple ethnic groups: Other Mixed or Multiple ethnic groups,6,L10 and L11: Lower supervisory and technical occupations,6
E05013767,Sutton South,12,Mixed or Multiple ethnic groups: Other Mixed or Multiple ethnic groups,7,L12: Semi-routine occupations,5
E05013767,Sutton South,12,Mixed or Multiple ethnic groups: Other Mixed or Multiple ethnic groups,8,L13: Routine occupations,12
E05013767,Sutton South,12,Mixed or Multiple ethnic groups: Other Mixed or Multiple ethnic groups,9,L14.1: Never worked,10
E05013767,Sutton South,12,Mixed or Multiple ethnic groups: Other Mixed or Multiple ethnic groups,10,L14.2: Long-term unemployed,1
E05013767,Sutton South,12,Mixed or Multiple ethnic groups: Other Mixed or Multiple ethnic groups,11,L15: Full-time students,6
E05013767,Sutton South,13,"White: English, Welsh, Scottish, Northern Irish or British",-8,Does not apply,890
E05013767,Sutton South,13,"White: English, Welsh, Scottish, Northern Irish or British",1,L1 and L2: Large employers and higher managerial and administrative occupations,250
E05013767,Sutton South,13,"White: English, Welsh, Scottish, Northern Irish or British",2,L3: Higher professional occupations,593
E05013767,Sutton South,13,"White: English, Welsh, Scottish, Northern Irish or British",3,"L4, L5 and L6: Lower managerial, administrative and professional occupations",1209
E05013767,Sutton South,13,"White: English, Welsh, Scottish, Northern Irish or British",4,L7: Intermediate occupations,764
E05013767,Sutton South,13,"White: English, Welsh, Scottish, Northern Irish or British",5,L8 and L9: Small employers and own account workers,511
E05013767,Sutton South,13,"White: English, Welsh, Scottish, Northern Irish or British",6,L10 and L11: Lower supervisory and technical occupations,196
E05013767,Sutton South,13,"White: English, Welsh, Scottish, Northern Irish or British",7,L12: Semi-routine occupations,434
E05013767,Sutton South,13,"White: English, Welsh, Scottish, Northern Irish or British",8,L13: Routine occupations,345
E05013767,Sutton South,13,"White: English, Welsh, Scottish, Northern Irish or British",9,L14.1: Never worked,378
E05013767,Sutton South,13,"White: English, Welsh, Scottish, Northern Irish or British",10,L14.2: Long-term unemployed,45
E05013767,Sutton South,13,"White: English, Welsh, Scottish, Northern Irish or British",11,L15: Full-time students,145
E05013767,Sutton South,14,White: Irish,-8,Does not apply,2
E05013767,Sutton South,14,White: Irish,1,L1 and L2: Large employers and higher managerial and administrative occupations,14
E05013767,Sutton South,14,White: Irish,2,L3: Higher professional occupations,19
E05013767,Sutton South,14,White: Irish,3,"L4, L5 and L6: Lower managerial, administrative and professional occupations",49
E05013767,Sutton South,14,White: Irish,4,L7: Intermediate occupations,20
E05013767,Sutton South,14,White: Irish,5,L8 and L9: Small employers and own account workers,28
E05013767,Sutton South,14,White: Irish,6,L10 and L11: Lower supervisory and technical occupations,4
E05013767,Sutton South,14,White: Irish,7,L12: Semi-routine occupations,12
E05013767,Sutton South,14,White: Irish,8,L13: Routine occupations,13
E05013767,Sutton South,14,White: Irish,9,L14.1: Never worked,19
E05013767,Sutton South,14,White: Irish,10,L14.2: Long-term unemployed,1
E05013767,Sutton South,14,White: Irish,11,L15: Full-time students,3
E05013767,Sutton South,15,White: Gypsy or Irish Traveller,-8,Does not apply,5
E05013767,Sutton South,15,White: Gypsy or Irish Traveller,1,L1 and L2: Large employers and higher managerial and administrative occupations,2
E05013767,Sutton South,15,White: Gypsy or Irish Traveller,2,L3: Higher professional occupations,0
E05013767,Sutton South,15,White: Gypsy or Irish Traveller,3,"L4, L5 and L6: Lower managerial, administrative and professional occupations",0
E05013767,Sutton South,15,White: Gypsy or Irish Traveller,4,L7: Intermediate occupations,0
E05013767,Sutton South,15,White: Gypsy or Irish Traveller,5,L8 and L9: Small employers and own account workers,0
E05013767,Sutton South,15,White: Gypsy or Irish Traveller,6,L10 and L11: Lower supervisory and technical occupations,1
E05013767,Sutton South,15,White: Gypsy or Irish Traveller,7,L12: Semi-routine occupations,0
E05013767,Sutton South,15,White: Gypsy or Irish Traveller,8,L13: Routine occupations,0
E05013767,Sutton South,15,White: Gypsy or Irish Traveller,9,L14.1: Never worked,1
E05013767,Sutton South,15,White: Gypsy or Irish Traveller,10,L14.2: Long-term unemployed,0
E05013767,Sutton South,15,White: Gypsy or Irish Traveller,11,L15: Full-time students,0
E05013767,Sutton South,16,White: Roma,-8,Does not apply,9
E05013767,Sutton South,16,White: Roma,1,L1 and L2: Large employers and higher managerial and administrative occupations,0
E05013767,Sutton South,16,White: Roma,2,L3: Higher professional occupations,2
E05013767,Sutton South,16,White: Roma,3,"L4, L5 and L6: Lower managerial, administrative and professional occupations",5
E05013767,Sutton South,16,White: Roma,4,L7: Intermediate occupations,0
E05013767,Sutton South,16,White: Roma,5,L8 and L9: Small employers and own account workers,13
E05013767,Sutton South,16,White: Roma,6,L10 and L11: Lower supervisory and technical occupations,1
E05013767,Sutton South,16,White: Roma,7,L12: Semi-routine occupations,5
E05013767,Sutton South,16,White: Roma,8,L13: Routine occupations,4
E05013767,Sutton South,16,White: Roma,9,L14.1: Never worked,0
E05013767,Sutton South,16,White: Roma,10,L14.2: Long-term unemployed,1
E05013767,Sutton South,16,White: Roma,11,L15: Full-time students,2
E05013767,Sutton South,17,White: Other White,-8,Does not apply,316
E05013767,Sutton South,17,White: Other White,1,L1 and L2: Large employers and higher managerial and administrative occupations,56
E05013767,Sutton South,17,White: Other White,2,L3: Higher professional occupations,216
E05013767,Sutton South,17,White: Other White,3,"L4, L5 and L6: Lower managerial, administrative and professional occupations",344
E05013767,Sutton South,17,White: Other White,4,L7: Intermediate occupations,161
E05013767,Sutton South,17,White: Other White,5,L8 and L9: Small employers and own account workers,314
E05013767,Sutton South,17,White: Other White,6,L10 and L11: Lower supervisory and technical occupations,88
E05013767,Sutton South,17,White: Other White,7,L12: Semi-routine occupations,142
E05013767,Sutton South,17,White: Other White,8,L13: Routine occupations,138
E05013767,Sutton South,17,White: Other White,9,L14.1: Never worked,55
E05013767,Sutton South,17,White: Other White,10,L14.2: Long-term unemployed,21
E05013767,Sutton South,17,White: Other White,11,L15: Full-time students,78
E05013767,Sutton South,18,Other ethnic group: Arab,-8,Does not apply,29
E05013767,Sutton South,18,Other ethnic group: Arab,1,L1 and L2: Large employers and higher managerial and administrative occupations,2
E05013767,Sutton South,18,Other ethnic group: Arab,2,L3: Higher professional occupations,24
E05013767,Sutton South,18,Other ethnic group: Arab,3,"L4, L5 and L6: Lower managerial, administrative and professional occupations",21
E05013767,Sutton South,18,Other ethnic group: Arab,4,L7: Intermediate occupations,11
E05013767,Sutton South,18,Other ethnic group: Arab,5,L8 and L9: Small employers and own account workers,8
E05013767,Sutton South,18,Other ethnic group: Arab,6,L10 and L11: Lower supervisory and technical occupations,5
E05013767,Sutton South,18,Other ethnic group: Arab,7,L12: Semi-routine occupations,7
E05013767,Sutton South,18,Other ethnic group: Arab,8,L13: Routine occupations,4
E05013767,Sutton South,18,Other ethnic group: Arab,9,L14.1: Never worked,12
E05013767,Sutton South,18,Other ethnic group: Arab,10,L14.2: Long-term unemployed,2
E05013767,Sutton South,18,Other ethnic group: Arab,11,L15: Full-time students,12
E05013767,Sutton South,19,Other ethnic group: Any other ethnic group,-8,Does not apply,74
E05013767,Sutton South,19,Other ethnic group: Any other ethnic group,1,L1 and L2: Large employers and higher managerial and administrative occupations,11
E05013767,Sutton South,19,Other ethnic group: Any other ethnic group,2,L3: Higher professional occupations,51
E05013767,Sutton South,19,Other ethnic group: Any other ethnic group,3,"L4, L5 and L6: Lower managerial, administrative and professional occupations",49
E05013767,Sutton South,19,Other ethnic group: Any other ethnic group,4,L7: Intermediate occupations,32
E05013767,Sutton South,19,Other ethnic group: Any other ethnic group,5,L8 and L9: Small employers and own account workers,40
E05013767,Sutton South,19,Other ethnic group: Any other ethnic group,6,L10 and L11: Lower supervisory and technical occupations,11
E05013767,Sutton South,19,Other ethnic group: Any other ethnic group,7,L12: Semi-routine occupations,32
E05013767,Sutton South,19,Other ethnic group: Any other ethnic group,8,L13: Routine occupations,34
E05013767,Sutton South,19,Other ethnic group: Any other ethnic group,9,L14.1: Never worked,35
E05013767,Sutton South,19,Other ethnic group: Any other ethnic group,10,L14.2: Long-term unemployed,6
E05013767,Sutton South,19,Other ethnic group: Any other ethnic group,11,L15: Full-time students,15
E05013768,Sutton West & East Cheam,-8,Does not apply,-8,Does not apply,0
E05013768,Sutton West & East Cheam,-8,Does not apply,1,L1 and L2: Large employers and higher managerial and administrative occupations,0
E05013768,Sutton West & East Cheam,-8,Does not apply,2,L3: Higher professional occupations,0
E05013768,Sutton West & East Cheam,-8,Does not apply,3,"L4, L5 and L6: Lower managerial, administrative and professional occupations",0
E05013768,Sutton West & East Cheam,-8,Does not apply,4,L7: Intermediate occupations,0
E05013768,Sutton West & East Cheam,-8,Does not apply,5,L8 and L9: Small employers and own account workers,0
E05013768,Sutton West & East Cheam,-8,Does not apply,6,L10 and L11: Lower supervisory and technical occupations,0
E05013768,Sutton West & East Cheam,-8,Does not apply,7,L12: Semi-routine occupations,0
E05013768,Sutton West & East Cheam,-8,Does not apply,8,L13: Routine occupations,0
E05013768,Sutton West & East Cheam,-8,Does not apply,9,L14.1: Never worked,0
E05013768,Sutton West & East Cheam,-8,Does not apply,10,L14.2: Long-term unemployed,0
E05013768,Sutton West & East Cheam,-8,Does not apply,11,L15: Full-time students,0
E05013768,Sutton West & East Cheam,1,"Asian, Asian British or Asian Welsh: Bangladeshi",-8,Does not apply,32
E05013768,Sutton West & East Cheam,1,"Asian, Asian British or Asian Welsh: Bangladeshi",1,L1 and L2: Large employers and higher managerial and administrative occupations,3
E05013768,Sutton West & East Cheam,1,"Asian, Asian British or Asian Welsh: Bangladeshi",2,L3: Higher professional occupations,7
E05013768,Sutton West & East Cheam,1,"Asian, Asian British or Asian Welsh: Bangladeshi",3,"L4, L5 and L6: Lower managerial, administrative and professional occupations",13
E05013768,Sutton West & East Cheam,1,"Asian, Asian British or Asian Welsh: Bangladeshi",4,L7: Intermediate occupations,4
E05013768,Sutton West & East Cheam,1,"Asian, Asian British or Asian Welsh: Bangladeshi",5,L8 and L9: Small employers and own account workers,4
E05013768,Sutton West & East Cheam,1,"Asian, Asian British or Asian Welsh: Bangladeshi",6,L10 and L11: Lower supervisory and technical occupations,0
E05013768,Sutton West & East Cheam,1,"Asian, Asian British or Asian Welsh: Bangladeshi",7,L12: Semi-routine occupations,10
E05013768,Sutton West & East Cheam,1,"Asian, Asian British or Asian Welsh: Bangladeshi",8,L13: Routine occupations,2
E05013768,Sutton West & East Cheam,1,"Asian, Asian British or Asian Welsh: Bangladeshi",9,L14.1: Never worked,9
E05013768,Sutton West & East Cheam,1,"Asian, Asian British or Asian Welsh: Bangladeshi",10,L14.2: Long-term unemployed,0
E05013768,Sutton West & East Cheam,1,"Asian, Asian British or Asian Welsh: Bangladeshi",11,L15: Full-time students,13
E05013768,Sutton West & East Cheam,2,"Asian, Asian British or Asian Welsh: Chinese",-8,Does not apply,67
E05013768,Sutton West & East Cheam,2,"Asian, Asian British or Asian Welsh: Chinese",1,L1 and L2: Large employers and higher managerial and administrative occupations,12
E05013768,Sutton West & East Cheam,2,"Asian, Asian British or Asian Welsh: Chinese",2,L3: Higher professional occupations,54
E05013768,Sutton West & East Cheam,2,"Asian, Asian British or Asian Welsh: Chinese",3,"L4, L5 and L6: Lower managerial, administrative and professional occupations",50
E05013768,Sutton West & East Cheam,2,"Asian, Asian British or Asian Welsh: Chinese",4,L7: Intermediate occupations,19
E05013768,Sutton West & East Cheam,2,"Asian, Asian British or Asian Welsh: Chinese",5,L8 and L9: Small employers and own account workers,27
E05013768,Sutton West & East Cheam,2,"Asian, Asian British or Asian Welsh: Chinese",6,L10 and L11: Lower supervisory and technical occupations,7
E05013768,Sutton West & East Cheam,2,"Asian, Asian British or Asian Welsh: Chinese",7,L12: Semi-routine occupations,15
E05013768,Sutton West & East Cheam,2,"Asian, Asian British or Asian Welsh: Chinese",8,L13: Routine occupations,14
E05013768,Sutton West & East Cheam,2,"Asian, Asian British or Asian Welsh: Chinese",9,L14.1: Never worked,9
E05013768,Sutton West & East Cheam,2,"Asian, Asian British or Asian Welsh: Chinese",10,L14.2: Long-term unemployed,2
E05013768,Sutton West & East Cheam,2,"Asian, Asian British or Asian Welsh: Chinese",11,L15: Full-time students,12
E05013768,Sutton West & East Cheam,3,"Asian, Asian British or Asian Welsh: Indian",-8,Does not apply,226
E05013768,Sutton West & East Cheam,3,"Asian, Asian British or Asian Welsh: Indian",1,L1 and L2: Large employers and higher managerial and administrative occupations,43
E05013768,Sutton West & East Cheam,3,"Asian, Asian British or Asian Welsh: Indian",2,L3: Higher professional occupations,147
E05013768,Sutton West & East Cheam,3,"Asian, Asian British or Asian Welsh: Indian",3,"L4, L5 and L6: Lower managerial, administrative and professional occupations",128
E05013768,Sutton West & East Cheam,3,"Asian, Asian British or Asian Welsh: Indian",4,L7: Intermediate occupations,51
E05013768,Sutton West & East Cheam,3,"Asian, Asian British or Asian Welsh: Indian",5,L8 and L9: Small employers and own account workers,46
E05013768,Sutton West & East Cheam,3,"Asian, Asian British or Asian Welsh: Indian",6,L10 and L11: Lower supervisory and technical occupations,12
E05013768,Sutton West & East Cheam,3,"Asian, Asian British or Asian Welsh: Indian",7,L12: Semi-routine occupations,18
E05013768,Sutton West & East Cheam,3,"Asian, Asian British or Asian Welsh: Indian",8,L13: Routine occupations,14
E05013768,Sutton West & East Cheam,3,"Asian, Asian British or Asian Welsh: Indian",9,L14.1: Never worked,26
E05013768,Sutton West & East Cheam,3,"Asian, Asian British or Asian Welsh: Indian",10,L14.2: Long-term unemployed,8
E05013768,Sutton West & East Cheam,3,"Asian, Asian British or Asian Welsh: Indian",11,L15: Full-time students,37
E05013768,Sutton West & East Cheam,4,"Asian, Asian British or Asian Welsh: Pakistani",-8,Does not apply,93
E05013768,Sutton West & East Cheam,4,"Asian, Asian British or Asian Welsh: Pakistani",1,L1 and L2: Large employers and higher managerial and administrative occupations,9
E05013768,Sutton West & East Cheam,4,"Asian, Asian British or Asian Welsh: Pakistani",2,L3: Higher professional occupations,33
E05013768,Sutton West & East Cheam,4,"Asian, Asian British or Asian Welsh: Pakistani",3,"L4, L5 and L6: Lower managerial, administrative and professional occupations",34
E05013768,Sutton West & East Cheam,4,"Asian, Asian British or Asian Welsh: Pakistani",4,L7: Intermediate occupations,22
E05013768,Sutton West & East Cheam,4,"Asian, Asian British or Asian Welsh: Pakistani",5,L8 and L9: Small employers and own account workers,22
E05013768,Sutton West & East Cheam,4,"Asian, Asian British or Asian Welsh: Pakistani",6,L10 and L11: Lower supervisory and technical occupations,6
E05013768,Sutton West & East Cheam,4,"Asian, Asian British or Asian Welsh: Pakistani",7,L12: Semi-routine occupations,14
E05013768,Sutton West & East Cheam,4,"Asian, Asian British or Asian Welsh: Pakistani",8,L13: Routine occupations,7
E05013768,Sutton West & East Cheam,4,"Asian, Asian British or Asian Welsh: Pakistani",9,L14.1: Never worked,27
E05013768,Sutton West & East Cheam,4,"Asian, Asian British or Asian Welsh: Pakistani",10,L14.2: Long-term unemployed,3
E05013768,Sutton West & East Cheam,4,"Asian, Asian British or Asian Welsh: Pakistani",11,L15: Full-time students,20
E05013768,Sutton West & East Cheam,5,"Asian, Asian British or Asian Welsh: Other Asian",-8,Does not apply,120
E05013768,Sutton West & East Cheam,5,"Asian, Asian British or Asian Welsh: Other Asian",1,L1 and L2: Large employers and higher managerial and administrative occupations,17
E05013768,Sutton West & East Cheam,5,"Asian, Asian British or Asian Welsh: Other Asian",2,L3: Higher professional occupations,39
E05013768,Sutton West & East Cheam,5,"Asian, Asian British or Asian Welsh: Other Asian",3,"L4, L5 and L6: Lower managerial, administrative and professional occupations",79
E05013768,Sutton West & East Cheam,5,"Asian, Asian British or Asian Welsh: Other Asian",4,L7: Intermediate occupations,54
E05013768,Sutton West & East Cheam,5,"Asian, Asian British or Asian Welsh: Other Asian",5,L8 and L9: Small employers and own account workers,34
E05013768,Sutton West & East Cheam,5,"Asian, Asian British or Asian Welsh: Other Asian",6,L10 and L11: Lower supervisory and technical occupations,15
E05013768,Sutton West & East Cheam,5,"Asian, Asian British or Asian Welsh: Other Asian",7,L12: Semi-routine occupations,52
E05013768,Sutton West & East Cheam,5,"Asian, Asian British or Asian Welsh: Other Asian",8,L13: Routine occupations,30
E05013768,Sutton West & East Cheam,5,"Asian, Asian British or Asian Welsh: Other Asian",9,L14.1: Never worked,43
E05013768,Sutton West & East Cheam,5,"Asian, Asian British or Asian Welsh: Other Asian",10,L14.2: Long-term unemployed,7
E05013768,Sutton West & East Cheam,5,"Asian, Asian British or Asian Welsh: Other Asian",11,L15: Full-time students,46
E05013768,Sutton West & East Cheam,6,"Black, Black British, Black Welsh, Caribbean or African: African",-8,Does not apply,61
E05013768,Sutton West & East Cheam,6,"Black, Black British, Black Welsh, Caribbean or African: African",1,L1 and L2: Large employers and higher managerial and administrative occupations,5
E05013768,Sutton West & East Cheam,6,"Black, Black British, Black Welsh, Caribbean or African: African",2,L3: Higher professional occupations,27
E05013768,Sutton West & East Cheam,6,"Black, Black British, Black Welsh, Caribbean or African: African",3,"L4, L5 and L6: Lower managerial, administrative and professional occupations",77
E05013768,Sutton West & East Cheam,6,"Black, Black British, Black Welsh, Caribbean or African: African",4,L7: Intermediate occupations,17
E05013768,Sutton West & East Cheam,6,"Black, Black British, Black Welsh, Caribbean or African: African",5,L8 and L9: Small employers and own account workers,12
E05013768,Sutton West & East Cheam,6,"Black, Black British, Black Welsh, Caribbean or African: African",6,L10 and L11: Lower supervisory and technical occupations,12
E05013768,Sutton West & East Cheam,6,"Black, Black British, Black Welsh, Caribbean or African: African",7,L12: Semi-routine occupations,42
E05013768,Sutton West & East Cheam,6,"Black, Black British, Black Welsh, Caribbean or African: African",8,L13: Routine occupations,20
E05013768,Sutton West & East Cheam,6,"Black, Black British, Black Welsh, Caribbean or African: African",9,L14.1: Never worked,12
E05013768,Sutton West & East Cheam,6,"Black, Black British, Black Welsh, Caribbean or African: African",10,L14.2: Long-term unemployed,8
E05013768,Sutton West & East Cheam,6,"Black, Black British, Black Welsh, Caribbean or African: African",11,L15: Full-time students,34
E05013768,Sutton West & East Cheam,7,"Black, Black British, Black Welsh, Caribbean or African: Caribbean",-8,Does not apply,15
E05013768,Sutton West & East Cheam,7,"Black, Black British, Black Welsh, Caribbean or African: Caribbean",1,L1 and L2: Large employers and higher managerial and administrative occupations,7
E05013768,Sutton West & East Cheam,7,"Black, Black British, Black Welsh, Caribbean or African: Caribbean",2,L3: Higher professional occupations,11
E05013768,Sutton West & East Cheam,7,"Black, Black British, Black Welsh, Caribbean or African: Caribbean",3,"L4, L5 and L6: Lower managerial, administrative and professional occupations",28
E05013768,Sutton West & East Cheam,7,"Black, Black British, Black Welsh, Caribbean or African: Caribbean",4,L7: Intermediate occupations,15
E05013768,Sutton West & East Cheam,7,"Black, Black British, Black Welsh, Caribbean or African: Caribbean",5,L8 and L9: Small employers and own account workers,12
E05013768,Sutton West & East Cheam,7,"Black, Black British, Black Welsh, Caribbean or African: Caribbean",6,L10 and L11: Lower supervisory and technical occupations,5
E05013768,Sutton West & East Cheam,7,"Black, Black British, Black Welsh, Caribbean or African: Caribbean",7,L12: Semi-routine occupations,15
E05013768,Sutton West & East Cheam,7,"Black, Black British, Black Welsh, Caribbean or African: Caribbean",8,L13: Routine occupations,13
E05013768,Sutton West & East Cheam,7,"Black, Black British, Black Welsh, Caribbean or African: Caribbean",9,L14.1: Never worked,8
E05013768,Sutton West & East Cheam,7,"Black, Black British, Black Welsh, Caribbean or African: Caribbean",10,L14.2: Long-term unemployed,2
E05013768,Sutton West & East Cheam,7,"Black, Black British, Black Welsh, Caribbean or African: Caribbean",11,L15: Full-time students,7
E05013768,Sutton West & East Cheam,8,"Black, Black British, Black Welsh, Caribbean or African: Other Black",-8,Does not apply,36
E05013768,Sutton West & East Cheam,8,"Black, Black British, Black Welsh, Caribbean or African: Other Black",1,L1 and L2: Large employers and higher managerial and administrative occupations,2
E05013768,Sutton West & East Cheam,8,"Black, Black British, Black Welsh, Caribbean or African: Other Black",2,L3: Higher professional occupations,4
E05013768,Sutton West & East Cheam,8,"Black, Black British, Black Welsh, Caribbean or African: Other Black",3,"L4, L5 and L6: Lower managerial, administrative and professional occupations",8
E05013768,Sutton West & East Cheam,8,"Black, Black British, Black Welsh, Caribbean or African: Other Black",4,L7: Intermediate occupations,4
E05013768,Sutton West & East Cheam,8,"Black, Black British, Black Welsh, Caribbean or African: Other Black",5,L8 and L9: Small employers and own account workers,2
E05013768,Sutton West & East Cheam,8,"Black, Black British, Black Welsh, Caribbean or African: Other Black",6,L10 and L11: Lower supervisory and technical occupations,1
E05013768,Sutton West & East Cheam,8,"Black, Black British, Black Welsh, Caribbean or African: Other Black",7,L12: Semi-routine occupations,2
E05013768,Sutton West & East Cheam,8,"Black, Black British, Black Welsh, Caribbean or African: Other Black",8,L13: Routine occupations,3
E05013768,Sutton West & East Cheam,8,"Black, Black British, Black Welsh, Caribbean or African: Other Black",9,L14.1: Never worked,0
E05013768,Sutton West & East Cheam,8,"Black, Black British, Black Welsh, Caribbean or African: Other Black",10,L14.2: Long-term unemployed,1
E05013768,Sutton West & East Cheam,8,"Black, Black British, Black Welsh, Caribbean or African: Other Black",11,L15: Full-time students,4
E05013768,Sutton West & East Cheam,9,Mixed or Multiple ethnic groups: White and Asian,-8,Does not apply,81
E05013768,Sutton West & East Cheam,9,Mixed or Multiple ethnic groups: White and Asian,1,L1 and L2: Large employers and higher managerial and administrative occupations,4
E05013768,Sutton West & East Cheam,9,Mixed or Multiple ethnic groups: White and Asian,2,L3: Higher professional occupations,13
E05013768,Sutton West & East Cheam,9,Mixed or Multiple ethnic groups: White and Asian,3,"L4, L5 and L6: Lower managerial, administrative and professional occupations",23
E05013768,Sutton West & East Cheam,9,Mixed or Multiple ethnic groups: White and Asian,4,L7: Intermediate occupations,12
E05013768,Sutton West & East Cheam,9,Mixed or Multiple ethnic groups: White and Asian,5,L8 and L9: Small employers and own account workers,6
E05013768,Sutton West & East Cheam,9,Mixed or Multiple ethnic groups: White and Asian,6,L10 and L11: Lower supervisory and technical occupations,1
E05013768,Sutton West & East Cheam,9,Mixed or Multiple ethnic groups: White and Asian,7,L12: Semi-routine occupations,6
E05013768,Sutton West & East Cheam,9,Mixed or Multiple ethnic groups: White and Asian,8,L13: Routine occupations,5
E05013768,Sutton West & East Cheam,9,Mixed or Multiple ethnic groups: White and Asian,9,L14.1: Never worked,3
E05013768,Sutton West & East Cheam,9,Mixed or Multiple ethnic groups: White and Asian,10,L14.2: Long-term unemployed,1
E05013768,Sutton West & East Cheam,9,Mixed or Multiple ethnic groups: White and Asian,11,L15: Full-time students,10
E05013768,Sutton West & East Cheam,10,Mixed or Multiple ethnic groups: White and Black African,-8,Does not apply,47
E05013768,Sutton West & East Cheam,10,Mixed or Multiple ethnic groups: White and Black African,1,L1 and L2: Large employers and higher managerial and administrative occupations,4
E05013768,Sutton West & East Cheam,10,Mixed or Multiple ethnic groups: White and Black African,2,L3: Higher professional occupations,1
E05013768,Sutton West & East Cheam,10,Mixed or Multiple ethnic groups: White and Black African,3,"L4, L5 and L6: Lower managerial, administrative and professional occupations",9
E05013768,Sutton West & East Cheam,10,Mixed or Multiple ethnic groups: White and Black African,4,L7: Intermediate occupations,4
E05013768,Sutton West & East Cheam,10,Mixed or Multiple ethnic groups: White and Black African,5,L8 and L9: Small employers and own account workers,2
E05013768,Sutton West & East Cheam,10,Mixed or Multiple ethnic groups: White and Black African,6,L10 and L11: Lower supervisory and technical occupations,3
E05013768,Sutton West & East Cheam,10,Mixed or Multiple ethnic groups: White and Black African,7,L12: Semi-routine occupations,3
E05013768,Sutton West & East Cheam,10,Mixed or Multiple ethnic groups: White and Black African,8,L13: Routine occupations,3
E05013768,Sutton West & East Cheam,10,Mixed or Multiple ethnic groups: White and Black African,9,L14.1: Never worked,2
E05013768,Sutton West & East Cheam,10,Mixed or Multiple ethnic groups: White and Black African,10,L14.2: Long-term unemployed,0
E05013768,Sutton West & East Cheam,10,Mixed or Multiple ethnic groups: White and Black African,11,L15: Full-time students,1
E05013768,Sutton West & East Cheam,11,Mixed or Multiple ethnic groups: White and Black Caribbean,-8,Does not apply,61
E05013768,Sutton West & East Cheam,11,Mixed or Multiple ethnic groups: White and Black Caribbean,1,L1 and L2: Large employers and higher managerial and administrative occupations,2
E05013768,Sutton West & East Cheam,11,Mixed or Multiple ethnic groups: White and Black Caribbean,2,L3: Higher professional occupations,5
E05013768,Sutton West & East Cheam,11,Mixed or Multiple ethnic groups: White and Black Caribbean,3,"L4, L5 and L6: Lower managerial, administrative and professional occupations",18
E05013768,Sutton West & East Cheam,11,Mixed or Multiple ethnic groups: White and Black Caribbean,4,L7: Intermediate occupations,8
E05013768,Sutton West & East Cheam,11,Mixed or Multiple ethnic groups: White and Black Caribbean,5,L8 and L9: Small employers and own account workers,5
E05013768,Sutton West & East Cheam,11,Mixed or Multiple ethnic groups: White and Black Caribbean,6,L10 and L11: Lower supervisory and technical occupations,5
E05013768,Sutton West & East Cheam,11,Mixed or Multiple ethnic groups: White and Black Caribbean,7,L12: Semi-routine occupations,6
E05013768,Sutton West & East Cheam,11,Mixed or Multiple ethnic groups: White and Black Caribbean,8,L13: Routine occupations,2
E05013768,Sutton West & East Cheam,11,Mixed or Multiple ethnic groups: White and Black Caribbean,9,L14.1: Never worked,5
E05013768,Sutton West & East Cheam,11,Mixed or Multiple ethnic groups: White and Black Caribbean,10,L14.2: Long-term unemployed,0
E05013768,Sutton West & East Cheam,11,Mixed or Multiple ethnic groups: White and Black Caribbean,11,L15: Full-time students,10
E05013768,Sutton West & East Cheam,12,Mixed or Multiple ethnic groups: Other Mixed or Multiple ethnic groups,-8,Does not apply,75
E05013768,Sutton West & East Cheam,12,Mixed or Multiple ethnic groups: Other Mixed or Multiple ethnic groups,1,L1 and L2: Large employers and higher managerial and administrative occupations,5
E05013768,Sutton West & East Cheam,12,Mixed or Multiple ethnic groups: Other Mixed or Multiple ethnic groups,2,L3: Higher professional occupations,15
E05013768,Sutton West & East Cheam,12,Mixed or Multiple ethnic groups: Other Mixed or Multiple ethnic groups,3,"L4, L5 and L6: Lower managerial, administrative and professional occupations",32
E05013768,Sutton West & East Cheam,12,Mixed or Multiple ethnic groups: Other Mixed or Multiple ethnic groups,4,L7: Intermediate occupations,13
E05013768,Sutton West & East Cheam,12,Mixed or Multiple ethnic groups: Other Mixed or Multiple ethnic groups,5,L8 and L9: Small employers and own account workers,18
E05013768,Sutton West & East Cheam,12,Mixed or Multiple ethnic groups: Other Mixed or Multiple ethnic groups,6,L10 and L11: Lower supervisory and technical occupations,11
E05013768,Sutton West & East Cheam,12,Mixed or Multiple ethnic groups: Other Mixed or Multiple ethnic groups,7,L12: Semi-routine occupations,10
E05013768,Sutton West & East Cheam,12,Mixed or Multiple ethnic groups: Other Mixed or Multiple ethnic groups,8,L13: Routine occupations,6
E05013768,Sutton West & East Cheam,12,Mixed or Multiple ethnic groups: Other Mixed or Multiple ethnic groups,9,L14.1: Never worked,2
E05013768,Sutton West & East Cheam,12,Mixed or Multiple ethnic groups: Other Mixed or Multiple ethnic groups,10,L14.2: Long-term unemployed,7
E05013768,Sutton West & East Cheam,12,Mixed or Multiple ethnic groups: Other Mixed or Multiple ethnic groups,11,L15: Full-time students,12
E05013768,Sutton West & East Cheam,13,"White: English, Welsh, Scottish, Northern Irish or British",-8,Does not apply,982
E05013768,Sutton West & East Cheam,13,"White: English, Welsh, Scottish, Northern Irish or British",1,L1 and L2: Large employers and higher managerial and administrative occupations,243
E05013768,Sutton West & East Cheam,13,"White: English, Welsh, Scottish, Northern Irish or British",2,L3: Higher professional occupations,538
E05013768,Sutton West & East Cheam,13,"White: English, Welsh, Scottish, Northern Irish or British",3,"L4, L5 and L6: Lower managerial, administrative and professional occupations",1137
E05013768,Sutton West & East Cheam,13,"White: English, Welsh, Scottish, Northern Irish or British",4,L7: Intermediate occupations,749
E05013768,Sutton West & East Cheam,13,"White: English, Welsh, Scottish, Northern Irish or British",5,L8 and L9: Small employers and own account workers,575
E05013768,Sutton West & East Cheam,13,"White: English, Welsh, Scottish, Northern Irish or British",6,L10 and L11: Lower supervisory and technical occupations,235
E05013768,Sutton West & East Cheam,13,"White: English, Welsh, Scottish, Northern Irish or British",7,L12: Semi-routine occupations,455
E05013768,Sutton West & East Cheam,13,"White: English, Welsh, Scottish, Northern Irish or British",8,L13: Routine occupations,384
E05013768,Sutton West & East Cheam,13,"White: English, Welsh, Scottish, Northern Irish or British",9,L14.1: Never worked,232
E05013768,Sutton West & East Cheam,13,"White: English, Welsh, Scottish, Northern Irish or British",10,L14.2: Long-term unemployed,45
E05013768,Sutton West & East Cheam,13,"White: English, Welsh, Scottish, Northern Irish or British",11,L15: Full-time students,203
E05013768,Sutton West & East Cheam,14,White: Irish,-8,Does not apply,12
E05013768,Sutton West & East Cheam,14,White: Irish,1,L1 and L2: Large employers and higher managerial and administrative occupations,4
E05013768,Sutton West & East Cheam,14,White: Irish,2,L3: Higher professional occupations,12
E05013768,Sutton West & East Cheam,14,White: Irish,3,"L4, L5 and L6: Lower managerial, administrative and professional occupations",50
E05013768,Sutton West & East Cheam,14,White: Irish,4,L7: Intermediate occupations,14
E05013768,Sutton West & East Cheam,14,White: Irish,5,L8 and L9: Small employers and own account workers,21
E05013768,Sutton West & East Cheam,14,White: Irish,6,L10 and L11: Lower supervisory and technical occupations,6
E05013768,Sutton West & East Cheam,14,White: Irish,7,L12: Semi-routine occupations,16
E05013768,Sutton West & East Cheam,14,White: Irish,8,L13: Routine occupations,18
E05013768,Sutton West & East Cheam,14,White: Irish,9,L14.1: Never worked,12
E05013768,Sutton West & East Cheam,14,White: Irish,10,L14.2: Long-term unemployed,1
E05013768,Sutton West & East Cheam,14,White: Irish,11,L15: Full-time students,4
E05013768,Sutton West & East Cheam,15,White: Gypsy or Irish Traveller,-8,Does not apply,0
E05013768,Sutton West & East Cheam,15,White: Gypsy or Irish Traveller,1,L1 and L2: Large employers and higher managerial and administrative occupations,0
E05013768,Sutton West & East Cheam,15,White: Gypsy or Irish Traveller,2,L3: Higher professional occupations,0
E05013768,Sutton West & East Cheam,15,White: Gypsy or Irish Traveller,3,"L4, L5 and L6: Lower managerial, administrative and professional occupations",0
E05013768,Sutton West & East Cheam,15,White: Gypsy or Irish Traveller,4,L7: Intermediate occupations,0
E05013768,Sutton West & East Cheam,15,White: Gypsy or Irish Traveller,5,L8 and L9: Small employers and own account workers,1
E05013768,Sutton West & East Cheam,15,White: Gypsy or Irish Traveller,6,L10 and L11: Lower supervisory and technical occupations,0
E05013768,Sutton West & East Cheam,15,White: Gypsy or Irish Traveller,7,L12: Semi-routine occupations,0
E05013768,Sutton West & East Cheam,15,White: Gypsy or Irish Traveller,8,L13: Routine occupations,1
E05013768,Sutton West & East Cheam,15,White: Gypsy or Irish Traveller,9,L14.1: Never worked,0
E05013768,Sutton West & East Cheam,15,White: Gypsy or Irish Traveller,10,L14.2: Long-term unemployed,0
E05013768,Sutton West & East Cheam,15,White: Gypsy or Irish Traveller,11,L15: Full-time students,0
E05013768,Sutton West & East Cheam,16,White: Roma,-8,Does not apply,0
E05013768,Sutton West & East Cheam,16,White: Roma,1,L1 and L2: Large employers and higher managerial and administrative occupations,1
E05013768,Sutton West & East Cheam,16,White: Roma,2,L3: Higher professional occupations,0
E05013768,Sutton West & East Cheam,16,White: Roma,3,"L4, L5 and L6: Lower managerial, administrative and professional occupations",5
E05013768,Sutton West & East Cheam,16,White: Roma,4,L7: Intermediate occupations,0
E05013768,Sutton West & East Cheam,16,White: Roma,5,L8 and L9: Small employers and own account workers,3
E05013768,Sutton West & East Cheam,16,White: Roma,6,L10 and L11: Lower supervisory and technical occupations,1
E05013768,Sutton West & East Cheam,16,White: Roma,7,L12: Semi-routine occupations,2
E05013768,Sutton West & East Cheam,16,White: Roma,8,L13: Routine occupations,3
E05013768,Sutton West & East Cheam,16,White: Roma,9,L14.1: Never worked,2
E05013768,Sutton West & East Cheam,16,White: Roma,10,L14.2: Long-term unemployed,0
E05013768,Sutton West & East Cheam,16,White: Roma,11,L15: Full-time students,0
E05013768,Sutton West & East Cheam,17,White: Other White,-8,Does not apply,277
E05013768,Sutton West & East Cheam,17,White: Other White,1,L1 and L2: Large employers and higher managerial and administrative occupations,41
E05013768,Sutton West & East Cheam,17,White: Other White,2,L3: Higher professional occupations,130
E05013768,Sutton West & East Cheam,17,White: Other White,3,"L4, L5 and L6: Lower managerial, administrative and professional occupations",241
E05013768,Sutton West & East Cheam,17,White: Other White,4,L7: Intermediate occupations,121
E05013768,Sutton West & East Cheam,17,White: Other White,5,L8 and L9: Small employers and own account workers,234
E05013768,Sutton West & East Cheam,17,White: Other White,6,L10 and L11: Lower supervisory and technical occupations,61
E05013768,Sutton West & East Cheam,17,White: Other White,7,L12: Semi-routine occupations,108
E05013768,Sutton West & East Cheam,17,White: Other White,8,L13: Routine occupations,134
E05013768,Sutton West & East Cheam,17,White: Other White,9,L14.1: Never worked,35
E05013768,Sutton West & East Cheam,17,White: Other White,10,L14.2: Long-term unemployed,15
E05013768,Sutton West & East Cheam,17,White: Other White,11,L15: Full-time students,75
E05013768,Sutton West & East Cheam,18,Other ethnic group: Arab,-8,Does not apply,11
E05013768,Sutton West & East Cheam,18,Other ethnic group: Arab,1,L1 and L2: Large employers and higher managerial and administrative occupations,2
E05013768,Sutton West & East Cheam,18,Other ethnic group: Arab,2,L3: Higher professional occupations,8
E05013768,Sutton West & East Cheam,18,Other ethnic group: Arab,3,"L4, L5 and L6: Lower managerial, administrative and professional occupations",6
E05013768,Sutton West & East Cheam,18,Other ethnic group: Arab,4,L7: Intermediate occupations,4
E05013768,Sutton West & East Cheam,18,Other ethnic group: Arab,5,L8 and L9: Small employers and own account workers,4
E05013768,Sutton West & East Cheam,18,Other ethnic group: Arab,6,L10 and L11: Lower supervisory and technical occupations,0
E05013768,Sutton West & East Cheam,18,Other ethnic group: Arab,7,L12: Semi-routine occupations,0
E05013768,Sutton West & East Cheam,18,Other ethnic group: Arab,8,L13: Routine occupations,1
E05013768,Sutton West & East Cheam,18,Other ethnic group: Arab,9,L14.1: Never worked,3
E05013768,Sutton West & East Cheam,18,Other ethnic group: Arab,10,L14.2: Long-term unemployed,3
E05013768,Sutton West & East Cheam,18,Other ethnic group: Arab,11,L15: Full-time students,1
E05013768,Sutton West & East Cheam,19,Other ethnic group: Any other ethnic group,-8,Does not apply,63
E05013768,Sutton West & East Cheam,19,Other ethnic group: Any other ethnic group,1,L1 and L2: Large employers and higher managerial and administrative occupations,8
E05013768,Sutton West & East Cheam,19,Other ethnic group: Any other ethnic group,2,L3: Higher professional occupations,37
E05013768,Sutton West & East Cheam,19,Other ethnic group: Any other ethnic group,3,"L4, L5 and L6: Lower managerial, administrative and professional occupations",59
E05013768,Sutton West & East Cheam,19,Other ethnic group: Any other ethnic group,4,L7: Intermediate occupations,20
E05013768,Sutton West & East Cheam,19,Other ethnic group: Any other ethnic group,5,L8 and L9: Small employers and own account workers,36
E05013768,Sutton West & East Cheam,19,Other ethnic group: Any other ethnic group,6,L10 and L11: Lower supervisory and technical occupations,11
E05013768,Sutton West & East Cheam,19,Other ethnic group: Any other ethnic group,7,L12: Semi-routine occupations,29
E05013768,Sutton West & East Cheam,19,Other ethnic group: Any other ethnic group,8,L13: Routine occupations,27
E05013768,Sutton West & East Cheam,19,Other ethnic group: Any other ethnic group,9,L14.1: Never worked,29
E05013768,Sutton West & East Cheam,19,Other ethnic group: Any other ethnic group,10,L14.2: Long-term unemployed,3
E05013768,Sutton West & East Cheam,19,Other ethnic group: Any other ethnic group,11,L15: Full-time students,22
E05013769,The Wrythe,-8,Does not apply,-8,Does not apply,0
E05013769,The Wrythe,-8,Does not apply,1,L1 and L2: Large employers and higher managerial and administrative occupations,0
E05013769,The Wrythe,-8,Does not apply,2,L3: Higher professional occupations,0
E05013769,The Wrythe,-8,Does not apply,3,"L4, L5 and L6: Lower managerial, administrative and professional occupations",0
E05013769,The Wrythe,-8,Does not apply,4,L7: Intermediate occupations,0
E05013769,The Wrythe,-8,Does not apply,5,L8 and L9: Small employers and own account workers,0
E05013769,The Wrythe,-8,Does not apply,6,L10 and L11: Lower supervisory and technical occupations,0
E05013769,The Wrythe,-8,Does not apply,7,L12: Semi-routine occupations,0
E05013769,The Wrythe,-8,Does not apply,8,L13: Routine occupations,0
E05013769,The Wrythe,-8,Does not apply,9,L14.1: Never worked,0
E05013769,The Wrythe,-8,Does not apply,10,L14.2: Long-term unemployed,0
E05013769,The Wrythe,-8,Does not apply,11,L15: Full-time students,0
E05013769,The Wrythe,1,"Asian, Asian British or Asian Welsh: Bangladeshi",-8,Does not apply,19
E05013769,The Wrythe,1,"Asian, Asian British or Asian Welsh: Bangladeshi",1,L1 and L2: Large employers and higher managerial and administrative occupations,3
E05013769,The Wrythe,1,"Asian, Asian British or Asian Welsh: Bangladeshi",2,L3: Higher professional occupations,6
E05013769,The Wrythe,1,"Asian, Asian British or Asian Welsh: Bangladeshi",3,"L4, L5 and L6: Lower managerial, administrative and professional occupations",18
E05013769,The Wrythe,1,"Asian, Asian British or Asian Welsh: Bangladeshi",4,L7: Intermediate occupations,10
E05013769,The Wrythe,1,"Asian, Asian British or Asian Welsh: Bangladeshi",5,L8 and L9: Small employers and own account workers,14
E05013769,The Wrythe,1,"Asian, Asian British or Asian Welsh: Bangladeshi",6,L10 and L11: Lower supervisory and technical occupations,1
E05013769,The Wrythe,1,"Asian, Asian British or Asian Welsh: Bangladeshi",7,L12: Semi-routine occupations,6
E05013769,The Wrythe,1,"Asian, Asian British or Asian Welsh: Bangladeshi",8,L13: Routine occupations,9
E05013769,The Wrythe,1,"Asian, Asian British or Asian Welsh: Bangladeshi",9,L14.1: Never worked,11
E05013769,The Wrythe,1,"Asian, Asian British or Asian Welsh: Bangladeshi",10,L14.2: Long-term unemployed,1
E05013769,The Wrythe,1,"Asian, Asian British or Asian Welsh: Bangladeshi",11,L15: Full-time students,8
E05013769,The Wrythe,2,"Asian, Asian British or Asian Welsh: Chinese",-8,Does not apply,23
E05013769,The Wrythe,2,"Asian, Asian British or Asian Welsh: Chinese",1,L1 and L2: Large employers and higher managerial and administrative occupations,4
E05013769,The Wrythe,2,"Asian, Asian British or Asian Welsh: Chinese",2,L3: Higher professional occupations,17
E05013769,The Wrythe,2,"Asian, Asian British or Asian Welsh: Chinese",3,"L4, L5 and L6: Lower managerial, administrative and professional occupations",24
E05013769,The Wrythe,2,"Asian, Asian British or Asian Welsh: Chinese",4,L7: Intermediate occupations,7
E05013769,The Wrythe,2,"Asian, Asian British or Asian Welsh: Chinese",5,L8 and L9: Small employers and own account workers,10
E05013769,The Wrythe,2,"Asian, Asian British or Asian Welsh: Chinese",6,L10 and L11: Lower supervisory and technical occupations,5
E05013769,The Wrythe,2,"Asian, Asian British or Asian Welsh: Chinese",7,L12: Semi-routine occupations,11
E05013769,The Wrythe,2,"Asian, Asian British or Asian Welsh: Chinese",8,L13: Routine occupations,5
E05013769,The Wrythe,2,"Asian, Asian British or Asian Welsh: Chinese",9,L14.1: Never worked,5
E05013769,The Wrythe,2,"Asian, Asian British or Asian Welsh: Chinese",10,L14.2: Long-term unemployed,1
E05013769,The Wrythe,2,"Asian, Asian British or Asian Welsh: Chinese",11,L15: Full-time students,6
E05013769,The Wrythe,3,"Asian, Asian British or Asian Welsh: Indian",-8,Does not apply,86
E05013769,The Wrythe,3,"Asian, Asian British or Asian Welsh: Indian",1,L1 and L2: Large employers and higher managerial and administrative occupations,24
E05013769,The Wrythe,3,"Asian, Asian British or Asian Welsh: Indian",2,L3: Higher professional occupations,58
E05013769,The Wrythe,3,"Asian, Asian British or Asian Welsh: Indian",3,"L4, L5 and L6: Lower managerial, administrative and professional occupations",72
E05013769,The Wrythe,3,"Asian, Asian British or Asian Welsh: Indian",4,L7: Intermediate occupations,42
E05013769,The Wrythe,3,"Asian, Asian British or Asian Welsh: Indian",5,L8 and L9: Small employers and own account workers,28
E05013769,The Wrythe,3,"Asian, Asian British or Asian Welsh: Indian",6,L10 and L11: Lower supervisory and technical occupations,8
E05013769,The Wrythe,3,"Asian, Asian British or Asian Welsh: Indian",7,L12: Semi-routine occupations,20
E05013769,The Wrythe,3,"Asian, Asian British or Asian Welsh: Indian",8,L13: Routine occupations,8
E05013769,The Wrythe,3,"Asian, Asian British or Asian Welsh: Indian",9,L14.1: Never worked,20
E05013769,The Wrythe,3,"Asian, Asian British or Asian Welsh: Indian",10,L14.2: Long-term unemployed,2
E05013769,The Wrythe,3,"Asian, Asian British or Asian Welsh: Indian",11,L15: Full-time students,23
E05013769,The Wrythe,4,"Asian, Asian British or Asian Welsh: Pakistani",-8,Does not apply,54
E05013769,The Wrythe,4,"Asian, Asian British or Asian Welsh: Pakistani",1,L1 and L2: Large employers and higher managerial and administrative occupations,5
E05013769,The Wrythe,4,"Asian, Asian British or Asian Welsh: Pakistani",2,L3: Higher professional occupations,9
E05013769,The Wrythe,4,"Asian, Asian British or Asian Welsh: Pakistani",3,"L4, L5 and L6: Lower managerial, administrative and professional occupations",21
E05013769,The Wrythe,4,"Asian, Asian British or Asian Welsh: Pakistani",4,L7: Intermediate occupations,18
E05013769,The Wrythe,4,"Asian, Asian British or Asian Welsh: Pakistani",5,L8 and L9: Small employers and own account workers,14
E05013769,The Wrythe,4,"Asian, Asian British or Asian Welsh: Pakistani",6,L10 and L11: Lower supervisory and technical occupations,1
E05013769,The Wrythe,4,"Asian, Asian British or Asian Welsh: Pakistani",7,L12: Semi-routine occupations,7
E05013769,The Wrythe,4,"Asian, Asian British or Asian Welsh: Pakistani",8,L13: Routine occupations,2
E05013769,The Wrythe,4,"Asian, Asian British or Asian Welsh: Pakistani",9,L14.1: Never worked,28
E05013769,The Wrythe,4,"Asian, Asian British or Asian Welsh: Pakistani",10,L14.2: Long-term unemployed,1
E05013769,The Wrythe,4,"Asian, Asian British or Asian Welsh: Pakistani",11,L15: Full-time students,11
E05013769,The Wrythe,5,"Asian, Asian British or Asian Welsh: Other Asian",-8,Does not apply,131
E05013769,The Wrythe,5,"Asian, Asian British or Asian Welsh: Other Asian",1,L1 and L2: Large employers and higher managerial and administrative occupations,12
E05013769,The Wrythe,5,"Asian, Asian British or Asian Welsh: Other Asian",2,L3: Higher professional occupations,47
E05013769,The Wrythe,5,"Asian, Asian British or Asian Welsh: Other Asian",3,"L4, L5 and L6: Lower managerial, administrative and professional occupations",81
E05013769,The Wrythe,5,"Asian, Asian British or Asian Welsh: Other Asian",4,L7: Intermediate occupations,38
E05013769,The Wrythe,5,"Asian, Asian British or Asian Welsh: Other Asian",5,L8 and L9: Small employers and own account workers,28
E05013769,The Wrythe,5,"Asian, Asian British or Asian Welsh: Other Asian",6,L10 and L11: Lower supervisory and technical occupations,15
E05013769,The Wrythe,5,"Asian, Asian British or Asian Welsh: Other Asian",7,L12: Semi-routine occupations,42
E05013769,The Wrythe,5,"Asian, Asian British or Asian Welsh: Other Asian",8,L13: Routine occupations,20
E05013769,The Wrythe,5,"Asian, Asian British or Asian Welsh: Other Asian",9,L14.1: Never worked,23
E05013769,The Wrythe,5,"Asian, Asian British or Asian Welsh: Other Asian",10,L14.2: Long-term unemployed,2
E05013769,The Wrythe,5,"Asian, Asian British or Asian Welsh: Other Asian",11,L15: Full-time students,55
E05013769,The Wrythe,6,"Black, Black British, Black Welsh, Caribbean or African: African",-8,Does not apply,115
E05013769,The Wrythe,6,"Black, Black British, Black Welsh, Caribbean or African: African",1,L1 and L2: Large employers and higher managerial and administrative occupations,14
E05013769,The Wrythe,6,"Black, Black British, Black Welsh, Caribbean or African: African",2,L3: Higher professional occupations,32
E05013769,The Wrythe,6,"Black, Black British, Black Welsh, Caribbean or African: African",3,"L4, L5 and L6: Lower managerial, administrative and professional occupations",86
E05013769,The Wrythe,6,"Black, Black British, Black Welsh, Caribbean or African: African",4,L7: Intermediate occupations,28
E05013769,The Wrythe,6,"Black, Black British, Black Welsh, Caribbean or African: African",5,L8 and L9: Small employers and own account workers,24
E05013769,The Wrythe,6,"Black, Black British, Black Welsh, Caribbean or African: African",6,L10 and L11: Lower supervisory and technical occupations,14
E05013769,The Wrythe,6,"Black, Black British, Black Welsh, Caribbean or African: African",7,L12: Semi-routine occupations,38
E05013769,The Wrythe,6,"Black, Black British, Black Welsh, Caribbean or African: African",8,L13: Routine occupations,22
E05013769,The Wrythe,6,"Black, Black British, Black Welsh, Caribbean or African: African",9,L14.1: Never worked,25
E05013769,The Wrythe,6,"Black, Black British, Black Welsh, Caribbean or African: African",10,L14.2: Long-term unemployed,14
E05013769,The Wrythe,6,"Black, Black British, Black Welsh, Caribbean or African: African",11,L15: Full-time students,67
E05013769,The Wrythe,7,"Black, Black British, Black Welsh, Caribbean or African: Caribbean",-8,Does not apply,26
E05013769,The Wrythe,7,"Black, Black British, Black Welsh, Caribbean or African: Caribbean",1,L1 and L2: Large employers and higher managerial and administrative occupations,8
E05013769,The Wrythe,7,"Black, Black British, Black Welsh, Caribbean or African: Caribbean",2,L3: Higher professional occupations,14
E05013769,The Wrythe,7,"Black, Black British, Black Welsh, Caribbean or African: Caribbean",3,"L4, L5 and L6: Lower managerial, administrative and professional occupations",43
E05013769,The Wrythe,7,"Black, Black British, Black Welsh, Caribbean or African: Caribbean",4,L7: Intermediate occupations,23
E05013769,The Wrythe,7,"Black, Black British, Black Welsh, Caribbean or African: Caribbean",5,L8 and L9: Small employers and own account workers,11
E05013769,The Wrythe,7,"Black, Black British, Black Welsh, Caribbean or African: Caribbean",6,L10 and L11: Lower supervisory and technical occupations,3
E05013769,The Wrythe,7,"Black, Black British, Black Welsh, Caribbean or African: Caribbean",7,L12: Semi-routine occupations,14
E05013769,The Wrythe,7,"Black, Black British, Black Welsh, Caribbean or African: Caribbean",8,L13: Routine occupations,16
E05013769,The Wrythe,7,"Black, Black British, Black Welsh, Caribbean or African: Caribbean",9,L14.1: Never worked,4
E05013769,The Wrythe,7,"Black, Black British, Black Welsh, Caribbean or African: Caribbean",10,L14.2: Long-term unemployed,3
E05013769,The Wrythe,7,"Black, Black British, Black Welsh, Caribbean or African: Caribbean",11,L15: Full-time students,7
E05013769,The Wrythe,8,"Black, Black British, Black Welsh, Caribbean or African: Other Black",-8,Does not apply,51
E05013769,The Wrythe,8,"Black, Black British, Black Welsh, Caribbean or African: Other Black",1,L1 and L2: Large employers and higher managerial and administrative occupations,0
E05013769,The Wrythe,8,"Black, Black British, Black Welsh, Caribbean or African: Other Black",2,L3: Higher professional occupations,2
E05013769,The Wrythe,8,"Black, Black British, Black Welsh, Caribbean or African: Other Black",3,"L4, L5 and L6: Lower managerial, administrative and professional occupations",8
E05013769,The Wrythe,8,"Black, Black British, Black Welsh, Caribbean or African: Other Black",4,L7: Intermediate occupations,4
E05013769,The Wrythe,8,"Black, Black British, Black Welsh, Caribbean or African: Other Black",5,L8 and L9: Small employers and own account workers,3
E05013769,The Wrythe,8,"Black, Black British, Black Welsh, Caribbean or African: Other Black",6,L10 and L11: Lower supervisory and technical occupations,4
E05013769,The Wrythe,8,"Black, Black British, Black Welsh, Caribbean or African: Other Black",7,L12: Semi-routine occupations,1
E05013769,The Wrythe,8,"Black, Black British, Black Welsh, Caribbean or African: Other Black",8,L13: Routine occupations,2
E05013769,The Wrythe,8,"Black, Black British, Black Welsh, Caribbean or African: Other Black",9,L14.1: Never worked,3
E05013769,The Wrythe,8,"Black, Black British, Black Welsh, Caribbean or African: Other Black",10,L14.2: Long-term unemployed,1
E05013769,The Wrythe,8,"Black, Black British, Black Welsh, Caribbean or African: Other Black",11,L15: Full-time students,6
E05013769,The Wrythe,9,Mixed or Multiple ethnic groups: White and Asian,-8,Does not apply,79
E05013769,The Wrythe,9,Mixed or Multiple ethnic groups: White and Asian,1,L1 and L2: Large employers and higher managerial and administrative occupations,2
E05013769,The Wrythe,9,Mixed or Multiple ethnic groups: White and Asian,2,L3: Higher professional occupations,4
E05013769,The Wrythe,9,Mixed or Multiple ethnic groups: White and Asian,3,"L4, L5 and L6: Lower managerial, administrative and professional occupations",27
E05013769,The Wrythe,9,Mixed or Multiple ethnic groups: White and Asian,4,L7: Intermediate occupations,11
E05013769,The Wrythe,9,Mixed or Multiple ethnic groups: White and Asian,5,L8 and L9: Small employers and own account workers,4
E05013769,The Wrythe,9,Mixed or Multiple ethnic groups: White and Asian,6,L10 and L11: Lower supervisory and technical occupations,8
E05013769,The Wrythe,9,Mixed or Multiple ethnic groups: White and Asian,7,L12: Semi-routine occupations,4
E05013769,The Wrythe,9,Mixed or Multiple ethnic groups: White and Asian,8,L13: Routine occupations,2
E05013769,The Wrythe,9,Mixed or Multiple ethnic groups: White and Asian,9,L14.1: Never worked,2
E05013769,The Wrythe,9,Mixed or Multiple ethnic groups: White and Asian,10,L14.2: Long-term unemployed,1
E05013769,The Wrythe,9,Mixed or Multiple ethnic groups: White and Asian,11,L15: Full-time students,11
E05013769,The Wrythe,10,Mixed or Multiple ethnic groups: White and Black African,-8,Does not apply,58
E05013769,The Wrythe,10,Mixed or Multiple ethnic groups: White and Black African,1,L1 and L2: Large employers and higher managerial and administrative occupations,1
E05013769,The Wrythe,10,Mixed or Multiple ethnic groups: White and Black African,2,L3: Higher professional occupations,4
E05013769,The Wrythe,10,Mixed or Multiple ethnic groups: White and Black African,3,"L4, L5 and L6: Lower managerial, administrative and professional occupations",12
E05013769,The Wrythe,10,Mixed or Multiple ethnic groups: White and Black African,4,L7: Intermediate occupations,2
E05013769,The Wrythe,10,Mixed or Multiple ethnic groups: White and Black African,5,L8 and L9: Small employers and own account workers,8
E05013769,The Wrythe,10,Mixed or Multiple ethnic groups: White and Black African,6,L10 and L11: Lower supervisory and technical occupations,1
E05013769,The Wrythe,10,Mixed or Multiple ethnic groups: White and Black African,7,L12: Semi-routine occupations,3
E05013769,The Wrythe,10,Mixed or Multiple ethnic groups: White and Black African,8,L13: Routine occupations,4
E05013769,The Wrythe,10,Mixed or Multiple ethnic groups: White and Black African,9,L14.1: Never worked,1
E05013769,The Wrythe,10,Mixed or Multiple ethnic groups: White and Black African,10,L14.2: Long-term unemployed,0
E05013769,The Wrythe,10,Mixed or Multiple ethnic groups: White and Black African,11,L15: Full-time students,5
E05013769,The Wrythe,11,Mixed or Multiple ethnic groups: White and Black Caribbean,-8,Does not apply,85
E05013769,The Wrythe,11,Mixed or Multiple ethnic groups: White and Black Caribbean,1,L1 and L2: Large employers and higher managerial and administrative occupations,5
E05013769,The Wrythe,11,Mixed or Multiple ethnic groups: White and Black Caribbean,2,L3: Higher professional occupations,4
E05013769,The Wrythe,11,Mixed or Multiple ethnic groups: White and Black Caribbean,3,"L4, L5 and L6: Lower managerial, administrative and professional occupations",19
E05013769,The Wrythe,11,Mixed or Multiple ethnic groups: White and Black Caribbean,4,L7: Intermediate occupations,13
E05013769,The Wrythe,11,Mixed or Multiple ethnic groups: White and Black Caribbean,5,L8 and L9: Small employers and own account workers,5
E05013769,The Wrythe,11,Mixed or Multiple ethnic groups: White and Black Caribbean,6,L10 and L11: Lower supervisory and technical occupations,4
E05013769,The Wrythe,11,Mixed or Multiple ethnic groups: White and Black Caribbean,7,L12: Semi-routine occupations,5
E05013769,The Wrythe,11,Mixed or Multiple ethnic groups: White and Black Caribbean,8,L13: Routine occupations,6
E05013769,The Wrythe,11,Mixed or Multiple ethnic groups: White and Black Caribbean,9,L14.1: Never worked,6
E05013769,The Wrythe,11,Mixed or Multiple ethnic groups: White and Black Caribbean,10,L14.2: Long-term unemployed,3
E05013769,The Wrythe,11,Mixed or Multiple ethnic groups: White and Black Caribbean,11,L15: Full-time students,5
E05013769,The Wrythe,12,Mixed or Multiple ethnic groups: Other Mixed or Multiple ethnic groups,-8,Does not apply,62
E05013769,The Wrythe,12,Mixed or Multiple ethnic groups: Other Mixed or Multiple ethnic groups,1,L1 and L2: Large employers and higher managerial and administrative occupations,4
E05013769,The Wrythe,12,Mixed or Multiple ethnic groups: Other Mixed or Multiple ethnic groups,2,L3: Higher professional occupations,8
E05013769,The Wrythe,12,Mixed or Multiple ethnic groups: Other Mixed or Multiple ethnic groups,3,"L4, L5 and L6: Lower managerial, administrative and professional occupations",25
E05013769,The Wrythe,12,Mixed or Multiple ethnic groups: Other Mixed or Multiple ethnic groups,4,L7: Intermediate occupations,14
E05013769,The Wrythe,12,Mixed or Multiple ethnic groups: Other Mixed or Multiple ethnic groups,5,L8 and L9: Small employers and own account workers,7
E05013769,The Wrythe,12,Mixed or Multiple ethnic groups: Other Mixed or Multiple ethnic groups,6,L10 and L11: Lower supervisory and technical occupations,3
E05013769,The Wrythe,12,Mixed or Multiple ethnic groups: Other Mixed or Multiple ethnic groups,7,L12: Semi-routine occupations,6
E05013769,The Wrythe,12,Mixed or Multiple ethnic groups: Other Mixed or Multiple ethnic groups,8,L13: Routine occupations,7
E05013769,The Wrythe,12,Mixed or Multiple ethnic groups: Other Mixed or Multiple ethnic groups,9,L14.1: Never worked,6
E05013769,The Wrythe,12,Mixed or Multiple ethnic groups: Other Mixed or Multiple ethnic groups,10,L14.2: Long-term unemployed,0
E05013769,The Wrythe,12,Mixed or Multiple ethnic groups: Other Mixed or Multiple ethnic groups,11,L15: Full-time students,15
E05013769,The Wrythe,13,"White: English, Welsh, Scottish, Northern Irish or British",-8,Does not apply,1358
E05013769,The Wrythe,13,"White: English, Welsh, Scottish, Northern Irish or British",1,L1 and L2: Large employers and higher managerial and administrative occupations,224
E05013769,The Wrythe,13,"White: English, Welsh, Scottish, Northern Irish or British",2,L3: Higher professional occupations,459
E05013769,The Wrythe,13,"White: English, Welsh, Scottish, Northern Irish or British",3,"L4, L5 and L6: Lower managerial, administrative and professional occupations",1272
E05013769,The Wrythe,13,"White: English, Welsh, Scottish, Northern Irish or British",4,L7: Intermediate occupations,910
E05013769,The Wrythe,13,"White: English, Welsh, Scottish, Northern Irish or British",5,L8 and L9: Small employers and own account workers,645
E05013769,The Wrythe,13,"White: English, Welsh, Scottish, Northern Irish or British",6,L10 and L11: Lower supervisory and technical occupations,321
E05013769,The Wrythe,13,"White: English, Welsh, Scottish, Northern Irish or British",7,L12: Semi-routine occupations,600
E05013769,The Wrythe,13,"White: English, Welsh, Scottish, Northern Irish or British",8,L13: Routine occupations,570
E05013769,The Wrythe,13,"White: English, Welsh, Scottish, Northern Irish or British",9,L14.1: Never worked,314
E05013769,The Wrythe,13,"White: English, Welsh, Scottish, Northern Irish or British",10,L14.2: Long-term unemployed,62
E05013769,The Wrythe,13,"White: English, Welsh, Scottish, Northern Irish or British",11,L15: Full-time students,231
E05013769,The Wrythe,14,White: Irish,-8,Does not apply,17
E05013769,The Wrythe,14,White: Irish,1,L1 and L2: Large employers and higher managerial and administrative occupations,10
E05013769,The Wrythe,14,White: Irish,2,L3: Higher professional occupations,11
E05013769,The Wrythe,14,White: Irish,3,"L4, L5 and L6: Lower managerial, administrative and professional occupations",38
E05013769,The Wrythe,14,White: Irish,4,L7: Intermediate occupations,20
E05013769,The Wrythe,14,White: Irish,5,L8 and L9: Small employers and own account workers,11
E05013769,The Wrythe,14,White: Irish,6,L10 and L11: Lower supervisory and technical occupations,8
E05013769,The Wrythe,14,White: Irish,7,L12: Semi-routine occupations,19
E05013769,The Wrythe,14,White: Irish,8,L13: Routine occupations,7
E05013769,The Wrythe,14,White: Irish,9,L14.1: Never worked,12
E05013769,The Wrythe,14,White: Irish,10,L14.2: Long-term unemployed,0
E05013769,The Wrythe,14,White: Irish,11,L15: Full-time students,3
E05013769,The Wrythe,15,White: Gypsy or Irish Traveller,-8,Does not apply,7
E05013769,The Wrythe,15,White: Gypsy or Irish Traveller,1,L1 and L2: Large employers and higher managerial and administrative occupations,0
E05013769,The Wrythe,15,White: Gypsy or Irish Traveller,2,L3: Higher professional occupations,0
E05013769,The Wrythe,15,White: Gypsy or Irish Traveller,3,"L4, L5 and L6: Lower managerial, administrative and professional occupations",0
E05013769,The Wrythe,15,White: Gypsy or Irish Traveller,4,L7: Intermediate occupations,0
E05013769,The Wrythe,15,White: Gypsy or Irish Traveller,5,L8 and L9: Small employers and own account workers,0
E05013769,The Wrythe,15,White: Gypsy or Irish Traveller,6,L10 and L11: Lower supervisory and technical occupations,1
E05013769,The Wrythe,15,White: Gypsy or Irish Traveller,7,L12: Semi-routine occupations,0
E05013769,The Wrythe,15,White: Gypsy or Irish Traveller,8,L13: Routine occupations,0
E05013769,The Wrythe,15,White: Gypsy or Irish Traveller,9,L14.1: Never worked,1
E05013769,The Wrythe,15,White: Gypsy or Irish Traveller,10,L14.2: Long-term unemployed,0
E05013769,The Wrythe,15,White: Gypsy or Irish Traveller,11,L15: Full-time students,0
E05013769,The Wrythe,16,White: Roma,-8,Does not apply,2
E05013769,The Wrythe,16,White: Roma,1,L1 and L2: Large employers and higher managerial and administrative occupations,0
E05013769,The Wrythe,16,White: Roma,2,L3: Higher professional occupations,0
E05013769,The Wrythe,16,White: Roma,3,"L4, L5 and L6: Lower managerial, administrative and professional occupations",1
E05013769,The Wrythe,16,White: Roma,4,L7: Intermediate occupations,0
E05013769,The Wrythe,16,White: Roma,5,L8 and L9: Small employers and own account workers,5
E05013769,The Wrythe,16,White: Roma,6,L10 and L11: Lower supervisory and technical occupations,3
E05013769,The Wrythe,16,White: Roma,7,L12: Semi-routine occupations,1
E05013769,The Wrythe,16,White: Roma,8,L13: Routine occupations,0
E05013769,The Wrythe,16,White: Roma,9,L14.1: Never worked,0
E05013769,The Wrythe,16,White: Roma,10,L14.2: Long-term unemployed,0
E05013769,The Wrythe,16,White: Roma,11,L15: Full-time students,0
E05013769,The Wrythe,17,White: Other White,-8,Does not apply,137
E05013769,The Wrythe,17,White: Other White,1,L1 and L2: Large employers and higher managerial and administrative occupations,33
E05013769,The Wrythe,17,White: Other White,2,L3: Higher professional occupations,89
E05013769,The Wrythe,17,White: Other White,3,"L4, L5 and L6: Lower managerial, administrative and professional occupations",156
E05013769,The Wrythe,17,White: Other White,4,L7: Intermediate occupations,88
E05013769,The Wrythe,17,White: Other White,5,L8 and L9: Small employers and own account workers,169
E05013769,The Wrythe,17,White: Other White,6,L10 and L11: Lower supervisory and technical occupations,43
E05013769,The Wrythe,17,White: Other White,7,L12: Semi-routine occupations,51
E05013769,The Wrythe,17,White: Other White,8,L13: Routine occupations,81
E05013769,The Wrythe,17,White: Other White,9,L14.1: Never worked,24
E05013769,The Wrythe,17,White: Other White,10,L14.2: Long-term unemployed,10
E05013769,The Wrythe,17,White: Other White,11,L15: Full-time students,58
E05013769,The Wrythe,18,Other ethnic group: Arab,-8,Does not apply,20
E05013769,The Wrythe,18,Other ethnic group: Arab,1,L1 and L2: Large employers and higher managerial and administrative occupations,2
E05013769,The Wrythe,18,Other ethnic group: Arab,2,L3: Higher professional occupations,10
E05013769,The Wrythe,18,Other ethnic group: Arab,3,"L4, L5 and L6: Lower managerial, administrative and professional occupations",7
E05013769,The Wrythe,18,Other ethnic group: Arab,4,L7: Intermediate occupations,4
E05013769,The Wrythe,18,Other ethnic group: Arab,5,L8 and L9: Small employers and own account workers,4
E05013769,The Wrythe,18,Other ethnic group: Arab,6,L10 and L11: Lower supervisory and technical occupations,2
E05013769,The Wrythe,18,Other ethnic group: Arab,7,L12: Semi-routine occupations,4
E05013769,The Wrythe,18,Other ethnic group: Arab,8,L13: Routine occupations,3
E05013769,The Wrythe,18,Other ethnic group: Arab,9,L14.1: Never worked,7
E05013769,The Wrythe,18,Other ethnic group: Arab,10,L14.2: Long-term unemployed,0
E05013769,The Wrythe,18,Other ethnic group: Arab,11,L15: Full-time students,1
E05013769,The Wrythe,19,Other ethnic group: Any other ethnic group,-8,Does not apply,41
E05013769,The Wrythe,19,Other ethnic group: Any other ethnic group,1,L1 and L2: Large employers and higher managerial and administrative occupations,9
E05013769,The Wrythe,19,Other ethnic group: Any other ethnic group,2,L3: Higher professional occupations,6
E05013769,The Wrythe,19,Other ethnic group: Any other ethnic group,3,"L4, L5 and L6: Lower managerial, administrative and professional occupations",40
E05013769,The Wrythe,19,Other ethnic group: Any other ethnic group,4,L7: Intermediate occupations,15
E05013769,The Wrythe,19,Other ethnic group: Any other ethnic group,5,L8 and L9: Small employers and own account workers,34
E05013769,The Wrythe,19,Other ethnic group: Any other ethnic group,6,L10 and L11: Lower supervisory and technical occupations,5
E05013769,The Wrythe,19,Other ethnic group: Any other ethnic group,7,L12: Semi-routine occupations,11
E05013769,The Wrythe,19,Other ethnic group: Any other ethnic group,8,L13: Routine occupations,19
E05013769,The Wrythe,19,Other ethnic group: Any other ethnic group,9,L14.1: Never worked,16
E05013769,The Wrythe,19,Other ethnic group: Any other ethnic group,10,L14.2: Long-term unemployed,4
E05013769,The Wrythe,19,Other ethnic group: Any other ethnic group,11,L15: Full-time students,18
E05013770,Wallington North,-8,Does not apply,-8,Does not apply,0
E05013770,Wallington North,-8,Does not apply,1,L1 and L2: Large employers and higher managerial and administrative occupations,0
E05013770,Wallington North,-8,Does not apply,2,L3: Higher professional occupations,0
E05013770,Wallington North,-8,Does not apply,3,"L4, L5 and L6: Lower managerial, administrative and professional occupations",0
E05013770,Wallington North,-8,Does not apply,4,L7: Intermediate occupations,0
E05013770,Wallington North,-8,Does not apply,5,L8 and L9: Small employers and own account workers,0
E05013770,Wallington North,-8,Does not apply,6,L10 and L11: Lower supervisory and technical occupations,0
E05013770,Wallington North,-8,Does not apply,7,L12: Semi-routine occupations,0
E05013770,Wallington North,-8,Does not apply,8,L13: Routine occupations,0
E05013770,Wallington North,-8,Does not apply,9,L14.1: Never worked,0
E05013770,Wallington North,-8,Does not apply,10,L14.2: Long-term unemployed,0
E05013770,Wallington North,-8,Does not apply,11,L15: Full-time students,0
E05013770,Wallington North,1,"Asian, Asian British or Asian Welsh: Bangladeshi",-8,Does not apply,31
E05013770,Wallington North,1,"Asian, Asian British or Asian Welsh: Bangladeshi",1,L1 and L2: Large employers and higher managerial and administrative occupations,8
E05013770,Wallington North,1,"Asian, Asian British or Asian Welsh: Bangladeshi",2,L3: Higher professional occupations,11
E05013770,Wallington North,1,"Asian, Asian British or Asian Welsh: Bangladeshi",3,"L4, L5 and L6: Lower managerial, administrative and professional occupations",19
E05013770,Wallington North,1,"Asian, Asian British or Asian Welsh: Bangladeshi",4,L7: Intermediate occupations,8
E05013770,Wallington North,1,"Asian, Asian British or Asian Welsh: Bangladeshi",5,L8 and L9: Small employers and own account workers,4
E05013770,Wallington North,1,"Asian, Asian British or Asian Welsh: Bangladeshi",6,L10 and L11: Lower supervisory and technical occupations,0
E05013770,Wallington North,1,"Asian, Asian British or Asian Welsh: Bangladeshi",7,L12: Semi-routine occupations,5
E05013770,Wallington North,1,"Asian, Asian British or Asian Welsh: Bangladeshi",8,L13: Routine occupations,2
E05013770,Wallington North,1,"Asian, Asian British or Asian Welsh: Bangladeshi",9,L14.1: Never worked,8
E05013770,Wallington North,1,"Asian, Asian British or Asian Welsh: Bangladeshi",10,L14.2: Long-term unemployed,0
E05013770,Wallington North,1,"Asian, Asian British or Asian Welsh: Bangladeshi",11,L15: Full-time students,2
E05013770,Wallington North,2,"Asian, Asian British or Asian Welsh: Chinese",-8,Does not apply,45
E05013770,Wallington North,2,"Asian, Asian British or Asian Welsh: Chinese",1,L1 and L2: Large employers and higher managerial and administrative occupations,2
E05013770,Wallington North,2,"Asian, Asian British or Asian Welsh: Chinese",2,L3: Higher professional occupations,25
E05013770,Wallington North,2,"Asian, Asian British or Asian Welsh: Chinese",3,"L4, L5 and L6: Lower managerial, administrative and professional occupations",36
E05013770,Wallington North,2,"Asian, Asian British or Asian Welsh: Chinese",4,L7: Intermediate occupations,15
E05013770,Wallington North,2,"Asian, Asian British or Asian Welsh: Chinese",5,L8 and L9: Small employers and own account workers,15
E05013770,Wallington North,2,"Asian, Asian British or Asian Welsh: Chinese",6,L10 and L11: Lower supervisory and technical occupations,10
E05013770,Wallington North,2,"Asian, Asian British or Asian Welsh: Chinese",7,L12: Semi-routine occupations,10
E05013770,Wallington North,2,"Asian, Asian British or Asian Welsh: Chinese",8,L13: Routine occupations,3
E05013770,Wallington North,2,"Asian, Asian British or Asian Welsh: Chinese",9,L14.1: Never worked,7
E05013770,Wallington North,2,"Asian, Asian British or Asian Welsh: Chinese",10,L14.2: Long-term unemployed,0
E05013770,Wallington North,2,"Asian, Asian British or Asian Welsh: Chinese",11,L15: Full-time students,8
E05013770,Wallington North,3,"Asian, Asian British or Asian Welsh: Indian",-8,Does not apply,159
E05013770,Wallington North,3,"Asian, Asian British or Asian Welsh: Indian",1,L1 and L2: Large employers and higher managerial and administrative occupations,27
E05013770,Wallington North,3,"Asian, Asian British or Asian Welsh: Indian",2,L3: Higher professional occupations,92
E05013770,Wallington North,3,"Asian, Asian British or Asian Welsh: Indian",3,"L4, L5 and L6: Lower managerial, administrative and professional occupations",114
E05013770,Wallington North,3,"Asian, Asian British or Asian Welsh: Indian",4,L7: Intermediate occupations,56
E05013770,Wallington North,3,"Asian, Asian British or Asian Welsh: Indian",5,L8 and L9: Small employers and own account workers,28
E05013770,Wallington North,3,"Asian, Asian British or Asian Welsh: Indian",6,L10 and L11: Lower supervisory and technical occupations,17
E05013770,Wallington North,3,"Asian, Asian British or Asian Welsh: Indian",7,L12: Semi-routine occupations,32
E05013770,Wallington North,3,"Asian, Asian British or Asian Welsh: Indian",8,L13: Routine occupations,15
E05013770,Wallington North,3,"Asian, Asian British or Asian Welsh: Indian",9,L14.1: Never worked,30
E05013770,Wallington North,3,"Asian, Asian British or Asian Welsh: Indian",10,L14.2: Long-term unemployed,5
E05013770,Wallington North,3,"Asian, Asian British or Asian Welsh: Indian",11,L15: Full-time students,40
E05013770,Wallington North,4,"Asian, Asian British or Asian Welsh: Pakistani",-8,Does not apply,83
E05013770,Wallington North,4,"Asian, Asian British or Asian Welsh: Pakistani",1,L1 and L2: Large employers and higher managerial and administrative occupations,6
E05013770,Wallington North,4,"Asian, Asian British or Asian Welsh: Pakistani",2,L3: Higher professional occupations,24
E05013770,Wallington North,4,"Asian, Asian British or Asian Welsh: Pakistani",3,"L4, L5 and L6: Lower managerial, administrative and professional occupations",47
E05013770,Wallington North,4,"Asian, Asian British or Asian Welsh: Pakistani",4,L7: Intermediate occupations,21
E05013770,Wallington North,4,"Asian, Asian British or Asian Welsh: Pakistani",5,L8 and L9: Small employers and own account workers,25
E05013770,Wallington North,4,"Asian, Asian British or Asian Welsh: Pakistani",6,L10 and L11: Lower supervisory and technical occupations,6
E05013770,Wallington North,4,"Asian, Asian British or Asian Welsh: Pakistani",7,L12: Semi-routine occupations,9
E05013770,Wallington North,4,"Asian, Asian British or Asian Welsh: Pakistani",8,L13: Routine occupations,12
E05013770,Wallington North,4,"Asian, Asian British or Asian Welsh: Pakistani",9,L14.1: Never worked,25
E05013770,Wallington North,4,"Asian, Asian British or Asian Welsh: Pakistani",10,L14.2: Long-term unemployed,2
E05013770,Wallington North,4,"Asian, Asian British or Asian Welsh: Pakistani",11,L15: Full-time students,18
E05013770,Wallington North,5,"Asian, Asian British or Asian Welsh: Other Asian",-8,Does not apply,109
E05013770,Wallington North,5,"Asian, Asian British or Asian Welsh: Other Asian",1,L1 and L2: Large employers and higher managerial and administrative occupations,12
E05013770,Wallington North,5,"Asian, Asian British or Asian Welsh: Other Asian",2,L3: Higher professional occupations,52
E05013770,Wallington North,5,"Asian, Asian British or Asian Welsh: Other Asian",3,"L4, L5 and L6: Lower managerial, administrative and professional occupations",87
E05013770,Wallington North,5,"Asian, Asian British or Asian Welsh: Other Asian",4,L7: Intermediate occupations,41
E05013770,Wallington North,5,"Asian, Asian British or Asian Welsh: Other Asian",5,L8 and L9: Small employers and own account workers,38
E05013770,Wallington North,5,"Asian, Asian British or Asian Welsh: Other Asian",6,L10 and L11: Lower supervisory and technical occupations,13
E05013770,Wallington North,5,"Asian, Asian British or Asian Welsh: Other Asian",7,L12: Semi-routine occupations,45
E05013770,Wallington North,5,"Asian, Asian British or Asian Welsh: Other Asian",8,L13: Routine occupations,21
E05013770,Wallington North,5,"Asian, Asian British or Asian Welsh: Other Asian",9,L14.1: Never worked,45
E05013770,Wallington North,5,"Asian, Asian British or Asian Welsh: Other Asian",10,L14.2: Long-term unemployed,3
E05013770,Wallington North,5,"Asian, Asian British or Asian Welsh: Other Asian",11,L15: Full-time students,45
E05013770,Wallington North,6,"Black, Black British, Black Welsh, Caribbean or African: African",-8,Does not apply,134
E05013770,Wallington North,6,"Black, Black British, Black Welsh, Caribbean or African: African",1,L1 and L2: Large employers and higher managerial and administrative occupations,18
E05013770,Wallington North,6,"Black, Black British, Black Welsh, Caribbean or African: African",2,L3: Higher professional occupations,49
E05013770,Wallington North,6,"Black, Black British, Black Welsh, Caribbean or African: African",3,"L4, L5 and L6: Lower managerial, administrative and professional occupations",110
E05013770,Wallington North,6,"Black, Black British, Black Welsh, Caribbean or African: African",4,L7: Intermediate occupations,26
E05013770,Wallington North,6,"Black, Black British, Black Welsh, Caribbean or African: African",5,L8 and L9: Small employers and own account workers,24
E05013770,Wallington North,6,"Black, Black British, Black Welsh, Caribbean or African: African",6,L10 and L11: Lower supervisory and technical occupations,16
E05013770,Wallington North,6,"Black, Black British, Black Welsh, Caribbean or African: African",7,L12: Semi-routine occupations,46
E05013770,Wallington North,6,"Black, Black British, Black Welsh, Caribbean or African: African",8,L13: Routine occupations,32
E05013770,Wallington North,6,"Black, Black British, Black Welsh, Caribbean or African: African",9,L14.1: Never worked,24
E05013770,Wallington North,6,"Black, Black British, Black Welsh, Caribbean or African: African",10,L14.2: Long-term unemployed,8
E05013770,Wallington North,6,"Black, Black British, Black Welsh, Caribbean or African: African",11,L15: Full-time students,52
E05013770,Wallington North,7,"Black, Black British, Black Welsh, Caribbean or African: Caribbean",-8,Does not apply,30
E05013770,Wallington North,7,"Black, Black British, Black Welsh, Caribbean or African: Caribbean",1,L1 and L2: Large employers and higher managerial and administrative occupations,15
E05013770,Wallington North,7,"Black, Black British, Black Welsh, Caribbean or African: Caribbean",2,L3: Higher professional occupations,17
E05013770,Wallington North,7,"Black, Black British, Black Welsh, Caribbean or African: Caribbean",3,"L4, L5 and L6: Lower managerial, administrative and professional occupations",67
E05013770,Wallington North,7,"Black, Black British, Black Welsh, Caribbean or African: Caribbean",4,L7: Intermediate occupations,33
E05013770,Wallington North,7,"Black, Black British, Black Welsh, Caribbean or African: Caribbean",5,L8 and L9: Small employers and own account workers,14
E05013770,Wallington North,7,"Black, Black British, Black Welsh, Caribbean or African: Caribbean",6,L10 and L11: Lower supervisory and technical occupations,8
E05013770,Wallington North,7,"Black, Black British, Black Welsh, Caribbean or African: Caribbean",7,L12: Semi-routine occupations,18
E05013770,Wallington North,7,"Black, Black British, Black Welsh, Caribbean or African: Caribbean",8,L13: Routine occupations,20
E05013770,Wallington North,7,"Black, Black British, Black Welsh, Caribbean or African: Caribbean",9,L14.1: Never worked,11
E05013770,Wallington North,7,"Black, Black British, Black Welsh, Caribbean or African: Caribbean",10,L14.2: Long-term unemployed,2
E05013770,Wallington North,7,"Black, Black British, Black Welsh, Caribbean or African: Caribbean",11,L15: Full-time students,10
E05013770,Wallington North,8,"Black, Black British, Black Welsh, Caribbean or African: Other Black",-8,Does not apply,36
E05013770,Wallington North,8,"Black, Black British, Black Welsh, Caribbean or African: Other Black",1,L1 and L2: Large employers and higher managerial and administrative occupations,2
E05013770,Wallington North,8,"Black, Black British, Black Welsh, Caribbean or African: Other Black",2,L3: Higher professional occupations,4
E05013770,Wallington North,8,"Black, Black British, Black Welsh, Caribbean or African: Other Black",3,"L4, L5 and L6: Lower managerial, administrative and professional occupations",16
E05013770,Wallington North,8,"Black, Black British, Black Welsh, Caribbean or African: Other Black",4,L7: Intermediate occupations,5
E05013770,Wallington North,8,"Black, Black British, Black Welsh, Caribbean or African: Other Black",5,L8 and L9: Small employers and own account workers,2
E05013770,Wallington North,8,"Black, Black British, Black Welsh, Caribbean or African: Other Black",6,L10 and L11: Lower supervisory and technical occupations,2
E05013770,Wallington North,8,"Black, Black British, Black Welsh, Caribbean or African: Other Black",7,L12: Semi-routine occupations,3
E05013770,Wallington North,8,"Black, Black British, Black Welsh, Caribbean or African: Other Black",8,L13: Routine occupations,7
E05013770,Wallington North,8,"Black, Black British, Black Welsh, Caribbean or African: Other Black",9,L14.1: Never worked,0
E05013770,Wallington North,8,"Black, Black British, Black Welsh, Caribbean or African: Other Black",10,L14.2: Long-term unemployed,0
E05013770,Wallington North,8,"Black, Black British, Black Welsh, Caribbean or African: Other Black",11,L15: Full-time students,10
E05013770,Wallington North,9,Mixed or Multiple ethnic groups: White and Asian,-8,Does not apply,89
E05013770,Wallington North,9,Mixed or Multiple ethnic groups: White and Asian,1,L1 and L2: Large employers and higher managerial and administrative occupations,9
E05013770,Wallington North,9,Mixed or Multiple ethnic groups: White and Asian,2,L3: Higher professional occupations,10
E05013770,Wallington North,9,Mixed or Multiple ethnic groups: White and Asian,3,"L4, L5 and L6: Lower managerial, administrative and professional occupations",21
E05013770,Wallington North,9,Mixed or Multiple ethnic groups: White and Asian,4,L7: Intermediate occupations,18
E05013770,Wallington North,9,Mixed or Multiple ethnic groups: White and Asian,5,L8 and L9: Small employers and own account workers,4
E05013770,Wallington North,9,Mixed or Multiple ethnic groups: White and Asian,6,L10 and L11: Lower supervisory and technical occupations,2
E05013770,Wallington North,9,Mixed or Multiple ethnic groups: White and Asian,7,L12: Semi-routine occupations,1
E05013770,Wallington North,9,Mixed or Multiple ethnic groups: White and Asian,8,L13: Routine occupations,4
E05013770,Wallington North,9,Mixed or Multiple ethnic groups: White and Asian,9,L14.1: Never worked,1
E05013770,Wallington North,9,Mixed or Multiple ethnic groups: White and Asian,10,L14.2: Long-term unemployed,3
E05013770,Wallington North,9,Mixed or Multiple ethnic groups: White and Asian,11,L15: Full-time students,9
E05013770,Wallington North,10,Mixed or Multiple ethnic groups: White and Black African,-8,Does not apply,46
E05013770,Wallington North,10,Mixed or Multiple ethnic groups: White and Black African,1,L1 and L2: Large employers and higher managerial and administrative occupations,1
E05013770,Wallington North,10,Mixed or Multiple ethnic groups: White and Black African,2,L3: Higher professional occupations,4
E05013770,Wallington North,10,Mixed or Multiple ethnic groups: White and Black African,3,"L4, L5 and L6: Lower managerial, administrative and professional occupations",7
E05013770,Wallington North,10,Mixed or Multiple ethnic groups: White and Black African,4,L7: Intermediate occupations,5
E05013770,Wallington North,10,Mixed or Multiple ethnic groups: White and Black African,5,L8 and L9: Small employers and own account workers,4
E05013770,Wallington North,10,Mixed or Multiple ethnic groups: White and Black African,6,L10 and L11: Lower supervisory and technical occupations,5
E05013770,Wallington North,10,Mixed or Multiple ethnic groups: White and Black African,7,L12: Semi-routine occupations,2
E05013770,Wallington North,10,Mixed or Multiple ethnic groups: White and Black African,8,L13: Routine occupations,7
E05013770,Wallington North,10,Mixed or Multiple ethnic groups: White and Black African,9,L14.1: Never worked,2
E05013770,Wallington North,10,Mixed or Multiple ethnic groups: White and Black African,10,L14.2: Long-term unemployed,0
E05013770,Wallington North,10,Mixed or Multiple ethnic groups: White and Black African,11,L15: Full-time students,8
E05013770,Wallington North,11,Mixed or Multiple ethnic groups: White and Black Caribbean,-8,Does not apply,85
E05013770,Wallington North,11,Mixed or Multiple ethnic groups: White and Black Caribbean,1,L1 and L2: Large employers and higher managerial and administrative occupations,2
E05013770,Wallington North,11,Mixed or Multiple ethnic groups: White and Black Caribbean,2,L3: Higher professional occupations,4
E05013770,Wallington North,11,Mixed or Multiple ethnic groups: White and Black Caribbean,3,"L4, L5 and L6: Lower managerial, administrative and professional occupations",18
E05013770,Wallington North,11,Mixed or Multiple ethnic groups: White and Black Caribbean,4,L7: Intermediate occupations,16
E05013770,Wallington North,11,Mixed or Multiple ethnic groups: White and Black Caribbean,5,L8 and L9: Small employers and own account workers,7
E05013770,Wallington North,11,Mixed or Multiple ethnic groups: White and Black Caribbean,6,L10 and L11: Lower supervisory and technical occupations,2
E05013770,Wallington North,11,Mixed or Multiple ethnic groups: White and Black Caribbean,7,L12: Semi-routine occupations,6
E05013770,Wallington North,11,Mixed or Multiple ethnic groups: White and Black Caribbean,8,L13: Routine occupations,4
E05013770,Wallington North,11,Mixed or Multiple ethnic groups: White and Black Caribbean,9,L14.1: Never worked,8
E05013770,Wallington North,11,Mixed or Multiple ethnic groups: White and Black Caribbean,10,L14.2: Long-term unemployed,5
E05013770,Wallington North,11,Mixed or Multiple ethnic groups: White and Black Caribbean,11,L15: Full-time students,14
E05013770,Wallington North,12,Mixed or Multiple ethnic groups: Other Mixed or Multiple ethnic groups,-8,Does not apply,69
E05013770,Wallington North,12,Mixed or Multiple ethnic groups: Other Mixed or Multiple ethnic groups,1,L1 and L2: Large employers and higher managerial and administrative occupations,1
E05013770,Wallington North,12,Mixed or Multiple ethnic groups: Other Mixed or Multiple ethnic groups,2,L3: Higher professional occupations,18
E05013770,Wallington North,12,Mixed or Multiple ethnic groups: Other Mixed or Multiple ethnic groups,3,"L4, L5 and L6: Lower managerial, administrative and professional occupations",37
E05013770,Wallington North,12,Mixed or Multiple ethnic groups: Other Mixed or Multiple ethnic groups,4,L7: Intermediate occupations,11
E05013770,Wallington North,12,Mixed or Multiple ethnic groups: Other Mixed or Multiple ethnic groups,5,L8 and L9: Small employers and own account workers,7
E05013770,Wallington North,12,Mixed or Multiple ethnic groups: Other Mixed or Multiple ethnic groups,6,L10 and L11: Lower supervisory and technical occupations,4
E05013770,Wallington North,12,Mixed or Multiple ethnic groups: Other Mixed or Multiple ethnic groups,7,L12: Semi-routine occupations,14
E05013770,Wallington North,12,Mixed or Multiple ethnic groups: Other Mixed or Multiple ethnic groups,8,L13: Routine occupations,9
E05013770,Wallington North,12,Mixed or Multiple ethnic groups: Other Mixed or Multiple ethnic groups,9,L14.1: Never worked,2
E05013770,Wallington North,12,Mixed or Multiple ethnic groups: Other Mixed or Multiple ethnic groups,10,L14.2: Long-term unemployed,0
E05013770,Wallington North,12,Mixed or Multiple ethnic groups: Other Mixed or Multiple ethnic groups,11,L15: Full-time students,19
E05013770,Wallington North,13,"White: English, Welsh, Scottish, Northern Irish or British",-8,Does not apply,1420
E05013770,Wallington North,13,"White: English, Welsh, Scottish, Northern Irish or British",1,L1 and L2: Large employers and higher managerial and administrative occupations,309
E05013770,Wallington North,13,"White: English, Welsh, Scottish, Northern Irish or British",2,L3: Higher professional occupations,566
E05013770,Wallington North,13,"White: English, Welsh, Scottish, Northern Irish or British",3,"L4, L5 and L6: Lower managerial, administrative and professional occupations",1503
E05013770,Wallington North,13,"White: English, Welsh, Scottish, Northern Irish or British",4,L7: Intermediate occupations,959
E05013770,Wallington North,13,"White: English, Welsh, Scottish, Northern Irish or British",5,L8 and L9: Small employers and own account workers,703
E05013770,Wallington North,13,"White: English, Welsh, Scottish, Northern Irish or British",6,L10 and L11: Lower supervisory and technical occupations,331
E05013770,Wallington North,13,"White: English, Welsh, Scottish, Northern Irish or British",7,L12: Semi-routine occupations,617
E05013770,Wallington North,13,"White: English, Welsh, Scottish, Northern Irish or British",8,L13: Routine occupations,508
E05013770,Wallington North,13,"White: English, Welsh, Scottish, Northern Irish or British",9,L14.1: Never worked,302
E05013770,Wallington North,13,"White: English, Welsh, Scottish, Northern Irish or British",10,L14.2: Long-term unemployed,57
E05013770,Wallington North,13,"White: English, Welsh, Scottish, Northern Irish or British",11,L15: Full-time students,316
E05013770,Wallington North,14,White: Irish,-8,Does not apply,8
E05013770,Wallington North,14,White: Irish,1,L1 and L2: Large employers and higher managerial and administrative occupations,9
E05013770,Wallington North,14,White: Irish,2,L3: Higher professional occupations,20
E05013770,Wallington North,14,White: Irish,3,"L4, L5 and L6: Lower managerial, administrative and professional occupations",47
E05013770,Wallington North,14,White: Irish,4,L7: Intermediate occupations,22
E05013770,Wallington North,14,White: Irish,5,L8 and L9: Small employers and own account workers,14
E05013770,Wallington North,14,White: Irish,6,L10 and L11: Lower supervisory and technical occupations,10
E05013770,Wallington North,14,White: Irish,7,L12: Semi-routine occupations,17
E05013770,Wallington North,14,White: Irish,8,L13: Routine occupations,5
E05013770,Wallington North,14,White: Irish,9,L14.1: Never worked,8
E05013770,Wallington North,14,White: Irish,10,L14.2: Long-term unemployed,1
E05013770,Wallington North,14,White: Irish,11,L15: Full-time students,0
E05013770,Wallington North,15,White: Gypsy or Irish Traveller,-8,Does not apply,1
E05013770,Wallington North,15,White: Gypsy or Irish Traveller,1,L1 and L2: Large employers and higher managerial and administrative occupations,0
E05013770,Wallington North,15,White: Gypsy or Irish Traveller,2,L3: Higher professional occupations,0
E05013770,Wallington North,15,White: Gypsy or Irish Traveller,3,"L4, L5 and L6: Lower managerial, administrative and professional occupations",1
E05013770,Wallington North,15,White: Gypsy or Irish Traveller,4,L7: Intermediate occupations,1
E05013770,Wallington North,15,White: Gypsy or Irish Traveller,5,L8 and L9: Small employers and own account workers,0
E05013770,Wallington North,15,White: Gypsy or Irish Traveller,6,L10 and L11: Lower supervisory and technical occupations,0
E05013770,Wallington North,15,White: Gypsy or Irish Traveller,7,L12: Semi-routine occupations,3
E05013770,Wallington North,15,White: Gypsy or Irish Traveller,8,L13: Routine occupations,0
E05013770,Wallington North,15,White: Gypsy or Irish Traveller,9,L14.1: Never worked,0
E05013770,Wallington North,15,White: Gypsy or Irish Traveller,10,L14.2: Long-term unemployed,0
E05013770,Wallington North,15,White: Gypsy or Irish Traveller,11,L15: Full-time students,0
E05013770,Wallington North,16,White: Roma,-8,Does not apply,2
E05013770,Wallington North,16,White: Roma,1,L1 and L2: Large employers and higher managerial and administrative occupations,0
E05013770,Wallington North,16,White: Roma,2,L3: Higher professional occupations,3
E05013770,Wallington North,16,White: Roma,3,"L4, L5 and L6: Lower managerial, administrative and professional occupations",3
E05013770,Wallington North,16,White: Roma,4,L7: Intermediate occupations,3
E05013770,Wallington North,16,White: Roma,5,L8 and L9: Small employers and own account workers,1
E05013770,Wallington North,16,White: Roma,6,L10 and L11: Lower supervisory and technical occupations,0
E05013770,Wallington North,16,White: Roma,7,L12: Semi-routine occupations,0
E05013770,Wallington North,16,White: Roma,8,L13: Routine occupations,2
E05013770,Wallington North,16,White: Roma,9,L14.1: Never worked,1
E05013770,Wallington North,16,White: Roma,10,L14.2: Long-term unemployed,0
E05013770,Wallington North,16,White: Roma,11,L15: Full-time students,0
E05013770,Wallington North,17,White: Other White,-8,Does not apply,155
E05013770,Wallington North,17,White: Other White,1,L1 and L2: Large employers and higher managerial and administrative occupations,29
E05013770,Wallington North,17,White: Other White,2,L3: Higher professional occupations,79
E05013770,Wallington North,17,White: Other White,3,"L4, L5 and L6: Lower managerial, administrative and professional occupations",179
E05013770,Wallington North,17,White: Other White,4,L7: Intermediate occupations,90
E05013770,Wallington North,17,White: Other White,5,L8 and L9: Small employers and own account workers,178
E05013770,Wallington North,17,White: Other White,6,L10 and L11: Lower supervisory and technical occupations,51
E05013770,Wallington North,17,White: Other White,7,L12: Semi-routine occupations,63
E05013770,Wallington North,17,White: Other White,8,L13: Routine occupations,88
E05013770,Wallington North,17,White: Other White,9,L14.1: Never worked,18
E05013770,Wallington North,17,White: Other White,10,L14.2: Long-term unemployed,2
E05013770,Wallington North,17,White: Other White,11,L15: Full-time students,57
E05013770,Wallington North,18,Other ethnic group: Arab,-8,Does not apply,18
E05013770,Wallington North,18,Other ethnic group: Arab,1,L1 and L2: Large employers and higher managerial and administrative occupations,0
E05013770,Wallington North,18,Other ethnic group: Arab,2,L3: Higher professional occupations,10
E05013770,Wallington North,18,Other ethnic group: Arab,3,"L4, L5 and L6: Lower managerial, administrative and professional occupations",11
E05013770,Wallington North,18,Other ethnic group: Arab,4,L7: Intermediate occupations,2
E05013770,Wallington North,18,Other ethnic group: Arab,5,L8 and L9: Small employers and own account workers,2
E05013770,Wallington North,18,Other ethnic group: Arab,6,L10 and L11: Lower supervisory and technical occupations,3
E05013770,Wallington North,18,Other ethnic group: Arab,7,L12: Semi-routine occupations,3
E05013770,Wallington North,18,Other ethnic group: Arab,8,L13: Routine occupations,1
E05013770,Wallington North,18,Other ethnic group: Arab,9,L14.1: Never worked,8
E05013770,Wallington North,18,Other ethnic group: Arab,10,L14.2: Long-term unemployed,3
E05013770,Wallington North,18,Other ethnic group: Arab,11,L15: Full-time students,4
E05013770,Wallington North,19,Other ethnic group: Any other ethnic group,-8,Does not apply,62
E05013770,Wallington North,19,Other ethnic group: Any other ethnic group,1,L1 and L2: Large employers and higher managerial and administrative occupations,3
E05013770,Wallington North,19,Other ethnic group: Any other ethnic group,2,L3: Higher professional occupations,24
E05013770,Wallington North,19,Other ethnic group: Any other ethnic group,3,"L4, L5 and L6: Lower managerial, administrative and professional occupations",38
E05013770,Wallington North,19,Other ethnic group: Any other ethnic group,4,L7: Intermediate occupations,11
E05013770,Wallington North,19,Other ethnic group: Any other ethnic group,5,L8 and L9: Small employers and own account workers,19
E05013770,Wallington North,19,Other ethnic group: Any other ethnic group,6,L10 and L11: Lower supervisory and technical occupations,5
E05013770,Wallington North,19,Other ethnic group: Any other ethnic group,7,L12: Semi-routine occupations,33
E05013770,Wallington North,19,Other ethnic group: Any other ethnic group,8,L13: Routine occupations,17
E05013770,Wallington North,19,Other ethnic group: Any other ethnic group,9,L14.1: Never worked,20
E05013770,Wallington North,19,Other ethnic group: Any other ethnic group,10,L14.2: Long-term unemployed,4
E05013770,Wallington North,19,Other ethnic group: Any other ethnic group,11,L15: Full-time students,14
E05013771,Wallington South,-8,Does not apply,-8,Does not apply,0
E05013771,Wallington South,-8,Does not apply,1,L1 and L2: Large employers and higher managerial and administrative occupations,0
E05013771,Wallington South,-8,Does not apply,2,L3: Higher professional occupations,0
E05013771,Wallington South,-8,Does not apply,3,"L4, L5 and L6: Lower managerial, administrative and professional occupations",0
E05013771,Wallington South,-8,Does not apply,4,L7: Intermediate occupations,0
E05013771,Wallington South,-8,Does not apply,5,L8 and L9: Small employers and own account workers,0
E05013771,Wallington South,-8,Does not apply,6,L10 and L11: Lower supervisory and technical occupations,0
E05013771,Wallington South,-8,Does not apply,7,L12: Semi-routine occupations,0
E05013771,Wallington South,-8,Does not apply,8,L13: Routine occupations,0
E05013771,Wallington South,-8,Does not apply,9,L14.1: Never worked,0
E05013771,Wallington South,-8,Does not apply,10,L14.2: Long-term unemployed,0
E05013771,Wallington South,-8,Does not apply,11,L15: Full-time students,0
E05013771,Wallington South,1,"Asian, Asian British or Asian Welsh: Bangladeshi",-8,Does not apply,31
E05013771,Wallington South,1,"Asian, Asian British or Asian Welsh: Bangladeshi",1,L1 and L2: Large employers and higher managerial and administrative occupations,3
E05013771,Wallington South,1,"Asian, Asian British or Asian Welsh: Bangladeshi",2,L3: Higher professional occupations,13
E05013771,Wallington South,1,"Asian, Asian British or Asian Welsh: Bangladeshi",3,"L4, L5 and L6: Lower managerial, administrative and professional occupations",20
E05013771,Wallington South,1,"Asian, Asian British or Asian Welsh: Bangladeshi",4,L7: Intermediate occupations,3
E05013771,Wallington South,1,"Asian, Asian British or Asian Welsh: Bangladeshi",5,L8 and L9: Small employers and own account workers,14
E05013771,Wallington South,1,"Asian, Asian British or Asian Welsh: Bangladeshi",6,L10 and L11: Lower supervisory and technical occupations,0
E05013771,Wallington South,1,"Asian, Asian British or Asian Welsh: Bangladeshi",7,L12: Semi-routine occupations,11
E05013771,Wallington South,1,"Asian, Asian British or Asian Welsh: Bangladeshi",8,L13: Routine occupations,5
E05013771,Wallington South,1,"Asian, Asian British or Asian Welsh: Bangladeshi",9,L14.1: Never worked,8
E05013771,Wallington South,1,"Asian, Asian British or Asian Welsh: Bangladeshi",10,L14.2: Long-term unemployed,1
E05013771,Wallington South,1,"Asian, Asian British or Asian Welsh: Bangladeshi",11,L15: Full-time students,13
E05013771,Wallington South,2,"Asian, Asian British or Asian Welsh: Chinese",-8,Does not apply,40
E05013771,Wallington South,2,"Asian, Asian British or Asian Welsh: Chinese",1,L1 and L2: Large employers and higher managerial and administrative occupations,8
E05013771,Wallington South,2,"Asian, Asian British or Asian Welsh: Chinese",2,L3: Higher professional occupations,32
E05013771,Wallington South,2,"Asian, Asian British or Asian Welsh: Chinese",3,"L4, L5 and L6: Lower managerial, administrative and professional occupations",32
E05013771,Wallington South,2,"Asian, Asian British or Asian Welsh: Chinese",4,L7: Intermediate occupations,15
E05013771,Wallington South,2,"Asian, Asian British or Asian Welsh: Chinese",5,L8 and L9: Small employers and own account workers,11
E05013771,Wallington South,2,"Asian, Asian British or Asian Welsh: Chinese",6,L10 and L11: Lower supervisory and technical occupations,11
E05013771,Wallington South,2,"Asian, Asian British or Asian Welsh: Chinese",7,L12: Semi-routine occupations,7
E05013771,Wallington South,2,"Asian, Asian British or Asian Welsh: Chinese",8,L13: Routine occupations,8
E05013771,Wallington South,2,"Asian, Asian British or Asian Welsh: Chinese",9,L14.1: Never worked,14
E05013771,Wallington South,2,"Asian, Asian British or Asian Welsh: Chinese",10,L14.2: Long-term unemployed,0
E05013771,Wallington South,2,"Asian, Asian British or Asian Welsh: Chinese",11,L15: Full-time students,7
E05013771,Wallington South,3,"Asian, Asian British or Asian Welsh: Indian",-8,Does not apply,214
E05013771,Wallington South,3,"Asian, Asian British or Asian Welsh: Indian",1,L1 and L2: Large employers and higher managerial and administrative occupations,36
E05013771,Wallington South,3,"Asian, Asian British or Asian Welsh: Indian",2,L3: Higher professional occupations,144
E05013771,Wallington South,3,"Asian, Asian British or Asian Welsh: Indian",3,"L4, L5 and L6: Lower managerial, administrative and professional occupations",128
E05013771,Wallington South,3,"Asian, Asian British or Asian Welsh: Indian",4,L7: Intermediate occupations,63
E05013771,Wallington South,3,"Asian, Asian British or Asian Welsh: Indian",5,L8 and L9: Small employers and own account workers,30
E05013771,Wallington South,3,"Asian, Asian British or Asian Welsh: Indian",6,L10 and L11: Lower supervisory and technical occupations,10
E05013771,Wallington South,3,"Asian, Asian British or Asian Welsh: Indian",7,L12: Semi-routine occupations,32
E05013771,Wallington South,3,"Asian, Asian British or Asian Welsh: Indian",8,L13: Routine occupations,10
E05013771,Wallington South,3,"Asian, Asian British or Asian Welsh: Indian",9,L14.1: Never worked,39
E05013771,Wallington South,3,"Asian, Asian British or Asian Welsh: Indian",10,L14.2: Long-term unemployed,7
E05013771,Wallington South,3,"Asian, Asian British or Asian Welsh: Indian",11,L15: Full-time students,34
E05013771,Wallington South,4,"Asian, Asian British or Asian Welsh: Pakistani",-8,Does not apply,103
E05013771,Wallington South,4,"Asian, Asian British or Asian Welsh: Pakistani",1,L1 and L2: Large employers and higher managerial and administrative occupations,10
E05013771,Wallington South,4,"Asian, Asian British or Asian Welsh: Pakistani",2,L3: Higher professional occupations,27
E05013771,Wallington South,4,"Asian, Asian British or Asian Welsh: Pakistani",3,"L4, L5 and L6: Lower managerial, administrative and professional occupations",43
E05013771,Wallington South,4,"Asian, Asian British or Asian Welsh: Pakistani",4,L7: Intermediate occupations,24
E05013771,Wallington South,4,"Asian, Asian British or Asian Welsh: Pakistani",5,L8 and L9: Small employers and own account workers,29
E05013771,Wallington South,4,"Asian, Asian British or Asian Welsh: Pakistani",6,L10 and L11: Lower supervisory and technical occupations,6
E05013771,Wallington South,4,"Asian, Asian British or Asian Welsh: Pakistani",7,L12: Semi-routine occupations,6
E05013771,Wallington South,4,"Asian, Asian British or Asian Welsh: Pakistani",8,L13: Routine occupations,10
E05013771,Wallington South,4,"Asian, Asian British or Asian Welsh: Pakistani",9,L14.1: Never worked,21
E05013771,Wallington South,4,"Asian, Asian British or Asian Welsh: Pakistani",10,L14.2: Long-term unemployed,1
E05013771,Wallington South,4,"Asian, Asian British or Asian Welsh: Pakistani",11,L15: Full-time students,26
E05013771,Wallington South,5,"Asian, Asian British or Asian Welsh: Other Asian",-8,Does not apply,161
E05013771,Wallington South,5,"Asian, Asian British or Asian Welsh: Other Asian",1,L1 and L2: Large employers and higher managerial and administrative occupations,11
E05013771,Wallington South,5,"Asian, Asian British or Asian Welsh: Other Asian",2,L3: Higher professional occupations,61
E05013771,Wallington South,5,"Asian, Asian British or Asian Welsh: Other Asian",3,"L4, L5 and L6: Lower managerial, administrative and professional occupations",83
E05013771,Wallington South,5,"Asian, Asian British or Asian Welsh: Other Asian",4,L7: Intermediate occupations,43
E05013771,Wallington South,5,"Asian, Asian British or Asian Welsh: Other Asian",5,L8 and L9: Small employers and own account workers,49
E05013771,Wallington South,5,"Asian, Asian British or Asian Welsh: Other Asian",6,L10 and L11: Lower supervisory and technical occupations,15
E05013771,Wallington South,5,"Asian, Asian British or Asian Welsh: Other Asian",7,L12: Semi-routine occupations,66
E05013771,Wallington South,5,"Asian, Asian British or Asian Welsh: Other Asian",8,L13: Routine occupations,45
E05013771,Wallington South,5,"Asian, Asian British or Asian Welsh: Other Asian",9,L14.1: Never worked,46
E05013771,Wallington South,5,"Asian, Asian British or Asian Welsh: Other Asian",10,L14.2: Long-term unemployed,6
E05013771,Wallington South,5,"Asian, Asian British or Asian Welsh: Other Asian",11,L15: Full-time students,60
E05013771,Wallington South,6,"Black, Black British, Black Welsh, Caribbean or African: African",-8,Does not apply,121
E05013771,Wallington South,6,"Black, Black British, Black Welsh, Caribbean or African: African",1,L1 and L2: Large employers and higher managerial and administrative occupations,11
E05013771,Wallington South,6,"Black, Black British, Black Welsh, Caribbean or African: African",2,L3: Higher professional occupations,32
E05013771,Wallington South,6,"Black, Black British, Black Welsh, Caribbean or African: African",3,"L4, L5 and L6: Lower managerial, administrative and professional occupations",82
E05013771,Wallington South,6,"Black, Black British, Black Welsh, Caribbean or African: African",4,L7: Intermediate occupations,35
E05013771,Wallington South,6,"Black, Black British, Black Welsh, Caribbean or African: African",5,L8 and L9: Small employers and own account workers,25
E05013771,Wallington South,6,"Black, Black British, Black Welsh, Caribbean or African: African",6,L10 and L11: Lower supervisory and technical occupations,14
E05013771,Wallington South,6,"Black, Black British, Black Welsh, Caribbean or African: African",7,L12: Semi-routine occupations,54
E05013771,Wallington South,6,"Black, Black British, Black Welsh, Caribbean or African: African",8,L13: Routine occupations,31
E05013771,Wallington South,6,"Black, Black British, Black Welsh, Caribbean or African: African",9,L14.1: Never worked,23
E05013771,Wallington South,6,"Black, Black British, Black Welsh, Caribbean or African: African",10,L14.2: Long-term unemployed,8
E05013771,Wallington South,6,"Black, Black British, Black Welsh, Caribbean or African: African",11,L15: Full-time students,61
E05013771,Wallington South,7,"Black, Black British, Black Welsh, Caribbean or African: Caribbean",-8,Does not apply,37
E05013771,Wallington South,7,"Black, Black British, Black Welsh, Caribbean or African: Caribbean",1,L1 and L2: Large employers and higher managerial and administrative occupations,11
E05013771,Wallington South,7,"Black, Black British, Black Welsh, Caribbean or African: Caribbean",2,L3: Higher professional occupations,24
E05013771,Wallington South,7,"Black, Black British, Black Welsh, Caribbean or African: Caribbean",3,"L4, L5 and L6: Lower managerial, administrative and professional occupations",62
E05013771,Wallington South,7,"Black, Black British, Black Welsh, Caribbean or African: Caribbean",4,L7: Intermediate occupations,32
E05013771,Wallington South,7,"Black, Black British, Black Welsh, Caribbean or African: Caribbean",5,L8 and L9: Small employers and own account workers,13
E05013771,Wallington South,7,"Black, Black British, Black Welsh, Caribbean or African: Caribbean",6,L10 and L11: Lower supervisory and technical occupations,6
E05013771,Wallington South,7,"Black, Black British, Black Welsh, Caribbean or African: Caribbean",7,L12: Semi-routine occupations,20
E05013771,Wallington South,7,"Black, Black British, Black Welsh, Caribbean or African: Caribbean",8,L13: Routine occupations,20
E05013771,Wallington South,7,"Black, Black British, Black Welsh, Caribbean or African: Caribbean",9,L14.1: Never worked,10
E05013771,Wallington South,7,"Black, Black British, Black Welsh, Caribbean or African: Caribbean",10,L14.2: Long-term unemployed,1
E05013771,Wallington South,7,"Black, Black British, Black Welsh, Caribbean or African: Caribbean",11,L15: Full-time students,9
E05013771,Wallington South,8,"Black, Black British, Black Welsh, Caribbean or African: Other Black",-8,Does not apply,53
E05013771,Wallington South,8,"Black, Black British, Black Welsh, Caribbean or African: Other Black",1,L1 and L2: Large employers and higher managerial and administrative occupations,4
E05013771,Wallington South,8,"Black, Black British, Black Welsh, Caribbean or African: Other Black",2,L3: Higher professional occupations,10
E05013771,Wallington South,8,"Black, Black British, Black Welsh, Caribbean or African: Other Black",3,"L4, L5 and L6: Lower managerial, administrative and professional occupations",11
E05013771,Wallington South,8,"Black, Black British, Black Welsh, Caribbean or African: Other Black",4,L7: Intermediate occupations,11
E05013771,Wallington South,8,"Black, Black British, Black Welsh, Caribbean or African: Other Black",5,L8 and L9: Small employers and own account workers,4
E05013771,Wallington South,8,"Black, Black British, Black Welsh, Caribbean or African: Other Black",6,L10 and L11: Lower supervisory and technical occupations,1
E05013771,Wallington South,8,"Black, Black British, Black Welsh, Caribbean or African: Other Black",7,L12: Semi-routine occupations,7
E05013771,Wallington South,8,"Black, Black British, Black Welsh, Caribbean or African: Other Black",8,L13: Routine occupations,6
E05013771,Wallington South,8,"Black, Black British, Black Welsh, Caribbean or African: Other Black",9,L14.1: Never worked,2
E05013771,Wallington South,8,"Black, Black British, Black Welsh, Caribbean or African: Other Black",10,L14.2: Long-term unemployed,0
E05013771,Wallington South,8,"Black, Black British, Black Welsh, Caribbean or African: Other Black",11,L15: Full-time students,13
E05013771,Wallington South,9,Mixed or Multiple ethnic groups: White and Asian,-8,Does not apply,74
E05013771,Wallington South,9,Mixed or Multiple ethnic groups: White and Asian,1,L1 and L2: Large employers and higher managerial and administrative occupations,4
E05013771,Wallington South,9,Mixed or Multiple ethnic groups: White and Asian,2,L3: Higher professional occupations,14
E05013771,Wallington South,9,Mixed or Multiple ethnic groups: White and Asian,3,"L4, L5 and L6: Lower managerial, administrative and professional occupations",18
E05013771,Wallington South,9,Mixed or Multiple ethnic groups: White and Asian,4,L7: Intermediate occupations,9
E05013771,Wallington South,9,Mixed or Multiple ethnic groups: White and Asian,5,L8 and L9: Small employers and own account workers,4
E05013771,Wallington South,9,Mixed or Multiple ethnic groups: White and Asian,6,L10 and L11: Lower supervisory and technical occupations,2
E05013771,Wallington South,9,Mixed or Multiple ethnic groups: White and Asian,7,L12: Semi-routine occupations,11
E05013771,Wallington South,9,Mixed or Multiple ethnic groups: White and Asian,8,L13: Routine occupations,8
E05013771,Wallington South,9,Mixed or Multiple ethnic groups: White and Asian,9,L14.1: Never worked,13
E05013771,Wallington South,9,Mixed or Multiple ethnic groups: White and Asian,10,L14.2: Long-term unemployed,1
E05013771,Wallington South,9,Mixed or Multiple ethnic groups: White and Asian,11,L15: Full-time students,21
E05013771,Wallington South,10,Mixed or Multiple ethnic groups: White and Black African,-8,Does not apply,28
E05013771,Wallington South,10,Mixed or Multiple ethnic groups: White and Black African,1,L1 and L2: Large employers and higher managerial and administrative occupations,2
E05013771,Wallington South,10,Mixed or Multiple ethnic groups: White and Black African,2,L3: Higher professional occupations,5
E05013771,Wallington South,10,Mixed or Multiple ethnic groups: White and Black African,3,"L4, L5 and L6: Lower managerial, administrative and professional occupations",3
E05013771,Wallington South,10,Mixed or Multiple ethnic groups: White and Black African,4,L7: Intermediate occupations,1
E05013771,Wallington South,10,Mixed or Multiple ethnic groups: White and Black African,5,L8 and L9: Small employers and own account workers,2
E05013771,Wallington South,10,Mixed or Multiple ethnic groups: White and Black African,6,L10 and L11: Lower supervisory and technical occupations,1
E05013771,Wallington South,10,Mixed or Multiple ethnic groups: White and Black African,7,L12: Semi-routine occupations,5
E05013771,Wallington South,10,Mixed or Multiple ethnic groups: White and Black African,8,L13: Routine occupations,3
E05013771,Wallington South,10,Mixed or Multiple ethnic groups: White and Black African,9,L14.1: Never worked,1
E05013771,Wallington South,10,Mixed or Multiple ethnic groups: White and Black African,10,L14.2: Long-term unemployed,0
E05013771,Wallington South,10,Mixed or Multiple ethnic groups: White and Black African,11,L15: Full-time students,8
E05013771,Wallington South,11,Mixed or Multiple ethnic groups: White and Black Caribbean,-8,Does not apply,94
E05013771,Wallington South,11,Mixed or Multiple ethnic groups: White and Black Caribbean,1,L1 and L2: Large employers and higher managerial and administrative occupations,2
E05013771,Wallington South,11,Mixed or Multiple ethnic groups: White and Black Caribbean,2,L3: Higher professional occupations,7
E05013771,Wallington South,11,Mixed or Multiple ethnic groups: White and Black Caribbean,3,"L4, L5 and L6: Lower managerial, administrative and professional occupations",18
E05013771,Wallington South,11,Mixed or Multiple ethnic groups: White and Black Caribbean,4,L7: Intermediate occupations,9
E05013771,Wallington South,11,Mixed or Multiple ethnic groups: White and Black Caribbean,5,L8 and L9: Small employers and own account workers,11
E05013771,Wallington South,11,Mixed or Multiple ethnic groups: White and Black Caribbean,6,L10 and L11: Lower supervisory and technical occupations,3
E05013771,Wallington South,11,Mixed or Multiple ethnic groups: White and Black Caribbean,7,L12: Semi-routine occupations,13
E05013771,Wallington South,11,Mixed or Multiple ethnic groups: White and Black Caribbean,8,L13: Routine occupations,1
E05013771,Wallington South,11,Mixed or Multiple ethnic groups: White and Black Caribbean,9,L14.1: Never worked,4
E05013771,Wallington South,11,Mixed or Multiple ethnic groups: White and Black Caribbean,10,L14.2: Long-term unemployed,3
E05013771,Wallington South,11,Mixed or Multiple ethnic groups: White and Black Caribbean,11,L15: Full-time students,18
E05013771,Wallington South,12,Mixed or Multiple ethnic groups: Other Mixed or Multiple ethnic groups,-8,Does not apply,63
E05013771,Wallington South,12,Mixed or Multiple ethnic groups: Other Mixed or Multiple ethnic groups,1,L1 and L2: Large employers and higher managerial and administrative occupations,3
E05013771,Wallington South,12,Mixed or Multiple ethnic groups: Other Mixed or Multiple ethnic groups,2,L3: Higher professional occupations,10
E05013771,Wallington South,12,Mixed or Multiple ethnic groups: Other Mixed or Multiple ethnic groups,3,"L4, L5 and L6: Lower managerial, administrative and professional occupations",14
E05013771,Wallington South,12,Mixed or Multiple ethnic groups: Other Mixed or Multiple ethnic groups,4,L7: Intermediate occupations,14
E05013771,Wallington South,12,Mixed or Multiple ethnic groups: Other Mixed or Multiple ethnic groups,5,L8 and L9: Small employers and own account workers,7
E05013771,Wallington South,12,Mixed or Multiple ethnic groups: Other Mixed or Multiple ethnic groups,6,L10 and L11: Lower supervisory and technical occupations,6
E05013771,Wallington South,12,Mixed or Multiple ethnic groups: Other Mixed or Multiple ethnic groups,7,L12: Semi-routine occupations,9
E05013771,Wallington South,12,Mixed or Multiple ethnic groups: Other Mixed or Multiple ethnic groups,8,L13: Routine occupations,2
E05013771,Wallington South,12,Mixed or Multiple ethnic groups: Other Mixed or Multiple ethnic groups,9,L14.1: Never worked,2
E05013771,Wallington South,12,Mixed or Multiple ethnic groups: Other Mixed or Multiple ethnic groups,10,L14.2: Long-term unemployed,1
E05013771,Wallington South,12,Mixed or Multiple ethnic groups: Other Mixed or Multiple ethnic groups,11,L15: Full-time students,17
E05013771,Wallington South,13,"White: English, Welsh, Scottish, Northern Irish or British",-8,Does not apply,1077
E05013771,Wallington South,13,"White: English, Welsh, Scottish, Northern Irish or British",1,L1 and L2: Large employers and higher managerial and administrative occupations,276
E05013771,Wallington South,13,"White: English, Welsh, Scottish, Northern Irish or British",2,L3: Higher professional occupations,481
E05013771,Wallington South,13,"White: English, Welsh, Scottish, Northern Irish or British",3,"L4, L5 and L6: Lower managerial, administrative and professional occupations",1311
E05013771,Wallington South,13,"White: English, Welsh, Scottish, Northern Irish or British",4,L7: Intermediate occupations,853
E05013771,Wallington South,13,"White: English, Welsh, Scottish, Northern Irish or British",5,L8 and L9: Small employers and own account workers,574
E05013771,Wallington South,13,"White: English, Welsh, Scottish, Northern Irish or British",6,L10 and L11: Lower supervisory and technical occupations,238
E05013771,Wallington South,13,"White: English, Welsh, Scottish, Northern Irish or British",7,L12: Semi-routine occupations,492
E05013771,Wallington South,13,"White: English, Welsh, Scottish, Northern Irish or British",8,L13: Routine occupations,422
E05013771,Wallington South,13,"White: English, Welsh, Scottish, Northern Irish or British",9,L14.1: Never worked,399
E05013771,Wallington South,13,"White: English, Welsh, Scottish, Northern Irish or British",10,L14.2: Long-term unemployed,47
E05013771,Wallington South,13,"White: English, Welsh, Scottish, Northern Irish or British",11,L15: Full-time students,217
E05013771,Wallington South,14,White: Irish,-8,Does not apply,5
E05013771,Wallington South,14,White: Irish,1,L1 and L2: Large employers and higher managerial and administrative occupations,15
E05013771,Wallington South,14,White: Irish,2,L3: Higher professional occupations,12
E05013771,Wallington South,14,White: Irish,3,"L4, L5 and L6: Lower managerial, administrative and professional occupations",45
E05013771,Wallington South,14,White: Irish,4,L7: Intermediate occupations,23
E05013771,Wallington South,14,White: Irish,5,L8 and L9: Small employers and own account workers,17
E05013771,Wallington South,14,White: Irish,6,L10 and L11: Lower supervisory and technical occupations,3
E05013771,Wallington South,14,White: Irish,7,L12: Semi-routine occupations,16
E05013771,Wallington South,14,White: Irish,8,L13: Routine occupations,20
E05013771,Wallington South,14,White: Irish,9,L14.1: Never worked,14
E05013771,Wallington South,14,White: Irish,10,L14.2: Long-term unemployed,0
E05013771,Wallington South,14,White: Irish,11,L15: Full-time students,2
E05013771,Wallington South,15,White: Gypsy or Irish Traveller,-8,Does not apply,3
E05013771,Wallington South,15,White: Gypsy or Irish Traveller,1,L1 and L2: Large employers and higher managerial and administrative occupations,0
E05013771,Wallington South,15,White: Gypsy or Irish Traveller,2,L3: Higher professional occupations,0
E05013771,Wallington South,15,White: Gypsy or Irish Traveller,3,"L4, L5 and L6: Lower managerial, administrative and professional occupations",0
E05013771,Wallington South,15,White: Gypsy or Irish Traveller,4,L7: Intermediate occupations,0
E05013771,Wallington South,15,White: Gypsy or Irish Traveller,5,L8 and L9: Small employers and own account workers,0
E05013771,Wallington South,15,White: Gypsy or Irish Traveller,6,L10 and L11: Lower supervisory and technical occupations,0
E05013771,Wallington South,15,White: Gypsy or Irish Traveller,7,L12: Semi-routine occupations,0
E05013771,Wallington South,15,White: Gypsy or Irish Traveller,8,L13: Routine occupations,0
E05013771,Wallington South,15,White: Gypsy or Irish Traveller,9,L14.1: Never worked,4
E05013771,Wallington South,15,White: Gypsy or Irish Traveller,10,L14.2: Long-term unemployed,0
E05013771,Wallington South,15,White: Gypsy or Irish Traveller,11,L15: Full-time students,0
E05013771,Wallington South,16,White: Roma,-8,Does not apply,3
E05013771,Wallington South,16,White: Roma,1,L1 and L2: Large employers and higher managerial and administrative occupations,0
E05013771,Wallington South,16,White: Roma,2,L3: Higher professional occupations,0
E05013771,Wallington South,16,White: Roma,3,"L4, L5 and L6: Lower managerial, administrative and professional occupations",6
E05013771,Wallington South,16,White: Roma,4,L7: Intermediate occupations,0
E05013771,Wallington South,16,White: Roma,5,L8 and L9: Small employers and own account workers,2
E05013771,Wallington South,16,White: Roma,6,L10 and L11: Lower supervisory and technical occupations,0
E05013771,Wallington South,16,White: Roma,7,L12: Semi-routine occupations,2
E05013771,Wallington South,16,White: Roma,8,L13: Routine occupations,1
E05013771,Wallington South,16,White: Roma,9,L14.1: Never worked,0
E05013771,Wallington South,16,White: Roma,10,L14.2: Long-term unemployed,0
E05013771,Wallington South,16,White: Roma,11,L15: Full-time students,0
E05013771,Wallington South,17,White: Other White,-8,Does not apply,113
E05013771,Wallington South,17,White: Other White,1,L1 and L2: Large employers and higher managerial and administrative occupations,27
E05013771,Wallington South,17,White: Other White,2,L3: Higher professional occupations,54
E05013771,Wallington South,17,White: Other White,3,"L4, L5 and L6: Lower managerial, administrative and professional occupations",143
E05013771,Wallington South,17,White: Other White,4,L7: Intermediate occupations,80
E05013771,Wallington South,17,White: Other White,5,L8 and L9: Small employers and own account workers,126
E05013771,Wallington South,17,White: Other White,6,L10 and L11: Lower supervisory and technical occupations,26
E05013771,Wallington South,17,White: Other White,7,L12: Semi-routine occupations,52
E05013771,Wallington South,17,White: Other White,8,L13: Routine occupations,76
E05013771,Wallington South,17,White: Other White,9,L14.1: Never worked,24
E05013771,Wallington South,17,White: Other White,10,L14.2: Long-term unemployed,5
E05013771,Wallington South,17,White: Other White,11,L15: Full-time students,18
E05013771,Wallington South,18,Other ethnic group: Arab,-8,Does not apply,3
E05013771,Wallington South,18,Other ethnic group: Arab,1,L1 and L2: Large employers and higher managerial and administrative occupations,0
E05013771,Wallington South,18,Other ethnic group: Arab,2,L3: Higher professional occupations,2
E05013771,Wallington South,18,Other ethnic group: Arab,3,"L4, L5 and L6: Lower managerial, administrative and professional occupations",1
E05013771,Wallington South,18,Other ethnic group: Arab,4,L7: Intermediate occupations,0
E05013771,Wallington South,18,Other ethnic group: Arab,5,L8 and L9: Small employers and own account workers,2
E05013771,Wallington South,18,Other ethnic group: Arab,6,L10 and L11: Lower supervisory and technical occupations,0
E05013771,Wallington South,18,Other ethnic group: Arab,7,L12: Semi-routine occupations,0
E05013771,Wallington South,18,Other ethnic group: Arab,8,L13: Routine occupations,4
E05013771,Wallington South,18,Other ethnic group: Arab,9,L14.1: Never worked,5
E05013771,Wallington South,18,Other ethnic group: Arab,10,L14.2: Long-term unemployed,0
E05013771,Wallington South,18,Other ethnic group: Arab,11,L15: Full-time students,1
E05013771,Wallington South,19,Other ethnic group: Any other ethnic group,-8,Does not apply,60
E05013771,Wallington South,19,Other ethnic group: Any other ethnic group,1,L1 and L2: Large employers and higher managerial and administrative occupations,7
E05013771,Wallington South,19,Other ethnic group: Any other ethnic group,2,L3: Higher professional occupations,15
E05013771,Wallington South,19,Other ethnic group: Any other ethnic group,3,"L4, L5 and L6: Lower managerial, administrative and professional occupations",38
E05013771,Wallington South,19,Other ethnic group: Any other ethnic group,4,L7: Intermediate occupations,18
E05013771,Wallington South,19,Other ethnic group: Any other ethnic group,5,L8 and L9: Small employers and own account workers,34
E05013771,Wallington South,19,Other ethnic group: Any other ethnic group,6,L10 and L11: Lower supervisory and technical occupations,4
E05013771,Wallington South,19,Other ethnic group: Any other ethnic group,7,L12: Semi-routine occupations,23
E05013771,Wallington South,19,Other ethnic group: Any other ethnic group,8,L13: Routine occupations,21
E05013771,Wallington South,19,Other ethnic group: Any other ethnic group,9,L14.1: Never worked,31
E05013771,Wallington South,19,Other ethnic group: Any other ethnic group,10,L14.2: Long-term unemployed,4
E05013771,Wallington South,19,Other ethnic group: Any other ethnic group,11,L15: Full-time students,13
E05013772,Worcester Park North,-8,Does not apply,-8,Does not apply,0
E05013772,Worcester Park North,-8,Does not apply,1,L1 and L2: Large employers and higher managerial and administrative occupations,0
E05013772,Worcester Park North,-8,Does not apply,2,L3: Higher professional occupations,0
E05013772,Worcester Park North,-8,Does not apply,3,"L4, L5 and L6: Lower managerial, administrative and professional occupations",0
E05013772,Worcester Park North,-8,Does not apply,4,L7: Intermediate occupations,0
E05013772,Worcester Park North,-8,Does not apply,5,L8 and L9: Small employers and own account workers,0
E05013772,Worcester Park North,-8,Does not apply,6,L10 and L11: Lower supervisory and technical occupations,0
E05013772,Worcester Park North,-8,Does not apply,7,L12: Semi-routine occupations,0
E05013772,Worcester Park North,-8,Does not apply,8,L13: Routine occupations,0
E05013772,Worcester Park North,-8,Does not apply,9,L14.1: Never worked,0
E05013772,Worcester Park North,-8,Does not apply,10,L14.2: Long-term unemployed,0
E05013772,Worcester Park North,-8,Does not apply,11,L15: Full-time students,0
E05013772,Worcester Park North,1,"Asian, Asian British or Asian Welsh: Bangladeshi",-8,Does not apply,16
E05013772,Worcester Park North,1,"Asian, Asian British or Asian Welsh: Bangladeshi",1,L1 and L2: Large employers and higher managerial and administrative occupations,3
E05013772,Worcester Park North,1,"Asian, Asian British or Asian Welsh: Bangladeshi",2,L3: Higher professional occupations,4
E05013772,Worcester Park North,1,"Asian, Asian British or Asian Welsh: Bangladeshi",3,"L4, L5 and L6: Lower managerial, administrative and professional occupations",11
E05013772,Worcester Park North,1,"Asian, Asian British or Asian Welsh: Bangladeshi",4,L7: Intermediate occupations,3
E05013772,Worcester Park North,1,"Asian, Asian British or Asian Welsh: Bangladeshi",5,L8 and L9: Small employers and own account workers,5
E05013772,Worcester Park North,1,"Asian, Asian British or Asian Welsh: Bangladeshi",6,L10 and L11: Lower supervisory and technical occupations,2
E05013772,Worcester Park North,1,"Asian, Asian British or Asian Welsh: Bangladeshi",7,L12: Semi-routine occupations,4
E05013772,Worcester Park North,1,"Asian, Asian British or Asian Welsh: Bangladeshi",8,L13: Routine occupations,2
E05013772,Worcester Park North,1,"Asian, Asian British or Asian Welsh: Bangladeshi",9,L14.1: Never worked,7
E05013772,Worcester Park North,1,"Asian, Asian British or Asian Welsh: Bangladeshi",10,L14.2: Long-term unemployed,0
E05013772,Worcester Park North,1,"Asian, Asian British or Asian Welsh: Bangladeshi",11,L15: Full-time students,4
E05013772,Worcester Park North,2,"Asian, Asian British or Asian Welsh: Chinese",-8,Does not apply,38
E05013772,Worcester Park North,2,"Asian, Asian British or Asian Welsh: Chinese",1,L1 and L2: Large employers and higher managerial and administrative occupations,8
E05013772,Worcester Park North,2,"Asian, Asian British or Asian Welsh: Chinese",2,L3: Higher professional occupations,34
E05013772,Worcester Park North,2,"Asian, Asian British or Asian Welsh: Chinese",3,"L4, L5 and L6: Lower managerial, administrative and professional occupations",34
E05013772,Worcester Park North,2,"Asian, Asian British or Asian Welsh: Chinese",4,L7: Intermediate occupations,10
E05013772,Worcester Park North,2,"Asian, Asian British or Asian Welsh: Chinese",5,L8 and L9: Small employers and own account workers,8
E05013772,Worcester Park North,2,"Asian, Asian British or Asian Welsh: Chinese",6,L10 and L11: Lower supervisory and technical occupations,3
E05013772,Worcester Park North,2,"Asian, Asian British or Asian Welsh: Chinese",7,L12: Semi-routine occupations,4
E05013772,Worcester Park North,2,"Asian, Asian British or Asian Welsh: Chinese",8,L13: Routine occupations,2
E05013772,Worcester Park North,2,"Asian, Asian British or Asian Welsh: Chinese",9,L14.1: Never worked,12
E05013772,Worcester Park North,2,"Asian, Asian British or Asian Welsh: Chinese",10,L14.2: Long-term unemployed,2
E05013772,Worcester Park North,2,"Asian, Asian British or Asian Welsh: Chinese",11,L15: Full-time students,4
E05013772,Worcester Park North,3,"Asian, Asian British or Asian Welsh: Indian",-8,Does not apply,109
E05013772,Worcester Park North,3,"Asian, Asian British or Asian Welsh: Indian",1,L1 and L2: Large employers and higher managerial and administrative occupations,34
E05013772,Worcester Park North,3,"Asian, Asian British or Asian Welsh: Indian",2,L3: Higher professional occupations,70
E05013772,Worcester Park North,3,"Asian, Asian British or Asian Welsh: Indian",3,"L4, L5 and L6: Lower managerial, administrative and professional occupations",69
E05013772,Worcester Park North,3,"Asian, Asian British or Asian Welsh: Indian",4,L7: Intermediate occupations,28
E05013772,Worcester Park North,3,"Asian, Asian British or Asian Welsh: Indian",5,L8 and L9: Small employers and own account workers,29
E05013772,Worcester Park North,3,"Asian, Asian British or Asian Welsh: Indian",6,L10 and L11: Lower supervisory and technical occupations,4
E05013772,Worcester Park North,3,"Asian, Asian British or Asian Welsh: Indian",7,L12: Semi-routine occupations,11
E05013772,Worcester Park North,3,"Asian, Asian British or Asian Welsh: Indian",8,L13: Routine occupations,10
E05013772,Worcester Park North,3,"Asian, Asian British or Asian Welsh: Indian",9,L14.1: Never worked,15
E05013772,Worcester Park North,3,"Asian, Asian British or Asian Welsh: Indian",10,L14.2: Long-term unemployed,4
E05013772,Worcester Park North,3,"Asian, Asian British or Asian Welsh: Indian",11,L15: Full-time students,23
E05013772,Worcester Park North,4,"Asian, Asian British or Asian Welsh: Pakistani",-8,Does not apply,51
E05013772,Worcester Park North,4,"Asian, Asian British or Asian Welsh: Pakistani",1,L1 and L2: Large employers and higher managerial and administrative occupations,6
E05013772,Worcester Park North,4,"Asian, Asian British or Asian Welsh: Pakistani",2,L3: Higher professional occupations,16
E05013772,Worcester Park North,4,"Asian, Asian British or Asian Welsh: Pakistani",3,"L4, L5 and L6: Lower managerial, administrative and professional occupations",15
E05013772,Worcester Park North,4,"Asian, Asian British or Asian Welsh: Pakistani",4,L7: Intermediate occupations,12
E05013772,Worcester Park North,4,"Asian, Asian British or Asian Welsh: Pakistani",5,L8 and L9: Small employers and own account workers,30
E05013772,Worcester Park North,4,"Asian, Asian British or Asian Welsh: Pakistani",6,L10 and L11: Lower supervisory and technical occupations,5
E05013772,Worcester Park North,4,"Asian, Asian British or Asian Welsh: Pakistani",7,L12: Semi-routine occupations,7
E05013772,Worcester Park North,4,"Asian, Asian British or Asian Welsh: Pakistani",8,L13: Routine occupations,4
E05013772,Worcester Park North,4,"Asian, Asian British or Asian Welsh: Pakistani",9,L14.1: Never worked,20
E05013772,Worcester Park North,4,"Asian, Asian British or Asian Welsh: Pakistani",10,L14.2: Long-term unemployed,3
E05013772,Worcester Park North,4,"Asian, Asian British or Asian Welsh: Pakistani",11,L15: Full-time students,26
E05013772,Worcester Park North,5,"Asian, Asian British or Asian Welsh: Other Asian",-8,Does not apply,127
E05013772,Worcester Park North,5,"Asian, Asian British or Asian Welsh: Other Asian",1,L1 and L2: Large employers and higher managerial and administrative occupations,27
E05013772,Worcester Park North,5,"Asian, Asian British or Asian Welsh: Other Asian",2,L3: Higher professional occupations,51
E05013772,Worcester Park North,5,"Asian, Asian British or Asian Welsh: Other Asian",3,"L4, L5 and L6: Lower managerial, administrative and professional occupations",85
E05013772,Worcester Park North,5,"Asian, Asian British or Asian Welsh: Other Asian",4,L7: Intermediate occupations,36
E05013772,Worcester Park North,5,"Asian, Asian British or Asian Welsh: Other Asian",5,L8 and L9: Small employers and own account workers,55
E05013772,Worcester Park North,5,"Asian, Asian British or Asian Welsh: Other Asian",6,L10 and L11: Lower supervisory and technical occupations,10
E05013772,Worcester Park North,5,"Asian, Asian British or Asian Welsh: Other Asian",7,L12: Semi-routine occupations,31
E05013772,Worcester Park North,5,"Asian, Asian British or Asian Welsh: Other Asian",8,L13: Routine occupations,18
E05013772,Worcester Park North,5,"Asian, Asian British or Asian Welsh: Other Asian",9,L14.1: Never worked,37
E05013772,Worcester Park North,5,"Asian, Asian British or Asian Welsh: Other Asian",10,L14.2: Long-term unemployed,9
E05013772,Worcester Park North,5,"Asian, Asian British or Asian Welsh: Other Asian",11,L15: Full-time students,53
E05013772,Worcester Park North,6,"Black, Black British, Black Welsh, Caribbean or African: African",-8,Does not apply,41
E05013772,Worcester Park North,6,"Black, Black British, Black Welsh, Caribbean or African: African",1,L1 and L2: Large employers and higher managerial and administrative occupations,6
E05013772,Worcester Park North,6,"Black, Black British, Black Welsh, Caribbean or African: African",2,L3: Higher professional occupations,12
E05013772,Worcester Park North,6,"Black, Black British, Black Welsh, Caribbean or African: African",3,"L4, L5 and L6: Lower managerial, administrative and professional occupations",31
E05013772,Worcester Park North,6,"Black, Black British, Black Welsh, Caribbean or African: African",4,L7: Intermediate occupations,13
E05013772,Worcester Park North,6,"Black, Black British, Black Welsh, Caribbean or African: African",5,L8 and L9: Small employers and own account workers,5
E05013772,Worcester Park North,6,"Black, Black British, Black Welsh, Caribbean or African: African",6,L10 and L11: Lower supervisory and technical occupations,4
E05013772,Worcester Park North,6,"Black, Black British, Black Welsh, Caribbean or African: African",7,L12: Semi-routine occupations,7
E05013772,Worcester Park North,6,"Black, Black British, Black Welsh, Caribbean or African: African",8,L13: Routine occupations,12
E05013772,Worcester Park North,6,"Black, Black British, Black Welsh, Caribbean or African: African",9,L14.1: Never worked,3
E05013772,Worcester Park North,6,"Black, Black British, Black Welsh, Caribbean or African: African",10,L14.2: Long-term unemployed,1
E05013772,Worcester Park North,6,"Black, Black British, Black Welsh, Caribbean or African: African",11,L15: Full-time students,18
E05013772,Worcester Park North,7,"Black, Black British, Black Welsh, Caribbean or African: Caribbean",-8,Does not apply,16
E05013772,Worcester Park North,7,"Black, Black British, Black Welsh, Caribbean or African: Caribbean",1,L1 and L2: Large employers and higher managerial and administrative occupations,8
E05013772,Worcester Park North,7,"Black, Black British, Black Welsh, Caribbean or African: Caribbean",2,L3: Higher professional occupations,3
E05013772,Worcester Park North,7,"Black, Black British, Black Welsh, Caribbean or African: Caribbean",3,"L4, L5 and L6: Lower managerial, administrative and professional occupations",23
E05013772,Worcester Park North,7,"Black, Black British, Black Welsh, Caribbean or African: Caribbean",4,L7: Intermediate occupations,15
E05013772,Worcester Park North,7,"Black, Black British, Black Welsh, Caribbean or African: Caribbean",5,L8 and L9: Small employers and own account workers,6
E05013772,Worcester Park North,7,"Black, Black British, Black Welsh, Caribbean or African: Caribbean",6,L10 and L11: Lower supervisory and technical occupations,0
E05013772,Worcester Park North,7,"Black, Black British, Black Welsh, Caribbean or African: Caribbean",7,L12: Semi-routine occupations,7
E05013772,Worcester Park North,7,"Black, Black British, Black Welsh, Caribbean or African: Caribbean",8,L13: Routine occupations,5
E05013772,Worcester Park North,7,"Black, Black British, Black Welsh, Caribbean or African: Caribbean",9,L14.1: Never worked,5
E05013772,Worcester Park North,7,"Black, Black British, Black Welsh, Caribbean or African: Caribbean",10,L14.2: Long-term unemployed,4
E05013772,Worcester Park North,7,"Black, Black British, Black Welsh, Caribbean or African: Caribbean",11,L15: Full-time students,3
E05013772,Worcester Park North,8,"Black, Black British, Black Welsh, Caribbean or African: Other Black",-8,Does not apply,13
E05013772,Worcester Park North,8,"Black, Black British, Black Welsh, Caribbean or African: Other Black",1,L1 and L2: Large employers and higher managerial and administrative occupations,1
E05013772,Worcester Park North,8,"Black, Black British, Black Welsh, Caribbean or African: Other Black",2,L3: Higher professional occupations,5
E05013772,Worcester Park North,8,"Black, Black British, Black Welsh, Caribbean or African: Other Black",3,"L4, L5 and L6: Lower managerial, administrative and professional occupations",5
E05013772,Worcester Park North,8,"Black, Black British, Black Welsh, Caribbean or African: Other Black",4,L7: Intermediate occupations,3
E05013772,Worcester Park North,8,"Black, Black British, Black Welsh, Caribbean or African: Other Black",5,L8 and L9: Small employers and own account workers,0
E05013772,Worcester Park North,8,"Black, Black British, Black Welsh, Caribbean or African: Other Black",6,L10 and L11: Lower supervisory and technical occupations,0
E05013772,Worcester Park North,8,"Black, Black British, Black Welsh, Caribbean or African: Other Black",7,L12: Semi-routine occupations,1
E05013772,Worcester Park North,8,"Black, Black British, Black Welsh, Caribbean or African: Other Black",8,L13: Routine occupations,3
E05013772,Worcester Park North,8,"Black, Black British, Black Welsh, Caribbean or African: Other Black",9,L14.1: Never worked,5
E05013772,Worcester Park North,8,"Black, Black British, Black Welsh, Caribbean or African: Other Black",10,L14.2: Long-term unemployed,0
E05013772,Worcester Park North,8,"Black, Black British, Black Welsh, Caribbean or African: Other Black",11,L15: Full-time students,4
E05013772,Worcester Park North,9,Mixed or Multiple ethnic groups: White and Asian,-8,Does not apply,101
E05013772,Worcester Park North,9,Mixed or Multiple ethnic groups: White and Asian,1,L1 and L2: Large employers and higher managerial and administrative occupations,2
E05013772,Worcester Park North,9,Mixed or Multiple ethnic groups: White and Asian,2,L3: Higher professional occupations,14
E05013772,Worcester Park North,9,Mixed or Multiple ethnic groups: White and Asian,3,"L4, L5 and L6: Lower managerial, administrative and professional occupations",22
E05013772,Worcester Park North,9,Mixed or Multiple ethnic groups: White and Asian,4,L7: Intermediate occupations,8
E05013772,Worcester Park North,9,Mixed or Multiple ethnic groups: White and Asian,5,L8 and L9: Small employers and own account workers,3
E05013772,Worcester Park North,9,Mixed or Multiple ethnic groups: White and Asian,6,L10 and L11: Lower supervisory and technical occupations,3
E05013772,Worcester Park North,9,Mixed or Multiple ethnic groups: White and Asian,7,L12: Semi-routine occupations,4
E05013772,Worcester Park North,9,Mixed or Multiple ethnic groups: White and Asian,8,L13: Routine occupations,1
E05013772,Worcester Park North,9,Mixed or Multiple ethnic groups: White and Asian,9,L14.1: Never worked,1
E05013772,Worcester Park North,9,Mixed or Multiple ethnic groups: White and Asian,10,L14.2: Long-term unemployed,1
E05013772,Worcester Park North,9,Mixed or Multiple ethnic groups: White and Asian,11,L15: Full-time students,14
E05013772,Worcester Park North,10,Mixed or Multiple ethnic groups: White and Black African,-8,Does not apply,29
E05013772,Worcester Park North,10,Mixed or Multiple ethnic groups: White and Black African,1,L1 and L2: Large employers and higher managerial and administrative occupations,2
E05013772,Worcester Park North,10,Mixed or Multiple ethnic groups: White and Black African,2,L3: Higher professional occupations,4
E05013772,Worcester Park North,10,Mixed or Multiple ethnic groups: White and Black African,3,"L4, L5 and L6: Lower managerial, administrative and professional occupations",5
E05013772,Worcester Park North,10,Mixed or Multiple ethnic groups: White and Black African,4,L7: Intermediate occupations,1
E05013772,Worcester Park North,10,Mixed or Multiple ethnic groups: White and Black African,5,L8 and L9: Small employers and own account workers,5
E05013772,Worcester Park North,10,Mixed or Multiple ethnic groups: White and Black African,6,L10 and L11: Lower supervisory and technical occupations,1
E05013772,Worcester Park North,10,Mixed or Multiple ethnic groups: White and Black African,7,L12: Semi-routine occupations,1
E05013772,Worcester Park North,10,Mixed or Multiple ethnic groups: White and Black African,8,L13: Routine occupations,1
E05013772,Worcester Park North,10,Mixed or Multiple ethnic groups: White and Black African,9,L14.1: Never worked,3
E05013772,Worcester Park North,10,Mixed or Multiple ethnic groups: White and Black African,10,L14.2: Long-term unemployed,1
E05013772,Worcester Park North,10,Mixed or Multiple ethnic groups: White and Black African,11,L15: Full-time students,6
E05013772,Worcester Park North,11,Mixed or Multiple ethnic groups: White and Black Caribbean,-8,Does not apply,53
E05013772,Worcester Park North,11,Mixed or Multiple ethnic groups: White and Black Caribbean,1,L1 and L2: Large employers and higher managerial and administrative occupations,0
E05013772,Worcester Park North,11,Mixed or Multiple ethnic groups: White and Black Caribbean,2,L3: Higher professional occupations,6
E05013772,Worcester Park North,11,Mixed or Multiple ethnic groups: White and Black Caribbean,3,"L4, L5 and L6: Lower managerial, administrative and professional occupations",8
E05013772,Worcester Park North,11,Mixed or Multiple ethnic groups: White and Black Caribbean,4,L7: Intermediate occupations,9
E05013772,Worcester Park North,11,Mixed or Multiple ethnic groups: White and Black Caribbean,5,L8 and L9: Small employers and own account workers,3
E05013772,Worcester Park North,11,Mixed or Multiple ethnic groups: White and Black Caribbean,6,L10 and L11: Lower supervisory and technical occupations,1
E05013772,Worcester Park North,11,Mixed or Multiple ethnic groups: White and Black Caribbean,7,L12: Semi-routine occupations,7
E05013772,Worcester Park North,11,Mixed or Multiple ethnic groups: White and Black Caribbean,8,L13: Routine occupations,2
E05013772,Worcester Park North,11,Mixed or Multiple ethnic groups: White and Black Caribbean,9,L14.1: Never worked,7
E05013772,Worcester Park North,11,Mixed or Multiple ethnic groups: White and Black Caribbean,10,L14.2: Long-term unemployed,3
E05013772,Worcester Park North,11,Mixed or Multiple ethnic groups: White and Black Caribbean,11,L15: Full-time students,12
E05013772,Worcester Park North,12,Mixed or Multiple ethnic groups: Other Mixed or Multiple ethnic groups,-8,Does not apply,56
E05013772,Worcester Park North,12,Mixed or Multiple ethnic groups: Other Mixed or Multiple ethnic groups,1,L1 and L2: Large employers and higher managerial and administrative occupations,4
E05013772,Worcester Park North,12,Mixed or Multiple ethnic groups: Other Mixed or Multiple ethnic groups,2,L3: Higher professional occupations,9
E05013772,Worcester Park North,12,Mixed or Multiple ethnic groups: Other Mixed or Multiple ethnic groups,3,"L4, L5 and L6: Lower managerial, administrative and professional occupations",16
E05013772,Worcester Park North,12,Mixed or Multiple ethnic groups: Other Mixed or Multiple ethnic groups,4,L7: Intermediate occupations,10
E05013772,Worcester Park North,12,Mixed or Multiple ethnic groups: Other Mixed or Multiple ethnic groups,5,L8 and L9: Small employers and own account workers,13
E05013772,Worcester Park North,12,Mixed or Multiple ethnic groups: Other Mixed or Multiple ethnic groups,6,L10 and L11: Lower supervisory and technical occupations,3
E05013772,Worcester Park North,12,Mixed or Multiple ethnic groups: Other Mixed or Multiple ethnic groups,7,L12: Semi-routine occupations,9
E05013772,Worcester Park North,12,Mixed or Multiple ethnic groups: Other Mixed or Multiple ethnic groups,8,L13: Routine occupations,4
E05013772,Worcester Park North,12,Mixed or Multiple ethnic groups: Other Mixed or Multiple ethnic groups,9,L14.1: Never worked,7
E05013772,Worcester Park North,12,Mixed or Multiple ethnic groups: Other Mixed or Multiple ethnic groups,10,L14.2: Long-term unemployed,2
E05013772,Worcester Park North,12,Mixed or Multiple ethnic groups: Other Mixed or Multiple ethnic groups,11,L15: Full-time students,11
E05013772,Worcester Park North,13,"White: English, Welsh, Scottish, Northern Irish or British",-8,Does not apply,1029
E05013772,Worcester Park North,13,"White: English, Welsh, Scottish, Northern Irish or British",1,L1 and L2: Large employers and higher managerial and administrative occupations,249
E05013772,Worcester Park North,13,"White: English, Welsh, Scottish, Northern Irish or British",2,L3: Higher professional occupations,402
E05013772,Worcester Park North,13,"White: English, Welsh, Scottish, Northern Irish or British",3,"L4, L5 and L6: Lower managerial, administrative and professional occupations",909
E05013772,Worcester Park North,13,"White: English, Welsh, Scottish, Northern Irish or British",4,L7: Intermediate occupations,567
E05013772,Worcester Park North,13,"White: English, Welsh, Scottish, Northern Irish or British",5,L8 and L9: Small employers and own account workers,427
E05013772,Worcester Park North,13,"White: English, Welsh, Scottish, Northern Irish or British",6,L10 and L11: Lower supervisory and technical occupations,205
E05013772,Worcester Park North,13,"White: English, Welsh, Scottish, Northern Irish or British",7,L12: Semi-routine occupations,378
E05013772,Worcester Park North,13,"White: English, Welsh, Scottish, Northern Irish or British",8,L13: Routine occupations,334
E05013772,Worcester Park North,13,"White: English, Welsh, Scottish, Northern Irish or British",9,L14.1: Never worked,183
E05013772,Worcester Park North,13,"White: English, Welsh, Scottish, Northern Irish or British",10,L14.2: Long-term unemployed,34
E05013772,Worcester Park North,13,"White: English, Welsh, Scottish, Northern Irish or British",11,L15: Full-time students,157
E05013772,Worcester Park North,14,White: Irish,-8,Does not apply,9
E05013772,Worcester Park North,14,White: Irish,1,L1 and L2: Large employers and higher managerial and administrative occupations,12
E05013772,Worcester Park North,14,White: Irish,2,L3: Higher professional occupations,12
E05013772,Worcester Park North,14,White: Irish,3,"L4, L5 and L6: Lower managerial, administrative and professional occupations",42
E05013772,Worcester Park North,14,White: Irish,4,L7: Intermediate occupations,19
E05013772,Worcester Park North,14,White: Irish,5,L8 and L9: Small employers and own account workers,26
E05013772,Worcester Park North,14,White: Irish,6,L10 and L11: Lower supervisory and technical occupations,6
E05013772,Worcester Park North,14,White: Irish,7,L12: Semi-routine occupations,11
E05013772,Worcester Park North,14,White: Irish,8,L13: Routine occupations,11
E05013772,Worcester Park North,14,White: Irish,9,L14.1: Never worked,8
E05013772,Worcester Park North,14,White: Irish,10,L14.2: Long-term unemployed,1
E05013772,Worcester Park North,14,White: Irish,11,L15: Full-time students,5
E05013772,Worcester Park North,15,White: Gypsy or Irish Traveller,-8,Does not apply,5
E05013772,Worcester Park North,15,White: Gypsy or Irish Traveller,1,L1 and L2: Large employers and higher managerial and administrative occupations,0
E05013772,Worcester Park North,15,White: Gypsy or Irish Traveller,2,L3: Higher professional occupations,0
E05013772,Worcester Park North,15,White: Gypsy or Irish Traveller,3,"L4, L5 and L6: Lower managerial, administrative and professional occupations",1
E05013772,Worcester Park North,15,White: Gypsy or Irish Traveller,4,L7: Intermediate occupations,0
E05013772,Worcester Park North,15,White: Gypsy or Irish Traveller,5,L8 and L9: Small employers and own account workers,3
E05013772,Worcester Park North,15,White: Gypsy or Irish Traveller,6,L10 and L11: Lower supervisory and technical occupations,2
E05013772,Worcester Park North,15,White: Gypsy or Irish Traveller,7,L12: Semi-routine occupations,1
E05013772,Worcester Park North,15,White: Gypsy or Irish Traveller,8,L13: Routine occupations,1
E05013772,Worcester Park North,15,White: Gypsy or Irish Traveller,9,L14.1: Never worked,7
E05013772,Worcester Park North,15,White: Gypsy or Irish Traveller,10,L14.2: Long-term unemployed,0
E05013772,Worcester Park North,15,White: Gypsy or Irish Traveller,11,L15: Full-time students,3
E05013772,Worcester Park North,16,White: Roma,-8,Does not apply,8
E05013772,Worcester Park North,16,White: Roma,1,L1 and L2: Large employers and higher managerial and administrative occupations,0
E05013772,Worcester Park North,16,White: Roma,2,L3: Higher professional occupations,0
E05013772,Worcester Park North,16,White: Roma,3,"L4, L5 and L6: Lower managerial, administrative and professional occupations",2
E05013772,Worcester Park North,16,White: Roma,4,L7: Intermediate occupations,0
E05013772,Worcester Park North,16,White: Roma,5,L8 and L9: Small employers and own account workers,4
E05013772,Worcester Park North,16,White: Roma,6,L10 and L11: Lower supervisory and technical occupations,1
E05013772,Worcester Park North,16,White: Roma,7,L12: Semi-routine occupations,0
E05013772,Worcester Park North,16,White: Roma,8,L13: Routine occupations,0
E05013772,Worcester Park North,16,White: Roma,9,L14.1: Never worked,3
E05013772,Worcester Park North,16,White: Roma,10,L14.2: Long-term unemployed,0
E05013772,Worcester Park North,16,White: Roma,11,L15: Full-time students,1
E05013772,Worcester Park North,17,White: Other White,-8,Does not apply,145
E05013772,Worcester Park North,17,White: Other White,1,L1 and L2: Large employers and higher managerial and administrative occupations,56
E05013772,Worcester Park North,17,White: Other White,2,L3: Higher professional occupations,110
E05013772,Worcester Park North,17,White: Other White,3,"L4, L5 and L6: Lower managerial, administrative and professional occupations",176
E05013772,Worcester Park North,17,White: Other White,4,L7: Intermediate occupations,60
E05013772,Worcester Park North,17,White: Other White,5,L8 and L9: Small employers and own account workers,147
E05013772,Worcester Park North,17,White: Other White,6,L10 and L11: Lower supervisory and technical occupations,27
E05013772,Worcester Park North,17,White: Other White,7,L12: Semi-routine occupations,35
E05013772,Worcester Park North,17,White: Other White,8,L13: Routine occupations,53
E05013772,Worcester Park North,17,White: Other White,9,L14.1: Never worked,18
E05013772,Worcester Park North,17,White: Other White,10,L14.2: Long-term unemployed,12
E05013772,Worcester Park North,17,White: Other White,11,L15: Full-time students,44
E05013772,Worcester Park North,18,Other ethnic group: Arab,-8,Does not apply,31
E05013772,Worcester Park North,18,Other ethnic group: Arab,1,L1 and L2: Large employers and higher managerial and administrative occupations,5
E05013772,Worcester Park North,18,Other ethnic group: Arab,2,L3: Higher professional occupations,11
E05013772,Worcester Park North,18,Other ethnic group: Arab,3,"L4, L5 and L6: Lower managerial, administrative and professional occupations",17
E05013772,Worcester Park North,18,Other ethnic group: Arab,4,L7: Intermediate occupations,3
E05013772,Worcester Park North,18,Other ethnic group: Arab,5,L8 and L9: Small employers and own account workers,8
E05013772,Worcester Park North,18,Other ethnic group: Arab,6,L10 and L11: Lower supervisory and technical occupations,3
E05013772,Worcester Park North,18,Other ethnic group: Arab,7,L12: Semi-routine occupations,1
E05013772,Worcester Park North,18,Other ethnic group: Arab,8,L13: Routine occupations,2
E05013772,Worcester Park North,18,Other ethnic group: Arab,9,L14.1: Never worked,12
E05013772,Worcester Park North,18,Other ethnic group: Arab,10,L14.2: Long-term unemployed,4
E05013772,Worcester Park North,18,Other ethnic group: Arab,11,L15: Full-time students,6
E05013772,Worcester Park North,19,Other ethnic group: Any other ethnic group,-8,Does not apply,42
E05013772,Worcester Park North,19,Other ethnic group: Any other ethnic group,1,L1 and L2: Large employers and higher managerial and administrative occupations,5
E05013772,Worcester Park North,19,Other ethnic group: Any other ethnic group,2,L3: Higher professional occupations,18
E05013772,Worcester Park North,19,Other ethnic group: Any other ethnic group,3,"L4, L5 and L6: Lower managerial, administrative and professional occupations",27
E05013772,Worcester Park North,19,Other ethnic group: Any other ethnic group,4,L7: Intermediate occupations,17
E05013772,Worcester Park North,19,Other ethnic group: Any other ethnic group,5,L8 and L9: Small employers and own account workers,32
E05013772,Worcester Park North,19,Other ethnic group: Any other ethnic group,6,L10 and L11: Lower supervisory and technical occupations,6
E05013772,Worcester Park North,19,Other ethnic group: Any other ethnic group,7,L12: Semi-routine occupations,20
E05013772,Worcester Park North,19,Other ethnic group: Any other ethnic group,8,L13: Routine occupations,17
E05013772,Worcester Park North,19,Other ethnic group: Any other ethnic group,9,L14.1: Never worked,17
E05013772,Worcester Park North,19,Other ethnic group: Any other ethnic group,10,L14.2: Long-term unemployed,6
E05013772,Worcester Park North,19,Other ethnic group: Any other ethnic group,11,L15: Full-time students,19
E05013773,Worcester Park South,-8,Does not apply,-8,Does not apply,0
E05013773,Worcester Park South,-8,Does not apply,1,L1 and L2: Large employers and higher managerial and administrative occupations,0
E05013773,Worcester Park South,-8,Does not apply,2,L3: Higher professional occupations,0
E05013773,Worcester Park South,-8,Does not apply,3,"L4, L5 and L6: Lower managerial, administrative and professional occupations",0
E05013773,Worcester Park South,-8,Does not apply,4,L7: Intermediate occupations,0
E05013773,Worcester Park South,-8,Does not apply,5,L8 and L9: Small employers and own account workers,0
E05013773,Worcester Park South,-8,Does not apply,6,L10 and L11: Lower supervisory and technical occupations,0
E05013773,Worcester Park South,-8,Does not apply,7,L12: Semi-routine occupations,0
E05013773,Worcester Park South,-8,Does not apply,8,L13: Routine occupations,0
E05013773,Worcester Park South,-8,Does not apply,9,L14.1: Never worked,0
E05013773,Worcester Park South,-8,Does not apply,10,L14.2: Long-term unemployed,0
E05013773,Worcester Park South,-8,Does not apply,11,L15: Full-time students,0
E05013773,Worcester Park South,1,"Asian, Asian British or Asian Welsh: Bangladeshi",-8,Does not apply,12
E05013773,Worcester Park South,1,"Asian, Asian British or Asian Welsh: Bangladeshi",1,L1 and L2: Large employers and higher managerial and administrative occupations,1
E05013773,Worcester Park South,1,"Asian, Asian British or Asian Welsh: Bangladeshi",2,L3: Higher professional occupations,10
E05013773,Worcester Park South,1,"Asian, Asian British or Asian Welsh: Bangladeshi",3,"L4, L5 and L6: Lower managerial, administrative and professional occupations",6
E05013773,Worcester Park South,1,"Asian, Asian British or Asian Welsh: Bangladeshi",4,L7: Intermediate occupations,2
E05013773,Worcester Park South,1,"Asian, Asian British or Asian Welsh: Bangladeshi",5,L8 and L9: Small employers and own account workers,3
E05013773,Worcester Park South,1,"Asian, Asian British or Asian Welsh: Bangladeshi",6,L10 and L11: Lower supervisory and technical occupations,0
E05013773,Worcester Park South,1,"Asian, Asian British or Asian Welsh: Bangladeshi",7,L12: Semi-routine occupations,1
E05013773,Worcester Park South,1,"Asian, Asian British or Asian Welsh: Bangladeshi",8,L13: Routine occupations,1
E05013773,Worcester Park South,1,"Asian, Asian British or Asian Welsh: Bangladeshi",9,L14.1: Never worked,1
E05013773,Worcester Park South,1,"Asian, Asian British or Asian Welsh: Bangladeshi",10,L14.2: Long-term unemployed,0
E05013773,Worcester Park South,1,"Asian, Asian British or Asian Welsh: Bangladeshi",11,L15: Full-time students,3
E05013773,Worcester Park South,2,"Asian, Asian British or Asian Welsh: Chinese",-8,Does not apply,34
E05013773,Worcester Park South,2,"Asian, Asian British or Asian Welsh: Chinese",1,L1 and L2: Large employers and higher managerial and administrative occupations,4
E05013773,Worcester Park South,2,"Asian, Asian British or Asian Welsh: Chinese",2,L3: Higher professional occupations,28
E05013773,Worcester Park South,2,"Asian, Asian British or Asian Welsh: Chinese",3,"L4, L5 and L6: Lower managerial, administrative and professional occupations",19
E05013773,Worcester Park South,2,"Asian, Asian British or Asian Welsh: Chinese",4,L7: Intermediate occupations,11
E05013773,Worcester Park South,2,"Asian, Asian British or Asian Welsh: Chinese",5,L8 and L9: Small employers and own account workers,12
E05013773,Worcester Park South,2,"Asian, Asian British or Asian Welsh: Chinese",6,L10 and L11: Lower supervisory and technical occupations,3
E05013773,Worcester Park South,2,"Asian, Asian British or Asian Welsh: Chinese",7,L12: Semi-routine occupations,3
E05013773,Worcester Park South,2,"Asian, Asian British or Asian Welsh: Chinese",8,L13: Routine occupations,4
E05013773,Worcester Park South,2,"Asian, Asian British or Asian Welsh: Chinese",9,L14.1: Never worked,3
E05013773,Worcester Park South,2,"Asian, Asian British or Asian Welsh: Chinese",10,L14.2: Long-term unemployed,0
E05013773,Worcester Park South,2,"Asian, Asian British or Asian Welsh: Chinese",11,L15: Full-time students,1
E05013773,Worcester Park South,3,"Asian, Asian British or Asian Welsh: Indian",-8,Does not apply,94
E05013773,Worcester Park South,3,"Asian, Asian British or Asian Welsh: Indian",1,L1 and L2: Large employers and higher managerial and administrative occupations,26
E05013773,Worcester Park South,3,"Asian, Asian British or Asian Welsh: Indian",2,L3: Higher professional occupations,67
E05013773,Worcester Park South,3,"Asian, Asian British or Asian Welsh: Indian",3,"L4, L5 and L6: Lower managerial, administrative and professional occupations",74
E05013773,Worcester Park South,3,"Asian, Asian British or Asian Welsh: Indian",4,L7: Intermediate occupations,31
E05013773,Worcester Park South,3,"Asian, Asian British or Asian Welsh: Indian",5,L8 and L9: Small employers and own account workers,23
E05013773,Worcester Park South,3,"Asian, Asian British or Asian Welsh: Indian",6,L10 and L11: Lower supervisory and technical occupations,4
E05013773,Worcester Park South,3,"Asian, Asian British or Asian Welsh: Indian",7,L12: Semi-routine occupations,11
E05013773,Worcester Park South,3,"Asian, Asian British or Asian Welsh: Indian",8,L13: Routine occupations,7
E05013773,Worcester Park South,3,"Asian, Asian British or Asian Welsh: Indian",9,L14.1: Never worked,10
E05013773,Worcester Park South,3,"Asian, Asian British or Asian Welsh: Indian",10,L14.2: Long-term unemployed,2
E05013773,Worcester Park South,3,"Asian, Asian British or Asian Welsh: Indian",11,L15: Full-time students,21
E05013773,Worcester Park South,4,"Asian, Asian British or Asian Welsh: Pakistani",-8,Does not apply,25
E05013773,Worcester Park South,4,"Asian, Asian British or Asian Welsh: Pakistani",1,L1 and L2: Large employers and higher managerial and administrative occupations,7
E05013773,Worcester Park South,4,"Asian, Asian British or Asian Welsh: Pakistani",2,L3: Higher professional occupations,17
E05013773,Worcester Park South,4,"Asian, Asian British or Asian Welsh: Pakistani",3,"L4, L5 and L6: Lower managerial, administrative and professional occupations",14
E05013773,Worcester Park South,4,"Asian, Asian British or Asian Welsh: Pakistani",4,L7: Intermediate occupations,13
E05013773,Worcester Park South,4,"Asian, Asian British or Asian Welsh: Pakistani",5,L8 and L9: Small employers and own account workers,7
E05013773,Worcester Park South,4,"Asian, Asian British or Asian Welsh: Pakistani",6,L10 and L11: Lower supervisory and technical occupations,0
E05013773,Worcester Park South,4,"Asian, Asian British or Asian Welsh: Pakistani",7,L12: Semi-routine occupations,3
E05013773,Worcester Park South,4,"Asian, Asian British or Asian Welsh: Pakistani",8,L13: Routine occupations,3
E05013773,Worcester Park South,4,"Asian, Asian British or Asian Welsh: Pakistani",9,L14.1: Never worked,7
E05013773,Worcester Park South,4,"Asian, Asian British or Asian Welsh: Pakistani",10,L14.2: Long-term unemployed,1
E05013773,Worcester Park South,4,"Asian, Asian British or Asian Welsh: Pakistani",11,L15: Full-time students,8
E05013773,Worcester Park South,5,"Asian, Asian British or Asian Welsh: Other Asian",-8,Does not apply,76
E05013773,Worcester Park South,5,"Asian, Asian British or Asian Welsh: Other Asian",1,L1 and L2: Large employers and higher managerial and administrative occupations,16
E05013773,Worcester Park South,5,"Asian, Asian British or Asian Welsh: Other Asian",2,L3: Higher professional occupations,41
E05013773,Worcester Park South,5,"Asian, Asian British or Asian Welsh: Other Asian",3,"L4, L5 and L6: Lower managerial, administrative and professional occupations",61
E05013773,Worcester Park South,5,"Asian, Asian British or Asian Welsh: Other Asian",4,L7: Intermediate occupations,29
E05013773,Worcester Park South,5,"Asian, Asian British or Asian Welsh: Other Asian",5,L8 and L9: Small employers and own account workers,36
E05013773,Worcester Park South,5,"Asian, Asian British or Asian Welsh: Other Asian",6,L10 and L11: Lower supervisory and technical occupations,4
E05013773,Worcester Park South,5,"Asian, Asian British or Asian Welsh: Other Asian",7,L12: Semi-routine occupations,29
E05013773,Worcester Park South,5,"Asian, Asian British or Asian Welsh: Other Asian",8,L13: Routine occupations,19
E05013773,Worcester Park South,5,"Asian, Asian British or Asian Welsh: Other Asian",9,L14.1: Never worked,24
E05013773,Worcester Park South,5,"Asian, Asian British or Asian Welsh: Other Asian",10,L14.2: Long-term unemployed,3
E05013773,Worcester Park South,5,"Asian, Asian British or Asian Welsh: Other Asian",11,L15: Full-time students,30
E05013773,Worcester Park South,6,"Black, Black British, Black Welsh, Caribbean or African: African",-8,Does not apply,11
E05013773,Worcester Park South,6,"Black, Black British, Black Welsh, Caribbean or African: African",1,L1 and L2: Large employers and higher managerial and administrative occupations,5
E05013773,Worcester Park South,6,"Black, Black British, Black Welsh, Caribbean or African: African",2,L3: Higher professional occupations,5
E05013773,Worcester Park South,6,"Black, Black British, Black Welsh, Caribbean or African: African",3,"L4, L5 and L6: Lower managerial, administrative and professional occupations",4
E05013773,Worcester Park South,6,"Black, Black British, Black Welsh, Caribbean or African: African",4,L7: Intermediate occupations,0
E05013773,Worcester Park South,6,"Black, Black British, Black Welsh, Caribbean or African: African",5,L8 and L9: Small employers and own account workers,3
E05013773,Worcester Park South,6,"Black, Black British, Black Welsh, Caribbean or African: African",6,L10 and L11: Lower supervisory and technical occupations,1
E05013773,Worcester Park South,6,"Black, Black British, Black Welsh, Caribbean or African: African",7,L12: Semi-routine occupations,6
E05013773,Worcester Park South,6,"Black, Black British, Black Welsh, Caribbean or African: African",8,L13: Routine occupations,5
E05013773,Worcester Park South,6,"Black, Black British, Black Welsh, Caribbean or African: African",9,L14.1: Never worked,1
E05013773,Worcester Park South,6,"Black, Black British, Black Welsh, Caribbean or African: African",10,L14.2: Long-term unemployed,0
E05013773,Worcester Park South,6,"Black, Black British, Black Welsh, Caribbean or African: African",11,L15: Full-time students,4
E05013773,Worcester Park South,7,"Black, Black British, Black Welsh, Caribbean or African: Caribbean",-8,Does not apply,6
E05013773,Worcester Park South,7,"Black, Black British, Black Welsh, Caribbean or African: Caribbean",1,L1 and L2: Large employers and higher managerial and administrative occupations,2
E05013773,Worcester Park South,7,"Black, Black British, Black Welsh, Caribbean or African: Caribbean",2,L3: Higher professional occupations,4
E05013773,Worcester Park South,7,"Black, Black British, Black Welsh, Caribbean or African: Caribbean",3,"L4, L5 and L6: Lower managerial, administrative and professional occupations",3
E05013773,Worcester Park South,7,"Black, Black British, Black Welsh, Caribbean or African: Caribbean",4,L7: Intermediate occupations,1
E05013773,Worcester Park South,7,"Black, Black British, Black Welsh, Caribbean or African: Caribbean",5,L8 and L9: Small employers and own account workers,4
E05013773,Worcester Park South,7,"Black, Black British, Black Welsh, Caribbean or African: Caribbean",6,L10 and L11: Lower supervisory and technical occupations,0
E05013773,Worcester Park South,7,"Black, Black British, Black Welsh, Caribbean or African: Caribbean",7,L12: Semi-routine occupations,2
E05013773,Worcester Park South,7,"Black, Black British, Black Welsh, Caribbean or African: Caribbean",8,L13: Routine occupations,0
E05013773,Worcester Park South,7,"Black, Black British, Black Welsh, Caribbean or African: Caribbean",9,L14.1: Never worked,9
E05013773,Worcester Park South,7,"Black, Black British, Black Welsh, Caribbean or African: Caribbean",10,L14.2: Long-term unemployed,1
E05013773,Worcester Park South,7,"Black, Black British, Black Welsh, Caribbean or African: Caribbean",11,L15: Full-time students,1
E05013773,Worcester Park South,8,"Black, Black British, Black Welsh, Caribbean or African: Other Black",-8,Does not apply,5
E05013773,Worcester Park South,8,"Black, Black British, Black Welsh, Caribbean or African: Other Black",1,L1 and L2: Large employers and higher managerial and administrative occupations,2
E05013773,Worcester Park South,8,"Black, Black British, Black Welsh, Caribbean or African: Other Black",2,L3: Higher professional occupations,0
E05013773,Worcester Park South,8,"Black, Black British, Black Welsh, Caribbean or African: Other Black",3,"L4, L5 and L6: Lower managerial, administrative and professional occupations",1
E05013773,Worcester Park South,8,"Black, Black British, Black Welsh, Caribbean or African: Other Black",4,L7: Intermediate occupations,0
E05013773,Worcester Park South,8,"Black, Black British, Black Welsh, Caribbean or African: Other Black",5,L8 and L9: Small employers and own account workers,0
E05013773,Worcester Park South,8,"Black, Black British, Black Welsh, Caribbean or African: Other Black",6,L10 and L11: Lower supervisory and technical occupations,0
E05013773,Worcester Park South,8,"Black, Black British, Black Welsh, Caribbean or African: Other Black",7,L12: Semi-routine occupations,1
E05013773,Worcester Park South,8,"Black, Black British, Black Welsh, Caribbean or African: Other Black",8,L13: Routine occupations,0
E05013773,Worcester Park South,8,"Black, Black British, Black Welsh, Caribbean or African: Other Black",9,L14.1: Never worked,0
E05013773,Worcester Park South,8,"Black, Black British, Black Welsh, Caribbean or African: Other Black",10,L14.2: Long-term unemployed,0
E05013773,Worcester Park South,8,"Black, Black British, Black Welsh, Caribbean or African: Other Black",11,L15: Full-time students,1
E05013773,Worcester Park South,9,Mixed or Multiple ethnic groups: White and Asian,-8,Does not apply,72
E05013773,Worcester Park South,9,Mixed or Multiple ethnic groups: White and Asian,1,L1 and L2: Large employers and higher managerial and administrative occupations,4
E05013773,Worcester Park South,9,Mixed or Multiple ethnic groups: White and Asian,2,L3: Higher professional occupations,8
E05013773,Worcester Park South,9,Mixed or Multiple ethnic groups: White and Asian,3,"L4, L5 and L6: Lower managerial, administrative and professional occupations",20
E05013773,Worcester Park South,9,Mixed or Multiple ethnic groups: White and Asian,4,L7: Intermediate occupations,7
E05013773,Worcester Park South,9,Mixed or Multiple ethnic groups: White and Asian,5,L8 and L9: Small employers and own account workers,7
E05013773,Worcester Park South,9,Mixed or Multiple ethnic groups: White and Asian,6,L10 and L11: Lower supervisory and technical occupations,1
E05013773,Worcester Park South,9,Mixed or Multiple ethnic groups: White and Asian,7,L12: Semi-routine occupations,1
E05013773,Worcester Park South,9,Mixed or Multiple ethnic groups: White and Asian,8,L13: Routine occupations,2
E05013773,Worcester Park South,9,Mixed or Multiple ethnic groups: White and Asian,9,L14.1: Never worked,6
E05013773,Worcester Park South,9,Mixed or Multiple ethnic groups: White and Asian,10,L14.2: Long-term unemployed,1
E05013773,Worcester Park South,9,Mixed or Multiple ethnic groups: White and Asian,11,L15: Full-time students,7
E05013773,Worcester Park South,10,Mixed or Multiple ethnic groups: White and Black African,-8,Does not apply,13
E05013773,Worcester Park South,10,Mixed or Multiple ethnic groups: White and Black African,1,L1 and L2: Large employers and higher managerial and administrative occupations,0
E05013773,Worcester Park South,10,Mixed or Multiple ethnic groups: White and Black African,2,L3: Higher professional occupations,3
E05013773,Worcester Park South,10,Mixed or Multiple ethnic groups: White and Black African,3,"L4, L5 and L6: Lower managerial, administrative and professional occupations",2
E05013773,Worcester Park South,10,Mixed or Multiple ethnic groups: White and Black African,4,L7: Intermediate occupations,1
E05013773,Worcester Park South,10,Mixed or Multiple ethnic groups: White and Black African,5,L8 and L9: Small employers and own account workers,0
E05013773,Worcester Park South,10,Mixed or Multiple ethnic groups: White and Black African,6,L10 and L11: Lower supervisory and technical occupations,0
E05013773,Worcester Park South,10,Mixed or Multiple ethnic groups: White and Black African,7,L12: Semi-routine occupations,0
E05013773,Worcester Park South,10,Mixed or Multiple ethnic groups: White and Black African,8,L13: Routine occupations,1
E05013773,Worcester Park South,10,Mixed or Multiple ethnic groups: White and Black African,9,L14.1: Never worked,0
E05013773,Worcester Park South,10,Mixed or Multiple ethnic groups: White and Black African,10,L14.2: Long-term unemployed,0
E05013773,Worcester Park South,10,Mixed or Multiple ethnic groups: White and Black African,11,L15: Full-time students,1
E05013773,Worcester Park South,11,Mixed or Multiple ethnic groups: White and Black Caribbean,-8,Does not apply,16
E05013773,Worcester Park South,11,Mixed or Multiple ethnic groups: White and Black Caribbean,1,L1 and L2: Large employers and higher managerial and administrative occupations,0
E05013773,Worcester Park South,11,Mixed or Multiple ethnic groups: White and Black Caribbean,2,L3: Higher professional occupations,1
E05013773,Worcester Park South,11,Mixed or Multiple ethnic groups: White and Black Caribbean,3,"L4, L5 and L6: Lower managerial, administrative and professional occupations",6
E05013773,Worcester Park South,11,Mixed or Multiple ethnic groups: White and Black Caribbean,4,L7: Intermediate occupations,6
E05013773,Worcester Park South,11,Mixed or Multiple ethnic groups: White and Black Caribbean,5,L8 and L9: Small employers and own account workers,4
E05013773,Worcester Park South,11,Mixed or Multiple ethnic groups: White and Black Caribbean,6,L10 and L11: Lower supervisory and technical occupations,1
E05013773,Worcester Park South,11,Mixed or Multiple ethnic groups: White and Black Caribbean,7,L12: Semi-routine occupations,1
E05013773,Worcester Park South,11,Mixed or Multiple ethnic groups: White and Black Caribbean,8,L13: Routine occupations,0
E05013773,Worcester Park South,11,Mixed or Multiple ethnic groups: White and Black Caribbean,9,L14.1: Never worked,2
E05013773,Worcester Park South,11,Mixed or Multiple ethnic groups: White and Black Caribbean,10,L14.2: Long-term unemployed,0
E05013773,Worcester Park South,11,Mixed or Multiple ethnic groups: White and Black Caribbean,11,L15: Full-time students,6
E05013773,Worcester Park South,12,Mixed or Multiple ethnic groups: Other Mixed or Multiple ethnic groups,-8,Does not apply,36
E05013773,Worcester Park South,12,Mixed or Multiple ethnic groups: Other Mixed or Multiple ethnic groups,1,L1 and L2: Large employers and higher managerial and administrative occupations,2
E05013773,Worcester Park South,12,Mixed or Multiple ethnic groups: Other Mixed or Multiple ethnic groups,2,L3: Higher professional occupations,7
E05013773,Worcester Park South,12,Mixed or Multiple ethnic groups: Other Mixed or Multiple ethnic groups,3,"L4, L5 and L6: Lower managerial, administrative and professional occupations",7
E05013773,Worcester Park South,12,Mixed or Multiple ethnic groups: Other Mixed or Multiple ethnic groups,4,L7: Intermediate occupations,6
E05013773,Worcester Park South,12,Mixed or Multiple ethnic groups: Other Mixed or Multiple ethnic groups,5,L8 and L9: Small employers and own account workers,3
E05013773,Worcester Park South,12,Mixed or Multiple ethnic groups: Other Mixed or Multiple ethnic groups,6,L10 and L11: Lower supervisory and technical occupations,4
E05013773,Worcester Park South,12,Mixed or Multiple ethnic groups: Other Mixed or Multiple ethnic groups,7,L12: Semi-routine occupations,2
E05013773,Worcester Park South,12,Mixed or Multiple ethnic groups: Other Mixed or Multiple ethnic groups,8,L13: Routine occupations,5
E05013773,Worcester Park South,12,Mixed or Multiple ethnic groups: Other Mixed or Multiple ethnic groups,9,L14.1: Never worked,0
E05013773,Worcester Park South,12,Mixed or Multiple ethnic groups: Other Mixed or Multiple ethnic groups,10,L14.2: Long-term unemployed,1
E05013773,Worcester Park South,12,Mixed or Multiple ethnic groups: Other Mixed or Multiple ethnic groups,11,L15: Full-time students,6
E05013773,Worcester Park South,13,"White: English, Welsh, Scottish, Northern Irish or British",-8,Does not apply,810
E05013773,Worcester Park South,13,"White: English, Welsh, Scottish, Northern Irish or British",1,L1 and L2: Large employers and higher managerial and administrative occupations,264
E05013773,Worcester Park South,13,"White: English, Welsh, Scottish, Northern Irish or British",2,L3: Higher professional occupations,445
E05013773,Worcester Park South,13,"White: English, Welsh, Scottish, Northern Irish or British",3,"L4, L5 and L6: Lower managerial, administrative and professional occupations",941
E05013773,Worcester Park South,13,"White: English, Welsh, Scottish, Northern Irish or British",4,L7: Intermediate occupations,671
E05013773,Worcester Park South,13,"White: English, Welsh, Scottish, Northern Irish or British",5,L8 and L9: Small employers and own account workers,551
E05013773,Worcester Park South,13,"White: English, Welsh, Scottish, Northern Irish or British",6,L10 and L11: Lower supervisory and technical occupations,185
E05013773,Worcester Park South,13,"White: English, Welsh, Scottish, Northern Irish or British",7,L12: Semi-routine occupations,374
E05013773,Worcester Park South,13,"White: English, Welsh, Scottish, Northern Irish or British",8,L13: Routine occupations,271
E05013773,Worcester Park South,13,"White: English, Welsh, Scottish, Northern Irish or British",9,L14.1: Never worked,172
E05013773,Worcester Park South,13,"White: English, Welsh, Scottish, Northern Irish or British",10,L14.2: Long-term unemployed,28
E05013773,Worcester Park South,13,"White: English, Welsh, Scottish, Northern Irish or British",11,L15: Full-time students,180
E05013773,Worcester Park South,14,White: Irish,-8,Does not apply,2
E05013773,Worcester Park South,14,White: Irish,1,L1 and L2: Large employers and higher managerial and administrative occupations,6
E05013773,Worcester Park South,14,White: Irish,2,L3: Higher professional occupations,13
E05013773,Worcester Park South,14,White: Irish,3,"L4, L5 and L6: Lower managerial, administrative and professional occupations",25
E05013773,Worcester Park South,14,White: Irish,4,L7: Intermediate occupations,18
E05013773,Worcester Park South,14,White: Irish,5,L8 and L9: Small employers and own account workers,18
E05013773,Worcester Park South,14,White: Irish,6,L10 and L11: Lower supervisory and technical occupations,5
E05013773,Worcester Park South,14,White: Irish,7,L12: Semi-routine occupations,9
E05013773,Worcester Park South,14,White: Irish,8,L13: Routine occupations,19
E05013773,Worcester Park South,14,White: Irish,9,L14.1: Never worked,11
E05013773,Worcester Park South,14,White: Irish,10,L14.2: Long-term unemployed,1
E05013773,Worcester Park South,14,White: Irish,11,L15: Full-time students,0
E05013773,Worcester Park South,15,White: Gypsy or Irish Traveller,-8,Does not apply,0
E05013773,Worcester Park South,15,White: Gypsy or Irish Traveller,1,L1 and L2: Large employers and higher managerial and administrative occupations,0
E05013773,Worcester Park South,15,White: Gypsy or Irish Traveller,2,L3: Higher professional occupations,0
E05013773,Worcester Park South,15,White: Gypsy or Irish Traveller,3,"L4, L5 and L6: Lower managerial, administrative and professional occupations",0
E05013773,Worcester Park South,15,White: Gypsy or Irish Traveller,4,L7: Intermediate occupations,0
E05013773,Worcester Park South,15,White: Gypsy or Irish Traveller,5,L8 and L9: Small employers and own account workers,0
E05013773,Worcester Park South,15,White: Gypsy or Irish Traveller,6,L10 and L11: Lower supervisory and technical occupations,0
E05013773,Worcester Park South,15,White: Gypsy or Irish Traveller,7,L12: Semi-routine occupations,0
E05013773,Worcester Park South,15,White: Gypsy or Irish Traveller,8,L13: Routine occupations,0
E05013773,Worcester Park South,15,White: Gypsy or Irish Traveller,9,L14.1: Never worked,0
E05013773,Worcester Park South,15,White: Gypsy or Irish Traveller,10,L14.2: Long-term unemployed,0
E05013773,Worcester Park South,15,White: Gypsy or Irish Traveller,11,L15: Full-time students,0
E05013773,Worcester Park South,16,White: Roma,-8,Does not apply,0
E05013773,Worcester Park South,16,White: Roma,1,L1 and L2: Large employers and higher managerial and administrative occupations,0
E05013773,Worcester Park South,16,White: Roma,2,L3: Higher professional occupations,0
E05013773,Worcester Park South,16,White: Roma,3,"L4, L5 and L6: Lower managerial, administrative and professional occupations",0
E05013773,Worcester Park South,16,White: Roma,4,L7: Intermediate occupations,0
E05013773,Worcester Park South,16,White: Roma,5,L8 and L9: Small employers and own account workers,0
E05013773,Worcester Park South,16,White: Roma,6,L10 and L11: Lower supervisory and technical occupations,0
E05013773,Worcester Park South,16,White: Roma,7,L12: Semi-routine occupations,0
E05013773,Worcester Park South,16,White: Roma,8,L13: Routine occupations,0
E05013773,Worcester Park South,16,White: Roma,9,L14.1: Never worked,0
E05013773,Worcester Park South,16,White: Roma,10,L14.2: Long-term unemployed,1
E05013773,Worcester Park South,16,White: Roma,11,L15: Full-time students,0
E05013773,Worcester Park South,17,White: Other White,-8,Does not apply,84
E05013773,Worcester Park South,17,White: Other White,1,L1 and L2: Large employers and higher managerial and administrative occupations,29
E05013773,Worcester Park South,17,White: Other White,2,L3: Higher professional occupations,62
E05013773,Worcester Park South,17,White: Other White,3,"L4, L5 and L6: Lower managerial, administrative and professional occupations",84
E05013773,Worcester Park South,17,White: Other White,4,L7: Intermediate occupations,41
E05013773,Worcester Park South,17,White: Other White,5,L8 and L9: Small employers and own account workers,66
E05013773,Worcester Park South,17,White: Other White,6,L10 and L11: Lower supervisory and technical occupations,17
E05013773,Worcester Park South,17,White: Other White,7,L12: Semi-routine occupations,24
E05013773,Worcester Park South,17,White: Other White,8,L13: Routine occupations,23
E05013773,Worcester Park South,17,White: Other White,9,L14.1: Never worked,6
E05013773,Worcester Park South,17,White: Other White,10,L14.2: Long-term unemployed,4
E05013773,Worcester Park South,17,White: Other White,11,L15: Full-time students,22
E05013773,Worcester Park South,18,Other ethnic group: Arab,-8,Does not apply,8
E05013773,Worcester Park South,18,Other ethnic group: Arab,1,L1 and L2: Large employers and higher managerial and administrative occupations,1
E05013773,Worcester Park South,18,Other ethnic group: Arab,2,L3: Higher professional occupations,6
E05013773,Worcester Park South,18,Other ethnic group: Arab,3,"L4, L5 and L6: Lower managerial, administrative and professional occupations",3
E05013773,Worcester Park South,18,Other ethnic group: Arab,4,L7: Intermediate occupations,2
E05013773,Worcester Park South,18,Other ethnic group: Arab,5,L8 and L9: Small employers and own account workers,3
E05013773,Worcester Park South,18,Other ethnic group: Arab,6,L10 and L11: Lower supervisory and technical occupations,2
E05013773,Worcester Park South,18,Other ethnic group: Arab,7,L12: Semi-routine occupations,3
E05013773,Worcester Park South,18,Other ethnic group: Arab,8,L13: Routine occupations,1
E05013773,Worcester Park South,18,Other ethnic group: Arab,9,L14.1: Never worked,6
E05013773,Worcester Park South,18,Other ethnic group: Arab,10,L14.2: Long-term unemployed,3
E05013773,Worcester Park South,18,Other ethnic group: Arab,11,L15: Full-time students,6
E05013773,Worcester Park South,19,Other ethnic group: Any other ethnic group,-8,Does not apply,30
E05013773,Worcester Park South,19,Other ethnic group: Any other ethnic group,1,L1 and L2: Large employers and higher managerial and administrative occupations,8
E05013773,Worcester Park South,19,Other ethnic group: Any other ethnic group,2,L3: Higher professional occupations,21
E05013773,Worcester Park South,19,Other ethnic group: Any other ethnic group,3,"L4, L5 and L6: Lower managerial, administrative and professional occupations",24
E05013773,Worcester Park South,19,Other ethnic group: Any other ethnic group,4,L7: Intermediate occupations,16
E05013773,Worcester Park South,19,Other ethnic group: Any other ethnic group,5,L8 and L9: Small employers and own account workers,18
E05013773,Worcester Park South,19,Other ethnic group: Any other ethnic group,6,L10 and L11: Lower supervisory and technical occupations,7
E05013773,Worcester Park South,19,Other ethnic group: Any other ethnic group,7,L12: Semi-routine occupations,14
E05013773,Worcester Park South,19,Other ethnic group: Any other ethnic group,8,L13: Routine occupations,5
E05013773,Worcester Park South,19,Other ethnic group: Any other ethnic group,9,L14.1: Never worked,12
E05013773,Worcester Park South,19,Other ethnic group: Any other ethnic group,10,L14.2: Long-term unemployed,3
E05013773,Worcester Park South,19,Other ethnic group: Any other ethnic group,11,L15: Full-time students,8
