Electoral wards and divisions Code,Electoral wards and divisions,Ethnic group (20 categories) Code,Ethnic group (20 categories),National Statistics Socio-economic Classification (NS-SeC) (12 categories) Code,National Statistics Socio-economic Classification (NS-SeC) (12 categories),Observation
E05013606,Bedfont,-8,Does not apply,-8,Does not apply,0
E05013606,Bedfont,-8,Does not apply,1,L1 and L2: Large employers and higher managerial and administrative occupations,0
E05013606,Bedfont,-8,Does not apply,2,L3: Higher professional occupations,0
E05013606,Bedfont,-8,Does not apply,3,"L4, L5 and L6: Lower managerial, administrative and professional occupations",0
E05013606,Bedfont,-8,Does not apply,4,L7: Intermediate occupations,0
E05013606,Bedfont,-8,Does not apply,5,L8 and L9: Small employers and own account workers,0
E05013606,Bedfont,-8,Does not apply,6,L10 and L11: Lower supervisory and technical occupations,0
E05013606,Bedfont,-8,Does not apply,7,L12: Semi-routine occupations,0
E05013606,Bedfont,-8,Does not apply,8,L13: Routine occupations,0
E05013606,Bedfont,-8,Does not apply,9,L14.1: Never worked,0
E05013606,Bedfont,-8,Does not apply,10,L14.2: Long-term unemployed,0
E05013606,Bedfont,-8,Does not apply,11,L15: Full-time students,0
E05013606,Bedfont,1,"Asian, Asian British or Asian Welsh: Bangladeshi",-8,Does not apply,32
E05013606,Bedfont,1,"Asian, Asian British or Asian Welsh: Bangladeshi",1,L1 and L2: Large employers and higher managerial and administrative occupations,2
E05013606,Bedfont,1,"Asian, Asian British or Asian Welsh: Bangladeshi",2,L3: Higher professional occupations,2
E05013606,Bedfont,1,"Asian, Asian British or Asian Welsh: Bangladeshi",3,"L4, L5 and L6: Lower managerial, administrative and professional occupations",12
E05013606,Bedfont,1,"Asian, Asian British or Asian Welsh: Bangladeshi",4,L7: Intermediate occupations,8
E05013606,Bedfont,1,"Asian, Asian British or Asian Welsh: Bangladeshi",5,L8 and L9: Small employers and own account workers,6
E05013606,Bedfont,1,"Asian, Asian British or Asian Welsh: Bangladeshi",6,L10 and L11: Lower supervisory and technical occupations,4
E05013606,Bedfont,1,"Asian, Asian British or Asian Welsh: Bangladeshi",7,L12: Semi-routine occupations,14
E05013606,Bedfont,1,"Asian, Asian British or Asian Welsh: Bangladeshi",8,L13: Routine occupations,9
E05013606,Bedfont,1,"Asian, Asian British or Asian Welsh: Bangladeshi",9,L14.1: Never worked,10
E05013606,Bedfont,1,"Asian, Asian British or Asian Welsh: Bangladeshi",10,L14.2: Long-term unemployed,0
E05013606,Bedfont,1,"Asian, Asian British or Asian Welsh: Bangladeshi",11,L15: Full-time students,14
E05013606,Bedfont,2,"Asian, Asian British or Asian Welsh: Chinese",-8,Does not apply,18
E05013606,Bedfont,2,"Asian, Asian British or Asian Welsh: Chinese",1,L1 and L2: Large employers and higher managerial and administrative occupations,0
E05013606,Bedfont,2,"Asian, Asian British or Asian Welsh: Chinese",2,L3: Higher professional occupations,3
E05013606,Bedfont,2,"Asian, Asian British or Asian Welsh: Chinese",3,"L4, L5 and L6: Lower managerial, administrative and professional occupations",10
E05013606,Bedfont,2,"Asian, Asian British or Asian Welsh: Chinese",4,L7: Intermediate occupations,8
E05013606,Bedfont,2,"Asian, Asian British or Asian Welsh: Chinese",5,L8 and L9: Small employers and own account workers,4
E05013606,Bedfont,2,"Asian, Asian British or Asian Welsh: Chinese",6,L10 and L11: Lower supervisory and technical occupations,5
E05013606,Bedfont,2,"Asian, Asian British or Asian Welsh: Chinese",7,L12: Semi-routine occupations,4
E05013606,Bedfont,2,"Asian, Asian British or Asian Welsh: Chinese",8,L13: Routine occupations,6
E05013606,Bedfont,2,"Asian, Asian British or Asian Welsh: Chinese",9,L14.1: Never worked,3
E05013606,Bedfont,2,"Asian, Asian British or Asian Welsh: Chinese",10,L14.2: Long-term unemployed,0
E05013606,Bedfont,2,"Asian, Asian British or Asian Welsh: Chinese",11,L15: Full-time students,3
E05013606,Bedfont,3,"Asian, Asian British or Asian Welsh: Indian",-8,Does not apply,551
E05013606,Bedfont,3,"Asian, Asian British or Asian Welsh: Indian",1,L1 and L2: Large employers and higher managerial and administrative occupations,46
E05013606,Bedfont,3,"Asian, Asian British or Asian Welsh: Indian",2,L3: Higher professional occupations,134
E05013606,Bedfont,3,"Asian, Asian British or Asian Welsh: Indian",3,"L4, L5 and L6: Lower managerial, administrative and professional occupations",347
E05013606,Bedfont,3,"Asian, Asian British or Asian Welsh: Indian",4,L7: Intermediate occupations,207
E05013606,Bedfont,3,"Asian, Asian British or Asian Welsh: Indian",5,L8 and L9: Small employers and own account workers,130
E05013606,Bedfont,3,"Asian, Asian British or Asian Welsh: Indian",6,L10 and L11: Lower supervisory and technical occupations,103
E05013606,Bedfont,3,"Asian, Asian British or Asian Welsh: Indian",7,L12: Semi-routine occupations,215
E05013606,Bedfont,3,"Asian, Asian British or Asian Welsh: Indian",8,L13: Routine occupations,255
E05013606,Bedfont,3,"Asian, Asian British or Asian Welsh: Indian",9,L14.1: Never worked,194
E05013606,Bedfont,3,"Asian, Asian British or Asian Welsh: Indian",10,L14.2: Long-term unemployed,22
E05013606,Bedfont,3,"Asian, Asian British or Asian Welsh: Indian",11,L15: Full-time students,111
E05013606,Bedfont,4,"Asian, Asian British or Asian Welsh: Pakistani",-8,Does not apply,242
E05013606,Bedfont,4,"Asian, Asian British or Asian Welsh: Pakistani",1,L1 and L2: Large employers and higher managerial and administrative occupations,17
E05013606,Bedfont,4,"Asian, Asian British or Asian Welsh: Pakistani",2,L3: Higher professional occupations,50
E05013606,Bedfont,4,"Asian, Asian British or Asian Welsh: Pakistani",3,"L4, L5 and L6: Lower managerial, administrative and professional occupations",81
E05013606,Bedfont,4,"Asian, Asian British or Asian Welsh: Pakistani",4,L7: Intermediate occupations,59
E05013606,Bedfont,4,"Asian, Asian British or Asian Welsh: Pakistani",5,L8 and L9: Small employers and own account workers,71
E05013606,Bedfont,4,"Asian, Asian British or Asian Welsh: Pakistani",6,L10 and L11: Lower supervisory and technical occupations,24
E05013606,Bedfont,4,"Asian, Asian British or Asian Welsh: Pakistani",7,L12: Semi-routine occupations,57
E05013606,Bedfont,4,"Asian, Asian British or Asian Welsh: Pakistani",8,L13: Routine occupations,49
E05013606,Bedfont,4,"Asian, Asian British or Asian Welsh: Pakistani",9,L14.1: Never worked,108
E05013606,Bedfont,4,"Asian, Asian British or Asian Welsh: Pakistani",10,L14.2: Long-term unemployed,13
E05013606,Bedfont,4,"Asian, Asian British or Asian Welsh: Pakistani",11,L15: Full-time students,75
E05013606,Bedfont,5,"Asian, Asian British or Asian Welsh: Other Asian",-8,Does not apply,253
E05013606,Bedfont,5,"Asian, Asian British or Asian Welsh: Other Asian",1,L1 and L2: Large employers and higher managerial and administrative occupations,16
E05013606,Bedfont,5,"Asian, Asian British or Asian Welsh: Other Asian",2,L3: Higher professional occupations,45
E05013606,Bedfont,5,"Asian, Asian British or Asian Welsh: Other Asian",3,"L4, L5 and L6: Lower managerial, administrative and professional occupations",133
E05013606,Bedfont,5,"Asian, Asian British or Asian Welsh: Other Asian",4,L7: Intermediate occupations,107
E05013606,Bedfont,5,"Asian, Asian British or Asian Welsh: Other Asian",5,L8 and L9: Small employers and own account workers,117
E05013606,Bedfont,5,"Asian, Asian British or Asian Welsh: Other Asian",6,L10 and L11: Lower supervisory and technical occupations,66
E05013606,Bedfont,5,"Asian, Asian British or Asian Welsh: Other Asian",7,L12: Semi-routine occupations,187
E05013606,Bedfont,5,"Asian, Asian British or Asian Welsh: Other Asian",8,L13: Routine occupations,172
E05013606,Bedfont,5,"Asian, Asian British or Asian Welsh: Other Asian",9,L14.1: Never worked,160
E05013606,Bedfont,5,"Asian, Asian British or Asian Welsh: Other Asian",10,L14.2: Long-term unemployed,13
E05013606,Bedfont,5,"Asian, Asian British or Asian Welsh: Other Asian",11,L15: Full-time students,116
E05013606,Bedfont,6,"Black, Black British, Black Welsh, Caribbean or African: African",-8,Does not apply,284
E05013606,Bedfont,6,"Black, Black British, Black Welsh, Caribbean or African: African",1,L1 and L2: Large employers and higher managerial and administrative occupations,6
E05013606,Bedfont,6,"Black, Black British, Black Welsh, Caribbean or African: African",2,L3: Higher professional occupations,34
E05013606,Bedfont,6,"Black, Black British, Black Welsh, Caribbean or African: African",3,"L4, L5 and L6: Lower managerial, administrative and professional occupations",133
E05013606,Bedfont,6,"Black, Black British, Black Welsh, Caribbean or African: African",4,L7: Intermediate occupations,58
E05013606,Bedfont,6,"Black, Black British, Black Welsh, Caribbean or African: African",5,L8 and L9: Small employers and own account workers,42
E05013606,Bedfont,6,"Black, Black British, Black Welsh, Caribbean or African: African",6,L10 and L11: Lower supervisory and technical occupations,30
E05013606,Bedfont,6,"Black, Black British, Black Welsh, Caribbean or African: African",7,L12: Semi-routine occupations,114
E05013606,Bedfont,6,"Black, Black British, Black Welsh, Caribbean or African: African",8,L13: Routine occupations,100
E05013606,Bedfont,6,"Black, Black British, Black Welsh, Caribbean or African: African",9,L14.1: Never worked,66
E05013606,Bedfont,6,"Black, Black British, Black Welsh, Caribbean or African: African",10,L14.2: Long-term unemployed,16
E05013606,Bedfont,6,"Black, Black British, Black Welsh, Caribbean or African: African",11,L15: Full-time students,144
E05013606,Bedfont,7,"Black, Black British, Black Welsh, Caribbean or African: Caribbean",-8,Does not apply,21
E05013606,Bedfont,7,"Black, Black British, Black Welsh, Caribbean or African: Caribbean",1,L1 and L2: Large employers and higher managerial and administrative occupations,4
E05013606,Bedfont,7,"Black, Black British, Black Welsh, Caribbean or African: Caribbean",2,L3: Higher professional occupations,9
E05013606,Bedfont,7,"Black, Black British, Black Welsh, Caribbean or African: Caribbean",3,"L4, L5 and L6: Lower managerial, administrative and professional occupations",26
E05013606,Bedfont,7,"Black, Black British, Black Welsh, Caribbean or African: Caribbean",4,L7: Intermediate occupations,22
E05013606,Bedfont,7,"Black, Black British, Black Welsh, Caribbean or African: Caribbean",5,L8 and L9: Small employers and own account workers,16
E05013606,Bedfont,7,"Black, Black British, Black Welsh, Caribbean or African: Caribbean",6,L10 and L11: Lower supervisory and technical occupations,4
E05013606,Bedfont,7,"Black, Black British, Black Welsh, Caribbean or African: Caribbean",7,L12: Semi-routine occupations,17
E05013606,Bedfont,7,"Black, Black British, Black Welsh, Caribbean or African: Caribbean",8,L13: Routine occupations,14
E05013606,Bedfont,7,"Black, Black British, Black Welsh, Caribbean or African: Caribbean",9,L14.1: Never worked,8
E05013606,Bedfont,7,"Black, Black British, Black Welsh, Caribbean or African: Caribbean",10,L14.2: Long-term unemployed,1
E05013606,Bedfont,7,"Black, Black British, Black Welsh, Caribbean or African: Caribbean",11,L15: Full-time students,7
E05013606,Bedfont,8,"Black, Black British, Black Welsh, Caribbean or African: Other Black",-8,Does not apply,71
E05013606,Bedfont,8,"Black, Black British, Black Welsh, Caribbean or African: Other Black",1,L1 and L2: Large employers and higher managerial and administrative occupations,1
E05013606,Bedfont,8,"Black, Black British, Black Welsh, Caribbean or African: Other Black",2,L3: Higher professional occupations,2
E05013606,Bedfont,8,"Black, Black British, Black Welsh, Caribbean or African: Other Black",3,"L4, L5 and L6: Lower managerial, administrative and professional occupations",14
E05013606,Bedfont,8,"Black, Black British, Black Welsh, Caribbean or African: Other Black",4,L7: Intermediate occupations,5
E05013606,Bedfont,8,"Black, Black British, Black Welsh, Caribbean or African: Other Black",5,L8 and L9: Small employers and own account workers,4
E05013606,Bedfont,8,"Black, Black British, Black Welsh, Caribbean or African: Other Black",6,L10 and L11: Lower supervisory and technical occupations,2
E05013606,Bedfont,8,"Black, Black British, Black Welsh, Caribbean or African: Other Black",7,L12: Semi-routine occupations,12
E05013606,Bedfont,8,"Black, Black British, Black Welsh, Caribbean or African: Other Black",8,L13: Routine occupations,6
E05013606,Bedfont,8,"Black, Black British, Black Welsh, Caribbean or African: Other Black",9,L14.1: Never worked,7
E05013606,Bedfont,8,"Black, Black British, Black Welsh, Caribbean or African: Other Black",10,L14.2: Long-term unemployed,3
E05013606,Bedfont,8,"Black, Black British, Black Welsh, Caribbean or African: Other Black",11,L15: Full-time students,9
E05013606,Bedfont,9,Mixed or Multiple ethnic groups: White and Asian,-8,Does not apply,100
E05013606,Bedfont,9,Mixed or Multiple ethnic groups: White and Asian,1,L1 and L2: Large employers and higher managerial and administrative occupations,0
E05013606,Bedfont,9,Mixed or Multiple ethnic groups: White and Asian,2,L3: Higher professional occupations,3
E05013606,Bedfont,9,Mixed or Multiple ethnic groups: White and Asian,3,"L4, L5 and L6: Lower managerial, administrative and professional occupations",24
E05013606,Bedfont,9,Mixed or Multiple ethnic groups: White and Asian,4,L7: Intermediate occupations,9
E05013606,Bedfont,9,Mixed or Multiple ethnic groups: White and Asian,5,L8 and L9: Small employers and own account workers,3
E05013606,Bedfont,9,Mixed or Multiple ethnic groups: White and Asian,6,L10 and L11: Lower supervisory and technical occupations,4
E05013606,Bedfont,9,Mixed or Multiple ethnic groups: White and Asian,7,L12: Semi-routine occupations,7
E05013606,Bedfont,9,Mixed or Multiple ethnic groups: White and Asian,8,L13: Routine occupations,5
E05013606,Bedfont,9,Mixed or Multiple ethnic groups: White and Asian,9,L14.1: Never worked,4
E05013606,Bedfont,9,Mixed or Multiple ethnic groups: White and Asian,10,L14.2: Long-term unemployed,4
E05013606,Bedfont,9,Mixed or Multiple ethnic groups: White and Asian,11,L15: Full-time students,13
E05013606,Bedfont,10,Mixed or Multiple ethnic groups: White and Black African,-8,Does not apply,73
E05013606,Bedfont,10,Mixed or Multiple ethnic groups: White and Black African,1,L1 and L2: Large employers and higher managerial and administrative occupations,1
E05013606,Bedfont,10,Mixed or Multiple ethnic groups: White and Black African,2,L3: Higher professional occupations,3
E05013606,Bedfont,10,Mixed or Multiple ethnic groups: White and Black African,3,"L4, L5 and L6: Lower managerial, administrative and professional occupations",13
E05013606,Bedfont,10,Mixed or Multiple ethnic groups: White and Black African,4,L7: Intermediate occupations,4
E05013606,Bedfont,10,Mixed or Multiple ethnic groups: White and Black African,5,L8 and L9: Small employers and own account workers,1
E05013606,Bedfont,10,Mixed or Multiple ethnic groups: White and Black African,6,L10 and L11: Lower supervisory and technical occupations,4
E05013606,Bedfont,10,Mixed or Multiple ethnic groups: White and Black African,7,L12: Semi-routine occupations,8
E05013606,Bedfont,10,Mixed or Multiple ethnic groups: White and Black African,8,L13: Routine occupations,8
E05013606,Bedfont,10,Mixed or Multiple ethnic groups: White and Black African,9,L14.1: Never worked,4
E05013606,Bedfont,10,Mixed or Multiple ethnic groups: White and Black African,10,L14.2: Long-term unemployed,0
E05013606,Bedfont,10,Mixed or Multiple ethnic groups: White and Black African,11,L15: Full-time students,3
E05013606,Bedfont,11,Mixed or Multiple ethnic groups: White and Black Caribbean,-8,Does not apply,59
E05013606,Bedfont,11,Mixed or Multiple ethnic groups: White and Black Caribbean,1,L1 and L2: Large employers and higher managerial and administrative occupations,1
E05013606,Bedfont,11,Mixed or Multiple ethnic groups: White and Black Caribbean,2,L3: Higher professional occupations,2
E05013606,Bedfont,11,Mixed or Multiple ethnic groups: White and Black Caribbean,3,"L4, L5 and L6: Lower managerial, administrative and professional occupations",18
E05013606,Bedfont,11,Mixed or Multiple ethnic groups: White and Black Caribbean,4,L7: Intermediate occupations,8
E05013606,Bedfont,11,Mixed or Multiple ethnic groups: White and Black Caribbean,5,L8 and L9: Small employers and own account workers,3
E05013606,Bedfont,11,Mixed or Multiple ethnic groups: White and Black Caribbean,6,L10 and L11: Lower supervisory and technical occupations,11
E05013606,Bedfont,11,Mixed or Multiple ethnic groups: White and Black Caribbean,7,L12: Semi-routine occupations,7
E05013606,Bedfont,11,Mixed or Multiple ethnic groups: White and Black Caribbean,8,L13: Routine occupations,14
E05013606,Bedfont,11,Mixed or Multiple ethnic groups: White and Black Caribbean,9,L14.1: Never worked,5
E05013606,Bedfont,11,Mixed or Multiple ethnic groups: White and Black Caribbean,10,L14.2: Long-term unemployed,2
E05013606,Bedfont,11,Mixed or Multiple ethnic groups: White and Black Caribbean,11,L15: Full-time students,9
E05013606,Bedfont,12,Mixed or Multiple ethnic groups: Other Mixed or Multiple ethnic groups,-8,Does not apply,89
E05013606,Bedfont,12,Mixed or Multiple ethnic groups: Other Mixed or Multiple ethnic groups,1,L1 and L2: Large employers and higher managerial and administrative occupations,2
E05013606,Bedfont,12,Mixed or Multiple ethnic groups: Other Mixed or Multiple ethnic groups,2,L3: Higher professional occupations,8
E05013606,Bedfont,12,Mixed or Multiple ethnic groups: Other Mixed or Multiple ethnic groups,3,"L4, L5 and L6: Lower managerial, administrative and professional occupations",16
E05013606,Bedfont,12,Mixed or Multiple ethnic groups: Other Mixed or Multiple ethnic groups,4,L7: Intermediate occupations,18
E05013606,Bedfont,12,Mixed or Multiple ethnic groups: Other Mixed or Multiple ethnic groups,5,L8 and L9: Small employers and own account workers,7
E05013606,Bedfont,12,Mixed or Multiple ethnic groups: Other Mixed or Multiple ethnic groups,6,L10 and L11: Lower supervisory and technical occupations,8
E05013606,Bedfont,12,Mixed or Multiple ethnic groups: Other Mixed or Multiple ethnic groups,7,L12: Semi-routine occupations,14
E05013606,Bedfont,12,Mixed or Multiple ethnic groups: Other Mixed or Multiple ethnic groups,8,L13: Routine occupations,9
E05013606,Bedfont,12,Mixed or Multiple ethnic groups: Other Mixed or Multiple ethnic groups,9,L14.1: Never worked,4
E05013606,Bedfont,12,Mixed or Multiple ethnic groups: Other Mixed or Multiple ethnic groups,10,L14.2: Long-term unemployed,3
E05013606,Bedfont,12,Mixed or Multiple ethnic groups: Other Mixed or Multiple ethnic groups,11,L15: Full-time students,9
E05013606,Bedfont,13,"White: English, Welsh, Scottish, Northern Irish or British",-8,Does not apply,1011
E05013606,Bedfont,13,"White: English, Welsh, Scottish, Northern Irish or British",1,L1 and L2: Large employers and higher managerial and administrative occupations,86
E05013606,Bedfont,13,"White: English, Welsh, Scottish, Northern Irish or British",2,L3: Higher professional occupations,162
E05013606,Bedfont,13,"White: English, Welsh, Scottish, Northern Irish or British",3,"L4, L5 and L6: Lower managerial, administrative and professional occupations",804
E05013606,Bedfont,13,"White: English, Welsh, Scottish, Northern Irish or British",4,L7: Intermediate occupations,752
E05013606,Bedfont,13,"White: English, Welsh, Scottish, Northern Irish or British",5,L8 and L9: Small employers and own account workers,380
E05013606,Bedfont,13,"White: English, Welsh, Scottish, Northern Irish or British",6,L10 and L11: Lower supervisory and technical occupations,339
E05013606,Bedfont,13,"White: English, Welsh, Scottish, Northern Irish or British",7,L12: Semi-routine occupations,663
E05013606,Bedfont,13,"White: English, Welsh, Scottish, Northern Irish or British",8,L13: Routine occupations,701
E05013606,Bedfont,13,"White: English, Welsh, Scottish, Northern Irish or British",9,L14.1: Never worked,425
E05013606,Bedfont,13,"White: English, Welsh, Scottish, Northern Irish or British",10,L14.2: Long-term unemployed,77
E05013606,Bedfont,13,"White: English, Welsh, Scottish, Northern Irish or British",11,L15: Full-time students,228
E05013606,Bedfont,14,White: Irish,-8,Does not apply,0
E05013606,Bedfont,14,White: Irish,1,L1 and L2: Large employers and higher managerial and administrative occupations,1
E05013606,Bedfont,14,White: Irish,2,L3: Higher professional occupations,3
E05013606,Bedfont,14,White: Irish,3,"L4, L5 and L6: Lower managerial, administrative and professional occupations",10
E05013606,Bedfont,14,White: Irish,4,L7: Intermediate occupations,22
E05013606,Bedfont,14,White: Irish,5,L8 and L9: Small employers and own account workers,6
E05013606,Bedfont,14,White: Irish,6,L10 and L11: Lower supervisory and technical occupations,4
E05013606,Bedfont,14,White: Irish,7,L12: Semi-routine occupations,15
E05013606,Bedfont,14,White: Irish,8,L13: Routine occupations,19
E05013606,Bedfont,14,White: Irish,9,L14.1: Never worked,9
E05013606,Bedfont,14,White: Irish,10,L14.2: Long-term unemployed,1
E05013606,Bedfont,14,White: Irish,11,L15: Full-time students,3
E05013606,Bedfont,15,White: Gypsy or Irish Traveller,-8,Does not apply,9
E05013606,Bedfont,15,White: Gypsy or Irish Traveller,1,L1 and L2: Large employers and higher managerial and administrative occupations,0
E05013606,Bedfont,15,White: Gypsy or Irish Traveller,2,L3: Higher professional occupations,0
E05013606,Bedfont,15,White: Gypsy or Irish Traveller,3,"L4, L5 and L6: Lower managerial, administrative and professional occupations",0
E05013606,Bedfont,15,White: Gypsy or Irish Traveller,4,L7: Intermediate occupations,0
E05013606,Bedfont,15,White: Gypsy or Irish Traveller,5,L8 and L9: Small employers and own account workers,0
E05013606,Bedfont,15,White: Gypsy or Irish Traveller,6,L10 and L11: Lower supervisory and technical occupations,3
E05013606,Bedfont,15,White: Gypsy or Irish Traveller,7,L12: Semi-routine occupations,0
E05013606,Bedfont,15,White: Gypsy or Irish Traveller,8,L13: Routine occupations,3
E05013606,Bedfont,15,White: Gypsy or Irish Traveller,9,L14.1: Never worked,8
E05013606,Bedfont,15,White: Gypsy or Irish Traveller,10,L14.2: Long-term unemployed,0
E05013606,Bedfont,15,White: Gypsy or Irish Traveller,11,L15: Full-time students,0
E05013606,Bedfont,16,White: Roma,-8,Does not apply,9
E05013606,Bedfont,16,White: Roma,1,L1 and L2: Large employers and higher managerial and administrative occupations,0
E05013606,Bedfont,16,White: Roma,2,L3: Higher professional occupations,1
E05013606,Bedfont,16,White: Roma,3,"L4, L5 and L6: Lower managerial, administrative and professional occupations",6
E05013606,Bedfont,16,White: Roma,4,L7: Intermediate occupations,2
E05013606,Bedfont,16,White: Roma,5,L8 and L9: Small employers and own account workers,14
E05013606,Bedfont,16,White: Roma,6,L10 and L11: Lower supervisory and technical occupations,7
E05013606,Bedfont,16,White: Roma,7,L12: Semi-routine occupations,3
E05013606,Bedfont,16,White: Roma,8,L13: Routine occupations,13
E05013606,Bedfont,16,White: Roma,9,L14.1: Never worked,1
E05013606,Bedfont,16,White: Roma,10,L14.2: Long-term unemployed,1
E05013606,Bedfont,16,White: Roma,11,L15: Full-time students,1
E05013606,Bedfont,17,White: Other White,-8,Does not apply,384
E05013606,Bedfont,17,White: Other White,1,L1 and L2: Large employers and higher managerial and administrative occupations,26
E05013606,Bedfont,17,White: Other White,2,L3: Higher professional occupations,53
E05013606,Bedfont,17,White: Other White,3,"L4, L5 and L6: Lower managerial, administrative and professional occupations",198
E05013606,Bedfont,17,White: Other White,4,L7: Intermediate occupations,137
E05013606,Bedfont,17,White: Other White,5,L8 and L9: Small employers and own account workers,385
E05013606,Bedfont,17,White: Other White,6,L10 and L11: Lower supervisory and technical occupations,102
E05013606,Bedfont,17,White: Other White,7,L12: Semi-routine occupations,169
E05013606,Bedfont,17,White: Other White,8,L13: Routine occupations,299
E05013606,Bedfont,17,White: Other White,9,L14.1: Never worked,62
E05013606,Bedfont,17,White: Other White,10,L14.2: Long-term unemployed,12
E05013606,Bedfont,17,White: Other White,11,L15: Full-time students,105
E05013606,Bedfont,18,Other ethnic group: Arab,-8,Does not apply,53
E05013606,Bedfont,18,Other ethnic group: Arab,1,L1 and L2: Large employers and higher managerial and administrative occupations,2
E05013606,Bedfont,18,Other ethnic group: Arab,2,L3: Higher professional occupations,6
E05013606,Bedfont,18,Other ethnic group: Arab,3,"L4, L5 and L6: Lower managerial, administrative and professional occupations",17
E05013606,Bedfont,18,Other ethnic group: Arab,4,L7: Intermediate occupations,9
E05013606,Bedfont,18,Other ethnic group: Arab,5,L8 and L9: Small employers and own account workers,10
E05013606,Bedfont,18,Other ethnic group: Arab,6,L10 and L11: Lower supervisory and technical occupations,4
E05013606,Bedfont,18,Other ethnic group: Arab,7,L12: Semi-routine occupations,12
E05013606,Bedfont,18,Other ethnic group: Arab,8,L13: Routine occupations,18
E05013606,Bedfont,18,Other ethnic group: Arab,9,L14.1: Never worked,27
E05013606,Bedfont,18,Other ethnic group: Arab,10,L14.2: Long-term unemployed,3
E05013606,Bedfont,18,Other ethnic group: Arab,11,L15: Full-time students,18
E05013606,Bedfont,19,Other ethnic group: Any other ethnic group,-8,Does not apply,99
E05013606,Bedfont,19,Other ethnic group: Any other ethnic group,1,L1 and L2: Large employers and higher managerial and administrative occupations,4
E05013606,Bedfont,19,Other ethnic group: Any other ethnic group,2,L3: Higher professional occupations,34
E05013606,Bedfont,19,Other ethnic group: Any other ethnic group,3,"L4, L5 and L6: Lower managerial, administrative and professional occupations",68
E05013606,Bedfont,19,Other ethnic group: Any other ethnic group,4,L7: Intermediate occupations,60
E05013606,Bedfont,19,Other ethnic group: Any other ethnic group,5,L8 and L9: Small employers and own account workers,53
E05013606,Bedfont,19,Other ethnic group: Any other ethnic group,6,L10 and L11: Lower supervisory and technical occupations,25
E05013606,Bedfont,19,Other ethnic group: Any other ethnic group,7,L12: Semi-routine occupations,72
E05013606,Bedfont,19,Other ethnic group: Any other ethnic group,8,L13: Routine occupations,67
E05013606,Bedfont,19,Other ethnic group: Any other ethnic group,9,L14.1: Never worked,58
E05013606,Bedfont,19,Other ethnic group: Any other ethnic group,10,L14.2: Long-term unemployed,16
E05013606,Bedfont,19,Other ethnic group: Any other ethnic group,11,L15: Full-time students,35
E05013607,Brentford East,-8,Does not apply,-8,Does not apply,0
E05013607,Brentford East,-8,Does not apply,1,L1 and L2: Large employers and higher managerial and administrative occupations,0
E05013607,Brentford East,-8,Does not apply,2,L3: Higher professional occupations,0
E05013607,Brentford East,-8,Does not apply,3,"L4, L5 and L6: Lower managerial, administrative and professional occupations",0
E05013607,Brentford East,-8,Does not apply,4,L7: Intermediate occupations,0
E05013607,Brentford East,-8,Does not apply,5,L8 and L9: Small employers and own account workers,0
E05013607,Brentford East,-8,Does not apply,6,L10 and L11: Lower supervisory and technical occupations,0
E05013607,Brentford East,-8,Does not apply,7,L12: Semi-routine occupations,0
E05013607,Brentford East,-8,Does not apply,8,L13: Routine occupations,0
E05013607,Brentford East,-8,Does not apply,9,L14.1: Never worked,0
E05013607,Brentford East,-8,Does not apply,10,L14.2: Long-term unemployed,0
E05013607,Brentford East,-8,Does not apply,11,L15: Full-time students,0
E05013607,Brentford East,1,"Asian, Asian British or Asian Welsh: Bangladeshi",-8,Does not apply,12
E05013607,Brentford East,1,"Asian, Asian British or Asian Welsh: Bangladeshi",1,L1 and L2: Large employers and higher managerial and administrative occupations,0
E05013607,Brentford East,1,"Asian, Asian British or Asian Welsh: Bangladeshi",2,L3: Higher professional occupations,7
E05013607,Brentford East,1,"Asian, Asian British or Asian Welsh: Bangladeshi",3,"L4, L5 and L6: Lower managerial, administrative and professional occupations",6
E05013607,Brentford East,1,"Asian, Asian British or Asian Welsh: Bangladeshi",4,L7: Intermediate occupations,5
E05013607,Brentford East,1,"Asian, Asian British or Asian Welsh: Bangladeshi",5,L8 and L9: Small employers and own account workers,0
E05013607,Brentford East,1,"Asian, Asian British or Asian Welsh: Bangladeshi",6,L10 and L11: Lower supervisory and technical occupations,1
E05013607,Brentford East,1,"Asian, Asian British or Asian Welsh: Bangladeshi",7,L12: Semi-routine occupations,2
E05013607,Brentford East,1,"Asian, Asian British or Asian Welsh: Bangladeshi",8,L13: Routine occupations,1
E05013607,Brentford East,1,"Asian, Asian British or Asian Welsh: Bangladeshi",9,L14.1: Never worked,4
E05013607,Brentford East,1,"Asian, Asian British or Asian Welsh: Bangladeshi",10,L14.2: Long-term unemployed,0
E05013607,Brentford East,1,"Asian, Asian British or Asian Welsh: Bangladeshi",11,L15: Full-time students,6
E05013607,Brentford East,2,"Asian, Asian British or Asian Welsh: Chinese",-8,Does not apply,26
E05013607,Brentford East,2,"Asian, Asian British or Asian Welsh: Chinese",1,L1 and L2: Large employers and higher managerial and administrative occupations,4
E05013607,Brentford East,2,"Asian, Asian British or Asian Welsh: Chinese",2,L3: Higher professional occupations,49
E05013607,Brentford East,2,"Asian, Asian British or Asian Welsh: Chinese",3,"L4, L5 and L6: Lower managerial, administrative and professional occupations",35
E05013607,Brentford East,2,"Asian, Asian British or Asian Welsh: Chinese",4,L7: Intermediate occupations,11
E05013607,Brentford East,2,"Asian, Asian British or Asian Welsh: Chinese",5,L8 and L9: Small employers and own account workers,9
E05013607,Brentford East,2,"Asian, Asian British or Asian Welsh: Chinese",6,L10 and L11: Lower supervisory and technical occupations,4
E05013607,Brentford East,2,"Asian, Asian British or Asian Welsh: Chinese",7,L12: Semi-routine occupations,6
E05013607,Brentford East,2,"Asian, Asian British or Asian Welsh: Chinese",8,L13: Routine occupations,5
E05013607,Brentford East,2,"Asian, Asian British or Asian Welsh: Chinese",9,L14.1: Never worked,8
E05013607,Brentford East,2,"Asian, Asian British or Asian Welsh: Chinese",10,L14.2: Long-term unemployed,1
E05013607,Brentford East,2,"Asian, Asian British or Asian Welsh: Chinese",11,L15: Full-time students,8
E05013607,Brentford East,3,"Asian, Asian British or Asian Welsh: Indian",-8,Does not apply,106
E05013607,Brentford East,3,"Asian, Asian British or Asian Welsh: Indian",1,L1 and L2: Large employers and higher managerial and administrative occupations,37
E05013607,Brentford East,3,"Asian, Asian British or Asian Welsh: Indian",2,L3: Higher professional occupations,95
E05013607,Brentford East,3,"Asian, Asian British or Asian Welsh: Indian",3,"L4, L5 and L6: Lower managerial, administrative and professional occupations",90
E05013607,Brentford East,3,"Asian, Asian British or Asian Welsh: Indian",4,L7: Intermediate occupations,37
E05013607,Brentford East,3,"Asian, Asian British or Asian Welsh: Indian",5,L8 and L9: Small employers and own account workers,26
E05013607,Brentford East,3,"Asian, Asian British or Asian Welsh: Indian",6,L10 and L11: Lower supervisory and technical occupations,14
E05013607,Brentford East,3,"Asian, Asian British or Asian Welsh: Indian",7,L12: Semi-routine occupations,33
E05013607,Brentford East,3,"Asian, Asian British or Asian Welsh: Indian",8,L13: Routine occupations,28
E05013607,Brentford East,3,"Asian, Asian British or Asian Welsh: Indian",9,L14.1: Never worked,29
E05013607,Brentford East,3,"Asian, Asian British or Asian Welsh: Indian",10,L14.2: Long-term unemployed,10
E05013607,Brentford East,3,"Asian, Asian British or Asian Welsh: Indian",11,L15: Full-time students,21
E05013607,Brentford East,4,"Asian, Asian British or Asian Welsh: Pakistani",-8,Does not apply,43
E05013607,Brentford East,4,"Asian, Asian British or Asian Welsh: Pakistani",1,L1 and L2: Large employers and higher managerial and administrative occupations,7
E05013607,Brentford East,4,"Asian, Asian British or Asian Welsh: Pakistani",2,L3: Higher professional occupations,12
E05013607,Brentford East,4,"Asian, Asian British or Asian Welsh: Pakistani",3,"L4, L5 and L6: Lower managerial, administrative and professional occupations",27
E05013607,Brentford East,4,"Asian, Asian British or Asian Welsh: Pakistani",4,L7: Intermediate occupations,10
E05013607,Brentford East,4,"Asian, Asian British or Asian Welsh: Pakistani",5,L8 and L9: Small employers and own account workers,17
E05013607,Brentford East,4,"Asian, Asian British or Asian Welsh: Pakistani",6,L10 and L11: Lower supervisory and technical occupations,3
E05013607,Brentford East,4,"Asian, Asian British or Asian Welsh: Pakistani",7,L12: Semi-routine occupations,25
E05013607,Brentford East,4,"Asian, Asian British or Asian Welsh: Pakistani",8,L13: Routine occupations,9
E05013607,Brentford East,4,"Asian, Asian British or Asian Welsh: Pakistani",9,L14.1: Never worked,37
E05013607,Brentford East,4,"Asian, Asian British or Asian Welsh: Pakistani",10,L14.2: Long-term unemployed,3
E05013607,Brentford East,4,"Asian, Asian British or Asian Welsh: Pakistani",11,L15: Full-time students,25
E05013607,Brentford East,5,"Asian, Asian British or Asian Welsh: Other Asian",-8,Does not apply,115
E05013607,Brentford East,5,"Asian, Asian British or Asian Welsh: Other Asian",1,L1 and L2: Large employers and higher managerial and administrative occupations,20
E05013607,Brentford East,5,"Asian, Asian British or Asian Welsh: Other Asian",2,L3: Higher professional occupations,35
E05013607,Brentford East,5,"Asian, Asian British or Asian Welsh: Other Asian",3,"L4, L5 and L6: Lower managerial, administrative and professional occupations",70
E05013607,Brentford East,5,"Asian, Asian British or Asian Welsh: Other Asian",4,L7: Intermediate occupations,25
E05013607,Brentford East,5,"Asian, Asian British or Asian Welsh: Other Asian",5,L8 and L9: Small employers and own account workers,45
E05013607,Brentford East,5,"Asian, Asian British or Asian Welsh: Other Asian",6,L10 and L11: Lower supervisory and technical occupations,9
E05013607,Brentford East,5,"Asian, Asian British or Asian Welsh: Other Asian",7,L12: Semi-routine occupations,32
E05013607,Brentford East,5,"Asian, Asian British or Asian Welsh: Other Asian",8,L13: Routine occupations,32
E05013607,Brentford East,5,"Asian, Asian British or Asian Welsh: Other Asian",9,L14.1: Never worked,75
E05013607,Brentford East,5,"Asian, Asian British or Asian Welsh: Other Asian",10,L14.2: Long-term unemployed,7
E05013607,Brentford East,5,"Asian, Asian British or Asian Welsh: Other Asian",11,L15: Full-time students,51
E05013607,Brentford East,6,"Black, Black British, Black Welsh, Caribbean or African: African",-8,Does not apply,283
E05013607,Brentford East,6,"Black, Black British, Black Welsh, Caribbean or African: African",1,L1 and L2: Large employers and higher managerial and administrative occupations,13
E05013607,Brentford East,6,"Black, Black British, Black Welsh, Caribbean or African: African",2,L3: Higher professional occupations,42
E05013607,Brentford East,6,"Black, Black British, Black Welsh, Caribbean or African: African",3,"L4, L5 and L6: Lower managerial, administrative and professional occupations",106
E05013607,Brentford East,6,"Black, Black British, Black Welsh, Caribbean or African: African",4,L7: Intermediate occupations,56
E05013607,Brentford East,6,"Black, Black British, Black Welsh, Caribbean or African: African",5,L8 and L9: Small employers and own account workers,50
E05013607,Brentford East,6,"Black, Black British, Black Welsh, Caribbean or African: African",6,L10 and L11: Lower supervisory and technical occupations,16
E05013607,Brentford East,6,"Black, Black British, Black Welsh, Caribbean or African: African",7,L12: Semi-routine occupations,92
E05013607,Brentford East,6,"Black, Black British, Black Welsh, Caribbean or African: African",8,L13: Routine occupations,73
E05013607,Brentford East,6,"Black, Black British, Black Welsh, Caribbean or African: African",9,L14.1: Never worked,81
E05013607,Brentford East,6,"Black, Black British, Black Welsh, Caribbean or African: African",10,L14.2: Long-term unemployed,22
E05013607,Brentford East,6,"Black, Black British, Black Welsh, Caribbean or African: African",11,L15: Full-time students,78
E05013607,Brentford East,7,"Black, Black British, Black Welsh, Caribbean or African: Caribbean",-8,Does not apply,39
E05013607,Brentford East,7,"Black, Black British, Black Welsh, Caribbean or African: Caribbean",1,L1 and L2: Large employers and higher managerial and administrative occupations,6
E05013607,Brentford East,7,"Black, Black British, Black Welsh, Caribbean or African: Caribbean",2,L3: Higher professional occupations,8
E05013607,Brentford East,7,"Black, Black British, Black Welsh, Caribbean or African: Caribbean",3,"L4, L5 and L6: Lower managerial, administrative and professional occupations",33
E05013607,Brentford East,7,"Black, Black British, Black Welsh, Caribbean or African: Caribbean",4,L7: Intermediate occupations,22
E05013607,Brentford East,7,"Black, Black British, Black Welsh, Caribbean or African: Caribbean",5,L8 and L9: Small employers and own account workers,11
E05013607,Brentford East,7,"Black, Black British, Black Welsh, Caribbean or African: Caribbean",6,L10 and L11: Lower supervisory and technical occupations,12
E05013607,Brentford East,7,"Black, Black British, Black Welsh, Caribbean or African: Caribbean",7,L12: Semi-routine occupations,20
E05013607,Brentford East,7,"Black, Black British, Black Welsh, Caribbean or African: Caribbean",8,L13: Routine occupations,28
E05013607,Brentford East,7,"Black, Black British, Black Welsh, Caribbean or African: Caribbean",9,L14.1: Never worked,7
E05013607,Brentford East,7,"Black, Black British, Black Welsh, Caribbean or African: Caribbean",10,L14.2: Long-term unemployed,7
E05013607,Brentford East,7,"Black, Black British, Black Welsh, Caribbean or African: Caribbean",11,L15: Full-time students,12
E05013607,Brentford East,8,"Black, Black British, Black Welsh, Caribbean or African: Other Black",-8,Does not apply,97
E05013607,Brentford East,8,"Black, Black British, Black Welsh, Caribbean or African: Other Black",1,L1 and L2: Large employers and higher managerial and administrative occupations,0
E05013607,Brentford East,8,"Black, Black British, Black Welsh, Caribbean or African: Other Black",2,L3: Higher professional occupations,7
E05013607,Brentford East,8,"Black, Black British, Black Welsh, Caribbean or African: Other Black",3,"L4, L5 and L6: Lower managerial, administrative and professional occupations",10
E05013607,Brentford East,8,"Black, Black British, Black Welsh, Caribbean or African: Other Black",4,L7: Intermediate occupations,9
E05013607,Brentford East,8,"Black, Black British, Black Welsh, Caribbean or African: Other Black",5,L8 and L9: Small employers and own account workers,0
E05013607,Brentford East,8,"Black, Black British, Black Welsh, Caribbean or African: Other Black",6,L10 and L11: Lower supervisory and technical occupations,13
E05013607,Brentford East,8,"Black, Black British, Black Welsh, Caribbean or African: Other Black",7,L12: Semi-routine occupations,10
E05013607,Brentford East,8,"Black, Black British, Black Welsh, Caribbean or African: Other Black",8,L13: Routine occupations,13
E05013607,Brentford East,8,"Black, Black British, Black Welsh, Caribbean or African: Other Black",9,L14.1: Never worked,19
E05013607,Brentford East,8,"Black, Black British, Black Welsh, Caribbean or African: Other Black",10,L14.2: Long-term unemployed,1
E05013607,Brentford East,8,"Black, Black British, Black Welsh, Caribbean or African: Other Black",11,L15: Full-time students,29
E05013607,Brentford East,9,Mixed or Multiple ethnic groups: White and Asian,-8,Does not apply,49
E05013607,Brentford East,9,Mixed or Multiple ethnic groups: White and Asian,1,L1 and L2: Large employers and higher managerial and administrative occupations,3
E05013607,Brentford East,9,Mixed or Multiple ethnic groups: White and Asian,2,L3: Higher professional occupations,10
E05013607,Brentford East,9,Mixed or Multiple ethnic groups: White and Asian,3,"L4, L5 and L6: Lower managerial, administrative and professional occupations",17
E05013607,Brentford East,9,Mixed or Multiple ethnic groups: White and Asian,4,L7: Intermediate occupations,9
E05013607,Brentford East,9,Mixed or Multiple ethnic groups: White and Asian,5,L8 and L9: Small employers and own account workers,3
E05013607,Brentford East,9,Mixed or Multiple ethnic groups: White and Asian,6,L10 and L11: Lower supervisory and technical occupations,2
E05013607,Brentford East,9,Mixed or Multiple ethnic groups: White and Asian,7,L12: Semi-routine occupations,7
E05013607,Brentford East,9,Mixed or Multiple ethnic groups: White and Asian,8,L13: Routine occupations,5
E05013607,Brentford East,9,Mixed or Multiple ethnic groups: White and Asian,9,L14.1: Never worked,1
E05013607,Brentford East,9,Mixed or Multiple ethnic groups: White and Asian,10,L14.2: Long-term unemployed,4
E05013607,Brentford East,9,Mixed or Multiple ethnic groups: White and Asian,11,L15: Full-time students,9
E05013607,Brentford East,10,Mixed or Multiple ethnic groups: White and Black African,-8,Does not apply,52
E05013607,Brentford East,10,Mixed or Multiple ethnic groups: White and Black African,1,L1 and L2: Large employers and higher managerial and administrative occupations,0
E05013607,Brentford East,10,Mixed or Multiple ethnic groups: White and Black African,2,L3: Higher professional occupations,5
E05013607,Brentford East,10,Mixed or Multiple ethnic groups: White and Black African,3,"L4, L5 and L6: Lower managerial, administrative and professional occupations",12
E05013607,Brentford East,10,Mixed or Multiple ethnic groups: White and Black African,4,L7: Intermediate occupations,3
E05013607,Brentford East,10,Mixed or Multiple ethnic groups: White and Black African,5,L8 and L9: Small employers and own account workers,3
E05013607,Brentford East,10,Mixed or Multiple ethnic groups: White and Black African,6,L10 and L11: Lower supervisory and technical occupations,1
E05013607,Brentford East,10,Mixed or Multiple ethnic groups: White and Black African,7,L12: Semi-routine occupations,8
E05013607,Brentford East,10,Mixed or Multiple ethnic groups: White and Black African,8,L13: Routine occupations,8
E05013607,Brentford East,10,Mixed or Multiple ethnic groups: White and Black African,9,L14.1: Never worked,3
E05013607,Brentford East,10,Mixed or Multiple ethnic groups: White and Black African,10,L14.2: Long-term unemployed,2
E05013607,Brentford East,10,Mixed or Multiple ethnic groups: White and Black African,11,L15: Full-time students,9
E05013607,Brentford East,11,Mixed or Multiple ethnic groups: White and Black Caribbean,-8,Does not apply,86
E05013607,Brentford East,11,Mixed or Multiple ethnic groups: White and Black Caribbean,1,L1 and L2: Large employers and higher managerial and administrative occupations,3
E05013607,Brentford East,11,Mixed or Multiple ethnic groups: White and Black Caribbean,2,L3: Higher professional occupations,4
E05013607,Brentford East,11,Mixed or Multiple ethnic groups: White and Black Caribbean,3,"L4, L5 and L6: Lower managerial, administrative and professional occupations",25
E05013607,Brentford East,11,Mixed or Multiple ethnic groups: White and Black Caribbean,4,L7: Intermediate occupations,8
E05013607,Brentford East,11,Mixed or Multiple ethnic groups: White and Black Caribbean,5,L8 and L9: Small employers and own account workers,5
E05013607,Brentford East,11,Mixed or Multiple ethnic groups: White and Black Caribbean,6,L10 and L11: Lower supervisory and technical occupations,2
E05013607,Brentford East,11,Mixed or Multiple ethnic groups: White and Black Caribbean,7,L12: Semi-routine occupations,15
E05013607,Brentford East,11,Mixed or Multiple ethnic groups: White and Black Caribbean,8,L13: Routine occupations,16
E05013607,Brentford East,11,Mixed or Multiple ethnic groups: White and Black Caribbean,9,L14.1: Never worked,11
E05013607,Brentford East,11,Mixed or Multiple ethnic groups: White and Black Caribbean,10,L14.2: Long-term unemployed,1
E05013607,Brentford East,11,Mixed or Multiple ethnic groups: White and Black Caribbean,11,L15: Full-time students,14
E05013607,Brentford East,12,Mixed or Multiple ethnic groups: Other Mixed or Multiple ethnic groups,-8,Does not apply,116
E05013607,Brentford East,12,Mixed or Multiple ethnic groups: Other Mixed or Multiple ethnic groups,1,L1 and L2: Large employers and higher managerial and administrative occupations,3
E05013607,Brentford East,12,Mixed or Multiple ethnic groups: Other Mixed or Multiple ethnic groups,2,L3: Higher professional occupations,12
E05013607,Brentford East,12,Mixed or Multiple ethnic groups: Other Mixed or Multiple ethnic groups,3,"L4, L5 and L6: Lower managerial, administrative and professional occupations",35
E05013607,Brentford East,12,Mixed or Multiple ethnic groups: Other Mixed or Multiple ethnic groups,4,L7: Intermediate occupations,9
E05013607,Brentford East,12,Mixed or Multiple ethnic groups: Other Mixed or Multiple ethnic groups,5,L8 and L9: Small employers and own account workers,6
E05013607,Brentford East,12,Mixed or Multiple ethnic groups: Other Mixed or Multiple ethnic groups,6,L10 and L11: Lower supervisory and technical occupations,7
E05013607,Brentford East,12,Mixed or Multiple ethnic groups: Other Mixed or Multiple ethnic groups,7,L12: Semi-routine occupations,22
E05013607,Brentford East,12,Mixed or Multiple ethnic groups: Other Mixed or Multiple ethnic groups,8,L13: Routine occupations,9
E05013607,Brentford East,12,Mixed or Multiple ethnic groups: Other Mixed or Multiple ethnic groups,9,L14.1: Never worked,11
E05013607,Brentford East,12,Mixed or Multiple ethnic groups: Other Mixed or Multiple ethnic groups,10,L14.2: Long-term unemployed,4
E05013607,Brentford East,12,Mixed or Multiple ethnic groups: Other Mixed or Multiple ethnic groups,11,L15: Full-time students,17
E05013607,Brentford East,13,"White: English, Welsh, Scottish, Northern Irish or British",-8,Does not apply,491
E05013607,Brentford East,13,"White: English, Welsh, Scottish, Northern Irish or British",1,L1 and L2: Large employers and higher managerial and administrative occupations,87
E05013607,Brentford East,13,"White: English, Welsh, Scottish, Northern Irish or British",2,L3: Higher professional occupations,216
E05013607,Brentford East,13,"White: English, Welsh, Scottish, Northern Irish or British",3,"L4, L5 and L6: Lower managerial, administrative and professional occupations",439
E05013607,Brentford East,13,"White: English, Welsh, Scottish, Northern Irish or British",4,L7: Intermediate occupations,266
E05013607,Brentford East,13,"White: English, Welsh, Scottish, Northern Irish or British",5,L8 and L9: Small employers and own account workers,175
E05013607,Brentford East,13,"White: English, Welsh, Scottish, Northern Irish or British",6,L10 and L11: Lower supervisory and technical occupations,130
E05013607,Brentford East,13,"White: English, Welsh, Scottish, Northern Irish or British",7,L12: Semi-routine occupations,261
E05013607,Brentford East,13,"White: English, Welsh, Scottish, Northern Irish or British",8,L13: Routine occupations,292
E05013607,Brentford East,13,"White: English, Welsh, Scottish, Northern Irish or British",9,L14.1: Never worked,202
E05013607,Brentford East,13,"White: English, Welsh, Scottish, Northern Irish or British",10,L14.2: Long-term unemployed,43
E05013607,Brentford East,13,"White: English, Welsh, Scottish, Northern Irish or British",11,L15: Full-time students,129
E05013607,Brentford East,14,White: Irish,-8,Does not apply,1
E05013607,Brentford East,14,White: Irish,1,L1 and L2: Large employers and higher managerial and administrative occupations,7
E05013607,Brentford East,14,White: Irish,2,L3: Higher professional occupations,16
E05013607,Brentford East,14,White: Irish,3,"L4, L5 and L6: Lower managerial, administrative and professional occupations",35
E05013607,Brentford East,14,White: Irish,4,L7: Intermediate occupations,12
E05013607,Brentford East,14,White: Irish,5,L8 and L9: Small employers and own account workers,35
E05013607,Brentford East,14,White: Irish,6,L10 and L11: Lower supervisory and technical occupations,11
E05013607,Brentford East,14,White: Irish,7,L12: Semi-routine occupations,12
E05013607,Brentford East,14,White: Irish,8,L13: Routine occupations,16
E05013607,Brentford East,14,White: Irish,9,L14.1: Never worked,11
E05013607,Brentford East,14,White: Irish,10,L14.2: Long-term unemployed,0
E05013607,Brentford East,14,White: Irish,11,L15: Full-time students,2
E05013607,Brentford East,15,White: Gypsy or Irish Traveller,-8,Does not apply,0
E05013607,Brentford East,15,White: Gypsy or Irish Traveller,1,L1 and L2: Large employers and higher managerial and administrative occupations,1
E05013607,Brentford East,15,White: Gypsy or Irish Traveller,2,L3: Higher professional occupations,0
E05013607,Brentford East,15,White: Gypsy or Irish Traveller,3,"L4, L5 and L6: Lower managerial, administrative and professional occupations",0
E05013607,Brentford East,15,White: Gypsy or Irish Traveller,4,L7: Intermediate occupations,0
E05013607,Brentford East,15,White: Gypsy or Irish Traveller,5,L8 and L9: Small employers and own account workers,0
E05013607,Brentford East,15,White: Gypsy or Irish Traveller,6,L10 and L11: Lower supervisory and technical occupations,1
E05013607,Brentford East,15,White: Gypsy or Irish Traveller,7,L12: Semi-routine occupations,0
E05013607,Brentford East,15,White: Gypsy or Irish Traveller,8,L13: Routine occupations,1
E05013607,Brentford East,15,White: Gypsy or Irish Traveller,9,L14.1: Never worked,1
E05013607,Brentford East,15,White: Gypsy or Irish Traveller,10,L14.2: Long-term unemployed,0
E05013607,Brentford East,15,White: Gypsy or Irish Traveller,11,L15: Full-time students,0
E05013607,Brentford East,16,White: Roma,-8,Does not apply,3
E05013607,Brentford East,16,White: Roma,1,L1 and L2: Large employers and higher managerial and administrative occupations,2
E05013607,Brentford East,16,White: Roma,2,L3: Higher professional occupations,6
E05013607,Brentford East,16,White: Roma,3,"L4, L5 and L6: Lower managerial, administrative and professional occupations",8
E05013607,Brentford East,16,White: Roma,4,L7: Intermediate occupations,1
E05013607,Brentford East,16,White: Roma,5,L8 and L9: Small employers and own account workers,8
E05013607,Brentford East,16,White: Roma,6,L10 and L11: Lower supervisory and technical occupations,1
E05013607,Brentford East,16,White: Roma,7,L12: Semi-routine occupations,5
E05013607,Brentford East,16,White: Roma,8,L13: Routine occupations,4
E05013607,Brentford East,16,White: Roma,9,L14.1: Never worked,0
E05013607,Brentford East,16,White: Roma,10,L14.2: Long-term unemployed,1
E05013607,Brentford East,16,White: Roma,11,L15: Full-time students,3
E05013607,Brentford East,17,White: Other White,-8,Does not apply,159
E05013607,Brentford East,17,White: Other White,1,L1 and L2: Large employers and higher managerial and administrative occupations,73
E05013607,Brentford East,17,White: Other White,2,L3: Higher professional occupations,150
E05013607,Brentford East,17,White: Other White,3,"L4, L5 and L6: Lower managerial, administrative and professional occupations",313
E05013607,Brentford East,17,White: Other White,4,L7: Intermediate occupations,111
E05013607,Brentford East,17,White: Other White,5,L8 and L9: Small employers and own account workers,199
E05013607,Brentford East,17,White: Other White,6,L10 and L11: Lower supervisory and technical occupations,47
E05013607,Brentford East,17,White: Other White,7,L12: Semi-routine occupations,91
E05013607,Brentford East,17,White: Other White,8,L13: Routine occupations,103
E05013607,Brentford East,17,White: Other White,9,L14.1: Never worked,46
E05013607,Brentford East,17,White: Other White,10,L14.2: Long-term unemployed,25
E05013607,Brentford East,17,White: Other White,11,L15: Full-time students,56
E05013607,Brentford East,18,Other ethnic group: Arab,-8,Does not apply,86
E05013607,Brentford East,18,Other ethnic group: Arab,1,L1 and L2: Large employers and higher managerial and administrative occupations,14
E05013607,Brentford East,18,Other ethnic group: Arab,2,L3: Higher professional occupations,19
E05013607,Brentford East,18,Other ethnic group: Arab,3,"L4, L5 and L6: Lower managerial, administrative and professional occupations",23
E05013607,Brentford East,18,Other ethnic group: Arab,4,L7: Intermediate occupations,13
E05013607,Brentford East,18,Other ethnic group: Arab,5,L8 and L9: Small employers and own account workers,20
E05013607,Brentford East,18,Other ethnic group: Arab,6,L10 and L11: Lower supervisory and technical occupations,6
E05013607,Brentford East,18,Other ethnic group: Arab,7,L12: Semi-routine occupations,22
E05013607,Brentford East,18,Other ethnic group: Arab,8,L13: Routine occupations,17
E05013607,Brentford East,18,Other ethnic group: Arab,9,L14.1: Never worked,58
E05013607,Brentford East,18,Other ethnic group: Arab,10,L14.2: Long-term unemployed,3
E05013607,Brentford East,18,Other ethnic group: Arab,11,L15: Full-time students,29
E05013607,Brentford East,19,Other ethnic group: Any other ethnic group,-8,Does not apply,117
E05013607,Brentford East,19,Other ethnic group: Any other ethnic group,1,L1 and L2: Large employers and higher managerial and administrative occupations,10
E05013607,Brentford East,19,Other ethnic group: Any other ethnic group,2,L3: Higher professional occupations,53
E05013607,Brentford East,19,Other ethnic group: Any other ethnic group,3,"L4, L5 and L6: Lower managerial, administrative and professional occupations",84
E05013607,Brentford East,19,Other ethnic group: Any other ethnic group,4,L7: Intermediate occupations,28
E05013607,Brentford East,19,Other ethnic group: Any other ethnic group,5,L8 and L9: Small employers and own account workers,64
E05013607,Brentford East,19,Other ethnic group: Any other ethnic group,6,L10 and L11: Lower supervisory and technical occupations,20
E05013607,Brentford East,19,Other ethnic group: Any other ethnic group,7,L12: Semi-routine occupations,50
E05013607,Brentford East,19,Other ethnic group: Any other ethnic group,8,L13: Routine occupations,46
E05013607,Brentford East,19,Other ethnic group: Any other ethnic group,9,L14.1: Never worked,78
E05013607,Brentford East,19,Other ethnic group: Any other ethnic group,10,L14.2: Long-term unemployed,18
E05013607,Brentford East,19,Other ethnic group: Any other ethnic group,11,L15: Full-time students,44
E05013608,Brentford West,-8,Does not apply,-8,Does not apply,0
E05013608,Brentford West,-8,Does not apply,1,L1 and L2: Large employers and higher managerial and administrative occupations,0
E05013608,Brentford West,-8,Does not apply,2,L3: Higher professional occupations,0
E05013608,Brentford West,-8,Does not apply,3,"L4, L5 and L6: Lower managerial, administrative and professional occupations",0
E05013608,Brentford West,-8,Does not apply,4,L7: Intermediate occupations,0
E05013608,Brentford West,-8,Does not apply,5,L8 and L9: Small employers and own account workers,0
E05013608,Brentford West,-8,Does not apply,6,L10 and L11: Lower supervisory and technical occupations,0
E05013608,Brentford West,-8,Does not apply,7,L12: Semi-routine occupations,0
E05013608,Brentford West,-8,Does not apply,8,L13: Routine occupations,0
E05013608,Brentford West,-8,Does not apply,9,L14.1: Never worked,0
E05013608,Brentford West,-8,Does not apply,10,L14.2: Long-term unemployed,0
E05013608,Brentford West,-8,Does not apply,11,L15: Full-time students,0
E05013608,Brentford West,1,"Asian, Asian British or Asian Welsh: Bangladeshi",-8,Does not apply,5
E05013608,Brentford West,1,"Asian, Asian British or Asian Welsh: Bangladeshi",1,L1 and L2: Large employers and higher managerial and administrative occupations,1
E05013608,Brentford West,1,"Asian, Asian British or Asian Welsh: Bangladeshi",2,L3: Higher professional occupations,4
E05013608,Brentford West,1,"Asian, Asian British or Asian Welsh: Bangladeshi",3,"L4, L5 and L6: Lower managerial, administrative and professional occupations",3
E05013608,Brentford West,1,"Asian, Asian British or Asian Welsh: Bangladeshi",4,L7: Intermediate occupations,3
E05013608,Brentford West,1,"Asian, Asian British or Asian Welsh: Bangladeshi",5,L8 and L9: Small employers and own account workers,1
E05013608,Brentford West,1,"Asian, Asian British or Asian Welsh: Bangladeshi",6,L10 and L11: Lower supervisory and technical occupations,1
E05013608,Brentford West,1,"Asian, Asian British or Asian Welsh: Bangladeshi",7,L12: Semi-routine occupations,0
E05013608,Brentford West,1,"Asian, Asian British or Asian Welsh: Bangladeshi",8,L13: Routine occupations,4
E05013608,Brentford West,1,"Asian, Asian British or Asian Welsh: Bangladeshi",9,L14.1: Never worked,2
E05013608,Brentford West,1,"Asian, Asian British or Asian Welsh: Bangladeshi",10,L14.2: Long-term unemployed,0
E05013608,Brentford West,1,"Asian, Asian British or Asian Welsh: Bangladeshi",11,L15: Full-time students,3
E05013608,Brentford West,2,"Asian, Asian British or Asian Welsh: Chinese",-8,Does not apply,3
E05013608,Brentford West,2,"Asian, Asian British or Asian Welsh: Chinese",1,L1 and L2: Large employers and higher managerial and administrative occupations,6
E05013608,Brentford West,2,"Asian, Asian British or Asian Welsh: Chinese",2,L3: Higher professional occupations,10
E05013608,Brentford West,2,"Asian, Asian British or Asian Welsh: Chinese",3,"L4, L5 and L6: Lower managerial, administrative and professional occupations",16
E05013608,Brentford West,2,"Asian, Asian British or Asian Welsh: Chinese",4,L7: Intermediate occupations,4
E05013608,Brentford West,2,"Asian, Asian British or Asian Welsh: Chinese",5,L8 and L9: Small employers and own account workers,6
E05013608,Brentford West,2,"Asian, Asian British or Asian Welsh: Chinese",6,L10 and L11: Lower supervisory and technical occupations,2
E05013608,Brentford West,2,"Asian, Asian British or Asian Welsh: Chinese",7,L12: Semi-routine occupations,5
E05013608,Brentford West,2,"Asian, Asian British or Asian Welsh: Chinese",8,L13: Routine occupations,3
E05013608,Brentford West,2,"Asian, Asian British or Asian Welsh: Chinese",9,L14.1: Never worked,2
E05013608,Brentford West,2,"Asian, Asian British or Asian Welsh: Chinese",10,L14.2: Long-term unemployed,3
E05013608,Brentford West,2,"Asian, Asian British or Asian Welsh: Chinese",11,L15: Full-time students,1
E05013608,Brentford West,3,"Asian, Asian British or Asian Welsh: Indian",-8,Does not apply,54
E05013608,Brentford West,3,"Asian, Asian British or Asian Welsh: Indian",1,L1 and L2: Large employers and higher managerial and administrative occupations,25
E05013608,Brentford West,3,"Asian, Asian British or Asian Welsh: Indian",2,L3: Higher professional occupations,65
E05013608,Brentford West,3,"Asian, Asian British or Asian Welsh: Indian",3,"L4, L5 and L6: Lower managerial, administrative and professional occupations",62
E05013608,Brentford West,3,"Asian, Asian British or Asian Welsh: Indian",4,L7: Intermediate occupations,38
E05013608,Brentford West,3,"Asian, Asian British or Asian Welsh: Indian",5,L8 and L9: Small employers and own account workers,22
E05013608,Brentford West,3,"Asian, Asian British or Asian Welsh: Indian",6,L10 and L11: Lower supervisory and technical occupations,5
E05013608,Brentford West,3,"Asian, Asian British or Asian Welsh: Indian",7,L12: Semi-routine occupations,15
E05013608,Brentford West,3,"Asian, Asian British or Asian Welsh: Indian",8,L13: Routine occupations,16
E05013608,Brentford West,3,"Asian, Asian British or Asian Welsh: Indian",9,L14.1: Never worked,28
E05013608,Brentford West,3,"Asian, Asian British or Asian Welsh: Indian",10,L14.2: Long-term unemployed,6
E05013608,Brentford West,3,"Asian, Asian British or Asian Welsh: Indian",11,L15: Full-time students,15
E05013608,Brentford West,4,"Asian, Asian British or Asian Welsh: Pakistani",-8,Does not apply,52
E05013608,Brentford West,4,"Asian, Asian British or Asian Welsh: Pakistani",1,L1 and L2: Large employers and higher managerial and administrative occupations,6
E05013608,Brentford West,4,"Asian, Asian British or Asian Welsh: Pakistani",2,L3: Higher professional occupations,27
E05013608,Brentford West,4,"Asian, Asian British or Asian Welsh: Pakistani",3,"L4, L5 and L6: Lower managerial, administrative and professional occupations",21
E05013608,Brentford West,4,"Asian, Asian British or Asian Welsh: Pakistani",4,L7: Intermediate occupations,13
E05013608,Brentford West,4,"Asian, Asian British or Asian Welsh: Pakistani",5,L8 and L9: Small employers and own account workers,12
E05013608,Brentford West,4,"Asian, Asian British or Asian Welsh: Pakistani",6,L10 and L11: Lower supervisory and technical occupations,4
E05013608,Brentford West,4,"Asian, Asian British or Asian Welsh: Pakistani",7,L12: Semi-routine occupations,13
E05013608,Brentford West,4,"Asian, Asian British or Asian Welsh: Pakistani",8,L13: Routine occupations,6
E05013608,Brentford West,4,"Asian, Asian British or Asian Welsh: Pakistani",9,L14.1: Never worked,19
E05013608,Brentford West,4,"Asian, Asian British or Asian Welsh: Pakistani",10,L14.2: Long-term unemployed,5
E05013608,Brentford West,4,"Asian, Asian British or Asian Welsh: Pakistani",11,L15: Full-time students,16
E05013608,Brentford West,5,"Asian, Asian British or Asian Welsh: Other Asian",-8,Does not apply,68
E05013608,Brentford West,5,"Asian, Asian British or Asian Welsh: Other Asian",1,L1 and L2: Large employers and higher managerial and administrative occupations,7
E05013608,Brentford West,5,"Asian, Asian British or Asian Welsh: Other Asian",2,L3: Higher professional occupations,31
E05013608,Brentford West,5,"Asian, Asian British or Asian Welsh: Other Asian",3,"L4, L5 and L6: Lower managerial, administrative and professional occupations",35
E05013608,Brentford West,5,"Asian, Asian British or Asian Welsh: Other Asian",4,L7: Intermediate occupations,18
E05013608,Brentford West,5,"Asian, Asian British or Asian Welsh: Other Asian",5,L8 and L9: Small employers and own account workers,32
E05013608,Brentford West,5,"Asian, Asian British or Asian Welsh: Other Asian",6,L10 and L11: Lower supervisory and technical occupations,8
E05013608,Brentford West,5,"Asian, Asian British or Asian Welsh: Other Asian",7,L12: Semi-routine occupations,23
E05013608,Brentford West,5,"Asian, Asian British or Asian Welsh: Other Asian",8,L13: Routine occupations,16
E05013608,Brentford West,5,"Asian, Asian British or Asian Welsh: Other Asian",9,L14.1: Never worked,49
E05013608,Brentford West,5,"Asian, Asian British or Asian Welsh: Other Asian",10,L14.2: Long-term unemployed,4
E05013608,Brentford West,5,"Asian, Asian British or Asian Welsh: Other Asian",11,L15: Full-time students,34
E05013608,Brentford West,6,"Black, Black British, Black Welsh, Caribbean or African: African",-8,Does not apply,127
E05013608,Brentford West,6,"Black, Black British, Black Welsh, Caribbean or African: African",1,L1 and L2: Large employers and higher managerial and administrative occupations,2
E05013608,Brentford West,6,"Black, Black British, Black Welsh, Caribbean or African: African",2,L3: Higher professional occupations,28
E05013608,Brentford West,6,"Black, Black British, Black Welsh, Caribbean or African: African",3,"L4, L5 and L6: Lower managerial, administrative and professional occupations",57
E05013608,Brentford West,6,"Black, Black British, Black Welsh, Caribbean or African: African",4,L7: Intermediate occupations,27
E05013608,Brentford West,6,"Black, Black British, Black Welsh, Caribbean or African: African",5,L8 and L9: Small employers and own account workers,33
E05013608,Brentford West,6,"Black, Black British, Black Welsh, Caribbean or African: African",6,L10 and L11: Lower supervisory and technical occupations,9
E05013608,Brentford West,6,"Black, Black British, Black Welsh, Caribbean or African: African",7,L12: Semi-routine occupations,26
E05013608,Brentford West,6,"Black, Black British, Black Welsh, Caribbean or African: African",8,L13: Routine occupations,28
E05013608,Brentford West,6,"Black, Black British, Black Welsh, Caribbean or African: African",9,L14.1: Never worked,50
E05013608,Brentford West,6,"Black, Black British, Black Welsh, Caribbean or African: African",10,L14.2: Long-term unemployed,7
E05013608,Brentford West,6,"Black, Black British, Black Welsh, Caribbean or African: African",11,L15: Full-time students,65
E05013608,Brentford West,7,"Black, Black British, Black Welsh, Caribbean or African: Caribbean",-8,Does not apply,21
E05013608,Brentford West,7,"Black, Black British, Black Welsh, Caribbean or African: Caribbean",1,L1 and L2: Large employers and higher managerial and administrative occupations,11
E05013608,Brentford West,7,"Black, Black British, Black Welsh, Caribbean or African: Caribbean",2,L3: Higher professional occupations,11
E05013608,Brentford West,7,"Black, Black British, Black Welsh, Caribbean or African: Caribbean",3,"L4, L5 and L6: Lower managerial, administrative and professional occupations",34
E05013608,Brentford West,7,"Black, Black British, Black Welsh, Caribbean or African: Caribbean",4,L7: Intermediate occupations,13
E05013608,Brentford West,7,"Black, Black British, Black Welsh, Caribbean or African: Caribbean",5,L8 and L9: Small employers and own account workers,9
E05013608,Brentford West,7,"Black, Black British, Black Welsh, Caribbean or African: Caribbean",6,L10 and L11: Lower supervisory and technical occupations,6
E05013608,Brentford West,7,"Black, Black British, Black Welsh, Caribbean or African: Caribbean",7,L12: Semi-routine occupations,22
E05013608,Brentford West,7,"Black, Black British, Black Welsh, Caribbean or African: Caribbean",8,L13: Routine occupations,19
E05013608,Brentford West,7,"Black, Black British, Black Welsh, Caribbean or African: Caribbean",9,L14.1: Never worked,12
E05013608,Brentford West,7,"Black, Black British, Black Welsh, Caribbean or African: Caribbean",10,L14.2: Long-term unemployed,1
E05013608,Brentford West,7,"Black, Black British, Black Welsh, Caribbean or African: Caribbean",11,L15: Full-time students,6
E05013608,Brentford West,8,"Black, Black British, Black Welsh, Caribbean or African: Other Black",-8,Does not apply,21
E05013608,Brentford West,8,"Black, Black British, Black Welsh, Caribbean or African: Other Black",1,L1 and L2: Large employers and higher managerial and administrative occupations,2
E05013608,Brentford West,8,"Black, Black British, Black Welsh, Caribbean or African: Other Black",2,L3: Higher professional occupations,0
E05013608,Brentford West,8,"Black, Black British, Black Welsh, Caribbean or African: Other Black",3,"L4, L5 and L6: Lower managerial, administrative and professional occupations",4
E05013608,Brentford West,8,"Black, Black British, Black Welsh, Caribbean or African: Other Black",4,L7: Intermediate occupations,4
E05013608,Brentford West,8,"Black, Black British, Black Welsh, Caribbean or African: Other Black",5,L8 and L9: Small employers and own account workers,3
E05013608,Brentford West,8,"Black, Black British, Black Welsh, Caribbean or African: Other Black",6,L10 and L11: Lower supervisory and technical occupations,1
E05013608,Brentford West,8,"Black, Black British, Black Welsh, Caribbean or African: Other Black",7,L12: Semi-routine occupations,3
E05013608,Brentford West,8,"Black, Black British, Black Welsh, Caribbean or African: Other Black",8,L13: Routine occupations,6
E05013608,Brentford West,8,"Black, Black British, Black Welsh, Caribbean or African: Other Black",9,L14.1: Never worked,0
E05013608,Brentford West,8,"Black, Black British, Black Welsh, Caribbean or African: Other Black",10,L14.2: Long-term unemployed,2
E05013608,Brentford West,8,"Black, Black British, Black Welsh, Caribbean or African: Other Black",11,L15: Full-time students,8
E05013608,Brentford West,9,Mixed or Multiple ethnic groups: White and Asian,-8,Does not apply,68
E05013608,Brentford West,9,Mixed or Multiple ethnic groups: White and Asian,1,L1 and L2: Large employers and higher managerial and administrative occupations,7
E05013608,Brentford West,9,Mixed or Multiple ethnic groups: White and Asian,2,L3: Higher professional occupations,10
E05013608,Brentford West,9,Mixed or Multiple ethnic groups: White and Asian,3,"L4, L5 and L6: Lower managerial, administrative and professional occupations",17
E05013608,Brentford West,9,Mixed or Multiple ethnic groups: White and Asian,4,L7: Intermediate occupations,6
E05013608,Brentford West,9,Mixed or Multiple ethnic groups: White and Asian,5,L8 and L9: Small employers and own account workers,6
E05013608,Brentford West,9,Mixed or Multiple ethnic groups: White and Asian,6,L10 and L11: Lower supervisory and technical occupations,3
E05013608,Brentford West,9,Mixed or Multiple ethnic groups: White and Asian,7,L12: Semi-routine occupations,8
E05013608,Brentford West,9,Mixed or Multiple ethnic groups: White and Asian,8,L13: Routine occupations,6
E05013608,Brentford West,9,Mixed or Multiple ethnic groups: White and Asian,9,L14.1: Never worked,2
E05013608,Brentford West,9,Mixed or Multiple ethnic groups: White and Asian,10,L14.2: Long-term unemployed,0
E05013608,Brentford West,9,Mixed or Multiple ethnic groups: White and Asian,11,L15: Full-time students,14
E05013608,Brentford West,10,Mixed or Multiple ethnic groups: White and Black African,-8,Does not apply,37
E05013608,Brentford West,10,Mixed or Multiple ethnic groups: White and Black African,1,L1 and L2: Large employers and higher managerial and administrative occupations,0
E05013608,Brentford West,10,Mixed or Multiple ethnic groups: White and Black African,2,L3: Higher professional occupations,3
E05013608,Brentford West,10,Mixed or Multiple ethnic groups: White and Black African,3,"L4, L5 and L6: Lower managerial, administrative and professional occupations",1
E05013608,Brentford West,10,Mixed or Multiple ethnic groups: White and Black African,4,L7: Intermediate occupations,3
E05013608,Brentford West,10,Mixed or Multiple ethnic groups: White and Black African,5,L8 and L9: Small employers and own account workers,3
E05013608,Brentford West,10,Mixed or Multiple ethnic groups: White and Black African,6,L10 and L11: Lower supervisory and technical occupations,3
E05013608,Brentford West,10,Mixed or Multiple ethnic groups: White and Black African,7,L12: Semi-routine occupations,7
E05013608,Brentford West,10,Mixed or Multiple ethnic groups: White and Black African,8,L13: Routine occupations,2
E05013608,Brentford West,10,Mixed or Multiple ethnic groups: White and Black African,9,L14.1: Never worked,4
E05013608,Brentford West,10,Mixed or Multiple ethnic groups: White and Black African,10,L14.2: Long-term unemployed,0
E05013608,Brentford West,10,Mixed or Multiple ethnic groups: White and Black African,11,L15: Full-time students,9
E05013608,Brentford West,11,Mixed or Multiple ethnic groups: White and Black Caribbean,-8,Does not apply,43
E05013608,Brentford West,11,Mixed or Multiple ethnic groups: White and Black Caribbean,1,L1 and L2: Large employers and higher managerial and administrative occupations,0
E05013608,Brentford West,11,Mixed or Multiple ethnic groups: White and Black Caribbean,2,L3: Higher professional occupations,6
E05013608,Brentford West,11,Mixed or Multiple ethnic groups: White and Black Caribbean,3,"L4, L5 and L6: Lower managerial, administrative and professional occupations",9
E05013608,Brentford West,11,Mixed or Multiple ethnic groups: White and Black Caribbean,4,L7: Intermediate occupations,8
E05013608,Brentford West,11,Mixed or Multiple ethnic groups: White and Black Caribbean,5,L8 and L9: Small employers and own account workers,3
E05013608,Brentford West,11,Mixed or Multiple ethnic groups: White and Black Caribbean,6,L10 and L11: Lower supervisory and technical occupations,2
E05013608,Brentford West,11,Mixed or Multiple ethnic groups: White and Black Caribbean,7,L12: Semi-routine occupations,9
E05013608,Brentford West,11,Mixed or Multiple ethnic groups: White and Black Caribbean,8,L13: Routine occupations,6
E05013608,Brentford West,11,Mixed or Multiple ethnic groups: White and Black Caribbean,9,L14.1: Never worked,4
E05013608,Brentford West,11,Mixed or Multiple ethnic groups: White and Black Caribbean,10,L14.2: Long-term unemployed,1
E05013608,Brentford West,11,Mixed or Multiple ethnic groups: White and Black Caribbean,11,L15: Full-time students,11
E05013608,Brentford West,12,Mixed or Multiple ethnic groups: Other Mixed or Multiple ethnic groups,-8,Does not apply,70
E05013608,Brentford West,12,Mixed or Multiple ethnic groups: Other Mixed or Multiple ethnic groups,1,L1 and L2: Large employers and higher managerial and administrative occupations,5
E05013608,Brentford West,12,Mixed or Multiple ethnic groups: Other Mixed or Multiple ethnic groups,2,L3: Higher professional occupations,13
E05013608,Brentford West,12,Mixed or Multiple ethnic groups: Other Mixed or Multiple ethnic groups,3,"L4, L5 and L6: Lower managerial, administrative and professional occupations",26
E05013608,Brentford West,12,Mixed or Multiple ethnic groups: Other Mixed or Multiple ethnic groups,4,L7: Intermediate occupations,11
E05013608,Brentford West,12,Mixed or Multiple ethnic groups: Other Mixed or Multiple ethnic groups,5,L8 and L9: Small employers and own account workers,6
E05013608,Brentford West,12,Mixed or Multiple ethnic groups: Other Mixed or Multiple ethnic groups,6,L10 and L11: Lower supervisory and technical occupations,3
E05013608,Brentford West,12,Mixed or Multiple ethnic groups: Other Mixed or Multiple ethnic groups,7,L12: Semi-routine occupations,3
E05013608,Brentford West,12,Mixed or Multiple ethnic groups: Other Mixed or Multiple ethnic groups,8,L13: Routine occupations,5
E05013608,Brentford West,12,Mixed or Multiple ethnic groups: Other Mixed or Multiple ethnic groups,9,L14.1: Never worked,9
E05013608,Brentford West,12,Mixed or Multiple ethnic groups: Other Mixed or Multiple ethnic groups,10,L14.2: Long-term unemployed,4
E05013608,Brentford West,12,Mixed or Multiple ethnic groups: Other Mixed or Multiple ethnic groups,11,L15: Full-time students,19
E05013608,Brentford West,13,"White: English, Welsh, Scottish, Northern Irish or British",-8,Does not apply,590
E05013608,Brentford West,13,"White: English, Welsh, Scottish, Northern Irish or British",1,L1 and L2: Large employers and higher managerial and administrative occupations,181
E05013608,Brentford West,13,"White: English, Welsh, Scottish, Northern Irish or British",2,L3: Higher professional occupations,385
E05013608,Brentford West,13,"White: English, Welsh, Scottish, Northern Irish or British",3,"L4, L5 and L6: Lower managerial, administrative and professional occupations",858
E05013608,Brentford West,13,"White: English, Welsh, Scottish, Northern Irish or British",4,L7: Intermediate occupations,323
E05013608,Brentford West,13,"White: English, Welsh, Scottish, Northern Irish or British",5,L8 and L9: Small employers and own account workers,320
E05013608,Brentford West,13,"White: English, Welsh, Scottish, Northern Irish or British",6,L10 and L11: Lower supervisory and technical occupations,125
E05013608,Brentford West,13,"White: English, Welsh, Scottish, Northern Irish or British",7,L12: Semi-routine occupations,172
E05013608,Brentford West,13,"White: English, Welsh, Scottish, Northern Irish or British",8,L13: Routine occupations,202
E05013608,Brentford West,13,"White: English, Welsh, Scottish, Northern Irish or British",9,L14.1: Never worked,127
E05013608,Brentford West,13,"White: English, Welsh, Scottish, Northern Irish or British",10,L14.2: Long-term unemployed,34
E05013608,Brentford West,13,"White: English, Welsh, Scottish, Northern Irish or British",11,L15: Full-time students,144
E05013608,Brentford West,14,White: Irish,-8,Does not apply,20
E05013608,Brentford West,14,White: Irish,1,L1 and L2: Large employers and higher managerial and administrative occupations,18
E05013608,Brentford West,14,White: Irish,2,L3: Higher professional occupations,31
E05013608,Brentford West,14,White: Irish,3,"L4, L5 and L6: Lower managerial, administrative and professional occupations",78
E05013608,Brentford West,14,White: Irish,4,L7: Intermediate occupations,32
E05013608,Brentford West,14,White: Irish,5,L8 and L9: Small employers and own account workers,37
E05013608,Brentford West,14,White: Irish,6,L10 and L11: Lower supervisory and technical occupations,14
E05013608,Brentford West,14,White: Irish,7,L12: Semi-routine occupations,11
E05013608,Brentford West,14,White: Irish,8,L13: Routine occupations,26
E05013608,Brentford West,14,White: Irish,9,L14.1: Never worked,13
E05013608,Brentford West,14,White: Irish,10,L14.2: Long-term unemployed,3
E05013608,Brentford West,14,White: Irish,11,L15: Full-time students,7
E05013608,Brentford West,15,White: Gypsy or Irish Traveller,-8,Does not apply,0
E05013608,Brentford West,15,White: Gypsy or Irish Traveller,1,L1 and L2: Large employers and higher managerial and administrative occupations,0
E05013608,Brentford West,15,White: Gypsy or Irish Traveller,2,L3: Higher professional occupations,0
E05013608,Brentford West,15,White: Gypsy or Irish Traveller,3,"L4, L5 and L6: Lower managerial, administrative and professional occupations",0
E05013608,Brentford West,15,White: Gypsy or Irish Traveller,4,L7: Intermediate occupations,0
E05013608,Brentford West,15,White: Gypsy or Irish Traveller,5,L8 and L9: Small employers and own account workers,0
E05013608,Brentford West,15,White: Gypsy or Irish Traveller,6,L10 and L11: Lower supervisory and technical occupations,0
E05013608,Brentford West,15,White: Gypsy or Irish Traveller,7,L12: Semi-routine occupations,0
E05013608,Brentford West,15,White: Gypsy or Irish Traveller,8,L13: Routine occupations,0
E05013608,Brentford West,15,White: Gypsy or Irish Traveller,9,L14.1: Never worked,3
E05013608,Brentford West,15,White: Gypsy or Irish Traveller,10,L14.2: Long-term unemployed,0
E05013608,Brentford West,15,White: Gypsy or Irish Traveller,11,L15: Full-time students,0
E05013608,Brentford West,16,White: Roma,-8,Does not apply,5
E05013608,Brentford West,16,White: Roma,1,L1 and L2: Large employers and higher managerial and administrative occupations,2
E05013608,Brentford West,16,White: Roma,2,L3: Higher professional occupations,2
E05013608,Brentford West,16,White: Roma,3,"L4, L5 and L6: Lower managerial, administrative and professional occupations",7
E05013608,Brentford West,16,White: Roma,4,L7: Intermediate occupations,0
E05013608,Brentford West,16,White: Roma,5,L8 and L9: Small employers and own account workers,9
E05013608,Brentford West,16,White: Roma,6,L10 and L11: Lower supervisory and technical occupations,4
E05013608,Brentford West,16,White: Roma,7,L12: Semi-routine occupations,4
E05013608,Brentford West,16,White: Roma,8,L13: Routine occupations,2
E05013608,Brentford West,16,White: Roma,9,L14.1: Never worked,0
E05013608,Brentford West,16,White: Roma,10,L14.2: Long-term unemployed,0
E05013608,Brentford West,16,White: Roma,11,L15: Full-time students,4
E05013608,Brentford West,17,White: Other White,-8,Does not apply,205
E05013608,Brentford West,17,White: Other White,1,L1 and L2: Large employers and higher managerial and administrative occupations,59
E05013608,Brentford West,17,White: Other White,2,L3: Higher professional occupations,185
E05013608,Brentford West,17,White: Other White,3,"L4, L5 and L6: Lower managerial, administrative and professional occupations",263
E05013608,Brentford West,17,White: Other White,4,L7: Intermediate occupations,95
E05013608,Brentford West,17,White: Other White,5,L8 and L9: Small employers and own account workers,270
E05013608,Brentford West,17,White: Other White,6,L10 and L11: Lower supervisory and technical occupations,53
E05013608,Brentford West,17,White: Other White,7,L12: Semi-routine occupations,109
E05013608,Brentford West,17,White: Other White,8,L13: Routine occupations,123
E05013608,Brentford West,17,White: Other White,9,L14.1: Never worked,32
E05013608,Brentford West,17,White: Other White,10,L14.2: Long-term unemployed,21
E05013608,Brentford West,17,White: Other White,11,L15: Full-time students,91
E05013608,Brentford West,18,Other ethnic group: Arab,-8,Does not apply,50
E05013608,Brentford West,18,Other ethnic group: Arab,1,L1 and L2: Large employers and higher managerial and administrative occupations,8
E05013608,Brentford West,18,Other ethnic group: Arab,2,L3: Higher professional occupations,10
E05013608,Brentford West,18,Other ethnic group: Arab,3,"L4, L5 and L6: Lower managerial, administrative and professional occupations",13
E05013608,Brentford West,18,Other ethnic group: Arab,4,L7: Intermediate occupations,11
E05013608,Brentford West,18,Other ethnic group: Arab,5,L8 and L9: Small employers and own account workers,17
E05013608,Brentford West,18,Other ethnic group: Arab,6,L10 and L11: Lower supervisory and technical occupations,7
E05013608,Brentford West,18,Other ethnic group: Arab,7,L12: Semi-routine occupations,6
E05013608,Brentford West,18,Other ethnic group: Arab,8,L13: Routine occupations,8
E05013608,Brentford West,18,Other ethnic group: Arab,9,L14.1: Never worked,26
E05013608,Brentford West,18,Other ethnic group: Arab,10,L14.2: Long-term unemployed,3
E05013608,Brentford West,18,Other ethnic group: Arab,11,L15: Full-time students,14
E05013608,Brentford West,19,Other ethnic group: Any other ethnic group,-8,Does not apply,56
E05013608,Brentford West,19,Other ethnic group: Any other ethnic group,1,L1 and L2: Large employers and higher managerial and administrative occupations,8
E05013608,Brentford West,19,Other ethnic group: Any other ethnic group,2,L3: Higher professional occupations,23
E05013608,Brentford West,19,Other ethnic group: Any other ethnic group,3,"L4, L5 and L6: Lower managerial, administrative and professional occupations",32
E05013608,Brentford West,19,Other ethnic group: Any other ethnic group,4,L7: Intermediate occupations,21
E05013608,Brentford West,19,Other ethnic group: Any other ethnic group,5,L8 and L9: Small employers and own account workers,35
E05013608,Brentford West,19,Other ethnic group: Any other ethnic group,6,L10 and L11: Lower supervisory and technical occupations,9
E05013608,Brentford West,19,Other ethnic group: Any other ethnic group,7,L12: Semi-routine occupations,20
E05013608,Brentford West,19,Other ethnic group: Any other ethnic group,8,L13: Routine occupations,18
E05013608,Brentford West,19,Other ethnic group: Any other ethnic group,9,L14.1: Never worked,34
E05013608,Brentford West,19,Other ethnic group: Any other ethnic group,10,L14.2: Long-term unemployed,2
E05013608,Brentford West,19,Other ethnic group: Any other ethnic group,11,L15: Full-time students,17
E05013609,Chiswick Gunnersbury,-8,Does not apply,-8,Does not apply,0
E05013609,Chiswick Gunnersbury,-8,Does not apply,1,L1 and L2: Large employers and higher managerial and administrative occupations,0
E05013609,Chiswick Gunnersbury,-8,Does not apply,2,L3: Higher professional occupations,0
E05013609,Chiswick Gunnersbury,-8,Does not apply,3,"L4, L5 and L6: Lower managerial, administrative and professional occupations",0
E05013609,Chiswick Gunnersbury,-8,Does not apply,4,L7: Intermediate occupations,0
E05013609,Chiswick Gunnersbury,-8,Does not apply,5,L8 and L9: Small employers and own account workers,0
E05013609,Chiswick Gunnersbury,-8,Does not apply,6,L10 and L11: Lower supervisory and technical occupations,0
E05013609,Chiswick Gunnersbury,-8,Does not apply,7,L12: Semi-routine occupations,0
E05013609,Chiswick Gunnersbury,-8,Does not apply,8,L13: Routine occupations,0
E05013609,Chiswick Gunnersbury,-8,Does not apply,9,L14.1: Never worked,0
E05013609,Chiswick Gunnersbury,-8,Does not apply,10,L14.2: Long-term unemployed,0
E05013609,Chiswick Gunnersbury,-8,Does not apply,11,L15: Full-time students,0
E05013609,Chiswick Gunnersbury,1,"Asian, Asian British or Asian Welsh: Bangladeshi",-8,Does not apply,6
E05013609,Chiswick Gunnersbury,1,"Asian, Asian British or Asian Welsh: Bangladeshi",1,L1 and L2: Large employers and higher managerial and administrative occupations,6
E05013609,Chiswick Gunnersbury,1,"Asian, Asian British or Asian Welsh: Bangladeshi",2,L3: Higher professional occupations,5
E05013609,Chiswick Gunnersbury,1,"Asian, Asian British or Asian Welsh: Bangladeshi",3,"L4, L5 and L6: Lower managerial, administrative and professional occupations",9
E05013609,Chiswick Gunnersbury,1,"Asian, Asian British or Asian Welsh: Bangladeshi",4,L7: Intermediate occupations,5
E05013609,Chiswick Gunnersbury,1,"Asian, Asian British or Asian Welsh: Bangladeshi",5,L8 and L9: Small employers and own account workers,1
E05013609,Chiswick Gunnersbury,1,"Asian, Asian British or Asian Welsh: Bangladeshi",6,L10 and L11: Lower supervisory and technical occupations,1
E05013609,Chiswick Gunnersbury,1,"Asian, Asian British or Asian Welsh: Bangladeshi",7,L12: Semi-routine occupations,3
E05013609,Chiswick Gunnersbury,1,"Asian, Asian British or Asian Welsh: Bangladeshi",8,L13: Routine occupations,3
E05013609,Chiswick Gunnersbury,1,"Asian, Asian British or Asian Welsh: Bangladeshi",9,L14.1: Never worked,8
E05013609,Chiswick Gunnersbury,1,"Asian, Asian British or Asian Welsh: Bangladeshi",10,L14.2: Long-term unemployed,2
E05013609,Chiswick Gunnersbury,1,"Asian, Asian British or Asian Welsh: Bangladeshi",11,L15: Full-time students,5
E05013609,Chiswick Gunnersbury,2,"Asian, Asian British or Asian Welsh: Chinese",-8,Does not apply,49
E05013609,Chiswick Gunnersbury,2,"Asian, Asian British or Asian Welsh: Chinese",1,L1 and L2: Large employers and higher managerial and administrative occupations,24
E05013609,Chiswick Gunnersbury,2,"Asian, Asian British or Asian Welsh: Chinese",2,L3: Higher professional occupations,48
E05013609,Chiswick Gunnersbury,2,"Asian, Asian British or Asian Welsh: Chinese",3,"L4, L5 and L6: Lower managerial, administrative and professional occupations",61
E05013609,Chiswick Gunnersbury,2,"Asian, Asian British or Asian Welsh: Chinese",4,L7: Intermediate occupations,18
E05013609,Chiswick Gunnersbury,2,"Asian, Asian British or Asian Welsh: Chinese",5,L8 and L9: Small employers and own account workers,30
E05013609,Chiswick Gunnersbury,2,"Asian, Asian British or Asian Welsh: Chinese",6,L10 and L11: Lower supervisory and technical occupations,6
E05013609,Chiswick Gunnersbury,2,"Asian, Asian British or Asian Welsh: Chinese",7,L12: Semi-routine occupations,12
E05013609,Chiswick Gunnersbury,2,"Asian, Asian British or Asian Welsh: Chinese",8,L13: Routine occupations,13
E05013609,Chiswick Gunnersbury,2,"Asian, Asian British or Asian Welsh: Chinese",9,L14.1: Never worked,20
E05013609,Chiswick Gunnersbury,2,"Asian, Asian British or Asian Welsh: Chinese",10,L14.2: Long-term unemployed,1
E05013609,Chiswick Gunnersbury,2,"Asian, Asian British or Asian Welsh: Chinese",11,L15: Full-time students,10
E05013609,Chiswick Gunnersbury,3,"Asian, Asian British or Asian Welsh: Indian",-8,Does not apply,86
E05013609,Chiswick Gunnersbury,3,"Asian, Asian British or Asian Welsh: Indian",1,L1 and L2: Large employers and higher managerial and administrative occupations,56
E05013609,Chiswick Gunnersbury,3,"Asian, Asian British or Asian Welsh: Indian",2,L3: Higher professional occupations,108
E05013609,Chiswick Gunnersbury,3,"Asian, Asian British or Asian Welsh: Indian",3,"L4, L5 and L6: Lower managerial, administrative and professional occupations",100
E05013609,Chiswick Gunnersbury,3,"Asian, Asian British or Asian Welsh: Indian",4,L7: Intermediate occupations,43
E05013609,Chiswick Gunnersbury,3,"Asian, Asian British or Asian Welsh: Indian",5,L8 and L9: Small employers and own account workers,60
E05013609,Chiswick Gunnersbury,3,"Asian, Asian British or Asian Welsh: Indian",6,L10 and L11: Lower supervisory and technical occupations,9
E05013609,Chiswick Gunnersbury,3,"Asian, Asian British or Asian Welsh: Indian",7,L12: Semi-routine occupations,20
E05013609,Chiswick Gunnersbury,3,"Asian, Asian British or Asian Welsh: Indian",8,L13: Routine occupations,15
E05013609,Chiswick Gunnersbury,3,"Asian, Asian British or Asian Welsh: Indian",9,L14.1: Never worked,23
E05013609,Chiswick Gunnersbury,3,"Asian, Asian British or Asian Welsh: Indian",10,L14.2: Long-term unemployed,5
E05013609,Chiswick Gunnersbury,3,"Asian, Asian British or Asian Welsh: Indian",11,L15: Full-time students,32
E05013609,Chiswick Gunnersbury,4,"Asian, Asian British or Asian Welsh: Pakistani",-8,Does not apply,38
E05013609,Chiswick Gunnersbury,4,"Asian, Asian British or Asian Welsh: Pakistani",1,L1 and L2: Large employers and higher managerial and administrative occupations,12
E05013609,Chiswick Gunnersbury,4,"Asian, Asian British or Asian Welsh: Pakistani",2,L3: Higher professional occupations,22
E05013609,Chiswick Gunnersbury,4,"Asian, Asian British or Asian Welsh: Pakistani",3,"L4, L5 and L6: Lower managerial, administrative and professional occupations",37
E05013609,Chiswick Gunnersbury,4,"Asian, Asian British or Asian Welsh: Pakistani",4,L7: Intermediate occupations,9
E05013609,Chiswick Gunnersbury,4,"Asian, Asian British or Asian Welsh: Pakistani",5,L8 and L9: Small employers and own account workers,21
E05013609,Chiswick Gunnersbury,4,"Asian, Asian British or Asian Welsh: Pakistani",6,L10 and L11: Lower supervisory and technical occupations,2
E05013609,Chiswick Gunnersbury,4,"Asian, Asian British or Asian Welsh: Pakistani",7,L12: Semi-routine occupations,6
E05013609,Chiswick Gunnersbury,4,"Asian, Asian British or Asian Welsh: Pakistani",8,L13: Routine occupations,8
E05013609,Chiswick Gunnersbury,4,"Asian, Asian British or Asian Welsh: Pakistani",9,L14.1: Never worked,24
E05013609,Chiswick Gunnersbury,4,"Asian, Asian British or Asian Welsh: Pakistani",10,L14.2: Long-term unemployed,2
E05013609,Chiswick Gunnersbury,4,"Asian, Asian British or Asian Welsh: Pakistani",11,L15: Full-time students,12
E05013609,Chiswick Gunnersbury,5,"Asian, Asian British or Asian Welsh: Other Asian",-8,Does not apply,125
E05013609,Chiswick Gunnersbury,5,"Asian, Asian British or Asian Welsh: Other Asian",1,L1 and L2: Large employers and higher managerial and administrative occupations,42
E05013609,Chiswick Gunnersbury,5,"Asian, Asian British or Asian Welsh: Other Asian",2,L3: Higher professional occupations,57
E05013609,Chiswick Gunnersbury,5,"Asian, Asian British or Asian Welsh: Other Asian",3,"L4, L5 and L6: Lower managerial, administrative and professional occupations",103
E05013609,Chiswick Gunnersbury,5,"Asian, Asian British or Asian Welsh: Other Asian",4,L7: Intermediate occupations,29
E05013609,Chiswick Gunnersbury,5,"Asian, Asian British or Asian Welsh: Other Asian",5,L8 and L9: Small employers and own account workers,43
E05013609,Chiswick Gunnersbury,5,"Asian, Asian British or Asian Welsh: Other Asian",6,L10 and L11: Lower supervisory and technical occupations,11
E05013609,Chiswick Gunnersbury,5,"Asian, Asian British or Asian Welsh: Other Asian",7,L12: Semi-routine occupations,27
E05013609,Chiswick Gunnersbury,5,"Asian, Asian British or Asian Welsh: Other Asian",8,L13: Routine occupations,36
E05013609,Chiswick Gunnersbury,5,"Asian, Asian British or Asian Welsh: Other Asian",9,L14.1: Never worked,60
E05013609,Chiswick Gunnersbury,5,"Asian, Asian British or Asian Welsh: Other Asian",10,L14.2: Long-term unemployed,6
E05013609,Chiswick Gunnersbury,5,"Asian, Asian British or Asian Welsh: Other Asian",11,L15: Full-time students,29
E05013609,Chiswick Gunnersbury,6,"Black, Black British, Black Welsh, Caribbean or African: African",-8,Does not apply,69
E05013609,Chiswick Gunnersbury,6,"Black, Black British, Black Welsh, Caribbean or African: African",1,L1 and L2: Large employers and higher managerial and administrative occupations,14
E05013609,Chiswick Gunnersbury,6,"Black, Black British, Black Welsh, Caribbean or African: African",2,L3: Higher professional occupations,31
E05013609,Chiswick Gunnersbury,6,"Black, Black British, Black Welsh, Caribbean or African: African",3,"L4, L5 and L6: Lower managerial, administrative and professional occupations",46
E05013609,Chiswick Gunnersbury,6,"Black, Black British, Black Welsh, Caribbean or African: African",4,L7: Intermediate occupations,19
E05013609,Chiswick Gunnersbury,6,"Black, Black British, Black Welsh, Caribbean or African: African",5,L8 and L9: Small employers and own account workers,18
E05013609,Chiswick Gunnersbury,6,"Black, Black British, Black Welsh, Caribbean or African: African",6,L10 and L11: Lower supervisory and technical occupations,6
E05013609,Chiswick Gunnersbury,6,"Black, Black British, Black Welsh, Caribbean or African: African",7,L12: Semi-routine occupations,32
E05013609,Chiswick Gunnersbury,6,"Black, Black British, Black Welsh, Caribbean or African: African",8,L13: Routine occupations,23
E05013609,Chiswick Gunnersbury,6,"Black, Black British, Black Welsh, Caribbean or African: African",9,L14.1: Never worked,31
E05013609,Chiswick Gunnersbury,6,"Black, Black British, Black Welsh, Caribbean or African: African",10,L14.2: Long-term unemployed,1
E05013609,Chiswick Gunnersbury,6,"Black, Black British, Black Welsh, Caribbean or African: African",11,L15: Full-time students,44
E05013609,Chiswick Gunnersbury,7,"Black, Black British, Black Welsh, Caribbean or African: Caribbean",-8,Does not apply,7
E05013609,Chiswick Gunnersbury,7,"Black, Black British, Black Welsh, Caribbean or African: Caribbean",1,L1 and L2: Large employers and higher managerial and administrative occupations,4
E05013609,Chiswick Gunnersbury,7,"Black, Black British, Black Welsh, Caribbean or African: Caribbean",2,L3: Higher professional occupations,5
E05013609,Chiswick Gunnersbury,7,"Black, Black British, Black Welsh, Caribbean or African: Caribbean",3,"L4, L5 and L6: Lower managerial, administrative and professional occupations",24
E05013609,Chiswick Gunnersbury,7,"Black, Black British, Black Welsh, Caribbean or African: Caribbean",4,L7: Intermediate occupations,20
E05013609,Chiswick Gunnersbury,7,"Black, Black British, Black Welsh, Caribbean or African: Caribbean",5,L8 and L9: Small employers and own account workers,8
E05013609,Chiswick Gunnersbury,7,"Black, Black British, Black Welsh, Caribbean or African: Caribbean",6,L10 and L11: Lower supervisory and technical occupations,1
E05013609,Chiswick Gunnersbury,7,"Black, Black British, Black Welsh, Caribbean or African: Caribbean",7,L12: Semi-routine occupations,13
E05013609,Chiswick Gunnersbury,7,"Black, Black British, Black Welsh, Caribbean or African: Caribbean",8,L13: Routine occupations,20
E05013609,Chiswick Gunnersbury,7,"Black, Black British, Black Welsh, Caribbean or African: Caribbean",9,L14.1: Never worked,7
E05013609,Chiswick Gunnersbury,7,"Black, Black British, Black Welsh, Caribbean or African: Caribbean",10,L14.2: Long-term unemployed,4
E05013609,Chiswick Gunnersbury,7,"Black, Black British, Black Welsh, Caribbean or African: Caribbean",11,L15: Full-time students,8
E05013609,Chiswick Gunnersbury,8,"Black, Black British, Black Welsh, Caribbean or African: Other Black",-8,Does not apply,19
E05013609,Chiswick Gunnersbury,8,"Black, Black British, Black Welsh, Caribbean or African: Other Black",1,L1 and L2: Large employers and higher managerial and administrative occupations,4
E05013609,Chiswick Gunnersbury,8,"Black, Black British, Black Welsh, Caribbean or African: Other Black",2,L3: Higher professional occupations,5
E05013609,Chiswick Gunnersbury,8,"Black, Black British, Black Welsh, Caribbean or African: Other Black",3,"L4, L5 and L6: Lower managerial, administrative and professional occupations",7
E05013609,Chiswick Gunnersbury,8,"Black, Black British, Black Welsh, Caribbean or African: Other Black",4,L7: Intermediate occupations,4
E05013609,Chiswick Gunnersbury,8,"Black, Black British, Black Welsh, Caribbean or African: Other Black",5,L8 and L9: Small employers and own account workers,3
E05013609,Chiswick Gunnersbury,8,"Black, Black British, Black Welsh, Caribbean or African: Other Black",6,L10 and L11: Lower supervisory and technical occupations,1
E05013609,Chiswick Gunnersbury,8,"Black, Black British, Black Welsh, Caribbean or African: Other Black",7,L12: Semi-routine occupations,3
E05013609,Chiswick Gunnersbury,8,"Black, Black British, Black Welsh, Caribbean or African: Other Black",8,L13: Routine occupations,7
E05013609,Chiswick Gunnersbury,8,"Black, Black British, Black Welsh, Caribbean or African: Other Black",9,L14.1: Never worked,1
E05013609,Chiswick Gunnersbury,8,"Black, Black British, Black Welsh, Caribbean or African: Other Black",10,L14.2: Long-term unemployed,3
E05013609,Chiswick Gunnersbury,8,"Black, Black British, Black Welsh, Caribbean or African: Other Black",11,L15: Full-time students,9
E05013609,Chiswick Gunnersbury,9,Mixed or Multiple ethnic groups: White and Asian,-8,Does not apply,129
E05013609,Chiswick Gunnersbury,9,Mixed or Multiple ethnic groups: White and Asian,1,L1 and L2: Large employers and higher managerial and administrative occupations,11
E05013609,Chiswick Gunnersbury,9,Mixed or Multiple ethnic groups: White and Asian,2,L3: Higher professional occupations,28
E05013609,Chiswick Gunnersbury,9,Mixed or Multiple ethnic groups: White and Asian,3,"L4, L5 and L6: Lower managerial, administrative and professional occupations",31
E05013609,Chiswick Gunnersbury,9,Mixed or Multiple ethnic groups: White and Asian,4,L7: Intermediate occupations,22
E05013609,Chiswick Gunnersbury,9,Mixed or Multiple ethnic groups: White and Asian,5,L8 and L9: Small employers and own account workers,13
E05013609,Chiswick Gunnersbury,9,Mixed or Multiple ethnic groups: White and Asian,6,L10 and L11: Lower supervisory and technical occupations,1
E05013609,Chiswick Gunnersbury,9,Mixed or Multiple ethnic groups: White and Asian,7,L12: Semi-routine occupations,4
E05013609,Chiswick Gunnersbury,9,Mixed or Multiple ethnic groups: White and Asian,8,L13: Routine occupations,6
E05013609,Chiswick Gunnersbury,9,Mixed or Multiple ethnic groups: White and Asian,9,L14.1: Never worked,1
E05013609,Chiswick Gunnersbury,9,Mixed or Multiple ethnic groups: White and Asian,10,L14.2: Long-term unemployed,4
E05013609,Chiswick Gunnersbury,9,Mixed or Multiple ethnic groups: White and Asian,11,L15: Full-time students,24
E05013609,Chiswick Gunnersbury,10,Mixed or Multiple ethnic groups: White and Black African,-8,Does not apply,37
E05013609,Chiswick Gunnersbury,10,Mixed or Multiple ethnic groups: White and Black African,1,L1 and L2: Large employers and higher managerial and administrative occupations,3
E05013609,Chiswick Gunnersbury,10,Mixed or Multiple ethnic groups: White and Black African,2,L3: Higher professional occupations,4
E05013609,Chiswick Gunnersbury,10,Mixed or Multiple ethnic groups: White and Black African,3,"L4, L5 and L6: Lower managerial, administrative and professional occupations",16
E05013609,Chiswick Gunnersbury,10,Mixed or Multiple ethnic groups: White and Black African,4,L7: Intermediate occupations,6
E05013609,Chiswick Gunnersbury,10,Mixed or Multiple ethnic groups: White and Black African,5,L8 and L9: Small employers and own account workers,13
E05013609,Chiswick Gunnersbury,10,Mixed or Multiple ethnic groups: White and Black African,6,L10 and L11: Lower supervisory and technical occupations,4
E05013609,Chiswick Gunnersbury,10,Mixed or Multiple ethnic groups: White and Black African,7,L12: Semi-routine occupations,4
E05013609,Chiswick Gunnersbury,10,Mixed or Multiple ethnic groups: White and Black African,8,L13: Routine occupations,3
E05013609,Chiswick Gunnersbury,10,Mixed or Multiple ethnic groups: White and Black African,9,L14.1: Never worked,9
E05013609,Chiswick Gunnersbury,10,Mixed or Multiple ethnic groups: White and Black African,10,L14.2: Long-term unemployed,0
E05013609,Chiswick Gunnersbury,10,Mixed or Multiple ethnic groups: White and Black African,11,L15: Full-time students,11
E05013609,Chiswick Gunnersbury,11,Mixed or Multiple ethnic groups: White and Black Caribbean,-8,Does not apply,57
E05013609,Chiswick Gunnersbury,11,Mixed or Multiple ethnic groups: White and Black Caribbean,1,L1 and L2: Large employers and higher managerial and administrative occupations,2
E05013609,Chiswick Gunnersbury,11,Mixed or Multiple ethnic groups: White and Black Caribbean,2,L3: Higher professional occupations,5
E05013609,Chiswick Gunnersbury,11,Mixed or Multiple ethnic groups: White and Black Caribbean,3,"L4, L5 and L6: Lower managerial, administrative and professional occupations",19
E05013609,Chiswick Gunnersbury,11,Mixed or Multiple ethnic groups: White and Black Caribbean,4,L7: Intermediate occupations,9
E05013609,Chiswick Gunnersbury,11,Mixed or Multiple ethnic groups: White and Black Caribbean,5,L8 and L9: Small employers and own account workers,10
E05013609,Chiswick Gunnersbury,11,Mixed or Multiple ethnic groups: White and Black Caribbean,6,L10 and L11: Lower supervisory and technical occupations,2
E05013609,Chiswick Gunnersbury,11,Mixed or Multiple ethnic groups: White and Black Caribbean,7,L12: Semi-routine occupations,7
E05013609,Chiswick Gunnersbury,11,Mixed or Multiple ethnic groups: White and Black Caribbean,8,L13: Routine occupations,7
E05013609,Chiswick Gunnersbury,11,Mixed or Multiple ethnic groups: White and Black Caribbean,9,L14.1: Never worked,12
E05013609,Chiswick Gunnersbury,11,Mixed or Multiple ethnic groups: White and Black Caribbean,10,L14.2: Long-term unemployed,3
E05013609,Chiswick Gunnersbury,11,Mixed or Multiple ethnic groups: White and Black Caribbean,11,L15: Full-time students,17
E05013609,Chiswick Gunnersbury,12,Mixed or Multiple ethnic groups: Other Mixed or Multiple ethnic groups,-8,Does not apply,111
E05013609,Chiswick Gunnersbury,12,Mixed or Multiple ethnic groups: Other Mixed or Multiple ethnic groups,1,L1 and L2: Large employers and higher managerial and administrative occupations,16
E05013609,Chiswick Gunnersbury,12,Mixed or Multiple ethnic groups: Other Mixed or Multiple ethnic groups,2,L3: Higher professional occupations,30
E05013609,Chiswick Gunnersbury,12,Mixed or Multiple ethnic groups: Other Mixed or Multiple ethnic groups,3,"L4, L5 and L6: Lower managerial, administrative and professional occupations",55
E05013609,Chiswick Gunnersbury,12,Mixed or Multiple ethnic groups: Other Mixed or Multiple ethnic groups,4,L7: Intermediate occupations,28
E05013609,Chiswick Gunnersbury,12,Mixed or Multiple ethnic groups: Other Mixed or Multiple ethnic groups,5,L8 and L9: Small employers and own account workers,20
E05013609,Chiswick Gunnersbury,12,Mixed or Multiple ethnic groups: Other Mixed or Multiple ethnic groups,6,L10 and L11: Lower supervisory and technical occupations,4
E05013609,Chiswick Gunnersbury,12,Mixed or Multiple ethnic groups: Other Mixed or Multiple ethnic groups,7,L12: Semi-routine occupations,12
E05013609,Chiswick Gunnersbury,12,Mixed or Multiple ethnic groups: Other Mixed or Multiple ethnic groups,8,L13: Routine occupations,18
E05013609,Chiswick Gunnersbury,12,Mixed or Multiple ethnic groups: Other Mixed or Multiple ethnic groups,9,L14.1: Never worked,8
E05013609,Chiswick Gunnersbury,12,Mixed or Multiple ethnic groups: Other Mixed or Multiple ethnic groups,10,L14.2: Long-term unemployed,2
E05013609,Chiswick Gunnersbury,12,Mixed or Multiple ethnic groups: Other Mixed or Multiple ethnic groups,11,L15: Full-time students,43
E05013609,Chiswick Gunnersbury,13,"White: English, Welsh, Scottish, Northern Irish or British",-8,Does not apply,744
E05013609,Chiswick Gunnersbury,13,"White: English, Welsh, Scottish, Northern Irish or British",1,L1 and L2: Large employers and higher managerial and administrative occupations,446
E05013609,Chiswick Gunnersbury,13,"White: English, Welsh, Scottish, Northern Irish or British",2,L3: Higher professional occupations,826
E05013609,Chiswick Gunnersbury,13,"White: English, Welsh, Scottish, Northern Irish or British",3,"L4, L5 and L6: Lower managerial, administrative and professional occupations",1357
E05013609,Chiswick Gunnersbury,13,"White: English, Welsh, Scottish, Northern Irish or British",4,L7: Intermediate occupations,415
E05013609,Chiswick Gunnersbury,13,"White: English, Welsh, Scottish, Northern Irish or British",5,L8 and L9: Small employers and own account workers,499
E05013609,Chiswick Gunnersbury,13,"White: English, Welsh, Scottish, Northern Irish or British",6,L10 and L11: Lower supervisory and technical occupations,119
E05013609,Chiswick Gunnersbury,13,"White: English, Welsh, Scottish, Northern Irish or British",7,L12: Semi-routine occupations,231
E05013609,Chiswick Gunnersbury,13,"White: English, Welsh, Scottish, Northern Irish or British",8,L13: Routine occupations,228
E05013609,Chiswick Gunnersbury,13,"White: English, Welsh, Scottish, Northern Irish or British",9,L14.1: Never worked,199
E05013609,Chiswick Gunnersbury,13,"White: English, Welsh, Scottish, Northern Irish or British",10,L14.2: Long-term unemployed,64
E05013609,Chiswick Gunnersbury,13,"White: English, Welsh, Scottish, Northern Irish or British",11,L15: Full-time students,267
E05013609,Chiswick Gunnersbury,14,White: Irish,-8,Does not apply,38
E05013609,Chiswick Gunnersbury,14,White: Irish,1,L1 and L2: Large employers and higher managerial and administrative occupations,60
E05013609,Chiswick Gunnersbury,14,White: Irish,2,L3: Higher professional occupations,52
E05013609,Chiswick Gunnersbury,14,White: Irish,3,"L4, L5 and L6: Lower managerial, administrative and professional occupations",104
E05013609,Chiswick Gunnersbury,14,White: Irish,4,L7: Intermediate occupations,34
E05013609,Chiswick Gunnersbury,14,White: Irish,5,L8 and L9: Small employers and own account workers,44
E05013609,Chiswick Gunnersbury,14,White: Irish,6,L10 and L11: Lower supervisory and technical occupations,14
E05013609,Chiswick Gunnersbury,14,White: Irish,7,L12: Semi-routine occupations,27
E05013609,Chiswick Gunnersbury,14,White: Irish,8,L13: Routine occupations,28
E05013609,Chiswick Gunnersbury,14,White: Irish,9,L14.1: Never worked,18
E05013609,Chiswick Gunnersbury,14,White: Irish,10,L14.2: Long-term unemployed,5
E05013609,Chiswick Gunnersbury,14,White: Irish,11,L15: Full-time students,18
E05013609,Chiswick Gunnersbury,15,White: Gypsy or Irish Traveller,-8,Does not apply,0
E05013609,Chiswick Gunnersbury,15,White: Gypsy or Irish Traveller,1,L1 and L2: Large employers and higher managerial and administrative occupations,0
E05013609,Chiswick Gunnersbury,15,White: Gypsy or Irish Traveller,2,L3: Higher professional occupations,0
E05013609,Chiswick Gunnersbury,15,White: Gypsy or Irish Traveller,3,"L4, L5 and L6: Lower managerial, administrative and professional occupations",0
E05013609,Chiswick Gunnersbury,15,White: Gypsy or Irish Traveller,4,L7: Intermediate occupations,1
E05013609,Chiswick Gunnersbury,15,White: Gypsy or Irish Traveller,5,L8 and L9: Small employers and own account workers,0
E05013609,Chiswick Gunnersbury,15,White: Gypsy or Irish Traveller,6,L10 and L11: Lower supervisory and technical occupations,0
E05013609,Chiswick Gunnersbury,15,White: Gypsy or Irish Traveller,7,L12: Semi-routine occupations,0
E05013609,Chiswick Gunnersbury,15,White: Gypsy or Irish Traveller,8,L13: Routine occupations,0
E05013609,Chiswick Gunnersbury,15,White: Gypsy or Irish Traveller,9,L14.1: Never worked,1
E05013609,Chiswick Gunnersbury,15,White: Gypsy or Irish Traveller,10,L14.2: Long-term unemployed,1
E05013609,Chiswick Gunnersbury,15,White: Gypsy or Irish Traveller,11,L15: Full-time students,0
E05013609,Chiswick Gunnersbury,16,White: Roma,-8,Does not apply,8
E05013609,Chiswick Gunnersbury,16,White: Roma,1,L1 and L2: Large employers and higher managerial and administrative occupations,5
E05013609,Chiswick Gunnersbury,16,White: Roma,2,L3: Higher professional occupations,12
E05013609,Chiswick Gunnersbury,16,White: Roma,3,"L4, L5 and L6: Lower managerial, administrative and professional occupations",11
E05013609,Chiswick Gunnersbury,16,White: Roma,4,L7: Intermediate occupations,2
E05013609,Chiswick Gunnersbury,16,White: Roma,5,L8 and L9: Small employers and own account workers,10
E05013609,Chiswick Gunnersbury,16,White: Roma,6,L10 and L11: Lower supervisory and technical occupations,3
E05013609,Chiswick Gunnersbury,16,White: Roma,7,L12: Semi-routine occupations,5
E05013609,Chiswick Gunnersbury,16,White: Roma,8,L13: Routine occupations,11
E05013609,Chiswick Gunnersbury,16,White: Roma,9,L14.1: Never worked,2
E05013609,Chiswick Gunnersbury,16,White: Roma,10,L14.2: Long-term unemployed,3
E05013609,Chiswick Gunnersbury,16,White: Roma,11,L15: Full-time students,2
E05013609,Chiswick Gunnersbury,17,White: Other White,-8,Does not apply,375
E05013609,Chiswick Gunnersbury,17,White: Other White,1,L1 and L2: Large employers and higher managerial and administrative occupations,238
E05013609,Chiswick Gunnersbury,17,White: Other White,2,L3: Higher professional occupations,508
E05013609,Chiswick Gunnersbury,17,White: Other White,3,"L4, L5 and L6: Lower managerial, administrative and professional occupations",584
E05013609,Chiswick Gunnersbury,17,White: Other White,4,L7: Intermediate occupations,181
E05013609,Chiswick Gunnersbury,17,White: Other White,5,L8 and L9: Small employers and own account workers,323
E05013609,Chiswick Gunnersbury,17,White: Other White,6,L10 and L11: Lower supervisory and technical occupations,91
E05013609,Chiswick Gunnersbury,17,White: Other White,7,L12: Semi-routine occupations,111
E05013609,Chiswick Gunnersbury,17,White: Other White,8,L13: Routine occupations,126
E05013609,Chiswick Gunnersbury,17,White: Other White,9,L14.1: Never worked,75
E05013609,Chiswick Gunnersbury,17,White: Other White,10,L14.2: Long-term unemployed,44
E05013609,Chiswick Gunnersbury,17,White: Other White,11,L15: Full-time students,139
E05013609,Chiswick Gunnersbury,18,Other ethnic group: Arab,-8,Does not apply,82
E05013609,Chiswick Gunnersbury,18,Other ethnic group: Arab,1,L1 and L2: Large employers and higher managerial and administrative occupations,10
E05013609,Chiswick Gunnersbury,18,Other ethnic group: Arab,2,L3: Higher professional occupations,33
E05013609,Chiswick Gunnersbury,18,Other ethnic group: Arab,3,"L4, L5 and L6: Lower managerial, administrative and professional occupations",55
E05013609,Chiswick Gunnersbury,18,Other ethnic group: Arab,4,L7: Intermediate occupations,11
E05013609,Chiswick Gunnersbury,18,Other ethnic group: Arab,5,L8 and L9: Small employers and own account workers,30
E05013609,Chiswick Gunnersbury,18,Other ethnic group: Arab,6,L10 and L11: Lower supervisory and technical occupations,8
E05013609,Chiswick Gunnersbury,18,Other ethnic group: Arab,7,L12: Semi-routine occupations,27
E05013609,Chiswick Gunnersbury,18,Other ethnic group: Arab,8,L13: Routine occupations,11
E05013609,Chiswick Gunnersbury,18,Other ethnic group: Arab,9,L14.1: Never worked,78
E05013609,Chiswick Gunnersbury,18,Other ethnic group: Arab,10,L14.2: Long-term unemployed,6
E05013609,Chiswick Gunnersbury,18,Other ethnic group: Arab,11,L15: Full-time students,131
E05013609,Chiswick Gunnersbury,19,Other ethnic group: Any other ethnic group,-8,Does not apply,52
E05013609,Chiswick Gunnersbury,19,Other ethnic group: Any other ethnic group,1,L1 and L2: Large employers and higher managerial and administrative occupations,24
E05013609,Chiswick Gunnersbury,19,Other ethnic group: Any other ethnic group,2,L3: Higher professional occupations,52
E05013609,Chiswick Gunnersbury,19,Other ethnic group: Any other ethnic group,3,"L4, L5 and L6: Lower managerial, administrative and professional occupations",77
E05013609,Chiswick Gunnersbury,19,Other ethnic group: Any other ethnic group,4,L7: Intermediate occupations,32
E05013609,Chiswick Gunnersbury,19,Other ethnic group: Any other ethnic group,5,L8 and L9: Small employers and own account workers,60
E05013609,Chiswick Gunnersbury,19,Other ethnic group: Any other ethnic group,6,L10 and L11: Lower supervisory and technical occupations,17
E05013609,Chiswick Gunnersbury,19,Other ethnic group: Any other ethnic group,7,L12: Semi-routine occupations,19
E05013609,Chiswick Gunnersbury,19,Other ethnic group: Any other ethnic group,8,L13: Routine occupations,22
E05013609,Chiswick Gunnersbury,19,Other ethnic group: Any other ethnic group,9,L14.1: Never worked,51
E05013609,Chiswick Gunnersbury,19,Other ethnic group: Any other ethnic group,10,L14.2: Long-term unemployed,4
E05013609,Chiswick Gunnersbury,19,Other ethnic group: Any other ethnic group,11,L15: Full-time students,31
E05013610,Chiswick Homefields,-8,Does not apply,-8,Does not apply,0
E05013610,Chiswick Homefields,-8,Does not apply,1,L1 and L2: Large employers and higher managerial and administrative occupations,0
E05013610,Chiswick Homefields,-8,Does not apply,2,L3: Higher professional occupations,0
E05013610,Chiswick Homefields,-8,Does not apply,3,"L4, L5 and L6: Lower managerial, administrative and professional occupations",0
E05013610,Chiswick Homefields,-8,Does not apply,4,L7: Intermediate occupations,0
E05013610,Chiswick Homefields,-8,Does not apply,5,L8 and L9: Small employers and own account workers,0
E05013610,Chiswick Homefields,-8,Does not apply,6,L10 and L11: Lower supervisory and technical occupations,0
E05013610,Chiswick Homefields,-8,Does not apply,7,L12: Semi-routine occupations,0
E05013610,Chiswick Homefields,-8,Does not apply,8,L13: Routine occupations,0
E05013610,Chiswick Homefields,-8,Does not apply,9,L14.1: Never worked,0
E05013610,Chiswick Homefields,-8,Does not apply,10,L14.2: Long-term unemployed,0
E05013610,Chiswick Homefields,-8,Does not apply,11,L15: Full-time students,0
E05013610,Chiswick Homefields,1,"Asian, Asian British or Asian Welsh: Bangladeshi",-8,Does not apply,5
E05013610,Chiswick Homefields,1,"Asian, Asian British or Asian Welsh: Bangladeshi",1,L1 and L2: Large employers and higher managerial and administrative occupations,3
E05013610,Chiswick Homefields,1,"Asian, Asian British or Asian Welsh: Bangladeshi",2,L3: Higher professional occupations,0
E05013610,Chiswick Homefields,1,"Asian, Asian British or Asian Welsh: Bangladeshi",3,"L4, L5 and L6: Lower managerial, administrative and professional occupations",4
E05013610,Chiswick Homefields,1,"Asian, Asian British or Asian Welsh: Bangladeshi",4,L7: Intermediate occupations,3
E05013610,Chiswick Homefields,1,"Asian, Asian British or Asian Welsh: Bangladeshi",5,L8 and L9: Small employers and own account workers,2
E05013610,Chiswick Homefields,1,"Asian, Asian British or Asian Welsh: Bangladeshi",6,L10 and L11: Lower supervisory and technical occupations,0
E05013610,Chiswick Homefields,1,"Asian, Asian British or Asian Welsh: Bangladeshi",7,L12: Semi-routine occupations,1
E05013610,Chiswick Homefields,1,"Asian, Asian British or Asian Welsh: Bangladeshi",8,L13: Routine occupations,2
E05013610,Chiswick Homefields,1,"Asian, Asian British or Asian Welsh: Bangladeshi",9,L14.1: Never worked,5
E05013610,Chiswick Homefields,1,"Asian, Asian British or Asian Welsh: Bangladeshi",10,L14.2: Long-term unemployed,0
E05013610,Chiswick Homefields,1,"Asian, Asian British or Asian Welsh: Bangladeshi",11,L15: Full-time students,5
E05013610,Chiswick Homefields,2,"Asian, Asian British or Asian Welsh: Chinese",-8,Does not apply,33
E05013610,Chiswick Homefields,2,"Asian, Asian British or Asian Welsh: Chinese",1,L1 and L2: Large employers and higher managerial and administrative occupations,26
E05013610,Chiswick Homefields,2,"Asian, Asian British or Asian Welsh: Chinese",2,L3: Higher professional occupations,62
E05013610,Chiswick Homefields,2,"Asian, Asian British or Asian Welsh: Chinese",3,"L4, L5 and L6: Lower managerial, administrative and professional occupations",40
E05013610,Chiswick Homefields,2,"Asian, Asian British or Asian Welsh: Chinese",4,L7: Intermediate occupations,8
E05013610,Chiswick Homefields,2,"Asian, Asian British or Asian Welsh: Chinese",5,L8 and L9: Small employers and own account workers,27
E05013610,Chiswick Homefields,2,"Asian, Asian British or Asian Welsh: Chinese",6,L10 and L11: Lower supervisory and technical occupations,6
E05013610,Chiswick Homefields,2,"Asian, Asian British or Asian Welsh: Chinese",7,L12: Semi-routine occupations,20
E05013610,Chiswick Homefields,2,"Asian, Asian British or Asian Welsh: Chinese",8,L13: Routine occupations,6
E05013610,Chiswick Homefields,2,"Asian, Asian British or Asian Welsh: Chinese",9,L14.1: Never worked,11
E05013610,Chiswick Homefields,2,"Asian, Asian British or Asian Welsh: Chinese",10,L14.2: Long-term unemployed,0
E05013610,Chiswick Homefields,2,"Asian, Asian British or Asian Welsh: Chinese",11,L15: Full-time students,16
E05013610,Chiswick Homefields,3,"Asian, Asian British or Asian Welsh: Indian",-8,Does not apply,85
E05013610,Chiswick Homefields,3,"Asian, Asian British or Asian Welsh: Indian",1,L1 and L2: Large employers and higher managerial and administrative occupations,52
E05013610,Chiswick Homefields,3,"Asian, Asian British or Asian Welsh: Indian",2,L3: Higher professional occupations,104
E05013610,Chiswick Homefields,3,"Asian, Asian British or Asian Welsh: Indian",3,"L4, L5 and L6: Lower managerial, administrative and professional occupations",90
E05013610,Chiswick Homefields,3,"Asian, Asian British or Asian Welsh: Indian",4,L7: Intermediate occupations,27
E05013610,Chiswick Homefields,3,"Asian, Asian British or Asian Welsh: Indian",5,L8 and L9: Small employers and own account workers,40
E05013610,Chiswick Homefields,3,"Asian, Asian British or Asian Welsh: Indian",6,L10 and L11: Lower supervisory and technical occupations,7
E05013610,Chiswick Homefields,3,"Asian, Asian British or Asian Welsh: Indian",7,L12: Semi-routine occupations,16
E05013610,Chiswick Homefields,3,"Asian, Asian British or Asian Welsh: Indian",8,L13: Routine occupations,12
E05013610,Chiswick Homefields,3,"Asian, Asian British or Asian Welsh: Indian",9,L14.1: Never worked,17
E05013610,Chiswick Homefields,3,"Asian, Asian British or Asian Welsh: Indian",10,L14.2: Long-term unemployed,6
E05013610,Chiswick Homefields,3,"Asian, Asian British or Asian Welsh: Indian",11,L15: Full-time students,17
E05013610,Chiswick Homefields,4,"Asian, Asian British or Asian Welsh: Pakistani",-8,Does not apply,29
E05013610,Chiswick Homefields,4,"Asian, Asian British or Asian Welsh: Pakistani",1,L1 and L2: Large employers and higher managerial and administrative occupations,9
E05013610,Chiswick Homefields,4,"Asian, Asian British or Asian Welsh: Pakistani",2,L3: Higher professional occupations,19
E05013610,Chiswick Homefields,4,"Asian, Asian British or Asian Welsh: Pakistani",3,"L4, L5 and L6: Lower managerial, administrative and professional occupations",16
E05013610,Chiswick Homefields,4,"Asian, Asian British or Asian Welsh: Pakistani",4,L7: Intermediate occupations,9
E05013610,Chiswick Homefields,4,"Asian, Asian British or Asian Welsh: Pakistani",5,L8 and L9: Small employers and own account workers,14
E05013610,Chiswick Homefields,4,"Asian, Asian British or Asian Welsh: Pakistani",6,L10 and L11: Lower supervisory and technical occupations,3
E05013610,Chiswick Homefields,4,"Asian, Asian British or Asian Welsh: Pakistani",7,L12: Semi-routine occupations,9
E05013610,Chiswick Homefields,4,"Asian, Asian British or Asian Welsh: Pakistani",8,L13: Routine occupations,3
E05013610,Chiswick Homefields,4,"Asian, Asian British or Asian Welsh: Pakistani",9,L14.1: Never worked,16
E05013610,Chiswick Homefields,4,"Asian, Asian British or Asian Welsh: Pakistani",10,L14.2: Long-term unemployed,3
E05013610,Chiswick Homefields,4,"Asian, Asian British or Asian Welsh: Pakistani",11,L15: Full-time students,8
E05013610,Chiswick Homefields,5,"Asian, Asian British or Asian Welsh: Other Asian",-8,Does not apply,53
E05013610,Chiswick Homefields,5,"Asian, Asian British or Asian Welsh: Other Asian",1,L1 and L2: Large employers and higher managerial and administrative occupations,14
E05013610,Chiswick Homefields,5,"Asian, Asian British or Asian Welsh: Other Asian",2,L3: Higher professional occupations,46
E05013610,Chiswick Homefields,5,"Asian, Asian British or Asian Welsh: Other Asian",3,"L4, L5 and L6: Lower managerial, administrative and professional occupations",56
E05013610,Chiswick Homefields,5,"Asian, Asian British or Asian Welsh: Other Asian",4,L7: Intermediate occupations,26
E05013610,Chiswick Homefields,5,"Asian, Asian British or Asian Welsh: Other Asian",5,L8 and L9: Small employers and own account workers,34
E05013610,Chiswick Homefields,5,"Asian, Asian British or Asian Welsh: Other Asian",6,L10 and L11: Lower supervisory and technical occupations,16
E05013610,Chiswick Homefields,5,"Asian, Asian British or Asian Welsh: Other Asian",7,L12: Semi-routine occupations,38
E05013610,Chiswick Homefields,5,"Asian, Asian British or Asian Welsh: Other Asian",8,L13: Routine occupations,27
E05013610,Chiswick Homefields,5,"Asian, Asian British or Asian Welsh: Other Asian",9,L14.1: Never worked,47
E05013610,Chiswick Homefields,5,"Asian, Asian British or Asian Welsh: Other Asian",10,L14.2: Long-term unemployed,6
E05013610,Chiswick Homefields,5,"Asian, Asian British or Asian Welsh: Other Asian",11,L15: Full-time students,30
E05013610,Chiswick Homefields,6,"Black, Black British, Black Welsh, Caribbean or African: African",-8,Does not apply,87
E05013610,Chiswick Homefields,6,"Black, Black British, Black Welsh, Caribbean or African: African",1,L1 and L2: Large employers and higher managerial and administrative occupations,5
E05013610,Chiswick Homefields,6,"Black, Black British, Black Welsh, Caribbean or African: African",2,L3: Higher professional occupations,31
E05013610,Chiswick Homefields,6,"Black, Black British, Black Welsh, Caribbean or African: African",3,"L4, L5 and L6: Lower managerial, administrative and professional occupations",56
E05013610,Chiswick Homefields,6,"Black, Black British, Black Welsh, Caribbean or African: African",4,L7: Intermediate occupations,21
E05013610,Chiswick Homefields,6,"Black, Black British, Black Welsh, Caribbean or African: African",5,L8 and L9: Small employers and own account workers,24
E05013610,Chiswick Homefields,6,"Black, Black British, Black Welsh, Caribbean or African: African",6,L10 and L11: Lower supervisory and technical occupations,12
E05013610,Chiswick Homefields,6,"Black, Black British, Black Welsh, Caribbean or African: African",7,L12: Semi-routine occupations,32
E05013610,Chiswick Homefields,6,"Black, Black British, Black Welsh, Caribbean or African: African",8,L13: Routine occupations,25
E05013610,Chiswick Homefields,6,"Black, Black British, Black Welsh, Caribbean or African: African",9,L14.1: Never worked,42
E05013610,Chiswick Homefields,6,"Black, Black British, Black Welsh, Caribbean or African: African",10,L14.2: Long-term unemployed,7
E05013610,Chiswick Homefields,6,"Black, Black British, Black Welsh, Caribbean or African: African",11,L15: Full-time students,53
E05013610,Chiswick Homefields,7,"Black, Black British, Black Welsh, Caribbean or African: Caribbean",-8,Does not apply,56
E05013610,Chiswick Homefields,7,"Black, Black British, Black Welsh, Caribbean or African: Caribbean",1,L1 and L2: Large employers and higher managerial and administrative occupations,16
E05013610,Chiswick Homefields,7,"Black, Black British, Black Welsh, Caribbean or African: Caribbean",2,L3: Higher professional occupations,31
E05013610,Chiswick Homefields,7,"Black, Black British, Black Welsh, Caribbean or African: Caribbean",3,"L4, L5 and L6: Lower managerial, administrative and professional occupations",38
E05013610,Chiswick Homefields,7,"Black, Black British, Black Welsh, Caribbean or African: Caribbean",4,L7: Intermediate occupations,31
E05013610,Chiswick Homefields,7,"Black, Black British, Black Welsh, Caribbean or African: Caribbean",5,L8 and L9: Small employers and own account workers,21
E05013610,Chiswick Homefields,7,"Black, Black British, Black Welsh, Caribbean or African: Caribbean",6,L10 and L11: Lower supervisory and technical occupations,12
E05013610,Chiswick Homefields,7,"Black, Black British, Black Welsh, Caribbean or African: Caribbean",7,L12: Semi-routine occupations,8
E05013610,Chiswick Homefields,7,"Black, Black British, Black Welsh, Caribbean or African: Caribbean",8,L13: Routine occupations,20
E05013610,Chiswick Homefields,7,"Black, Black British, Black Welsh, Caribbean or African: Caribbean",9,L14.1: Never worked,7
E05013610,Chiswick Homefields,7,"Black, Black British, Black Welsh, Caribbean or African: Caribbean",10,L14.2: Long-term unemployed,4
E05013610,Chiswick Homefields,7,"Black, Black British, Black Welsh, Caribbean or African: Caribbean",11,L15: Full-time students,54
E05013610,Chiswick Homefields,8,"Black, Black British, Black Welsh, Caribbean or African: Other Black",-8,Does not apply,22
E05013610,Chiswick Homefields,8,"Black, Black British, Black Welsh, Caribbean or African: Other Black",1,L1 and L2: Large employers and higher managerial and administrative occupations,2
E05013610,Chiswick Homefields,8,"Black, Black British, Black Welsh, Caribbean or African: Other Black",2,L3: Higher professional occupations,2
E05013610,Chiswick Homefields,8,"Black, Black British, Black Welsh, Caribbean or African: Other Black",3,"L4, L5 and L6: Lower managerial, administrative and professional occupations",11
E05013610,Chiswick Homefields,8,"Black, Black British, Black Welsh, Caribbean or African: Other Black",4,L7: Intermediate occupations,2
E05013610,Chiswick Homefields,8,"Black, Black British, Black Welsh, Caribbean or African: Other Black",5,L8 and L9: Small employers and own account workers,4
E05013610,Chiswick Homefields,8,"Black, Black British, Black Welsh, Caribbean or African: Other Black",6,L10 and L11: Lower supervisory and technical occupations,0
E05013610,Chiswick Homefields,8,"Black, Black British, Black Welsh, Caribbean or African: Other Black",7,L12: Semi-routine occupations,5
E05013610,Chiswick Homefields,8,"Black, Black British, Black Welsh, Caribbean or African: Other Black",8,L13: Routine occupations,4
E05013610,Chiswick Homefields,8,"Black, Black British, Black Welsh, Caribbean or African: Other Black",9,L14.1: Never worked,4
E05013610,Chiswick Homefields,8,"Black, Black British, Black Welsh, Caribbean or African: Other Black",10,L14.2: Long-term unemployed,0
E05013610,Chiswick Homefields,8,"Black, Black British, Black Welsh, Caribbean or African: Other Black",11,L15: Full-time students,3
E05013610,Chiswick Homefields,9,Mixed or Multiple ethnic groups: White and Asian,-8,Does not apply,162
E05013610,Chiswick Homefields,9,Mixed or Multiple ethnic groups: White and Asian,1,L1 and L2: Large employers and higher managerial and administrative occupations,13
E05013610,Chiswick Homefields,9,Mixed or Multiple ethnic groups: White and Asian,2,L3: Higher professional occupations,24
E05013610,Chiswick Homefields,9,Mixed or Multiple ethnic groups: White and Asian,3,"L4, L5 and L6: Lower managerial, administrative and professional occupations",33
E05013610,Chiswick Homefields,9,Mixed or Multiple ethnic groups: White and Asian,4,L7: Intermediate occupations,6
E05013610,Chiswick Homefields,9,Mixed or Multiple ethnic groups: White and Asian,5,L8 and L9: Small employers and own account workers,15
E05013610,Chiswick Homefields,9,Mixed or Multiple ethnic groups: White and Asian,6,L10 and L11: Lower supervisory and technical occupations,1
E05013610,Chiswick Homefields,9,Mixed or Multiple ethnic groups: White and Asian,7,L12: Semi-routine occupations,12
E05013610,Chiswick Homefields,9,Mixed or Multiple ethnic groups: White and Asian,8,L13: Routine occupations,2
E05013610,Chiswick Homefields,9,Mixed or Multiple ethnic groups: White and Asian,9,L14.1: Never worked,2
E05013610,Chiswick Homefields,9,Mixed or Multiple ethnic groups: White and Asian,10,L14.2: Long-term unemployed,2
E05013610,Chiswick Homefields,9,Mixed or Multiple ethnic groups: White and Asian,11,L15: Full-time students,30
E05013610,Chiswick Homefields,10,Mixed or Multiple ethnic groups: White and Black African,-8,Does not apply,33
E05013610,Chiswick Homefields,10,Mixed or Multiple ethnic groups: White and Black African,1,L1 and L2: Large employers and higher managerial and administrative occupations,3
E05013610,Chiswick Homefields,10,Mixed or Multiple ethnic groups: White and Black African,2,L3: Higher professional occupations,4
E05013610,Chiswick Homefields,10,Mixed or Multiple ethnic groups: White and Black African,3,"L4, L5 and L6: Lower managerial, administrative and professional occupations",12
E05013610,Chiswick Homefields,10,Mixed or Multiple ethnic groups: White and Black African,4,L7: Intermediate occupations,3
E05013610,Chiswick Homefields,10,Mixed or Multiple ethnic groups: White and Black African,5,L8 and L9: Small employers and own account workers,3
E05013610,Chiswick Homefields,10,Mixed or Multiple ethnic groups: White and Black African,6,L10 and L11: Lower supervisory and technical occupations,0
E05013610,Chiswick Homefields,10,Mixed or Multiple ethnic groups: White and Black African,7,L12: Semi-routine occupations,5
E05013610,Chiswick Homefields,10,Mixed or Multiple ethnic groups: White and Black African,8,L13: Routine occupations,2
E05013610,Chiswick Homefields,10,Mixed or Multiple ethnic groups: White and Black African,9,L14.1: Never worked,5
E05013610,Chiswick Homefields,10,Mixed or Multiple ethnic groups: White and Black African,10,L14.2: Long-term unemployed,0
E05013610,Chiswick Homefields,10,Mixed or Multiple ethnic groups: White and Black African,11,L15: Full-time students,13
E05013610,Chiswick Homefields,11,Mixed or Multiple ethnic groups: White and Black Caribbean,-8,Does not apply,47
E05013610,Chiswick Homefields,11,Mixed or Multiple ethnic groups: White and Black Caribbean,1,L1 and L2: Large employers and higher managerial and administrative occupations,0
E05013610,Chiswick Homefields,11,Mixed or Multiple ethnic groups: White and Black Caribbean,2,L3: Higher professional occupations,12
E05013610,Chiswick Homefields,11,Mixed or Multiple ethnic groups: White and Black Caribbean,3,"L4, L5 and L6: Lower managerial, administrative and professional occupations",22
E05013610,Chiswick Homefields,11,Mixed or Multiple ethnic groups: White and Black Caribbean,4,L7: Intermediate occupations,7
E05013610,Chiswick Homefields,11,Mixed or Multiple ethnic groups: White and Black Caribbean,5,L8 and L9: Small employers and own account workers,9
E05013610,Chiswick Homefields,11,Mixed or Multiple ethnic groups: White and Black Caribbean,6,L10 and L11: Lower supervisory and technical occupations,4
E05013610,Chiswick Homefields,11,Mixed or Multiple ethnic groups: White and Black Caribbean,7,L12: Semi-routine occupations,6
E05013610,Chiswick Homefields,11,Mixed or Multiple ethnic groups: White and Black Caribbean,8,L13: Routine occupations,21
E05013610,Chiswick Homefields,11,Mixed or Multiple ethnic groups: White and Black Caribbean,9,L14.1: Never worked,17
E05013610,Chiswick Homefields,11,Mixed or Multiple ethnic groups: White and Black Caribbean,10,L14.2: Long-term unemployed,2
E05013610,Chiswick Homefields,11,Mixed or Multiple ethnic groups: White and Black Caribbean,11,L15: Full-time students,18
E05013610,Chiswick Homefields,12,Mixed or Multiple ethnic groups: Other Mixed or Multiple ethnic groups,-8,Does not apply,116
E05013610,Chiswick Homefields,12,Mixed or Multiple ethnic groups: Other Mixed or Multiple ethnic groups,1,L1 and L2: Large employers and higher managerial and administrative occupations,16
E05013610,Chiswick Homefields,12,Mixed or Multiple ethnic groups: Other Mixed or Multiple ethnic groups,2,L3: Higher professional occupations,40
E05013610,Chiswick Homefields,12,Mixed or Multiple ethnic groups: Other Mixed or Multiple ethnic groups,3,"L4, L5 and L6: Lower managerial, administrative and professional occupations",33
E05013610,Chiswick Homefields,12,Mixed or Multiple ethnic groups: Other Mixed or Multiple ethnic groups,4,L7: Intermediate occupations,14
E05013610,Chiswick Homefields,12,Mixed or Multiple ethnic groups: Other Mixed or Multiple ethnic groups,5,L8 and L9: Small employers and own account workers,17
E05013610,Chiswick Homefields,12,Mixed or Multiple ethnic groups: Other Mixed or Multiple ethnic groups,6,L10 and L11: Lower supervisory and technical occupations,5
E05013610,Chiswick Homefields,12,Mixed or Multiple ethnic groups: Other Mixed or Multiple ethnic groups,7,L12: Semi-routine occupations,5
E05013610,Chiswick Homefields,12,Mixed or Multiple ethnic groups: Other Mixed or Multiple ethnic groups,8,L13: Routine occupations,12
E05013610,Chiswick Homefields,12,Mixed or Multiple ethnic groups: Other Mixed or Multiple ethnic groups,9,L14.1: Never worked,4
E05013610,Chiswick Homefields,12,Mixed or Multiple ethnic groups: Other Mixed or Multiple ethnic groups,10,L14.2: Long-term unemployed,4
E05013610,Chiswick Homefields,12,Mixed or Multiple ethnic groups: Other Mixed or Multiple ethnic groups,11,L15: Full-time students,18
E05013610,Chiswick Homefields,13,"White: English, Welsh, Scottish, Northern Irish or British",-8,Does not apply,1165
E05013610,Chiswick Homefields,13,"White: English, Welsh, Scottish, Northern Irish or British",1,L1 and L2: Large employers and higher managerial and administrative occupations,680
E05013610,Chiswick Homefields,13,"White: English, Welsh, Scottish, Northern Irish or British",2,L3: Higher professional occupations,1067
E05013610,Chiswick Homefields,13,"White: English, Welsh, Scottish, Northern Irish or British",3,"L4, L5 and L6: Lower managerial, administrative and professional occupations",1626
E05013610,Chiswick Homefields,13,"White: English, Welsh, Scottish, Northern Irish or British",4,L7: Intermediate occupations,459
E05013610,Chiswick Homefields,13,"White: English, Welsh, Scottish, Northern Irish or British",5,L8 and L9: Small employers and own account workers,733
E05013610,Chiswick Homefields,13,"White: English, Welsh, Scottish, Northern Irish or British",6,L10 and L11: Lower supervisory and technical occupations,141
E05013610,Chiswick Homefields,13,"White: English, Welsh, Scottish, Northern Irish or British",7,L12: Semi-routine occupations,253
E05013610,Chiswick Homefields,13,"White: English, Welsh, Scottish, Northern Irish or British",8,L13: Routine occupations,233
E05013610,Chiswick Homefields,13,"White: English, Welsh, Scottish, Northern Irish or British",9,L14.1: Never worked,205
E05013610,Chiswick Homefields,13,"White: English, Welsh, Scottish, Northern Irish or British",10,L14.2: Long-term unemployed,40
E05013610,Chiswick Homefields,13,"White: English, Welsh, Scottish, Northern Irish or British",11,L15: Full-time students,354
E05013610,Chiswick Homefields,14,White: Irish,-8,Does not apply,28
E05013610,Chiswick Homefields,14,White: Irish,1,L1 and L2: Large employers and higher managerial and administrative occupations,43
E05013610,Chiswick Homefields,14,White: Irish,2,L3: Higher professional occupations,65
E05013610,Chiswick Homefields,14,White: Irish,3,"L4, L5 and L6: Lower managerial, administrative and professional occupations",91
E05013610,Chiswick Homefields,14,White: Irish,4,L7: Intermediate occupations,39
E05013610,Chiswick Homefields,14,White: Irish,5,L8 and L9: Small employers and own account workers,35
E05013610,Chiswick Homefields,14,White: Irish,6,L10 and L11: Lower supervisory and technical occupations,7
E05013610,Chiswick Homefields,14,White: Irish,7,L12: Semi-routine occupations,24
E05013610,Chiswick Homefields,14,White: Irish,8,L13: Routine occupations,21
E05013610,Chiswick Homefields,14,White: Irish,9,L14.1: Never worked,29
E05013610,Chiswick Homefields,14,White: Irish,10,L14.2: Long-term unemployed,4
E05013610,Chiswick Homefields,14,White: Irish,11,L15: Full-time students,17
E05013610,Chiswick Homefields,15,White: Gypsy or Irish Traveller,-8,Does not apply,1
E05013610,Chiswick Homefields,15,White: Gypsy or Irish Traveller,1,L1 and L2: Large employers and higher managerial and administrative occupations,0
E05013610,Chiswick Homefields,15,White: Gypsy or Irish Traveller,2,L3: Higher professional occupations,0
E05013610,Chiswick Homefields,15,White: Gypsy or Irish Traveller,3,"L4, L5 and L6: Lower managerial, administrative and professional occupations",0
E05013610,Chiswick Homefields,15,White: Gypsy or Irish Traveller,4,L7: Intermediate occupations,0
E05013610,Chiswick Homefields,15,White: Gypsy or Irish Traveller,5,L8 and L9: Small employers and own account workers,0
E05013610,Chiswick Homefields,15,White: Gypsy or Irish Traveller,6,L10 and L11: Lower supervisory and technical occupations,0
E05013610,Chiswick Homefields,15,White: Gypsy or Irish Traveller,7,L12: Semi-routine occupations,0
E05013610,Chiswick Homefields,15,White: Gypsy or Irish Traveller,8,L13: Routine occupations,0
E05013610,Chiswick Homefields,15,White: Gypsy or Irish Traveller,9,L14.1: Never worked,2
E05013610,Chiswick Homefields,15,White: Gypsy or Irish Traveller,10,L14.2: Long-term unemployed,0
E05013610,Chiswick Homefields,15,White: Gypsy or Irish Traveller,11,L15: Full-time students,0
E05013610,Chiswick Homefields,16,White: Roma,-8,Does not apply,8
E05013610,Chiswick Homefields,16,White: Roma,1,L1 and L2: Large employers and higher managerial and administrative occupations,3
E05013610,Chiswick Homefields,16,White: Roma,2,L3: Higher professional occupations,7
E05013610,Chiswick Homefields,16,White: Roma,3,"L4, L5 and L6: Lower managerial, administrative and professional occupations",11
E05013610,Chiswick Homefields,16,White: Roma,4,L7: Intermediate occupations,6
E05013610,Chiswick Homefields,16,White: Roma,5,L8 and L9: Small employers and own account workers,8
E05013610,Chiswick Homefields,16,White: Roma,6,L10 and L11: Lower supervisory and technical occupations,4
E05013610,Chiswick Homefields,16,White: Roma,7,L12: Semi-routine occupations,2
E05013610,Chiswick Homefields,16,White: Roma,8,L13: Routine occupations,16
E05013610,Chiswick Homefields,16,White: Roma,9,L14.1: Never worked,3
E05013610,Chiswick Homefields,16,White: Roma,10,L14.2: Long-term unemployed,0
E05013610,Chiswick Homefields,16,White: Roma,11,L15: Full-time students,6
E05013610,Chiswick Homefields,17,White: Other White,-8,Does not apply,441
E05013610,Chiswick Homefields,17,White: Other White,1,L1 and L2: Large employers and higher managerial and administrative occupations,287
E05013610,Chiswick Homefields,17,White: Other White,2,L3: Higher professional occupations,433
E05013610,Chiswick Homefields,17,White: Other White,3,"L4, L5 and L6: Lower managerial, administrative and professional occupations",633
E05013610,Chiswick Homefields,17,White: Other White,4,L7: Intermediate occupations,188
E05013610,Chiswick Homefields,17,White: Other White,5,L8 and L9: Small employers and own account workers,268
E05013610,Chiswick Homefields,17,White: Other White,6,L10 and L11: Lower supervisory and technical occupations,70
E05013610,Chiswick Homefields,17,White: Other White,7,L12: Semi-routine occupations,107
E05013610,Chiswick Homefields,17,White: Other White,8,L13: Routine occupations,95
E05013610,Chiswick Homefields,17,White: Other White,9,L14.1: Never worked,62
E05013610,Chiswick Homefields,17,White: Other White,10,L14.2: Long-term unemployed,33
E05013610,Chiswick Homefields,17,White: Other White,11,L15: Full-time students,151
E05013610,Chiswick Homefields,18,Other ethnic group: Arab,-8,Does not apply,33
E05013610,Chiswick Homefields,18,Other ethnic group: Arab,1,L1 and L2: Large employers and higher managerial and administrative occupations,18
E05013610,Chiswick Homefields,18,Other ethnic group: Arab,2,L3: Higher professional occupations,22
E05013610,Chiswick Homefields,18,Other ethnic group: Arab,3,"L4, L5 and L6: Lower managerial, administrative and professional occupations",26
E05013610,Chiswick Homefields,18,Other ethnic group: Arab,4,L7: Intermediate occupations,8
E05013610,Chiswick Homefields,18,Other ethnic group: Arab,5,L8 and L9: Small employers and own account workers,17
E05013610,Chiswick Homefields,18,Other ethnic group: Arab,6,L10 and L11: Lower supervisory and technical occupations,7
E05013610,Chiswick Homefields,18,Other ethnic group: Arab,7,L12: Semi-routine occupations,8
E05013610,Chiswick Homefields,18,Other ethnic group: Arab,8,L13: Routine occupations,10
E05013610,Chiswick Homefields,18,Other ethnic group: Arab,9,L14.1: Never worked,62
E05013610,Chiswick Homefields,18,Other ethnic group: Arab,10,L14.2: Long-term unemployed,4
E05013610,Chiswick Homefields,18,Other ethnic group: Arab,11,L15: Full-time students,22
E05013610,Chiswick Homefields,19,Other ethnic group: Any other ethnic group,-8,Does not apply,62
E05013610,Chiswick Homefields,19,Other ethnic group: Any other ethnic group,1,L1 and L2: Large employers and higher managerial and administrative occupations,29
E05013610,Chiswick Homefields,19,Other ethnic group: Any other ethnic group,2,L3: Higher professional occupations,54
E05013610,Chiswick Homefields,19,Other ethnic group: Any other ethnic group,3,"L4, L5 and L6: Lower managerial, administrative and professional occupations",79
E05013610,Chiswick Homefields,19,Other ethnic group: Any other ethnic group,4,L7: Intermediate occupations,31
E05013610,Chiswick Homefields,19,Other ethnic group: Any other ethnic group,5,L8 and L9: Small employers and own account workers,44
E05013610,Chiswick Homefields,19,Other ethnic group: Any other ethnic group,6,L10 and L11: Lower supervisory and technical occupations,6
E05013610,Chiswick Homefields,19,Other ethnic group: Any other ethnic group,7,L12: Semi-routine occupations,25
E05013610,Chiswick Homefields,19,Other ethnic group: Any other ethnic group,8,L13: Routine occupations,20
E05013610,Chiswick Homefields,19,Other ethnic group: Any other ethnic group,9,L14.1: Never worked,48
E05013610,Chiswick Homefields,19,Other ethnic group: Any other ethnic group,10,L14.2: Long-term unemployed,7
E05013610,Chiswick Homefields,19,Other ethnic group: Any other ethnic group,11,L15: Full-time students,27
E05013611,Chiswick Riverside,-8,Does not apply,-8,Does not apply,0
E05013611,Chiswick Riverside,-8,Does not apply,1,L1 and L2: Large employers and higher managerial and administrative occupations,0
E05013611,Chiswick Riverside,-8,Does not apply,2,L3: Higher professional occupations,0
E05013611,Chiswick Riverside,-8,Does not apply,3,"L4, L5 and L6: Lower managerial, administrative and professional occupations",0
E05013611,Chiswick Riverside,-8,Does not apply,4,L7: Intermediate occupations,0
E05013611,Chiswick Riverside,-8,Does not apply,5,L8 and L9: Small employers and own account workers,0
E05013611,Chiswick Riverside,-8,Does not apply,6,L10 and L11: Lower supervisory and technical occupations,0
E05013611,Chiswick Riverside,-8,Does not apply,7,L12: Semi-routine occupations,0
E05013611,Chiswick Riverside,-8,Does not apply,8,L13: Routine occupations,0
E05013611,Chiswick Riverside,-8,Does not apply,9,L14.1: Never worked,0
E05013611,Chiswick Riverside,-8,Does not apply,10,L14.2: Long-term unemployed,0
E05013611,Chiswick Riverside,-8,Does not apply,11,L15: Full-time students,0
E05013611,Chiswick Riverside,1,"Asian, Asian British or Asian Welsh: Bangladeshi",-8,Does not apply,2
E05013611,Chiswick Riverside,1,"Asian, Asian British or Asian Welsh: Bangladeshi",1,L1 and L2: Large employers and higher managerial and administrative occupations,2
E05013611,Chiswick Riverside,1,"Asian, Asian British or Asian Welsh: Bangladeshi",2,L3: Higher professional occupations,2
E05013611,Chiswick Riverside,1,"Asian, Asian British or Asian Welsh: Bangladeshi",3,"L4, L5 and L6: Lower managerial, administrative and professional occupations",4
E05013611,Chiswick Riverside,1,"Asian, Asian British or Asian Welsh: Bangladeshi",4,L7: Intermediate occupations,1
E05013611,Chiswick Riverside,1,"Asian, Asian British or Asian Welsh: Bangladeshi",5,L8 and L9: Small employers and own account workers,4
E05013611,Chiswick Riverside,1,"Asian, Asian British or Asian Welsh: Bangladeshi",6,L10 and L11: Lower supervisory and technical occupations,4
E05013611,Chiswick Riverside,1,"Asian, Asian British or Asian Welsh: Bangladeshi",7,L12: Semi-routine occupations,2
E05013611,Chiswick Riverside,1,"Asian, Asian British or Asian Welsh: Bangladeshi",8,L13: Routine occupations,1
E05013611,Chiswick Riverside,1,"Asian, Asian British or Asian Welsh: Bangladeshi",9,L14.1: Never worked,5
E05013611,Chiswick Riverside,1,"Asian, Asian British or Asian Welsh: Bangladeshi",10,L14.2: Long-term unemployed,0
E05013611,Chiswick Riverside,1,"Asian, Asian British or Asian Welsh: Bangladeshi",11,L15: Full-time students,1
E05013611,Chiswick Riverside,2,"Asian, Asian British or Asian Welsh: Chinese",-8,Does not apply,17
E05013611,Chiswick Riverside,2,"Asian, Asian British or Asian Welsh: Chinese",1,L1 and L2: Large employers and higher managerial and administrative occupations,7
E05013611,Chiswick Riverside,2,"Asian, Asian British or Asian Welsh: Chinese",2,L3: Higher professional occupations,28
E05013611,Chiswick Riverside,2,"Asian, Asian British or Asian Welsh: Chinese",3,"L4, L5 and L6: Lower managerial, administrative and professional occupations",21
E05013611,Chiswick Riverside,2,"Asian, Asian British or Asian Welsh: Chinese",4,L7: Intermediate occupations,7
E05013611,Chiswick Riverside,2,"Asian, Asian British or Asian Welsh: Chinese",5,L8 and L9: Small employers and own account workers,7
E05013611,Chiswick Riverside,2,"Asian, Asian British or Asian Welsh: Chinese",6,L10 and L11: Lower supervisory and technical occupations,5
E05013611,Chiswick Riverside,2,"Asian, Asian British or Asian Welsh: Chinese",7,L12: Semi-routine occupations,6
E05013611,Chiswick Riverside,2,"Asian, Asian British or Asian Welsh: Chinese",8,L13: Routine occupations,2
E05013611,Chiswick Riverside,2,"Asian, Asian British or Asian Welsh: Chinese",9,L14.1: Never worked,15
E05013611,Chiswick Riverside,2,"Asian, Asian British or Asian Welsh: Chinese",10,L14.2: Long-term unemployed,1
E05013611,Chiswick Riverside,2,"Asian, Asian British or Asian Welsh: Chinese",11,L15: Full-time students,4
E05013611,Chiswick Riverside,3,"Asian, Asian British or Asian Welsh: Indian",-8,Does not apply,83
E05013611,Chiswick Riverside,3,"Asian, Asian British or Asian Welsh: Indian",1,L1 and L2: Large employers and higher managerial and administrative occupations,44
E05013611,Chiswick Riverside,3,"Asian, Asian British or Asian Welsh: Indian",2,L3: Higher professional occupations,80
E05013611,Chiswick Riverside,3,"Asian, Asian British or Asian Welsh: Indian",3,"L4, L5 and L6: Lower managerial, administrative and professional occupations",73
E05013611,Chiswick Riverside,3,"Asian, Asian British or Asian Welsh: Indian",4,L7: Intermediate occupations,29
E05013611,Chiswick Riverside,3,"Asian, Asian British or Asian Welsh: Indian",5,L8 and L9: Small employers and own account workers,35
E05013611,Chiswick Riverside,3,"Asian, Asian British or Asian Welsh: Indian",6,L10 and L11: Lower supervisory and technical occupations,8
E05013611,Chiswick Riverside,3,"Asian, Asian British or Asian Welsh: Indian",7,L12: Semi-routine occupations,15
E05013611,Chiswick Riverside,3,"Asian, Asian British or Asian Welsh: Indian",8,L13: Routine occupations,9
E05013611,Chiswick Riverside,3,"Asian, Asian British or Asian Welsh: Indian",9,L14.1: Never worked,25
E05013611,Chiswick Riverside,3,"Asian, Asian British or Asian Welsh: Indian",10,L14.2: Long-term unemployed,5
E05013611,Chiswick Riverside,3,"Asian, Asian British or Asian Welsh: Indian",11,L15: Full-time students,8
E05013611,Chiswick Riverside,4,"Asian, Asian British or Asian Welsh: Pakistani",-8,Does not apply,28
E05013611,Chiswick Riverside,4,"Asian, Asian British or Asian Welsh: Pakistani",1,L1 and L2: Large employers and higher managerial and administrative occupations,4
E05013611,Chiswick Riverside,4,"Asian, Asian British or Asian Welsh: Pakistani",2,L3: Higher professional occupations,7
E05013611,Chiswick Riverside,4,"Asian, Asian British or Asian Welsh: Pakistani",3,"L4, L5 and L6: Lower managerial, administrative and professional occupations",18
E05013611,Chiswick Riverside,4,"Asian, Asian British or Asian Welsh: Pakistani",4,L7: Intermediate occupations,3
E05013611,Chiswick Riverside,4,"Asian, Asian British or Asian Welsh: Pakistani",5,L8 and L9: Small employers and own account workers,10
E05013611,Chiswick Riverside,4,"Asian, Asian British or Asian Welsh: Pakistani",6,L10 and L11: Lower supervisory and technical occupations,1
E05013611,Chiswick Riverside,4,"Asian, Asian British or Asian Welsh: Pakistani",7,L12: Semi-routine occupations,7
E05013611,Chiswick Riverside,4,"Asian, Asian British or Asian Welsh: Pakistani",8,L13: Routine occupations,7
E05013611,Chiswick Riverside,4,"Asian, Asian British or Asian Welsh: Pakistani",9,L14.1: Never worked,21
E05013611,Chiswick Riverside,4,"Asian, Asian British or Asian Welsh: Pakistani",10,L14.2: Long-term unemployed,0
E05013611,Chiswick Riverside,4,"Asian, Asian British or Asian Welsh: Pakistani",11,L15: Full-time students,8
E05013611,Chiswick Riverside,5,"Asian, Asian British or Asian Welsh: Other Asian",-8,Does not apply,47
E05013611,Chiswick Riverside,5,"Asian, Asian British or Asian Welsh: Other Asian",1,L1 and L2: Large employers and higher managerial and administrative occupations,24
E05013611,Chiswick Riverside,5,"Asian, Asian British or Asian Welsh: Other Asian",2,L3: Higher professional occupations,36
E05013611,Chiswick Riverside,5,"Asian, Asian British or Asian Welsh: Other Asian",3,"L4, L5 and L6: Lower managerial, administrative and professional occupations",49
E05013611,Chiswick Riverside,5,"Asian, Asian British or Asian Welsh: Other Asian",4,L7: Intermediate occupations,19
E05013611,Chiswick Riverside,5,"Asian, Asian British or Asian Welsh: Other Asian",5,L8 and L9: Small employers and own account workers,20
E05013611,Chiswick Riverside,5,"Asian, Asian British or Asian Welsh: Other Asian",6,L10 and L11: Lower supervisory and technical occupations,14
E05013611,Chiswick Riverside,5,"Asian, Asian British or Asian Welsh: Other Asian",7,L12: Semi-routine occupations,35
E05013611,Chiswick Riverside,5,"Asian, Asian British or Asian Welsh: Other Asian",8,L13: Routine occupations,18
E05013611,Chiswick Riverside,5,"Asian, Asian British or Asian Welsh: Other Asian",9,L14.1: Never worked,28
E05013611,Chiswick Riverside,5,"Asian, Asian British or Asian Welsh: Other Asian",10,L14.2: Long-term unemployed,6
E05013611,Chiswick Riverside,5,"Asian, Asian British or Asian Welsh: Other Asian",11,L15: Full-time students,20
E05013611,Chiswick Riverside,6,"Black, Black British, Black Welsh, Caribbean or African: African",-8,Does not apply,69
E05013611,Chiswick Riverside,6,"Black, Black British, Black Welsh, Caribbean or African: African",1,L1 and L2: Large employers and higher managerial and administrative occupations,8
E05013611,Chiswick Riverside,6,"Black, Black British, Black Welsh, Caribbean or African: African",2,L3: Higher professional occupations,19
E05013611,Chiswick Riverside,6,"Black, Black British, Black Welsh, Caribbean or African: African",3,"L4, L5 and L6: Lower managerial, administrative and professional occupations",44
E05013611,Chiswick Riverside,6,"Black, Black British, Black Welsh, Caribbean or African: African",4,L7: Intermediate occupations,18
E05013611,Chiswick Riverside,6,"Black, Black British, Black Welsh, Caribbean or African: African",5,L8 and L9: Small employers and own account workers,24
E05013611,Chiswick Riverside,6,"Black, Black British, Black Welsh, Caribbean or African: African",6,L10 and L11: Lower supervisory and technical occupations,2
E05013611,Chiswick Riverside,6,"Black, Black British, Black Welsh, Caribbean or African: African",7,L12: Semi-routine occupations,16
E05013611,Chiswick Riverside,6,"Black, Black British, Black Welsh, Caribbean or African: African",8,L13: Routine occupations,6
E05013611,Chiswick Riverside,6,"Black, Black British, Black Welsh, Caribbean or African: African",9,L14.1: Never worked,28
E05013611,Chiswick Riverside,6,"Black, Black British, Black Welsh, Caribbean or African: African",10,L14.2: Long-term unemployed,5
E05013611,Chiswick Riverside,6,"Black, Black British, Black Welsh, Caribbean or African: African",11,L15: Full-time students,32
E05013611,Chiswick Riverside,7,"Black, Black British, Black Welsh, Caribbean or African: Caribbean",-8,Does not apply,15
E05013611,Chiswick Riverside,7,"Black, Black British, Black Welsh, Caribbean or African: Caribbean",1,L1 and L2: Large employers and higher managerial and administrative occupations,7
E05013611,Chiswick Riverside,7,"Black, Black British, Black Welsh, Caribbean or African: Caribbean",2,L3: Higher professional occupations,5
E05013611,Chiswick Riverside,7,"Black, Black British, Black Welsh, Caribbean or African: Caribbean",3,"L4, L5 and L6: Lower managerial, administrative and professional occupations",27
E05013611,Chiswick Riverside,7,"Black, Black British, Black Welsh, Caribbean or African: Caribbean",4,L7: Intermediate occupations,16
E05013611,Chiswick Riverside,7,"Black, Black British, Black Welsh, Caribbean or African: Caribbean",5,L8 and L9: Small employers and own account workers,13
E05013611,Chiswick Riverside,7,"Black, Black British, Black Welsh, Caribbean or African: Caribbean",6,L10 and L11: Lower supervisory and technical occupations,6
E05013611,Chiswick Riverside,7,"Black, Black British, Black Welsh, Caribbean or African: Caribbean",7,L12: Semi-routine occupations,17
E05013611,Chiswick Riverside,7,"Black, Black British, Black Welsh, Caribbean or African: Caribbean",8,L13: Routine occupations,9
E05013611,Chiswick Riverside,7,"Black, Black British, Black Welsh, Caribbean or African: Caribbean",9,L14.1: Never worked,8
E05013611,Chiswick Riverside,7,"Black, Black British, Black Welsh, Caribbean or African: Caribbean",10,L14.2: Long-term unemployed,5
E05013611,Chiswick Riverside,7,"Black, Black British, Black Welsh, Caribbean or African: Caribbean",11,L15: Full-time students,4
E05013611,Chiswick Riverside,8,"Black, Black British, Black Welsh, Caribbean or African: Other Black",-8,Does not apply,18
E05013611,Chiswick Riverside,8,"Black, Black British, Black Welsh, Caribbean or African: Other Black",1,L1 and L2: Large employers and higher managerial and administrative occupations,4
E05013611,Chiswick Riverside,8,"Black, Black British, Black Welsh, Caribbean or African: Other Black",2,L3: Higher professional occupations,3
E05013611,Chiswick Riverside,8,"Black, Black British, Black Welsh, Caribbean or African: Other Black",3,"L4, L5 and L6: Lower managerial, administrative and professional occupations",8
E05013611,Chiswick Riverside,8,"Black, Black British, Black Welsh, Caribbean or African: Other Black",4,L7: Intermediate occupations,6
E05013611,Chiswick Riverside,8,"Black, Black British, Black Welsh, Caribbean or African: Other Black",5,L8 and L9: Small employers and own account workers,5
E05013611,Chiswick Riverside,8,"Black, Black British, Black Welsh, Caribbean or African: Other Black",6,L10 and L11: Lower supervisory and technical occupations,1
E05013611,Chiswick Riverside,8,"Black, Black British, Black Welsh, Caribbean or African: Other Black",7,L12: Semi-routine occupations,3
E05013611,Chiswick Riverside,8,"Black, Black British, Black Welsh, Caribbean or African: Other Black",8,L13: Routine occupations,2
E05013611,Chiswick Riverside,8,"Black, Black British, Black Welsh, Caribbean or African: Other Black",9,L14.1: Never worked,5
E05013611,Chiswick Riverside,8,"Black, Black British, Black Welsh, Caribbean or African: Other Black",10,L14.2: Long-term unemployed,3
E05013611,Chiswick Riverside,8,"Black, Black British, Black Welsh, Caribbean or African: Other Black",11,L15: Full-time students,4
E05013611,Chiswick Riverside,9,Mixed or Multiple ethnic groups: White and Asian,-8,Does not apply,116
E05013611,Chiswick Riverside,9,Mixed or Multiple ethnic groups: White and Asian,1,L1 and L2: Large employers and higher managerial and administrative occupations,6
E05013611,Chiswick Riverside,9,Mixed or Multiple ethnic groups: White and Asian,2,L3: Higher professional occupations,23
E05013611,Chiswick Riverside,9,Mixed or Multiple ethnic groups: White and Asian,3,"L4, L5 and L6: Lower managerial, administrative and professional occupations",36
E05013611,Chiswick Riverside,9,Mixed or Multiple ethnic groups: White and Asian,4,L7: Intermediate occupations,12
E05013611,Chiswick Riverside,9,Mixed or Multiple ethnic groups: White and Asian,5,L8 and L9: Small employers and own account workers,10
E05013611,Chiswick Riverside,9,Mixed or Multiple ethnic groups: White and Asian,6,L10 and L11: Lower supervisory and technical occupations,3
E05013611,Chiswick Riverside,9,Mixed or Multiple ethnic groups: White and Asian,7,L12: Semi-routine occupations,5
E05013611,Chiswick Riverside,9,Mixed or Multiple ethnic groups: White and Asian,8,L13: Routine occupations,5
E05013611,Chiswick Riverside,9,Mixed or Multiple ethnic groups: White and Asian,9,L14.1: Never worked,3
E05013611,Chiswick Riverside,9,Mixed or Multiple ethnic groups: White and Asian,10,L14.2: Long-term unemployed,0
E05013611,Chiswick Riverside,9,Mixed or Multiple ethnic groups: White and Asian,11,L15: Full-time students,20
E05013611,Chiswick Riverside,10,Mixed or Multiple ethnic groups: White and Black African,-8,Does not apply,40
E05013611,Chiswick Riverside,10,Mixed or Multiple ethnic groups: White and Black African,1,L1 and L2: Large employers and higher managerial and administrative occupations,4
E05013611,Chiswick Riverside,10,Mixed or Multiple ethnic groups: White and Black African,2,L3: Higher professional occupations,5
E05013611,Chiswick Riverside,10,Mixed or Multiple ethnic groups: White and Black African,3,"L4, L5 and L6: Lower managerial, administrative and professional occupations",10
E05013611,Chiswick Riverside,10,Mixed or Multiple ethnic groups: White and Black African,4,L7: Intermediate occupations,1
E05013611,Chiswick Riverside,10,Mixed or Multiple ethnic groups: White and Black African,5,L8 and L9: Small employers and own account workers,9
E05013611,Chiswick Riverside,10,Mixed or Multiple ethnic groups: White and Black African,6,L10 and L11: Lower supervisory and technical occupations,1
E05013611,Chiswick Riverside,10,Mixed or Multiple ethnic groups: White and Black African,7,L12: Semi-routine occupations,2
E05013611,Chiswick Riverside,10,Mixed or Multiple ethnic groups: White and Black African,8,L13: Routine occupations,4
E05013611,Chiswick Riverside,10,Mixed or Multiple ethnic groups: White and Black African,9,L14.1: Never worked,3
E05013611,Chiswick Riverside,10,Mixed or Multiple ethnic groups: White and Black African,10,L14.2: Long-term unemployed,0
E05013611,Chiswick Riverside,10,Mixed or Multiple ethnic groups: White and Black African,11,L15: Full-time students,8
E05013611,Chiswick Riverside,11,Mixed or Multiple ethnic groups: White and Black Caribbean,-8,Does not apply,64
E05013611,Chiswick Riverside,11,Mixed or Multiple ethnic groups: White and Black Caribbean,1,L1 and L2: Large employers and higher managerial and administrative occupations,6
E05013611,Chiswick Riverside,11,Mixed or Multiple ethnic groups: White and Black Caribbean,2,L3: Higher professional occupations,14
E05013611,Chiswick Riverside,11,Mixed or Multiple ethnic groups: White and Black Caribbean,3,"L4, L5 and L6: Lower managerial, administrative and professional occupations",16
E05013611,Chiswick Riverside,11,Mixed or Multiple ethnic groups: White and Black Caribbean,4,L7: Intermediate occupations,4
E05013611,Chiswick Riverside,11,Mixed or Multiple ethnic groups: White and Black Caribbean,5,L8 and L9: Small employers and own account workers,12
E05013611,Chiswick Riverside,11,Mixed or Multiple ethnic groups: White and Black Caribbean,6,L10 and L11: Lower supervisory and technical occupations,3
E05013611,Chiswick Riverside,11,Mixed or Multiple ethnic groups: White and Black Caribbean,7,L12: Semi-routine occupations,8
E05013611,Chiswick Riverside,11,Mixed or Multiple ethnic groups: White and Black Caribbean,8,L13: Routine occupations,4
E05013611,Chiswick Riverside,11,Mixed or Multiple ethnic groups: White and Black Caribbean,9,L14.1: Never worked,6
E05013611,Chiswick Riverside,11,Mixed or Multiple ethnic groups: White and Black Caribbean,10,L14.2: Long-term unemployed,2
E05013611,Chiswick Riverside,11,Mixed or Multiple ethnic groups: White and Black Caribbean,11,L15: Full-time students,11
E05013611,Chiswick Riverside,12,Mixed or Multiple ethnic groups: Other Mixed or Multiple ethnic groups,-8,Does not apply,125
E05013611,Chiswick Riverside,12,Mixed or Multiple ethnic groups: Other Mixed or Multiple ethnic groups,1,L1 and L2: Large employers and higher managerial and administrative occupations,10
E05013611,Chiswick Riverside,12,Mixed or Multiple ethnic groups: Other Mixed or Multiple ethnic groups,2,L3: Higher professional occupations,33
E05013611,Chiswick Riverside,12,Mixed or Multiple ethnic groups: Other Mixed or Multiple ethnic groups,3,"L4, L5 and L6: Lower managerial, administrative and professional occupations",36
E05013611,Chiswick Riverside,12,Mixed or Multiple ethnic groups: Other Mixed or Multiple ethnic groups,4,L7: Intermediate occupations,11
E05013611,Chiswick Riverside,12,Mixed or Multiple ethnic groups: Other Mixed or Multiple ethnic groups,5,L8 and L9: Small employers and own account workers,13
E05013611,Chiswick Riverside,12,Mixed or Multiple ethnic groups: Other Mixed or Multiple ethnic groups,6,L10 and L11: Lower supervisory and technical occupations,4
E05013611,Chiswick Riverside,12,Mixed or Multiple ethnic groups: Other Mixed or Multiple ethnic groups,7,L12: Semi-routine occupations,7
E05013611,Chiswick Riverside,12,Mixed or Multiple ethnic groups: Other Mixed or Multiple ethnic groups,8,L13: Routine occupations,7
E05013611,Chiswick Riverside,12,Mixed or Multiple ethnic groups: Other Mixed or Multiple ethnic groups,9,L14.1: Never worked,5
E05013611,Chiswick Riverside,12,Mixed or Multiple ethnic groups: Other Mixed or Multiple ethnic groups,10,L14.2: Long-term unemployed,2
E05013611,Chiswick Riverside,12,Mixed or Multiple ethnic groups: Other Mixed or Multiple ethnic groups,11,L15: Full-time students,16
E05013611,Chiswick Riverside,13,"White: English, Welsh, Scottish, Northern Irish or British",-8,Does not apply,947
E05013611,Chiswick Riverside,13,"White: English, Welsh, Scottish, Northern Irish or British",1,L1 and L2: Large employers and higher managerial and administrative occupations,457
E05013611,Chiswick Riverside,13,"White: English, Welsh, Scottish, Northern Irish or British",2,L3: Higher professional occupations,795
E05013611,Chiswick Riverside,13,"White: English, Welsh, Scottish, Northern Irish or British",3,"L4, L5 and L6: Lower managerial, administrative and professional occupations",1249
E05013611,Chiswick Riverside,13,"White: English, Welsh, Scottish, Northern Irish or British",4,L7: Intermediate occupations,317
E05013611,Chiswick Riverside,13,"White: English, Welsh, Scottish, Northern Irish or British",5,L8 and L9: Small employers and own account workers,513
E05013611,Chiswick Riverside,13,"White: English, Welsh, Scottish, Northern Irish or British",6,L10 and L11: Lower supervisory and technical occupations,96
E05013611,Chiswick Riverside,13,"White: English, Welsh, Scottish, Northern Irish or British",7,L12: Semi-routine occupations,175
E05013611,Chiswick Riverside,13,"White: English, Welsh, Scottish, Northern Irish or British",8,L13: Routine occupations,190
E05013611,Chiswick Riverside,13,"White: English, Welsh, Scottish, Northern Irish or British",9,L14.1: Never worked,131
E05013611,Chiswick Riverside,13,"White: English, Welsh, Scottish, Northern Irish or British",10,L14.2: Long-term unemployed,50
E05013611,Chiswick Riverside,13,"White: English, Welsh, Scottish, Northern Irish or British",11,L15: Full-time students,260
E05013611,Chiswick Riverside,14,White: Irish,-8,Does not apply,19
E05013611,Chiswick Riverside,14,White: Irish,1,L1 and L2: Large employers and higher managerial and administrative occupations,20
E05013611,Chiswick Riverside,14,White: Irish,2,L3: Higher professional occupations,49
E05013611,Chiswick Riverside,14,White: Irish,3,"L4, L5 and L6: Lower managerial, administrative and professional occupations",83
E05013611,Chiswick Riverside,14,White: Irish,4,L7: Intermediate occupations,22
E05013611,Chiswick Riverside,14,White: Irish,5,L8 and L9: Small employers and own account workers,27
E05013611,Chiswick Riverside,14,White: Irish,6,L10 and L11: Lower supervisory and technical occupations,15
E05013611,Chiswick Riverside,14,White: Irish,7,L12: Semi-routine occupations,12
E05013611,Chiswick Riverside,14,White: Irish,8,L13: Routine occupations,18
E05013611,Chiswick Riverside,14,White: Irish,9,L14.1: Never worked,10
E05013611,Chiswick Riverside,14,White: Irish,10,L14.2: Long-term unemployed,6
E05013611,Chiswick Riverside,14,White: Irish,11,L15: Full-time students,12
E05013611,Chiswick Riverside,15,White: Gypsy or Irish Traveller,-8,Does not apply,0
E05013611,Chiswick Riverside,15,White: Gypsy or Irish Traveller,1,L1 and L2: Large employers and higher managerial and administrative occupations,0
E05013611,Chiswick Riverside,15,White: Gypsy or Irish Traveller,2,L3: Higher professional occupations,0
E05013611,Chiswick Riverside,15,White: Gypsy or Irish Traveller,3,"L4, L5 and L6: Lower managerial, administrative and professional occupations",0
E05013611,Chiswick Riverside,15,White: Gypsy or Irish Traveller,4,L7: Intermediate occupations,0
E05013611,Chiswick Riverside,15,White: Gypsy or Irish Traveller,5,L8 and L9: Small employers and own account workers,0
E05013611,Chiswick Riverside,15,White: Gypsy or Irish Traveller,6,L10 and L11: Lower supervisory and technical occupations,0
E05013611,Chiswick Riverside,15,White: Gypsy or Irish Traveller,7,L12: Semi-routine occupations,1
E05013611,Chiswick Riverside,15,White: Gypsy or Irish Traveller,8,L13: Routine occupations,0
E05013611,Chiswick Riverside,15,White: Gypsy or Irish Traveller,9,L14.1: Never worked,2
E05013611,Chiswick Riverside,15,White: Gypsy or Irish Traveller,10,L14.2: Long-term unemployed,0
E05013611,Chiswick Riverside,15,White: Gypsy or Irish Traveller,11,L15: Full-time students,0
E05013611,Chiswick Riverside,16,White: Roma,-8,Does not apply,5
E05013611,Chiswick Riverside,16,White: Roma,1,L1 and L2: Large employers and higher managerial and administrative occupations,1
E05013611,Chiswick Riverside,16,White: Roma,2,L3: Higher professional occupations,2
E05013611,Chiswick Riverside,16,White: Roma,3,"L4, L5 and L6: Lower managerial, administrative and professional occupations",11
E05013611,Chiswick Riverside,16,White: Roma,4,L7: Intermediate occupations,1
E05013611,Chiswick Riverside,16,White: Roma,5,L8 and L9: Small employers and own account workers,3
E05013611,Chiswick Riverside,16,White: Roma,6,L10 and L11: Lower supervisory and technical occupations,1
E05013611,Chiswick Riverside,16,White: Roma,7,L12: Semi-routine occupations,1
E05013611,Chiswick Riverside,16,White: Roma,8,L13: Routine occupations,5
E05013611,Chiswick Riverside,16,White: Roma,9,L14.1: Never worked,1
E05013611,Chiswick Riverside,16,White: Roma,10,L14.2: Long-term unemployed,0
E05013611,Chiswick Riverside,16,White: Roma,11,L15: Full-time students,0
E05013611,Chiswick Riverside,17,White: Other White,-8,Does not apply,241
E05013611,Chiswick Riverside,17,White: Other White,1,L1 and L2: Large employers and higher managerial and administrative occupations,205
E05013611,Chiswick Riverside,17,White: Other White,2,L3: Higher professional occupations,340
E05013611,Chiswick Riverside,17,White: Other White,3,"L4, L5 and L6: Lower managerial, administrative and professional occupations",451
E05013611,Chiswick Riverside,17,White: Other White,4,L7: Intermediate occupations,104
E05013611,Chiswick Riverside,17,White: Other White,5,L8 and L9: Small employers and own account workers,260
E05013611,Chiswick Riverside,17,White: Other White,6,L10 and L11: Lower supervisory and technical occupations,52
E05013611,Chiswick Riverside,17,White: Other White,7,L12: Semi-routine occupations,105
E05013611,Chiswick Riverside,17,White: Other White,8,L13: Routine occupations,91
E05013611,Chiswick Riverside,17,White: Other White,9,L14.1: Never worked,56
E05013611,Chiswick Riverside,17,White: Other White,10,L14.2: Long-term unemployed,26
E05013611,Chiswick Riverside,17,White: Other White,11,L15: Full-time students,96
E05013611,Chiswick Riverside,18,Other ethnic group: Arab,-8,Does not apply,56
E05013611,Chiswick Riverside,18,Other ethnic group: Arab,1,L1 and L2: Large employers and higher managerial and administrative occupations,3
E05013611,Chiswick Riverside,18,Other ethnic group: Arab,2,L3: Higher professional occupations,29
E05013611,Chiswick Riverside,18,Other ethnic group: Arab,3,"L4, L5 and L6: Lower managerial, administrative and professional occupations",35
E05013611,Chiswick Riverside,18,Other ethnic group: Arab,4,L7: Intermediate occupations,11
E05013611,Chiswick Riverside,18,Other ethnic group: Arab,5,L8 and L9: Small employers and own account workers,14
E05013611,Chiswick Riverside,18,Other ethnic group: Arab,6,L10 and L11: Lower supervisory and technical occupations,8
E05013611,Chiswick Riverside,18,Other ethnic group: Arab,7,L12: Semi-routine occupations,7
E05013611,Chiswick Riverside,18,Other ethnic group: Arab,8,L13: Routine occupations,10
E05013611,Chiswick Riverside,18,Other ethnic group: Arab,9,L14.1: Never worked,27
E05013611,Chiswick Riverside,18,Other ethnic group: Arab,10,L14.2: Long-term unemployed,2
E05013611,Chiswick Riverside,18,Other ethnic group: Arab,11,L15: Full-time students,27
E05013611,Chiswick Riverside,19,Other ethnic group: Any other ethnic group,-8,Does not apply,56
E05013611,Chiswick Riverside,19,Other ethnic group: Any other ethnic group,1,L1 and L2: Large employers and higher managerial and administrative occupations,17
E05013611,Chiswick Riverside,19,Other ethnic group: Any other ethnic group,2,L3: Higher professional occupations,35
E05013611,Chiswick Riverside,19,Other ethnic group: Any other ethnic group,3,"L4, L5 and L6: Lower managerial, administrative and professional occupations",47
E05013611,Chiswick Riverside,19,Other ethnic group: Any other ethnic group,4,L7: Intermediate occupations,16
E05013611,Chiswick Riverside,19,Other ethnic group: Any other ethnic group,5,L8 and L9: Small employers and own account workers,46
E05013611,Chiswick Riverside,19,Other ethnic group: Any other ethnic group,6,L10 and L11: Lower supervisory and technical occupations,9
E05013611,Chiswick Riverside,19,Other ethnic group: Any other ethnic group,7,L12: Semi-routine occupations,23
E05013611,Chiswick Riverside,19,Other ethnic group: Any other ethnic group,8,L13: Routine occupations,22
E05013611,Chiswick Riverside,19,Other ethnic group: Any other ethnic group,9,L14.1: Never worked,41
E05013611,Chiswick Riverside,19,Other ethnic group: Any other ethnic group,10,L14.2: Long-term unemployed,9
E05013611,Chiswick Riverside,19,Other ethnic group: Any other ethnic group,11,L15: Full-time students,18
E05013612,Cranford,-8,Does not apply,-8,Does not apply,0
E05013612,Cranford,-8,Does not apply,1,L1 and L2: Large employers and higher managerial and administrative occupations,0
E05013612,Cranford,-8,Does not apply,2,L3: Higher professional occupations,0
E05013612,Cranford,-8,Does not apply,3,"L4, L5 and L6: Lower managerial, administrative and professional occupations",0
E05013612,Cranford,-8,Does not apply,4,L7: Intermediate occupations,0
E05013612,Cranford,-8,Does not apply,5,L8 and L9: Small employers and own account workers,0
E05013612,Cranford,-8,Does not apply,6,L10 and L11: Lower supervisory and technical occupations,0
E05013612,Cranford,-8,Does not apply,7,L12: Semi-routine occupations,0
E05013612,Cranford,-8,Does not apply,8,L13: Routine occupations,0
E05013612,Cranford,-8,Does not apply,9,L14.1: Never worked,0
E05013612,Cranford,-8,Does not apply,10,L14.2: Long-term unemployed,0
E05013612,Cranford,-8,Does not apply,11,L15: Full-time students,0
E05013612,Cranford,1,"Asian, Asian British or Asian Welsh: Bangladeshi",-8,Does not apply,50
E05013612,Cranford,1,"Asian, Asian British or Asian Welsh: Bangladeshi",1,L1 and L2: Large employers and higher managerial and administrative occupations,0
E05013612,Cranford,1,"Asian, Asian British or Asian Welsh: Bangladeshi",2,L3: Higher professional occupations,1
E05013612,Cranford,1,"Asian, Asian British or Asian Welsh: Bangladeshi",3,"L4, L5 and L6: Lower managerial, administrative and professional occupations",14
E05013612,Cranford,1,"Asian, Asian British or Asian Welsh: Bangladeshi",4,L7: Intermediate occupations,8
E05013612,Cranford,1,"Asian, Asian British or Asian Welsh: Bangladeshi",5,L8 and L9: Small employers and own account workers,7
E05013612,Cranford,1,"Asian, Asian British or Asian Welsh: Bangladeshi",6,L10 and L11: Lower supervisory and technical occupations,6
E05013612,Cranford,1,"Asian, Asian British or Asian Welsh: Bangladeshi",7,L12: Semi-routine occupations,12
E05013612,Cranford,1,"Asian, Asian British or Asian Welsh: Bangladeshi",8,L13: Routine occupations,10
E05013612,Cranford,1,"Asian, Asian British or Asian Welsh: Bangladeshi",9,L14.1: Never worked,24
E05013612,Cranford,1,"Asian, Asian British or Asian Welsh: Bangladeshi",10,L14.2: Long-term unemployed,6
E05013612,Cranford,1,"Asian, Asian British or Asian Welsh: Bangladeshi",11,L15: Full-time students,19
E05013612,Cranford,2,"Asian, Asian British or Asian Welsh: Chinese",-8,Does not apply,3
E05013612,Cranford,2,"Asian, Asian British or Asian Welsh: Chinese",1,L1 and L2: Large employers and higher managerial and administrative occupations,0
E05013612,Cranford,2,"Asian, Asian British or Asian Welsh: Chinese",2,L3: Higher professional occupations,5
E05013612,Cranford,2,"Asian, Asian British or Asian Welsh: Chinese",3,"L4, L5 and L6: Lower managerial, administrative and professional occupations",6
E05013612,Cranford,2,"Asian, Asian British or Asian Welsh: Chinese",4,L7: Intermediate occupations,4
E05013612,Cranford,2,"Asian, Asian British or Asian Welsh: Chinese",5,L8 and L9: Small employers and own account workers,6
E05013612,Cranford,2,"Asian, Asian British or Asian Welsh: Chinese",6,L10 and L11: Lower supervisory and technical occupations,7
E05013612,Cranford,2,"Asian, Asian British or Asian Welsh: Chinese",7,L12: Semi-routine occupations,2
E05013612,Cranford,2,"Asian, Asian British or Asian Welsh: Chinese",8,L13: Routine occupations,7
E05013612,Cranford,2,"Asian, Asian British or Asian Welsh: Chinese",9,L14.1: Never worked,2
E05013612,Cranford,2,"Asian, Asian British or Asian Welsh: Chinese",10,L14.2: Long-term unemployed,2
E05013612,Cranford,2,"Asian, Asian British or Asian Welsh: Chinese",11,L15: Full-time students,1
E05013612,Cranford,3,"Asian, Asian British or Asian Welsh: Indian",-8,Does not apply,986
E05013612,Cranford,3,"Asian, Asian British or Asian Welsh: Indian",1,L1 and L2: Large employers and higher managerial and administrative occupations,103
E05013612,Cranford,3,"Asian, Asian British or Asian Welsh: Indian",2,L3: Higher professional occupations,286
E05013612,Cranford,3,"Asian, Asian British or Asian Welsh: Indian",3,"L4, L5 and L6: Lower managerial, administrative and professional occupations",635
E05013612,Cranford,3,"Asian, Asian British or Asian Welsh: Indian",4,L7: Intermediate occupations,584
E05013612,Cranford,3,"Asian, Asian British or Asian Welsh: Indian",5,L8 and L9: Small employers and own account workers,334
E05013612,Cranford,3,"Asian, Asian British or Asian Welsh: Indian",6,L10 and L11: Lower supervisory and technical occupations,339
E05013612,Cranford,3,"Asian, Asian British or Asian Welsh: Indian",7,L12: Semi-routine occupations,629
E05013612,Cranford,3,"Asian, Asian British or Asian Welsh: Indian",8,L13: Routine occupations,1176
E05013612,Cranford,3,"Asian, Asian British or Asian Welsh: Indian",9,L14.1: Never worked,509
E05013612,Cranford,3,"Asian, Asian British or Asian Welsh: Indian",10,L14.2: Long-term unemployed,81
E05013612,Cranford,3,"Asian, Asian British or Asian Welsh: Indian",11,L15: Full-time students,373
E05013612,Cranford,4,"Asian, Asian British or Asian Welsh: Pakistani",-8,Does not apply,349
E05013612,Cranford,4,"Asian, Asian British or Asian Welsh: Pakistani",1,L1 and L2: Large employers and higher managerial and administrative occupations,23
E05013612,Cranford,4,"Asian, Asian British or Asian Welsh: Pakistani",2,L3: Higher professional occupations,68
E05013612,Cranford,4,"Asian, Asian British or Asian Welsh: Pakistani",3,"L4, L5 and L6: Lower managerial, administrative and professional occupations",145
E05013612,Cranford,4,"Asian, Asian British or Asian Welsh: Pakistani",4,L7: Intermediate occupations,123
E05013612,Cranford,4,"Asian, Asian British or Asian Welsh: Pakistani",5,L8 and L9: Small employers and own account workers,120
E05013612,Cranford,4,"Asian, Asian British or Asian Welsh: Pakistani",6,L10 and L11: Lower supervisory and technical occupations,46
E05013612,Cranford,4,"Asian, Asian British or Asian Welsh: Pakistani",7,L12: Semi-routine occupations,124
E05013612,Cranford,4,"Asian, Asian British or Asian Welsh: Pakistani",8,L13: Routine occupations,90
E05013612,Cranford,4,"Asian, Asian British or Asian Welsh: Pakistani",9,L14.1: Never worked,215
E05013612,Cranford,4,"Asian, Asian British or Asian Welsh: Pakistani",10,L14.2: Long-term unemployed,18
E05013612,Cranford,4,"Asian, Asian British or Asian Welsh: Pakistani",11,L15: Full-time students,157
E05013612,Cranford,5,"Asian, Asian British or Asian Welsh: Other Asian",-8,Does not apply,282
E05013612,Cranford,5,"Asian, Asian British or Asian Welsh: Other Asian",1,L1 and L2: Large employers and higher managerial and administrative occupations,18
E05013612,Cranford,5,"Asian, Asian British or Asian Welsh: Other Asian",2,L3: Higher professional occupations,55
E05013612,Cranford,5,"Asian, Asian British or Asian Welsh: Other Asian",3,"L4, L5 and L6: Lower managerial, administrative and professional occupations",137
E05013612,Cranford,5,"Asian, Asian British or Asian Welsh: Other Asian",4,L7: Intermediate occupations,94
E05013612,Cranford,5,"Asian, Asian British or Asian Welsh: Other Asian",5,L8 and L9: Small employers and own account workers,88
E05013612,Cranford,5,"Asian, Asian British or Asian Welsh: Other Asian",6,L10 and L11: Lower supervisory and technical occupations,54
E05013612,Cranford,5,"Asian, Asian British or Asian Welsh: Other Asian",7,L12: Semi-routine occupations,175
E05013612,Cranford,5,"Asian, Asian British or Asian Welsh: Other Asian",8,L13: Routine occupations,163
E05013612,Cranford,5,"Asian, Asian British or Asian Welsh: Other Asian",9,L14.1: Never worked,230
E05013612,Cranford,5,"Asian, Asian British or Asian Welsh: Other Asian",10,L14.2: Long-term unemployed,21
E05013612,Cranford,5,"Asian, Asian British or Asian Welsh: Other Asian",11,L15: Full-time students,126
E05013612,Cranford,6,"Black, Black British, Black Welsh, Caribbean or African: African",-8,Does not apply,281
E05013612,Cranford,6,"Black, Black British, Black Welsh, Caribbean or African: African",1,L1 and L2: Large employers and higher managerial and administrative occupations,7
E05013612,Cranford,6,"Black, Black British, Black Welsh, Caribbean or African: African",2,L3: Higher professional occupations,29
E05013612,Cranford,6,"Black, Black British, Black Welsh, Caribbean or African: African",3,"L4, L5 and L6: Lower managerial, administrative and professional occupations",87
E05013612,Cranford,6,"Black, Black British, Black Welsh, Caribbean or African: African",4,L7: Intermediate occupations,50
E05013612,Cranford,6,"Black, Black British, Black Welsh, Caribbean or African: African",5,L8 and L9: Small employers and own account workers,62
E05013612,Cranford,6,"Black, Black British, Black Welsh, Caribbean or African: African",6,L10 and L11: Lower supervisory and technical occupations,25
E05013612,Cranford,6,"Black, Black British, Black Welsh, Caribbean or African: African",7,L12: Semi-routine occupations,119
E05013612,Cranford,6,"Black, Black British, Black Welsh, Caribbean or African: African",8,L13: Routine occupations,98
E05013612,Cranford,6,"Black, Black British, Black Welsh, Caribbean or African: African",9,L14.1: Never worked,85
E05013612,Cranford,6,"Black, Black British, Black Welsh, Caribbean or African: African",10,L14.2: Long-term unemployed,30
E05013612,Cranford,6,"Black, Black British, Black Welsh, Caribbean or African: African",11,L15: Full-time students,135
E05013612,Cranford,7,"Black, Black British, Black Welsh, Caribbean or African: Caribbean",-8,Does not apply,29
E05013612,Cranford,7,"Black, Black British, Black Welsh, Caribbean or African: Caribbean",1,L1 and L2: Large employers and higher managerial and administrative occupations,1
E05013612,Cranford,7,"Black, Black British, Black Welsh, Caribbean or African: Caribbean",2,L3: Higher professional occupations,3
E05013612,Cranford,7,"Black, Black British, Black Welsh, Caribbean or African: Caribbean",3,"L4, L5 and L6: Lower managerial, administrative and professional occupations",14
E05013612,Cranford,7,"Black, Black British, Black Welsh, Caribbean or African: Caribbean",4,L7: Intermediate occupations,18
E05013612,Cranford,7,"Black, Black British, Black Welsh, Caribbean or African: Caribbean",5,L8 and L9: Small employers and own account workers,5
E05013612,Cranford,7,"Black, Black British, Black Welsh, Caribbean or African: Caribbean",6,L10 and L11: Lower supervisory and technical occupations,8
E05013612,Cranford,7,"Black, Black British, Black Welsh, Caribbean or African: Caribbean",7,L12: Semi-routine occupations,18
E05013612,Cranford,7,"Black, Black British, Black Welsh, Caribbean or African: Caribbean",8,L13: Routine occupations,21
E05013612,Cranford,7,"Black, Black British, Black Welsh, Caribbean or African: Caribbean",9,L14.1: Never worked,8
E05013612,Cranford,7,"Black, Black British, Black Welsh, Caribbean or African: Caribbean",10,L14.2: Long-term unemployed,3
E05013612,Cranford,7,"Black, Black British, Black Welsh, Caribbean or African: Caribbean",11,L15: Full-time students,7
E05013612,Cranford,8,"Black, Black British, Black Welsh, Caribbean or African: Other Black",-8,Does not apply,50
E05013612,Cranford,8,"Black, Black British, Black Welsh, Caribbean or African: Other Black",1,L1 and L2: Large employers and higher managerial and administrative occupations,0
E05013612,Cranford,8,"Black, Black British, Black Welsh, Caribbean or African: Other Black",2,L3: Higher professional occupations,3
E05013612,Cranford,8,"Black, Black British, Black Welsh, Caribbean or African: Other Black",3,"L4, L5 and L6: Lower managerial, administrative and professional occupations",14
E05013612,Cranford,8,"Black, Black British, Black Welsh, Caribbean or African: Other Black",4,L7: Intermediate occupations,10
E05013612,Cranford,8,"Black, Black British, Black Welsh, Caribbean or African: Other Black",5,L8 and L9: Small employers and own account workers,2
E05013612,Cranford,8,"Black, Black British, Black Welsh, Caribbean or African: Other Black",6,L10 and L11: Lower supervisory and technical occupations,5
E05013612,Cranford,8,"Black, Black British, Black Welsh, Caribbean or African: Other Black",7,L12: Semi-routine occupations,12
E05013612,Cranford,8,"Black, Black British, Black Welsh, Caribbean or African: Other Black",8,L13: Routine occupations,13
E05013612,Cranford,8,"Black, Black British, Black Welsh, Caribbean or African: Other Black",9,L14.1: Never worked,3
E05013612,Cranford,8,"Black, Black British, Black Welsh, Caribbean or African: Other Black",10,L14.2: Long-term unemployed,0
E05013612,Cranford,8,"Black, Black British, Black Welsh, Caribbean or African: Other Black",11,L15: Full-time students,18
E05013612,Cranford,9,Mixed or Multiple ethnic groups: White and Asian,-8,Does not apply,81
E05013612,Cranford,9,Mixed or Multiple ethnic groups: White and Asian,1,L1 and L2: Large employers and higher managerial and administrative occupations,2
E05013612,Cranford,9,Mixed or Multiple ethnic groups: White and Asian,2,L3: Higher professional occupations,3
E05013612,Cranford,9,Mixed or Multiple ethnic groups: White and Asian,3,"L4, L5 and L6: Lower managerial, administrative and professional occupations",12
E05013612,Cranford,9,Mixed or Multiple ethnic groups: White and Asian,4,L7: Intermediate occupations,9
E05013612,Cranford,9,Mixed or Multiple ethnic groups: White and Asian,5,L8 and L9: Small employers and own account workers,0
E05013612,Cranford,9,Mixed or Multiple ethnic groups: White and Asian,6,L10 and L11: Lower supervisory and technical occupations,4
E05013612,Cranford,9,Mixed or Multiple ethnic groups: White and Asian,7,L12: Semi-routine occupations,12
E05013612,Cranford,9,Mixed or Multiple ethnic groups: White and Asian,8,L13: Routine occupations,6
E05013612,Cranford,9,Mixed or Multiple ethnic groups: White and Asian,9,L14.1: Never worked,9
E05013612,Cranford,9,Mixed or Multiple ethnic groups: White and Asian,10,L14.2: Long-term unemployed,2
E05013612,Cranford,9,Mixed or Multiple ethnic groups: White and Asian,11,L15: Full-time students,13
E05013612,Cranford,10,Mixed or Multiple ethnic groups: White and Black African,-8,Does not apply,36
E05013612,Cranford,10,Mixed or Multiple ethnic groups: White and Black African,1,L1 and L2: Large employers and higher managerial and administrative occupations,1
E05013612,Cranford,10,Mixed or Multiple ethnic groups: White and Black African,2,L3: Higher professional occupations,4
E05013612,Cranford,10,Mixed or Multiple ethnic groups: White and Black African,3,"L4, L5 and L6: Lower managerial, administrative and professional occupations",8
E05013612,Cranford,10,Mixed or Multiple ethnic groups: White and Black African,4,L7: Intermediate occupations,7
E05013612,Cranford,10,Mixed or Multiple ethnic groups: White and Black African,5,L8 and L9: Small employers and own account workers,3
E05013612,Cranford,10,Mixed or Multiple ethnic groups: White and Black African,6,L10 and L11: Lower supervisory and technical occupations,1
E05013612,Cranford,10,Mixed or Multiple ethnic groups: White and Black African,7,L12: Semi-routine occupations,3
E05013612,Cranford,10,Mixed or Multiple ethnic groups: White and Black African,8,L13: Routine occupations,5
E05013612,Cranford,10,Mixed or Multiple ethnic groups: White and Black African,9,L14.1: Never worked,5
E05013612,Cranford,10,Mixed or Multiple ethnic groups: White and Black African,10,L14.2: Long-term unemployed,1
E05013612,Cranford,10,Mixed or Multiple ethnic groups: White and Black African,11,L15: Full-time students,9
E05013612,Cranford,11,Mixed or Multiple ethnic groups: White and Black Caribbean,-8,Does not apply,53
E05013612,Cranford,11,Mixed or Multiple ethnic groups: White and Black Caribbean,1,L1 and L2: Large employers and higher managerial and administrative occupations,0
E05013612,Cranford,11,Mixed or Multiple ethnic groups: White and Black Caribbean,2,L3: Higher professional occupations,1
E05013612,Cranford,11,Mixed or Multiple ethnic groups: White and Black Caribbean,3,"L4, L5 and L6: Lower managerial, administrative and professional occupations",9
E05013612,Cranford,11,Mixed or Multiple ethnic groups: White and Black Caribbean,4,L7: Intermediate occupations,3
E05013612,Cranford,11,Mixed or Multiple ethnic groups: White and Black Caribbean,5,L8 and L9: Small employers and own account workers,2
E05013612,Cranford,11,Mixed or Multiple ethnic groups: White and Black Caribbean,6,L10 and L11: Lower supervisory and technical occupations,7
E05013612,Cranford,11,Mixed or Multiple ethnic groups: White and Black Caribbean,7,L12: Semi-routine occupations,5
E05013612,Cranford,11,Mixed or Multiple ethnic groups: White and Black Caribbean,8,L13: Routine occupations,3
E05013612,Cranford,11,Mixed or Multiple ethnic groups: White and Black Caribbean,9,L14.1: Never worked,6
E05013612,Cranford,11,Mixed or Multiple ethnic groups: White and Black Caribbean,10,L14.2: Long-term unemployed,2
E05013612,Cranford,11,Mixed or Multiple ethnic groups: White and Black Caribbean,11,L15: Full-time students,8
E05013612,Cranford,12,Mixed or Multiple ethnic groups: Other Mixed or Multiple ethnic groups,-8,Does not apply,51
E05013612,Cranford,12,Mixed or Multiple ethnic groups: Other Mixed or Multiple ethnic groups,1,L1 and L2: Large employers and higher managerial and administrative occupations,1
E05013612,Cranford,12,Mixed or Multiple ethnic groups: Other Mixed or Multiple ethnic groups,2,L3: Higher professional occupations,3
E05013612,Cranford,12,Mixed or Multiple ethnic groups: Other Mixed or Multiple ethnic groups,3,"L4, L5 and L6: Lower managerial, administrative and professional occupations",18
E05013612,Cranford,12,Mixed or Multiple ethnic groups: Other Mixed or Multiple ethnic groups,4,L7: Intermediate occupations,11
E05013612,Cranford,12,Mixed or Multiple ethnic groups: Other Mixed or Multiple ethnic groups,5,L8 and L9: Small employers and own account workers,12
E05013612,Cranford,12,Mixed or Multiple ethnic groups: Other Mixed or Multiple ethnic groups,6,L10 and L11: Lower supervisory and technical occupations,5
E05013612,Cranford,12,Mixed or Multiple ethnic groups: Other Mixed or Multiple ethnic groups,7,L12: Semi-routine occupations,6
E05013612,Cranford,12,Mixed or Multiple ethnic groups: Other Mixed or Multiple ethnic groups,8,L13: Routine occupations,6
E05013612,Cranford,12,Mixed or Multiple ethnic groups: Other Mixed or Multiple ethnic groups,9,L14.1: Never worked,13
E05013612,Cranford,12,Mixed or Multiple ethnic groups: Other Mixed or Multiple ethnic groups,10,L14.2: Long-term unemployed,2
E05013612,Cranford,12,Mixed or Multiple ethnic groups: Other Mixed or Multiple ethnic groups,11,L15: Full-time students,19
E05013612,Cranford,13,"White: English, Welsh, Scottish, Northern Irish or British",-8,Does not apply,443
E05013612,Cranford,13,"White: English, Welsh, Scottish, Northern Irish or British",1,L1 and L2: Large employers and higher managerial and administrative occupations,39
E05013612,Cranford,13,"White: English, Welsh, Scottish, Northern Irish or British",2,L3: Higher professional occupations,43
E05013612,Cranford,13,"White: English, Welsh, Scottish, Northern Irish or British",3,"L4, L5 and L6: Lower managerial, administrative and professional occupations",191
E05013612,Cranford,13,"White: English, Welsh, Scottish, Northern Irish or British",4,L7: Intermediate occupations,205
E05013612,Cranford,13,"White: English, Welsh, Scottish, Northern Irish or British",5,L8 and L9: Small employers and own account workers,158
E05013612,Cranford,13,"White: English, Welsh, Scottish, Northern Irish or British",6,L10 and L11: Lower supervisory and technical occupations,107
E05013612,Cranford,13,"White: English, Welsh, Scottish, Northern Irish or British",7,L12: Semi-routine occupations,195
E05013612,Cranford,13,"White: English, Welsh, Scottish, Northern Irish or British",8,L13: Routine occupations,292
E05013612,Cranford,13,"White: English, Welsh, Scottish, Northern Irish or British",9,L14.1: Never worked,247
E05013612,Cranford,13,"White: English, Welsh, Scottish, Northern Irish or British",10,L14.2: Long-term unemployed,35
E05013612,Cranford,13,"White: English, Welsh, Scottish, Northern Irish or British",11,L15: Full-time students,80
E05013612,Cranford,14,White: Irish,-8,Does not apply,3
E05013612,Cranford,14,White: Irish,1,L1 and L2: Large employers and higher managerial and administrative occupations,1
E05013612,Cranford,14,White: Irish,2,L3: Higher professional occupations,3
E05013612,Cranford,14,White: Irish,3,"L4, L5 and L6: Lower managerial, administrative and professional occupations",7
E05013612,Cranford,14,White: Irish,4,L7: Intermediate occupations,1
E05013612,Cranford,14,White: Irish,5,L8 and L9: Small employers and own account workers,12
E05013612,Cranford,14,White: Irish,6,L10 and L11: Lower supervisory and technical occupations,5
E05013612,Cranford,14,White: Irish,7,L12: Semi-routine occupations,6
E05013612,Cranford,14,White: Irish,8,L13: Routine occupations,7
E05013612,Cranford,14,White: Irish,9,L14.1: Never worked,8
E05013612,Cranford,14,White: Irish,10,L14.2: Long-term unemployed,0
E05013612,Cranford,14,White: Irish,11,L15: Full-time students,0
E05013612,Cranford,15,White: Gypsy or Irish Traveller,-8,Does not apply,29
E05013612,Cranford,15,White: Gypsy or Irish Traveller,1,L1 and L2: Large employers and higher managerial and administrative occupations,0
E05013612,Cranford,15,White: Gypsy or Irish Traveller,2,L3: Higher professional occupations,0
E05013612,Cranford,15,White: Gypsy or Irish Traveller,3,"L4, L5 and L6: Lower managerial, administrative and professional occupations",0
E05013612,Cranford,15,White: Gypsy or Irish Traveller,4,L7: Intermediate occupations,1
E05013612,Cranford,15,White: Gypsy or Irish Traveller,5,L8 and L9: Small employers and own account workers,4
E05013612,Cranford,15,White: Gypsy or Irish Traveller,6,L10 and L11: Lower supervisory and technical occupations,0
E05013612,Cranford,15,White: Gypsy or Irish Traveller,7,L12: Semi-routine occupations,0
E05013612,Cranford,15,White: Gypsy or Irish Traveller,8,L13: Routine occupations,3
E05013612,Cranford,15,White: Gypsy or Irish Traveller,9,L14.1: Never worked,17
E05013612,Cranford,15,White: Gypsy or Irish Traveller,10,L14.2: Long-term unemployed,1
E05013612,Cranford,15,White: Gypsy or Irish Traveller,11,L15: Full-time students,1
E05013612,Cranford,16,White: Roma,-8,Does not apply,8
E05013612,Cranford,16,White: Roma,1,L1 and L2: Large employers and higher managerial and administrative occupations,0
E05013612,Cranford,16,White: Roma,2,L3: Higher professional occupations,1
E05013612,Cranford,16,White: Roma,3,"L4, L5 and L6: Lower managerial, administrative and professional occupations",4
E05013612,Cranford,16,White: Roma,4,L7: Intermediate occupations,2
E05013612,Cranford,16,White: Roma,5,L8 and L9: Small employers and own account workers,16
E05013612,Cranford,16,White: Roma,6,L10 and L11: Lower supervisory and technical occupations,4
E05013612,Cranford,16,White: Roma,7,L12: Semi-routine occupations,0
E05013612,Cranford,16,White: Roma,8,L13: Routine occupations,8
E05013612,Cranford,16,White: Roma,9,L14.1: Never worked,6
E05013612,Cranford,16,White: Roma,10,L14.2: Long-term unemployed,0
E05013612,Cranford,16,White: Roma,11,L15: Full-time students,2
E05013612,Cranford,17,White: Other White,-8,Does not apply,265
E05013612,Cranford,17,White: Other White,1,L1 and L2: Large employers and higher managerial and administrative occupations,22
E05013612,Cranford,17,White: Other White,2,L3: Higher professional occupations,44
E05013612,Cranford,17,White: Other White,3,"L4, L5 and L6: Lower managerial, administrative and professional occupations",127
E05013612,Cranford,17,White: Other White,4,L7: Intermediate occupations,75
E05013612,Cranford,17,White: Other White,5,L8 and L9: Small employers and own account workers,304
E05013612,Cranford,17,White: Other White,6,L10 and L11: Lower supervisory and technical occupations,88
E05013612,Cranford,17,White: Other White,7,L12: Semi-routine occupations,102
E05013612,Cranford,17,White: Other White,8,L13: Routine occupations,312
E05013612,Cranford,17,White: Other White,9,L14.1: Never worked,75
E05013612,Cranford,17,White: Other White,10,L14.2: Long-term unemployed,26
E05013612,Cranford,17,White: Other White,11,L15: Full-time students,97
E05013612,Cranford,18,Other ethnic group: Arab,-8,Does not apply,66
E05013612,Cranford,18,Other ethnic group: Arab,1,L1 and L2: Large employers and higher managerial and administrative occupations,4
E05013612,Cranford,18,Other ethnic group: Arab,2,L3: Higher professional occupations,5
E05013612,Cranford,18,Other ethnic group: Arab,3,"L4, L5 and L6: Lower managerial, administrative and professional occupations",14
E05013612,Cranford,18,Other ethnic group: Arab,4,L7: Intermediate occupations,23
E05013612,Cranford,18,Other ethnic group: Arab,5,L8 and L9: Small employers and own account workers,22
E05013612,Cranford,18,Other ethnic group: Arab,6,L10 and L11: Lower supervisory and technical occupations,10
E05013612,Cranford,18,Other ethnic group: Arab,7,L12: Semi-routine occupations,14
E05013612,Cranford,18,Other ethnic group: Arab,8,L13: Routine occupations,16
E05013612,Cranford,18,Other ethnic group: Arab,9,L14.1: Never worked,57
E05013612,Cranford,18,Other ethnic group: Arab,10,L14.2: Long-term unemployed,5
E05013612,Cranford,18,Other ethnic group: Arab,11,L15: Full-time students,27
E05013612,Cranford,19,Other ethnic group: Any other ethnic group,-8,Does not apply,213
E05013612,Cranford,19,Other ethnic group: Any other ethnic group,1,L1 and L2: Large employers and higher managerial and administrative occupations,18
E05013612,Cranford,19,Other ethnic group: Any other ethnic group,2,L3: Higher professional occupations,34
E05013612,Cranford,19,Other ethnic group: Any other ethnic group,3,"L4, L5 and L6: Lower managerial, administrative and professional occupations",110
E05013612,Cranford,19,Other ethnic group: Any other ethnic group,4,L7: Intermediate occupations,75
E05013612,Cranford,19,Other ethnic group: Any other ethnic group,5,L8 and L9: Small employers and own account workers,103
E05013612,Cranford,19,Other ethnic group: Any other ethnic group,6,L10 and L11: Lower supervisory and technical occupations,57
E05013612,Cranford,19,Other ethnic group: Any other ethnic group,7,L12: Semi-routine occupations,94
E05013612,Cranford,19,Other ethnic group: Any other ethnic group,8,L13: Routine occupations,144
E05013612,Cranford,19,Other ethnic group: Any other ethnic group,9,L14.1: Never worked,175
E05013612,Cranford,19,Other ethnic group: Any other ethnic group,10,L14.2: Long-term unemployed,15
E05013612,Cranford,19,Other ethnic group: Any other ethnic group,11,L15: Full-time students,72
E05013613,Feltham North,-8,Does not apply,-8,Does not apply,0
E05013613,Feltham North,-8,Does not apply,1,L1 and L2: Large employers and higher managerial and administrative occupations,0
E05013613,Feltham North,-8,Does not apply,2,L3: Higher professional occupations,0
E05013613,Feltham North,-8,Does not apply,3,"L4, L5 and L6: Lower managerial, administrative and professional occupations",0
E05013613,Feltham North,-8,Does not apply,4,L7: Intermediate occupations,0
E05013613,Feltham North,-8,Does not apply,5,L8 and L9: Small employers and own account workers,0
E05013613,Feltham North,-8,Does not apply,6,L10 and L11: Lower supervisory and technical occupations,0
E05013613,Feltham North,-8,Does not apply,7,L12: Semi-routine occupations,0
E05013613,Feltham North,-8,Does not apply,8,L13: Routine occupations,0
E05013613,Feltham North,-8,Does not apply,9,L14.1: Never worked,0
E05013613,Feltham North,-8,Does not apply,10,L14.2: Long-term unemployed,0
E05013613,Feltham North,-8,Does not apply,11,L15: Full-time students,0
E05013613,Feltham North,1,"Asian, Asian British or Asian Welsh: Bangladeshi",-8,Does not apply,33
E05013613,Feltham North,1,"Asian, Asian British or Asian Welsh: Bangladeshi",1,L1 and L2: Large employers and higher managerial and administrative occupations,3
E05013613,Feltham North,1,"Asian, Asian British or Asian Welsh: Bangladeshi",2,L3: Higher professional occupations,4
E05013613,Feltham North,1,"Asian, Asian British or Asian Welsh: Bangladeshi",3,"L4, L5 and L6: Lower managerial, administrative and professional occupations",13
E05013613,Feltham North,1,"Asian, Asian British or Asian Welsh: Bangladeshi",4,L7: Intermediate occupations,12
E05013613,Feltham North,1,"Asian, Asian British or Asian Welsh: Bangladeshi",5,L8 and L9: Small employers and own account workers,11
E05013613,Feltham North,1,"Asian, Asian British or Asian Welsh: Bangladeshi",6,L10 and L11: Lower supervisory and technical occupations,4
E05013613,Feltham North,1,"Asian, Asian British or Asian Welsh: Bangladeshi",7,L12: Semi-routine occupations,11
E05013613,Feltham North,1,"Asian, Asian British or Asian Welsh: Bangladeshi",8,L13: Routine occupations,8
E05013613,Feltham North,1,"Asian, Asian British or Asian Welsh: Bangladeshi",9,L14.1: Never worked,19
E05013613,Feltham North,1,"Asian, Asian British or Asian Welsh: Bangladeshi",10,L14.2: Long-term unemployed,1
E05013613,Feltham North,1,"Asian, Asian British or Asian Welsh: Bangladeshi",11,L15: Full-time students,13
E05013613,Feltham North,2,"Asian, Asian British or Asian Welsh: Chinese",-8,Does not apply,7
E05013613,Feltham North,2,"Asian, Asian British or Asian Welsh: Chinese",1,L1 and L2: Large employers and higher managerial and administrative occupations,4
E05013613,Feltham North,2,"Asian, Asian British or Asian Welsh: Chinese",2,L3: Higher professional occupations,7
E05013613,Feltham North,2,"Asian, Asian British or Asian Welsh: Chinese",3,"L4, L5 and L6: Lower managerial, administrative and professional occupations",21
E05013613,Feltham North,2,"Asian, Asian British or Asian Welsh: Chinese",4,L7: Intermediate occupations,10
E05013613,Feltham North,2,"Asian, Asian British or Asian Welsh: Chinese",5,L8 and L9: Small employers and own account workers,8
E05013613,Feltham North,2,"Asian, Asian British or Asian Welsh: Chinese",6,L10 and L11: Lower supervisory and technical occupations,4
E05013613,Feltham North,2,"Asian, Asian British or Asian Welsh: Chinese",7,L12: Semi-routine occupations,6
E05013613,Feltham North,2,"Asian, Asian British or Asian Welsh: Chinese",8,L13: Routine occupations,6
E05013613,Feltham North,2,"Asian, Asian British or Asian Welsh: Chinese",9,L14.1: Never worked,5
E05013613,Feltham North,2,"Asian, Asian British or Asian Welsh: Chinese",10,L14.2: Long-term unemployed,0
E05013613,Feltham North,2,"Asian, Asian British or Asian Welsh: Chinese",11,L15: Full-time students,5
E05013613,Feltham North,3,"Asian, Asian British or Asian Welsh: Indian",-8,Does not apply,455
E05013613,Feltham North,3,"Asian, Asian British or Asian Welsh: Indian",1,L1 and L2: Large employers and higher managerial and administrative occupations,54
E05013613,Feltham North,3,"Asian, Asian British or Asian Welsh: Indian",2,L3: Higher professional occupations,188
E05013613,Feltham North,3,"Asian, Asian British or Asian Welsh: Indian",3,"L4, L5 and L6: Lower managerial, administrative and professional occupations",300
E05013613,Feltham North,3,"Asian, Asian British or Asian Welsh: Indian",4,L7: Intermediate occupations,196
E05013613,Feltham North,3,"Asian, Asian British or Asian Welsh: Indian",5,L8 and L9: Small employers and own account workers,88
E05013613,Feltham North,3,"Asian, Asian British or Asian Welsh: Indian",6,L10 and L11: Lower supervisory and technical occupations,93
E05013613,Feltham North,3,"Asian, Asian British or Asian Welsh: Indian",7,L12: Semi-routine occupations,184
E05013613,Feltham North,3,"Asian, Asian British or Asian Welsh: Indian",8,L13: Routine occupations,255
E05013613,Feltham North,3,"Asian, Asian British or Asian Welsh: Indian",9,L14.1: Never worked,114
E05013613,Feltham North,3,"Asian, Asian British or Asian Welsh: Indian",10,L14.2: Long-term unemployed,11
E05013613,Feltham North,3,"Asian, Asian British or Asian Welsh: Indian",11,L15: Full-time students,138
E05013613,Feltham North,4,"Asian, Asian British or Asian Welsh: Pakistani",-8,Does not apply,191
E05013613,Feltham North,4,"Asian, Asian British or Asian Welsh: Pakistani",1,L1 and L2: Large employers and higher managerial and administrative occupations,5
E05013613,Feltham North,4,"Asian, Asian British or Asian Welsh: Pakistani",2,L3: Higher professional occupations,35
E05013613,Feltham North,4,"Asian, Asian British or Asian Welsh: Pakistani",3,"L4, L5 and L6: Lower managerial, administrative and professional occupations",69
E05013613,Feltham North,4,"Asian, Asian British or Asian Welsh: Pakistani",4,L7: Intermediate occupations,55
E05013613,Feltham North,4,"Asian, Asian British or Asian Welsh: Pakistani",5,L8 and L9: Small employers and own account workers,65
E05013613,Feltham North,4,"Asian, Asian British or Asian Welsh: Pakistani",6,L10 and L11: Lower supervisory and technical occupations,18
E05013613,Feltham North,4,"Asian, Asian British or Asian Welsh: Pakistani",7,L12: Semi-routine occupations,48
E05013613,Feltham North,4,"Asian, Asian British or Asian Welsh: Pakistani",8,L13: Routine occupations,56
E05013613,Feltham North,4,"Asian, Asian British or Asian Welsh: Pakistani",9,L14.1: Never worked,106
E05013613,Feltham North,4,"Asian, Asian British or Asian Welsh: Pakistani",10,L14.2: Long-term unemployed,13
E05013613,Feltham North,4,"Asian, Asian British or Asian Welsh: Pakistani",11,L15: Full-time students,60
E05013613,Feltham North,5,"Asian, Asian British or Asian Welsh: Other Asian",-8,Does not apply,389
E05013613,Feltham North,5,"Asian, Asian British or Asian Welsh: Other Asian",1,L1 and L2: Large employers and higher managerial and administrative occupations,14
E05013613,Feltham North,5,"Asian, Asian British or Asian Welsh: Other Asian",2,L3: Higher professional occupations,42
E05013613,Feltham North,5,"Asian, Asian British or Asian Welsh: Other Asian",3,"L4, L5 and L6: Lower managerial, administrative and professional occupations",168
E05013613,Feltham North,5,"Asian, Asian British or Asian Welsh: Other Asian",4,L7: Intermediate occupations,101
E05013613,Feltham North,5,"Asian, Asian British or Asian Welsh: Other Asian",5,L8 and L9: Small employers and own account workers,83
E05013613,Feltham North,5,"Asian, Asian British or Asian Welsh: Other Asian",6,L10 and L11: Lower supervisory and technical occupations,115
E05013613,Feltham North,5,"Asian, Asian British or Asian Welsh: Other Asian",7,L12: Semi-routine occupations,290
E05013613,Feltham North,5,"Asian, Asian British or Asian Welsh: Other Asian",8,L13: Routine occupations,228
E05013613,Feltham North,5,"Asian, Asian British or Asian Welsh: Other Asian",9,L14.1: Never worked,218
E05013613,Feltham North,5,"Asian, Asian British or Asian Welsh: Other Asian",10,L14.2: Long-term unemployed,19
E05013613,Feltham North,5,"Asian, Asian British or Asian Welsh: Other Asian",11,L15: Full-time students,140
E05013613,Feltham North,6,"Black, Black British, Black Welsh, Caribbean or African: African",-8,Does not apply,156
E05013613,Feltham North,6,"Black, Black British, Black Welsh, Caribbean or African: African",1,L1 and L2: Large employers and higher managerial and administrative occupations,8
E05013613,Feltham North,6,"Black, Black British, Black Welsh, Caribbean or African: African",2,L3: Higher professional occupations,12
E05013613,Feltham North,6,"Black, Black British, Black Welsh, Caribbean or African: African",3,"L4, L5 and L6: Lower managerial, administrative and professional occupations",84
E05013613,Feltham North,6,"Black, Black British, Black Welsh, Caribbean or African: African",4,L7: Intermediate occupations,33
E05013613,Feltham North,6,"Black, Black British, Black Welsh, Caribbean or African: African",5,L8 and L9: Small employers and own account workers,30
E05013613,Feltham North,6,"Black, Black British, Black Welsh, Caribbean or African: African",6,L10 and L11: Lower supervisory and technical occupations,28
E05013613,Feltham North,6,"Black, Black British, Black Welsh, Caribbean or African: African",7,L12: Semi-routine occupations,56
E05013613,Feltham North,6,"Black, Black British, Black Welsh, Caribbean or African: African",8,L13: Routine occupations,63
E05013613,Feltham North,6,"Black, Black British, Black Welsh, Caribbean or African: African",9,L14.1: Never worked,41
E05013613,Feltham North,6,"Black, Black British, Black Welsh, Caribbean or African: African",10,L14.2: Long-term unemployed,10
E05013613,Feltham North,6,"Black, Black British, Black Welsh, Caribbean or African: African",11,L15: Full-time students,78
E05013613,Feltham North,7,"Black, Black British, Black Welsh, Caribbean or African: Caribbean",-8,Does not apply,10
E05013613,Feltham North,7,"Black, Black British, Black Welsh, Caribbean or African: Caribbean",1,L1 and L2: Large employers and higher managerial and administrative occupations,3
E05013613,Feltham North,7,"Black, Black British, Black Welsh, Caribbean or African: Caribbean",2,L3: Higher professional occupations,9
E05013613,Feltham North,7,"Black, Black British, Black Welsh, Caribbean or African: Caribbean",3,"L4, L5 and L6: Lower managerial, administrative and professional occupations",26
E05013613,Feltham North,7,"Black, Black British, Black Welsh, Caribbean or African: Caribbean",4,L7: Intermediate occupations,16
E05013613,Feltham North,7,"Black, Black British, Black Welsh, Caribbean or African: Caribbean",5,L8 and L9: Small employers and own account workers,12
E05013613,Feltham North,7,"Black, Black British, Black Welsh, Caribbean or African: Caribbean",6,L10 and L11: Lower supervisory and technical occupations,8
E05013613,Feltham North,7,"Black, Black British, Black Welsh, Caribbean or African: Caribbean",7,L12: Semi-routine occupations,12
E05013613,Feltham North,7,"Black, Black British, Black Welsh, Caribbean or African: Caribbean",8,L13: Routine occupations,18
E05013613,Feltham North,7,"Black, Black British, Black Welsh, Caribbean or African: Caribbean",9,L14.1: Never worked,9
E05013613,Feltham North,7,"Black, Black British, Black Welsh, Caribbean or African: Caribbean",10,L14.2: Long-term unemployed,3
E05013613,Feltham North,7,"Black, Black British, Black Welsh, Caribbean or African: Caribbean",11,L15: Full-time students,11
E05013613,Feltham North,8,"Black, Black British, Black Welsh, Caribbean or African: Other Black",-8,Does not apply,144
E05013613,Feltham North,8,"Black, Black British, Black Welsh, Caribbean or African: Other Black",1,L1 and L2: Large employers and higher managerial and administrative occupations,0
E05013613,Feltham North,8,"Black, Black British, Black Welsh, Caribbean or African: Other Black",2,L3: Higher professional occupations,5
E05013613,Feltham North,8,"Black, Black British, Black Welsh, Caribbean or African: Other Black",3,"L4, L5 and L6: Lower managerial, administrative and professional occupations",7
E05013613,Feltham North,8,"Black, Black British, Black Welsh, Caribbean or African: Other Black",4,L7: Intermediate occupations,2
E05013613,Feltham North,8,"Black, Black British, Black Welsh, Caribbean or African: Other Black",5,L8 and L9: Small employers and own account workers,15
E05013613,Feltham North,8,"Black, Black British, Black Welsh, Caribbean or African: Other Black",6,L10 and L11: Lower supervisory and technical occupations,4
E05013613,Feltham North,8,"Black, Black British, Black Welsh, Caribbean or African: Other Black",7,L12: Semi-routine occupations,4
E05013613,Feltham North,8,"Black, Black British, Black Welsh, Caribbean or African: Other Black",8,L13: Routine occupations,5
E05013613,Feltham North,8,"Black, Black British, Black Welsh, Caribbean or African: Other Black",9,L14.1: Never worked,11
E05013613,Feltham North,8,"Black, Black British, Black Welsh, Caribbean or African: Other Black",10,L14.2: Long-term unemployed,1
E05013613,Feltham North,8,"Black, Black British, Black Welsh, Caribbean or African: Other Black",11,L15: Full-time students,6
E05013613,Feltham North,9,Mixed or Multiple ethnic groups: White and Asian,-8,Does not apply,63
E05013613,Feltham North,9,Mixed or Multiple ethnic groups: White and Asian,1,L1 and L2: Large employers and higher managerial and administrative occupations,1
E05013613,Feltham North,9,Mixed or Multiple ethnic groups: White and Asian,2,L3: Higher professional occupations,6
E05013613,Feltham North,9,Mixed or Multiple ethnic groups: White and Asian,3,"L4, L5 and L6: Lower managerial, administrative and professional occupations",15
E05013613,Feltham North,9,Mixed or Multiple ethnic groups: White and Asian,4,L7: Intermediate occupations,7
E05013613,Feltham North,9,Mixed or Multiple ethnic groups: White and Asian,5,L8 and L9: Small employers and own account workers,3
E05013613,Feltham North,9,Mixed or Multiple ethnic groups: White and Asian,6,L10 and L11: Lower supervisory and technical occupations,5
E05013613,Feltham North,9,Mixed or Multiple ethnic groups: White and Asian,7,L12: Semi-routine occupations,6
E05013613,Feltham North,9,Mixed or Multiple ethnic groups: White and Asian,8,L13: Routine occupations,6
E05013613,Feltham North,9,Mixed or Multiple ethnic groups: White and Asian,9,L14.1: Never worked,4
E05013613,Feltham North,9,Mixed or Multiple ethnic groups: White and Asian,10,L14.2: Long-term unemployed,2
E05013613,Feltham North,9,Mixed or Multiple ethnic groups: White and Asian,11,L15: Full-time students,9
E05013613,Feltham North,10,Mixed or Multiple ethnic groups: White and Black African,-8,Does not apply,35
E05013613,Feltham North,10,Mixed or Multiple ethnic groups: White and Black African,1,L1 and L2: Large employers and higher managerial and administrative occupations,0
E05013613,Feltham North,10,Mixed or Multiple ethnic groups: White and Black African,2,L3: Higher professional occupations,1
E05013613,Feltham North,10,Mixed or Multiple ethnic groups: White and Black African,3,"L4, L5 and L6: Lower managerial, administrative and professional occupations",2
E05013613,Feltham North,10,Mixed or Multiple ethnic groups: White and Black African,4,L7: Intermediate occupations,4
E05013613,Feltham North,10,Mixed or Multiple ethnic groups: White and Black African,5,L8 and L9: Small employers and own account workers,0
E05013613,Feltham North,10,Mixed or Multiple ethnic groups: White and Black African,6,L10 and L11: Lower supervisory and technical occupations,3
E05013613,Feltham North,10,Mixed or Multiple ethnic groups: White and Black African,7,L12: Semi-routine occupations,6
E05013613,Feltham North,10,Mixed or Multiple ethnic groups: White and Black African,8,L13: Routine occupations,9
E05013613,Feltham North,10,Mixed or Multiple ethnic groups: White and Black African,9,L14.1: Never worked,8
E05013613,Feltham North,10,Mixed or Multiple ethnic groups: White and Black African,10,L14.2: Long-term unemployed,0
E05013613,Feltham North,10,Mixed or Multiple ethnic groups: White and Black African,11,L15: Full-time students,4
E05013613,Feltham North,11,Mixed or Multiple ethnic groups: White and Black Caribbean,-8,Does not apply,42
E05013613,Feltham North,11,Mixed or Multiple ethnic groups: White and Black Caribbean,1,L1 and L2: Large employers and higher managerial and administrative occupations,0
E05013613,Feltham North,11,Mixed or Multiple ethnic groups: White and Black Caribbean,2,L3: Higher professional occupations,2
E05013613,Feltham North,11,Mixed or Multiple ethnic groups: White and Black Caribbean,3,"L4, L5 and L6: Lower managerial, administrative and professional occupations",7
E05013613,Feltham North,11,Mixed or Multiple ethnic groups: White and Black Caribbean,4,L7: Intermediate occupations,11
E05013613,Feltham North,11,Mixed or Multiple ethnic groups: White and Black Caribbean,5,L8 and L9: Small employers and own account workers,2
E05013613,Feltham North,11,Mixed or Multiple ethnic groups: White and Black Caribbean,6,L10 and L11: Lower supervisory and technical occupations,6
E05013613,Feltham North,11,Mixed or Multiple ethnic groups: White and Black Caribbean,7,L12: Semi-routine occupations,6
E05013613,Feltham North,11,Mixed or Multiple ethnic groups: White and Black Caribbean,8,L13: Routine occupations,8
E05013613,Feltham North,11,Mixed or Multiple ethnic groups: White and Black Caribbean,9,L14.1: Never worked,9
E05013613,Feltham North,11,Mixed or Multiple ethnic groups: White and Black Caribbean,10,L14.2: Long-term unemployed,1
E05013613,Feltham North,11,Mixed or Multiple ethnic groups: White and Black Caribbean,11,L15: Full-time students,4
E05013613,Feltham North,12,Mixed or Multiple ethnic groups: Other Mixed or Multiple ethnic groups,-8,Does not apply,57
E05013613,Feltham North,12,Mixed or Multiple ethnic groups: Other Mixed or Multiple ethnic groups,1,L1 and L2: Large employers and higher managerial and administrative occupations,4
E05013613,Feltham North,12,Mixed or Multiple ethnic groups: Other Mixed or Multiple ethnic groups,2,L3: Higher professional occupations,1
E05013613,Feltham North,12,Mixed or Multiple ethnic groups: Other Mixed or Multiple ethnic groups,3,"L4, L5 and L6: Lower managerial, administrative and professional occupations",12
E05013613,Feltham North,12,Mixed or Multiple ethnic groups: Other Mixed or Multiple ethnic groups,4,L7: Intermediate occupations,11
E05013613,Feltham North,12,Mixed or Multiple ethnic groups: Other Mixed or Multiple ethnic groups,5,L8 and L9: Small employers and own account workers,12
E05013613,Feltham North,12,Mixed or Multiple ethnic groups: Other Mixed or Multiple ethnic groups,6,L10 and L11: Lower supervisory and technical occupations,18
E05013613,Feltham North,12,Mixed or Multiple ethnic groups: Other Mixed or Multiple ethnic groups,7,L12: Semi-routine occupations,10
E05013613,Feltham North,12,Mixed or Multiple ethnic groups: Other Mixed or Multiple ethnic groups,8,L13: Routine occupations,12
E05013613,Feltham North,12,Mixed or Multiple ethnic groups: Other Mixed or Multiple ethnic groups,9,L14.1: Never worked,6
E05013613,Feltham North,12,Mixed or Multiple ethnic groups: Other Mixed or Multiple ethnic groups,10,L14.2: Long-term unemployed,3
E05013613,Feltham North,12,Mixed or Multiple ethnic groups: Other Mixed or Multiple ethnic groups,11,L15: Full-time students,15
E05013613,Feltham North,13,"White: English, Welsh, Scottish, Northern Irish or British",-8,Does not apply,674
E05013613,Feltham North,13,"White: English, Welsh, Scottish, Northern Irish or British",1,L1 and L2: Large employers and higher managerial and administrative occupations,75
E05013613,Feltham North,13,"White: English, Welsh, Scottish, Northern Irish or British",2,L3: Higher professional occupations,159
E05013613,Feltham North,13,"White: English, Welsh, Scottish, Northern Irish or British",3,"L4, L5 and L6: Lower managerial, administrative and professional occupations",607
E05013613,Feltham North,13,"White: English, Welsh, Scottish, Northern Irish or British",4,L7: Intermediate occupations,537
E05013613,Feltham North,13,"White: English, Welsh, Scottish, Northern Irish or British",5,L8 and L9: Small employers and own account workers,305
E05013613,Feltham North,13,"White: English, Welsh, Scottish, Northern Irish or British",6,L10 and L11: Lower supervisory and technical occupations,255
E05013613,Feltham North,13,"White: English, Welsh, Scottish, Northern Irish or British",7,L12: Semi-routine occupations,487
E05013613,Feltham North,13,"White: English, Welsh, Scottish, Northern Irish or British",8,L13: Routine occupations,590
E05013613,Feltham North,13,"White: English, Welsh, Scottish, Northern Irish or British",9,L14.1: Never worked,345
E05013613,Feltham North,13,"White: English, Welsh, Scottish, Northern Irish or British",10,L14.2: Long-term unemployed,54
E05013613,Feltham North,13,"White: English, Welsh, Scottish, Northern Irish or British",11,L15: Full-time students,142
E05013613,Feltham North,14,White: Irish,-8,Does not apply,5
E05013613,Feltham North,14,White: Irish,1,L1 and L2: Large employers and higher managerial and administrative occupations,1
E05013613,Feltham North,14,White: Irish,2,L3: Higher professional occupations,4
E05013613,Feltham North,14,White: Irish,3,"L4, L5 and L6: Lower managerial, administrative and professional occupations",23
E05013613,Feltham North,14,White: Irish,4,L7: Intermediate occupations,10
E05013613,Feltham North,14,White: Irish,5,L8 and L9: Small employers and own account workers,12
E05013613,Feltham North,14,White: Irish,6,L10 and L11: Lower supervisory and technical occupations,2
E05013613,Feltham North,14,White: Irish,7,L12: Semi-routine occupations,18
E05013613,Feltham North,14,White: Irish,8,L13: Routine occupations,11
E05013613,Feltham North,14,White: Irish,9,L14.1: Never worked,7
E05013613,Feltham North,14,White: Irish,10,L14.2: Long-term unemployed,1
E05013613,Feltham North,14,White: Irish,11,L15: Full-time students,6
E05013613,Feltham North,15,White: Gypsy or Irish Traveller,-8,Does not apply,0
E05013613,Feltham North,15,White: Gypsy or Irish Traveller,1,L1 and L2: Large employers and higher managerial and administrative occupations,0
E05013613,Feltham North,15,White: Gypsy or Irish Traveller,2,L3: Higher professional occupations,0
E05013613,Feltham North,15,White: Gypsy or Irish Traveller,3,"L4, L5 and L6: Lower managerial, administrative and professional occupations",2
E05013613,Feltham North,15,White: Gypsy or Irish Traveller,4,L7: Intermediate occupations,0
E05013613,Feltham North,15,White: Gypsy or Irish Traveller,5,L8 and L9: Small employers and own account workers,5
E05013613,Feltham North,15,White: Gypsy or Irish Traveller,6,L10 and L11: Lower supervisory and technical occupations,0
E05013613,Feltham North,15,White: Gypsy or Irish Traveller,7,L12: Semi-routine occupations,0
E05013613,Feltham North,15,White: Gypsy or Irish Traveller,8,L13: Routine occupations,2
E05013613,Feltham North,15,White: Gypsy or Irish Traveller,9,L14.1: Never worked,7
E05013613,Feltham North,15,White: Gypsy or Irish Traveller,10,L14.2: Long-term unemployed,0
E05013613,Feltham North,15,White: Gypsy or Irish Traveller,11,L15: Full-time students,0
E05013613,Feltham North,16,White: Roma,-8,Does not apply,4
E05013613,Feltham North,16,White: Roma,1,L1 and L2: Large employers and higher managerial and administrative occupations,0
E05013613,Feltham North,16,White: Roma,2,L3: Higher professional occupations,0
E05013613,Feltham North,16,White: Roma,3,"L4, L5 and L6: Lower managerial, administrative and professional occupations",4
E05013613,Feltham North,16,White: Roma,4,L7: Intermediate occupations,0
E05013613,Feltham North,16,White: Roma,5,L8 and L9: Small employers and own account workers,11
E05013613,Feltham North,16,White: Roma,6,L10 and L11: Lower supervisory and technical occupations,0
E05013613,Feltham North,16,White: Roma,7,L12: Semi-routine occupations,1
E05013613,Feltham North,16,White: Roma,8,L13: Routine occupations,0
E05013613,Feltham North,16,White: Roma,9,L14.1: Never worked,1
E05013613,Feltham North,16,White: Roma,10,L14.2: Long-term unemployed,0
E05013613,Feltham North,16,White: Roma,11,L15: Full-time students,1
E05013613,Feltham North,17,White: Other White,-8,Does not apply,234
E05013613,Feltham North,17,White: Other White,1,L1 and L2: Large employers and higher managerial and administrative occupations,21
E05013613,Feltham North,17,White: Other White,2,L3: Higher professional occupations,45
E05013613,Feltham North,17,White: Other White,3,"L4, L5 and L6: Lower managerial, administrative and professional occupations",154
E05013613,Feltham North,17,White: Other White,4,L7: Intermediate occupations,99
E05013613,Feltham North,17,White: Other White,5,L8 and L9: Small employers and own account workers,339
E05013613,Feltham North,17,White: Other White,6,L10 and L11: Lower supervisory and technical occupations,72
E05013613,Feltham North,17,White: Other White,7,L12: Semi-routine occupations,105
E05013613,Feltham North,17,White: Other White,8,L13: Routine occupations,216
E05013613,Feltham North,17,White: Other White,9,L14.1: Never worked,52
E05013613,Feltham North,17,White: Other White,10,L14.2: Long-term unemployed,19
E05013613,Feltham North,17,White: Other White,11,L15: Full-time students,107
E05013613,Feltham North,18,Other ethnic group: Arab,-8,Does not apply,71
E05013613,Feltham North,18,Other ethnic group: Arab,1,L1 and L2: Large employers and higher managerial and administrative occupations,0
E05013613,Feltham North,18,Other ethnic group: Arab,2,L3: Higher professional occupations,4
E05013613,Feltham North,18,Other ethnic group: Arab,3,"L4, L5 and L6: Lower managerial, administrative and professional occupations",17
E05013613,Feltham North,18,Other ethnic group: Arab,4,L7: Intermediate occupations,15
E05013613,Feltham North,18,Other ethnic group: Arab,5,L8 and L9: Small employers and own account workers,20
E05013613,Feltham North,18,Other ethnic group: Arab,6,L10 and L11: Lower supervisory and technical occupations,4
E05013613,Feltham North,18,Other ethnic group: Arab,7,L12: Semi-routine occupations,10
E05013613,Feltham North,18,Other ethnic group: Arab,8,L13: Routine occupations,9
E05013613,Feltham North,18,Other ethnic group: Arab,9,L14.1: Never worked,32
E05013613,Feltham North,18,Other ethnic group: Arab,10,L14.2: Long-term unemployed,2
E05013613,Feltham North,18,Other ethnic group: Arab,11,L15: Full-time students,25
E05013613,Feltham North,19,Other ethnic group: Any other ethnic group,-8,Does not apply,123
E05013613,Feltham North,19,Other ethnic group: Any other ethnic group,1,L1 and L2: Large employers and higher managerial and administrative occupations,5
E05013613,Feltham North,19,Other ethnic group: Any other ethnic group,2,L3: Higher professional occupations,23
E05013613,Feltham North,19,Other ethnic group: Any other ethnic group,3,"L4, L5 and L6: Lower managerial, administrative and professional occupations",57
E05013613,Feltham North,19,Other ethnic group: Any other ethnic group,4,L7: Intermediate occupations,42
E05013613,Feltham North,19,Other ethnic group: Any other ethnic group,5,L8 and L9: Small employers and own account workers,60
E05013613,Feltham North,19,Other ethnic group: Any other ethnic group,6,L10 and L11: Lower supervisory and technical occupations,34
E05013613,Feltham North,19,Other ethnic group: Any other ethnic group,7,L12: Semi-routine occupations,69
E05013613,Feltham North,19,Other ethnic group: Any other ethnic group,8,L13: Routine occupations,78
E05013613,Feltham North,19,Other ethnic group: Any other ethnic group,9,L14.1: Never worked,97
E05013613,Feltham North,19,Other ethnic group: Any other ethnic group,10,L14.2: Long-term unemployed,2
E05013613,Feltham North,19,Other ethnic group: Any other ethnic group,11,L15: Full-time students,68
E05013614,Feltham West,-8,Does not apply,-8,Does not apply,0
E05013614,Feltham West,-8,Does not apply,1,L1 and L2: Large employers and higher managerial and administrative occupations,0
E05013614,Feltham West,-8,Does not apply,2,L3: Higher professional occupations,0
E05013614,Feltham West,-8,Does not apply,3,"L4, L5 and L6: Lower managerial, administrative and professional occupations",0
E05013614,Feltham West,-8,Does not apply,4,L7: Intermediate occupations,0
E05013614,Feltham West,-8,Does not apply,5,L8 and L9: Small employers and own account workers,0
E05013614,Feltham West,-8,Does not apply,6,L10 and L11: Lower supervisory and technical occupations,0
E05013614,Feltham West,-8,Does not apply,7,L12: Semi-routine occupations,0
E05013614,Feltham West,-8,Does not apply,8,L13: Routine occupations,0
E05013614,Feltham West,-8,Does not apply,9,L14.1: Never worked,0
E05013614,Feltham West,-8,Does not apply,10,L14.2: Long-term unemployed,0
E05013614,Feltham West,-8,Does not apply,11,L15: Full-time students,0
E05013614,Feltham West,1,"Asian, Asian British or Asian Welsh: Bangladeshi",-8,Does not apply,25
E05013614,Feltham West,1,"Asian, Asian British or Asian Welsh: Bangladeshi",1,L1 and L2: Large employers and higher managerial and administrative occupations,5
E05013614,Feltham West,1,"Asian, Asian British or Asian Welsh: Bangladeshi",2,L3: Higher professional occupations,4
E05013614,Feltham West,1,"Asian, Asian British or Asian Welsh: Bangladeshi",3,"L4, L5 and L6: Lower managerial, administrative and professional occupations",6
E05013614,Feltham West,1,"Asian, Asian British or Asian Welsh: Bangladeshi",4,L7: Intermediate occupations,7
E05013614,Feltham West,1,"Asian, Asian British or Asian Welsh: Bangladeshi",5,L8 and L9: Small employers and own account workers,3
E05013614,Feltham West,1,"Asian, Asian British or Asian Welsh: Bangladeshi",6,L10 and L11: Lower supervisory and technical occupations,4
E05013614,Feltham West,1,"Asian, Asian British or Asian Welsh: Bangladeshi",7,L12: Semi-routine occupations,10
E05013614,Feltham West,1,"Asian, Asian British or Asian Welsh: Bangladeshi",8,L13: Routine occupations,6
E05013614,Feltham West,1,"Asian, Asian British or Asian Welsh: Bangladeshi",9,L14.1: Never worked,10
E05013614,Feltham West,1,"Asian, Asian British or Asian Welsh: Bangladeshi",10,L14.2: Long-term unemployed,1
E05013614,Feltham West,1,"Asian, Asian British or Asian Welsh: Bangladeshi",11,L15: Full-time students,9
E05013614,Feltham West,2,"Asian, Asian British or Asian Welsh: Chinese",-8,Does not apply,47
E05013614,Feltham West,2,"Asian, Asian British or Asian Welsh: Chinese",1,L1 and L2: Large employers and higher managerial and administrative occupations,6
E05013614,Feltham West,2,"Asian, Asian British or Asian Welsh: Chinese",2,L3: Higher professional occupations,20
E05013614,Feltham West,2,"Asian, Asian British or Asian Welsh: Chinese",3,"L4, L5 and L6: Lower managerial, administrative and professional occupations",27
E05013614,Feltham West,2,"Asian, Asian British or Asian Welsh: Chinese",4,L7: Intermediate occupations,26
E05013614,Feltham West,2,"Asian, Asian British or Asian Welsh: Chinese",5,L8 and L9: Small employers and own account workers,12
E05013614,Feltham West,2,"Asian, Asian British or Asian Welsh: Chinese",6,L10 and L11: Lower supervisory and technical occupations,35
E05013614,Feltham West,2,"Asian, Asian British or Asian Welsh: Chinese",7,L12: Semi-routine occupations,11
E05013614,Feltham West,2,"Asian, Asian British or Asian Welsh: Chinese",8,L13: Routine occupations,23
E05013614,Feltham West,2,"Asian, Asian British or Asian Welsh: Chinese",9,L14.1: Never worked,22
E05013614,Feltham West,2,"Asian, Asian British or Asian Welsh: Chinese",10,L14.2: Long-term unemployed,2
E05013614,Feltham West,2,"Asian, Asian British or Asian Welsh: Chinese",11,L15: Full-time students,8
E05013614,Feltham West,3,"Asian, Asian British or Asian Welsh: Indian",-8,Does not apply,674
E05013614,Feltham West,3,"Asian, Asian British or Asian Welsh: Indian",1,L1 and L2: Large employers and higher managerial and administrative occupations,59
E05013614,Feltham West,3,"Asian, Asian British or Asian Welsh: Indian",2,L3: Higher professional occupations,360
E05013614,Feltham West,3,"Asian, Asian British or Asian Welsh: Indian",3,"L4, L5 and L6: Lower managerial, administrative and professional occupations",380
E05013614,Feltham West,3,"Asian, Asian British or Asian Welsh: Indian",4,L7: Intermediate occupations,192
E05013614,Feltham West,3,"Asian, Asian British or Asian Welsh: Indian",5,L8 and L9: Small employers and own account workers,91
E05013614,Feltham West,3,"Asian, Asian British or Asian Welsh: Indian",6,L10 and L11: Lower supervisory and technical occupations,56
E05013614,Feltham West,3,"Asian, Asian British or Asian Welsh: Indian",7,L12: Semi-routine occupations,135
E05013614,Feltham West,3,"Asian, Asian British or Asian Welsh: Indian",8,L13: Routine occupations,117
E05013614,Feltham West,3,"Asian, Asian British or Asian Welsh: Indian",9,L14.1: Never worked,145
E05013614,Feltham West,3,"Asian, Asian British or Asian Welsh: Indian",10,L14.2: Long-term unemployed,20
E05013614,Feltham West,3,"Asian, Asian British or Asian Welsh: Indian",11,L15: Full-time students,110
E05013614,Feltham West,4,"Asian, Asian British or Asian Welsh: Pakistani",-8,Does not apply,188
E05013614,Feltham West,4,"Asian, Asian British or Asian Welsh: Pakistani",1,L1 and L2: Large employers and higher managerial and administrative occupations,9
E05013614,Feltham West,4,"Asian, Asian British or Asian Welsh: Pakistani",2,L3: Higher professional occupations,24
E05013614,Feltham West,4,"Asian, Asian British or Asian Welsh: Pakistani",3,"L4, L5 and L6: Lower managerial, administrative and professional occupations",77
E05013614,Feltham West,4,"Asian, Asian British or Asian Welsh: Pakistani",4,L7: Intermediate occupations,55
E05013614,Feltham West,4,"Asian, Asian British or Asian Welsh: Pakistani",5,L8 and L9: Small employers and own account workers,43
E05013614,Feltham West,4,"Asian, Asian British or Asian Welsh: Pakistani",6,L10 and L11: Lower supervisory and technical occupations,11
E05013614,Feltham West,4,"Asian, Asian British or Asian Welsh: Pakistani",7,L12: Semi-routine occupations,46
E05013614,Feltham West,4,"Asian, Asian British or Asian Welsh: Pakistani",8,L13: Routine occupations,32
E05013614,Feltham West,4,"Asian, Asian British or Asian Welsh: Pakistani",9,L14.1: Never worked,73
E05013614,Feltham West,4,"Asian, Asian British or Asian Welsh: Pakistani",10,L14.2: Long-term unemployed,11
E05013614,Feltham West,4,"Asian, Asian British or Asian Welsh: Pakistani",11,L15: Full-time students,60
E05013614,Feltham West,5,"Asian, Asian British or Asian Welsh: Other Asian",-8,Does not apply,295
E05013614,Feltham West,5,"Asian, Asian British or Asian Welsh: Other Asian",1,L1 and L2: Large employers and higher managerial and administrative occupations,14
E05013614,Feltham West,5,"Asian, Asian British or Asian Welsh: Other Asian",2,L3: Higher professional occupations,43
E05013614,Feltham West,5,"Asian, Asian British or Asian Welsh: Other Asian",3,"L4, L5 and L6: Lower managerial, administrative and professional occupations",148
E05013614,Feltham West,5,"Asian, Asian British or Asian Welsh: Other Asian",4,L7: Intermediate occupations,89
E05013614,Feltham West,5,"Asian, Asian British or Asian Welsh: Other Asian",5,L8 and L9: Small employers and own account workers,61
E05013614,Feltham West,5,"Asian, Asian British or Asian Welsh: Other Asian",6,L10 and L11: Lower supervisory and technical occupations,53
E05013614,Feltham West,5,"Asian, Asian British or Asian Welsh: Other Asian",7,L12: Semi-routine occupations,152
E05013614,Feltham West,5,"Asian, Asian British or Asian Welsh: Other Asian",8,L13: Routine occupations,154
E05013614,Feltham West,5,"Asian, Asian British or Asian Welsh: Other Asian",9,L14.1: Never worked,105
E05013614,Feltham West,5,"Asian, Asian British or Asian Welsh: Other Asian",10,L14.2: Long-term unemployed,16
E05013614,Feltham West,5,"Asian, Asian British or Asian Welsh: Other Asian",11,L15: Full-time students,89
E05013614,Feltham West,6,"Black, Black British, Black Welsh, Caribbean or African: African",-8,Does not apply,274
E05013614,Feltham West,6,"Black, Black British, Black Welsh, Caribbean or African: African",1,L1 and L2: Large employers and higher managerial and administrative occupations,11
E05013614,Feltham West,6,"Black, Black British, Black Welsh, Caribbean or African: African",2,L3: Higher professional occupations,48
E05013614,Feltham West,6,"Black, Black British, Black Welsh, Caribbean or African: African",3,"L4, L5 and L6: Lower managerial, administrative and professional occupations",150
E05013614,Feltham West,6,"Black, Black British, Black Welsh, Caribbean or African: African",4,L7: Intermediate occupations,63
E05013614,Feltham West,6,"Black, Black British, Black Welsh, Caribbean or African: African",5,L8 and L9: Small employers and own account workers,33
E05013614,Feltham West,6,"Black, Black British, Black Welsh, Caribbean or African: African",6,L10 and L11: Lower supervisory and technical occupations,29
E05013614,Feltham West,6,"Black, Black British, Black Welsh, Caribbean or African: African",7,L12: Semi-routine occupations,110
E05013614,Feltham West,6,"Black, Black British, Black Welsh, Caribbean or African: African",8,L13: Routine occupations,81
E05013614,Feltham West,6,"Black, Black British, Black Welsh, Caribbean or African: African",9,L14.1: Never worked,72
E05013614,Feltham West,6,"Black, Black British, Black Welsh, Caribbean or African: African",10,L14.2: Long-term unemployed,27
E05013614,Feltham West,6,"Black, Black British, Black Welsh, Caribbean or African: African",11,L15: Full-time students,131
E05013614,Feltham West,7,"Black, Black British, Black Welsh, Caribbean or African: Caribbean",-8,Does not apply,36
E05013614,Feltham West,7,"Black, Black British, Black Welsh, Caribbean or African: Caribbean",1,L1 and L2: Large employers and higher managerial and administrative occupations,6
E05013614,Feltham West,7,"Black, Black British, Black Welsh, Caribbean or African: Caribbean",2,L3: Higher professional occupations,5
E05013614,Feltham West,7,"Black, Black British, Black Welsh, Caribbean or African: Caribbean",3,"L4, L5 and L6: Lower managerial, administrative and professional occupations",47
E05013614,Feltham West,7,"Black, Black British, Black Welsh, Caribbean or African: Caribbean",4,L7: Intermediate occupations,24
E05013614,Feltham West,7,"Black, Black British, Black Welsh, Caribbean or African: Caribbean",5,L8 and L9: Small employers and own account workers,14
E05013614,Feltham West,7,"Black, Black British, Black Welsh, Caribbean or African: Caribbean",6,L10 and L11: Lower supervisory and technical occupations,14
E05013614,Feltham West,7,"Black, Black British, Black Welsh, Caribbean or African: Caribbean",7,L12: Semi-routine occupations,26
E05013614,Feltham West,7,"Black, Black British, Black Welsh, Caribbean or African: Caribbean",8,L13: Routine occupations,28
E05013614,Feltham West,7,"Black, Black British, Black Welsh, Caribbean or African: Caribbean",9,L14.1: Never worked,35
E05013614,Feltham West,7,"Black, Black British, Black Welsh, Caribbean or African: Caribbean",10,L14.2: Long-term unemployed,6
E05013614,Feltham West,7,"Black, Black British, Black Welsh, Caribbean or African: Caribbean",11,L15: Full-time students,30
E05013614,Feltham West,8,"Black, Black British, Black Welsh, Caribbean or African: Other Black",-8,Does not apply,75
E05013614,Feltham West,8,"Black, Black British, Black Welsh, Caribbean or African: Other Black",1,L1 and L2: Large employers and higher managerial and administrative occupations,0
E05013614,Feltham West,8,"Black, Black British, Black Welsh, Caribbean or African: Other Black",2,L3: Higher professional occupations,4
E05013614,Feltham West,8,"Black, Black British, Black Welsh, Caribbean or African: Other Black",3,"L4, L5 and L6: Lower managerial, administrative and professional occupations",15
E05013614,Feltham West,8,"Black, Black British, Black Welsh, Caribbean or African: Other Black",4,L7: Intermediate occupations,9
E05013614,Feltham West,8,"Black, Black British, Black Welsh, Caribbean or African: Other Black",5,L8 and L9: Small employers and own account workers,6
E05013614,Feltham West,8,"Black, Black British, Black Welsh, Caribbean or African: Other Black",6,L10 and L11: Lower supervisory and technical occupations,5
E05013614,Feltham West,8,"Black, Black British, Black Welsh, Caribbean or African: Other Black",7,L12: Semi-routine occupations,11
E05013614,Feltham West,8,"Black, Black British, Black Welsh, Caribbean or African: Other Black",8,L13: Routine occupations,16
E05013614,Feltham West,8,"Black, Black British, Black Welsh, Caribbean or African: Other Black",9,L14.1: Never worked,15
E05013614,Feltham West,8,"Black, Black British, Black Welsh, Caribbean or African: Other Black",10,L14.2: Long-term unemployed,1
E05013614,Feltham West,8,"Black, Black British, Black Welsh, Caribbean or African: Other Black",11,L15: Full-time students,10
E05013614,Feltham West,9,Mixed or Multiple ethnic groups: White and Asian,-8,Does not apply,93
E05013614,Feltham West,9,Mixed or Multiple ethnic groups: White and Asian,1,L1 and L2: Large employers and higher managerial and administrative occupations,2
E05013614,Feltham West,9,Mixed or Multiple ethnic groups: White and Asian,2,L3: Higher professional occupations,5
E05013614,Feltham West,9,Mixed or Multiple ethnic groups: White and Asian,3,"L4, L5 and L6: Lower managerial, administrative and professional occupations",25
E05013614,Feltham West,9,Mixed or Multiple ethnic groups: White and Asian,4,L7: Intermediate occupations,12
E05013614,Feltham West,9,Mixed or Multiple ethnic groups: White and Asian,5,L8 and L9: Small employers and own account workers,7
E05013614,Feltham West,9,Mixed or Multiple ethnic groups: White and Asian,6,L10 and L11: Lower supervisory and technical occupations,7
E05013614,Feltham West,9,Mixed or Multiple ethnic groups: White and Asian,7,L12: Semi-routine occupations,14
E05013614,Feltham West,9,Mixed or Multiple ethnic groups: White and Asian,8,L13: Routine occupations,8
E05013614,Feltham West,9,Mixed or Multiple ethnic groups: White and Asian,9,L14.1: Never worked,12
E05013614,Feltham West,9,Mixed or Multiple ethnic groups: White and Asian,10,L14.2: Long-term unemployed,1
E05013614,Feltham West,9,Mixed or Multiple ethnic groups: White and Asian,11,L15: Full-time students,14
E05013614,Feltham West,10,Mixed or Multiple ethnic groups: White and Black African,-8,Does not apply,78
E05013614,Feltham West,10,Mixed or Multiple ethnic groups: White and Black African,1,L1 and L2: Large employers and higher managerial and administrative occupations,2
E05013614,Feltham West,10,Mixed or Multiple ethnic groups: White and Black African,2,L3: Higher professional occupations,2
E05013614,Feltham West,10,Mixed or Multiple ethnic groups: White and Black African,3,"L4, L5 and L6: Lower managerial, administrative and professional occupations",7
E05013614,Feltham West,10,Mixed or Multiple ethnic groups: White and Black African,4,L7: Intermediate occupations,11
E05013614,Feltham West,10,Mixed or Multiple ethnic groups: White and Black African,5,L8 and L9: Small employers and own account workers,3
E05013614,Feltham West,10,Mixed or Multiple ethnic groups: White and Black African,6,L10 and L11: Lower supervisory and technical occupations,8
E05013614,Feltham West,10,Mixed or Multiple ethnic groups: White and Black African,7,L12: Semi-routine occupations,8
E05013614,Feltham West,10,Mixed or Multiple ethnic groups: White and Black African,8,L13: Routine occupations,16
E05013614,Feltham West,10,Mixed or Multiple ethnic groups: White and Black African,9,L14.1: Never worked,10
E05013614,Feltham West,10,Mixed or Multiple ethnic groups: White and Black African,10,L14.2: Long-term unemployed,1
E05013614,Feltham West,10,Mixed or Multiple ethnic groups: White and Black African,11,L15: Full-time students,20
E05013614,Feltham West,11,Mixed or Multiple ethnic groups: White and Black Caribbean,-8,Does not apply,86
E05013614,Feltham West,11,Mixed or Multiple ethnic groups: White and Black Caribbean,1,L1 and L2: Large employers and higher managerial and administrative occupations,3
E05013614,Feltham West,11,Mixed or Multiple ethnic groups: White and Black Caribbean,2,L3: Higher professional occupations,8
E05013614,Feltham West,11,Mixed or Multiple ethnic groups: White and Black Caribbean,3,"L4, L5 and L6: Lower managerial, administrative and professional occupations",21
E05013614,Feltham West,11,Mixed or Multiple ethnic groups: White and Black Caribbean,4,L7: Intermediate occupations,11
E05013614,Feltham West,11,Mixed or Multiple ethnic groups: White and Black Caribbean,5,L8 and L9: Small employers and own account workers,6
E05013614,Feltham West,11,Mixed or Multiple ethnic groups: White and Black Caribbean,6,L10 and L11: Lower supervisory and technical occupations,9
E05013614,Feltham West,11,Mixed or Multiple ethnic groups: White and Black Caribbean,7,L12: Semi-routine occupations,14
E05013614,Feltham West,11,Mixed or Multiple ethnic groups: White and Black Caribbean,8,L13: Routine occupations,14
E05013614,Feltham West,11,Mixed or Multiple ethnic groups: White and Black Caribbean,9,L14.1: Never worked,21
E05013614,Feltham West,11,Mixed or Multiple ethnic groups: White and Black Caribbean,10,L14.2: Long-term unemployed,3
E05013614,Feltham West,11,Mixed or Multiple ethnic groups: White and Black Caribbean,11,L15: Full-time students,15
E05013614,Feltham West,12,Mixed or Multiple ethnic groups: Other Mixed or Multiple ethnic groups,-8,Does not apply,91
E05013614,Feltham West,12,Mixed or Multiple ethnic groups: Other Mixed or Multiple ethnic groups,1,L1 and L2: Large employers and higher managerial and administrative occupations,2
E05013614,Feltham West,12,Mixed or Multiple ethnic groups: Other Mixed or Multiple ethnic groups,2,L3: Higher professional occupations,5
E05013614,Feltham West,12,Mixed or Multiple ethnic groups: Other Mixed or Multiple ethnic groups,3,"L4, L5 and L6: Lower managerial, administrative and professional occupations",26
E05013614,Feltham West,12,Mixed or Multiple ethnic groups: Other Mixed or Multiple ethnic groups,4,L7: Intermediate occupations,13
E05013614,Feltham West,12,Mixed or Multiple ethnic groups: Other Mixed or Multiple ethnic groups,5,L8 and L9: Small employers and own account workers,12
E05013614,Feltham West,12,Mixed or Multiple ethnic groups: Other Mixed or Multiple ethnic groups,6,L10 and L11: Lower supervisory and technical occupations,4
E05013614,Feltham West,12,Mixed or Multiple ethnic groups: Other Mixed or Multiple ethnic groups,7,L12: Semi-routine occupations,8
E05013614,Feltham West,12,Mixed or Multiple ethnic groups: Other Mixed or Multiple ethnic groups,8,L13: Routine occupations,17
E05013614,Feltham West,12,Mixed or Multiple ethnic groups: Other Mixed or Multiple ethnic groups,9,L14.1: Never worked,15
E05013614,Feltham West,12,Mixed or Multiple ethnic groups: Other Mixed or Multiple ethnic groups,10,L14.2: Long-term unemployed,4
E05013614,Feltham West,12,Mixed or Multiple ethnic groups: Other Mixed or Multiple ethnic groups,11,L15: Full-time students,28
E05013614,Feltham West,13,"White: English, Welsh, Scottish, Northern Irish or British",-8,Does not apply,1195
E05013614,Feltham West,13,"White: English, Welsh, Scottish, Northern Irish or British",1,L1 and L2: Large employers and higher managerial and administrative occupations,113
E05013614,Feltham West,13,"White: English, Welsh, Scottish, Northern Irish or British",2,L3: Higher professional occupations,232
E05013614,Feltham West,13,"White: English, Welsh, Scottish, Northern Irish or British",3,"L4, L5 and L6: Lower managerial, administrative and professional occupations",906
E05013614,Feltham West,13,"White: English, Welsh, Scottish, Northern Irish or British",4,L7: Intermediate occupations,750
E05013614,Feltham West,13,"White: English, Welsh, Scottish, Northern Irish or British",5,L8 and L9: Small employers and own account workers,455
E05013614,Feltham West,13,"White: English, Welsh, Scottish, Northern Irish or British",6,L10 and L11: Lower supervisory and technical occupations,370
E05013614,Feltham West,13,"White: English, Welsh, Scottish, Northern Irish or British",7,L12: Semi-routine occupations,687
E05013614,Feltham West,13,"White: English, Welsh, Scottish, Northern Irish or British",8,L13: Routine occupations,858
E05013614,Feltham West,13,"White: English, Welsh, Scottish, Northern Irish or British",9,L14.1: Never worked,408
E05013614,Feltham West,13,"White: English, Welsh, Scottish, Northern Irish or British",10,L14.2: Long-term unemployed,82
E05013614,Feltham West,13,"White: English, Welsh, Scottish, Northern Irish or British",11,L15: Full-time students,266
E05013614,Feltham West,14,White: Irish,-8,Does not apply,8
E05013614,Feltham West,14,White: Irish,1,L1 and L2: Large employers and higher managerial and administrative occupations,5
E05013614,Feltham West,14,White: Irish,2,L3: Higher professional occupations,9
E05013614,Feltham West,14,White: Irish,3,"L4, L5 and L6: Lower managerial, administrative and professional occupations",37
E05013614,Feltham West,14,White: Irish,4,L7: Intermediate occupations,19
E05013614,Feltham West,14,White: Irish,5,L8 and L9: Small employers and own account workers,24
E05013614,Feltham West,14,White: Irish,6,L10 and L11: Lower supervisory and technical occupations,7
E05013614,Feltham West,14,White: Irish,7,L12: Semi-routine occupations,22
E05013614,Feltham West,14,White: Irish,8,L13: Routine occupations,14
E05013614,Feltham West,14,White: Irish,9,L14.1: Never worked,10
E05013614,Feltham West,14,White: Irish,10,L14.2: Long-term unemployed,5
E05013614,Feltham West,14,White: Irish,11,L15: Full-time students,2
E05013614,Feltham West,15,White: Gypsy or Irish Traveller,-8,Does not apply,11
E05013614,Feltham West,15,White: Gypsy or Irish Traveller,1,L1 and L2: Large employers and higher managerial and administrative occupations,0
E05013614,Feltham West,15,White: Gypsy or Irish Traveller,2,L3: Higher professional occupations,0
E05013614,Feltham West,15,White: Gypsy or Irish Traveller,3,"L4, L5 and L6: Lower managerial, administrative and professional occupations",2
E05013614,Feltham West,15,White: Gypsy or Irish Traveller,4,L7: Intermediate occupations,4
E05013614,Feltham West,15,White: Gypsy or Irish Traveller,5,L8 and L9: Small employers and own account workers,1
E05013614,Feltham West,15,White: Gypsy or Irish Traveller,6,L10 and L11: Lower supervisory and technical occupations,0
E05013614,Feltham West,15,White: Gypsy or Irish Traveller,7,L12: Semi-routine occupations,1
E05013614,Feltham West,15,White: Gypsy or Irish Traveller,8,L13: Routine occupations,1
E05013614,Feltham West,15,White: Gypsy or Irish Traveller,9,L14.1: Never worked,10
E05013614,Feltham West,15,White: Gypsy or Irish Traveller,10,L14.2: Long-term unemployed,1
E05013614,Feltham West,15,White: Gypsy or Irish Traveller,11,L15: Full-time students,1
E05013614,Feltham West,16,White: Roma,-8,Does not apply,9
E05013614,Feltham West,16,White: Roma,1,L1 and L2: Large employers and higher managerial and administrative occupations,0
E05013614,Feltham West,16,White: Roma,2,L3: Higher professional occupations,0
E05013614,Feltham West,16,White: Roma,3,"L4, L5 and L6: Lower managerial, administrative and professional occupations",0
E05013614,Feltham West,16,White: Roma,4,L7: Intermediate occupations,3
E05013614,Feltham West,16,White: Roma,5,L8 and L9: Small employers and own account workers,16
E05013614,Feltham West,16,White: Roma,6,L10 and L11: Lower supervisory and technical occupations,9
E05013614,Feltham West,16,White: Roma,7,L12: Semi-routine occupations,4
E05013614,Feltham West,16,White: Roma,8,L13: Routine occupations,12
E05013614,Feltham West,16,White: Roma,9,L14.1: Never worked,3
E05013614,Feltham West,16,White: Roma,10,L14.2: Long-term unemployed,1
E05013614,Feltham West,16,White: Roma,11,L15: Full-time students,3
E05013614,Feltham West,17,White: Other White,-8,Does not apply,363
E05013614,Feltham West,17,White: Other White,1,L1 and L2: Large employers and higher managerial and administrative occupations,35
E05013614,Feltham West,17,White: Other White,2,L3: Higher professional occupations,85
E05013614,Feltham West,17,White: Other White,3,"L4, L5 and L6: Lower managerial, administrative and professional occupations",247
E05013614,Feltham West,17,White: Other White,4,L7: Intermediate occupations,179
E05013614,Feltham West,17,White: Other White,5,L8 and L9: Small employers and own account workers,408
E05013614,Feltham West,17,White: Other White,6,L10 and L11: Lower supervisory and technical occupations,104
E05013614,Feltham West,17,White: Other White,7,L12: Semi-routine occupations,147
E05013614,Feltham West,17,White: Other White,8,L13: Routine occupations,273
E05013614,Feltham West,17,White: Other White,9,L14.1: Never worked,68
E05013614,Feltham West,17,White: Other White,10,L14.2: Long-term unemployed,25
E05013614,Feltham West,17,White: Other White,11,L15: Full-time students,113
E05013614,Feltham West,18,Other ethnic group: Arab,-8,Does not apply,59
E05013614,Feltham West,18,Other ethnic group: Arab,1,L1 and L2: Large employers and higher managerial and administrative occupations,3
E05013614,Feltham West,18,Other ethnic group: Arab,2,L3: Higher professional occupations,11
E05013614,Feltham West,18,Other ethnic group: Arab,3,"L4, L5 and L6: Lower managerial, administrative and professional occupations",16
E05013614,Feltham West,18,Other ethnic group: Arab,4,L7: Intermediate occupations,9
E05013614,Feltham West,18,Other ethnic group: Arab,5,L8 and L9: Small employers and own account workers,26
E05013614,Feltham West,18,Other ethnic group: Arab,6,L10 and L11: Lower supervisory and technical occupations,6
E05013614,Feltham West,18,Other ethnic group: Arab,7,L12: Semi-routine occupations,13
E05013614,Feltham West,18,Other ethnic group: Arab,8,L13: Routine occupations,14
E05013614,Feltham West,18,Other ethnic group: Arab,9,L14.1: Never worked,49
E05013614,Feltham West,18,Other ethnic group: Arab,10,L14.2: Long-term unemployed,2
E05013614,Feltham West,18,Other ethnic group: Arab,11,L15: Full-time students,34
E05013614,Feltham West,19,Other ethnic group: Any other ethnic group,-8,Does not apply,108
E05013614,Feltham West,19,Other ethnic group: Any other ethnic group,1,L1 and L2: Large employers and higher managerial and administrative occupations,6
E05013614,Feltham West,19,Other ethnic group: Any other ethnic group,2,L3: Higher professional occupations,22
E05013614,Feltham West,19,Other ethnic group: Any other ethnic group,3,"L4, L5 and L6: Lower managerial, administrative and professional occupations",52
E05013614,Feltham West,19,Other ethnic group: Any other ethnic group,4,L7: Intermediate occupations,51
E05013614,Feltham West,19,Other ethnic group: Any other ethnic group,5,L8 and L9: Small employers and own account workers,48
E05013614,Feltham West,19,Other ethnic group: Any other ethnic group,6,L10 and L11: Lower supervisory and technical occupations,28
E05013614,Feltham West,19,Other ethnic group: Any other ethnic group,7,L12: Semi-routine occupations,68
E05013614,Feltham West,19,Other ethnic group: Any other ethnic group,8,L13: Routine occupations,59
E05013614,Feltham West,19,Other ethnic group: Any other ethnic group,9,L14.1: Never worked,72
E05013614,Feltham West,19,Other ethnic group: Any other ethnic group,10,L14.2: Long-term unemployed,14
E05013614,Feltham West,19,Other ethnic group: Any other ethnic group,11,L15: Full-time students,53
E05013615,Hanworth Park,-8,Does not apply,-8,Does not apply,0
E05013615,Hanworth Park,-8,Does not apply,1,L1 and L2: Large employers and higher managerial and administrative occupations,0
E05013615,Hanworth Park,-8,Does not apply,2,L3: Higher professional occupations,0
E05013615,Hanworth Park,-8,Does not apply,3,"L4, L5 and L6: Lower managerial, administrative and professional occupations",0
E05013615,Hanworth Park,-8,Does not apply,4,L7: Intermediate occupations,0
E05013615,Hanworth Park,-8,Does not apply,5,L8 and L9: Small employers and own account workers,0
E05013615,Hanworth Park,-8,Does not apply,6,L10 and L11: Lower supervisory and technical occupations,0
E05013615,Hanworth Park,-8,Does not apply,7,L12: Semi-routine occupations,0
E05013615,Hanworth Park,-8,Does not apply,8,L13: Routine occupations,0
E05013615,Hanworth Park,-8,Does not apply,9,L14.1: Never worked,0
E05013615,Hanworth Park,-8,Does not apply,10,L14.2: Long-term unemployed,0
E05013615,Hanworth Park,-8,Does not apply,11,L15: Full-time students,0
E05013615,Hanworth Park,1,"Asian, Asian British or Asian Welsh: Bangladeshi",-8,Does not apply,25
E05013615,Hanworth Park,1,"Asian, Asian British or Asian Welsh: Bangladeshi",1,L1 and L2: Large employers and higher managerial and administrative occupations,0
E05013615,Hanworth Park,1,"Asian, Asian British or Asian Welsh: Bangladeshi",2,L3: Higher professional occupations,6
E05013615,Hanworth Park,1,"Asian, Asian British or Asian Welsh: Bangladeshi",3,"L4, L5 and L6: Lower managerial, administrative and professional occupations",8
E05013615,Hanworth Park,1,"Asian, Asian British or Asian Welsh: Bangladeshi",4,L7: Intermediate occupations,2
E05013615,Hanworth Park,1,"Asian, Asian British or Asian Welsh: Bangladeshi",5,L8 and L9: Small employers and own account workers,4
E05013615,Hanworth Park,1,"Asian, Asian British or Asian Welsh: Bangladeshi",6,L10 and L11: Lower supervisory and technical occupations,3
E05013615,Hanworth Park,1,"Asian, Asian British or Asian Welsh: Bangladeshi",7,L12: Semi-routine occupations,4
E05013615,Hanworth Park,1,"Asian, Asian British or Asian Welsh: Bangladeshi",8,L13: Routine occupations,4
E05013615,Hanworth Park,1,"Asian, Asian British or Asian Welsh: Bangladeshi",9,L14.1: Never worked,13
E05013615,Hanworth Park,1,"Asian, Asian British or Asian Welsh: Bangladeshi",10,L14.2: Long-term unemployed,1
E05013615,Hanworth Park,1,"Asian, Asian British or Asian Welsh: Bangladeshi",11,L15: Full-time students,7
E05013615,Hanworth Park,2,"Asian, Asian British or Asian Welsh: Chinese",-8,Does not apply,19
E05013615,Hanworth Park,2,"Asian, Asian British or Asian Welsh: Chinese",1,L1 and L2: Large employers and higher managerial and administrative occupations,1
E05013615,Hanworth Park,2,"Asian, Asian British or Asian Welsh: Chinese",2,L3: Higher professional occupations,12
E05013615,Hanworth Park,2,"Asian, Asian British or Asian Welsh: Chinese",3,"L4, L5 and L6: Lower managerial, administrative and professional occupations",8
E05013615,Hanworth Park,2,"Asian, Asian British or Asian Welsh: Chinese",4,L7: Intermediate occupations,7
E05013615,Hanworth Park,2,"Asian, Asian British or Asian Welsh: Chinese",5,L8 and L9: Small employers and own account workers,3
E05013615,Hanworth Park,2,"Asian, Asian British or Asian Welsh: Chinese",6,L10 and L11: Lower supervisory and technical occupations,6
E05013615,Hanworth Park,2,"Asian, Asian British or Asian Welsh: Chinese",7,L12: Semi-routine occupations,3
E05013615,Hanworth Park,2,"Asian, Asian British or Asian Welsh: Chinese",8,L13: Routine occupations,7
E05013615,Hanworth Park,2,"Asian, Asian British or Asian Welsh: Chinese",9,L14.1: Never worked,8
E05013615,Hanworth Park,2,"Asian, Asian British or Asian Welsh: Chinese",10,L14.2: Long-term unemployed,3
E05013615,Hanworth Park,2,"Asian, Asian British or Asian Welsh: Chinese",11,L15: Full-time students,4
E05013615,Hanworth Park,3,"Asian, Asian British or Asian Welsh: Indian",-8,Does not apply,298
E05013615,Hanworth Park,3,"Asian, Asian British or Asian Welsh: Indian",1,L1 and L2: Large employers and higher managerial and administrative occupations,40
E05013615,Hanworth Park,3,"Asian, Asian British or Asian Welsh: Indian",2,L3: Higher professional occupations,143
E05013615,Hanworth Park,3,"Asian, Asian British or Asian Welsh: Indian",3,"L4, L5 and L6: Lower managerial, administrative and professional occupations",212
E05013615,Hanworth Park,3,"Asian, Asian British or Asian Welsh: Indian",4,L7: Intermediate occupations,109
E05013615,Hanworth Park,3,"Asian, Asian British or Asian Welsh: Indian",5,L8 and L9: Small employers and own account workers,66
E05013615,Hanworth Park,3,"Asian, Asian British or Asian Welsh: Indian",6,L10 and L11: Lower supervisory and technical occupations,38
E05013615,Hanworth Park,3,"Asian, Asian British or Asian Welsh: Indian",7,L12: Semi-routine occupations,106
E05013615,Hanworth Park,3,"Asian, Asian British or Asian Welsh: Indian",8,L13: Routine occupations,89
E05013615,Hanworth Park,3,"Asian, Asian British or Asian Welsh: Indian",9,L14.1: Never worked,68
E05013615,Hanworth Park,3,"Asian, Asian British or Asian Welsh: Indian",10,L14.2: Long-term unemployed,11
E05013615,Hanworth Park,3,"Asian, Asian British or Asian Welsh: Indian",11,L15: Full-time students,71
E05013615,Hanworth Park,4,"Asian, Asian British or Asian Welsh: Pakistani",-8,Does not apply,127
E05013615,Hanworth Park,4,"Asian, Asian British or Asian Welsh: Pakistani",1,L1 and L2: Large employers and higher managerial and administrative occupations,8
E05013615,Hanworth Park,4,"Asian, Asian British or Asian Welsh: Pakistani",2,L3: Higher professional occupations,37
E05013615,Hanworth Park,4,"Asian, Asian British or Asian Welsh: Pakistani",3,"L4, L5 and L6: Lower managerial, administrative and professional occupations",54
E05013615,Hanworth Park,4,"Asian, Asian British or Asian Welsh: Pakistani",4,L7: Intermediate occupations,35
E05013615,Hanworth Park,4,"Asian, Asian British or Asian Welsh: Pakistani",5,L8 and L9: Small employers and own account workers,34
E05013615,Hanworth Park,4,"Asian, Asian British or Asian Welsh: Pakistani",6,L10 and L11: Lower supervisory and technical occupations,12
E05013615,Hanworth Park,4,"Asian, Asian British or Asian Welsh: Pakistani",7,L12: Semi-routine occupations,42
E05013615,Hanworth Park,4,"Asian, Asian British or Asian Welsh: Pakistani",8,L13: Routine occupations,25
E05013615,Hanworth Park,4,"Asian, Asian British or Asian Welsh: Pakistani",9,L14.1: Never worked,56
E05013615,Hanworth Park,4,"Asian, Asian British or Asian Welsh: Pakistani",10,L14.2: Long-term unemployed,7
E05013615,Hanworth Park,4,"Asian, Asian British or Asian Welsh: Pakistani",11,L15: Full-time students,44
E05013615,Hanworth Park,5,"Asian, Asian British or Asian Welsh: Other Asian",-8,Does not apply,170
E05013615,Hanworth Park,5,"Asian, Asian British or Asian Welsh: Other Asian",1,L1 and L2: Large employers and higher managerial and administrative occupations,4
E05013615,Hanworth Park,5,"Asian, Asian British or Asian Welsh: Other Asian",2,L3: Higher professional occupations,27
E05013615,Hanworth Park,5,"Asian, Asian British or Asian Welsh: Other Asian",3,"L4, L5 and L6: Lower managerial, administrative and professional occupations",82
E05013615,Hanworth Park,5,"Asian, Asian British or Asian Welsh: Other Asian",4,L7: Intermediate occupations,68
E05013615,Hanworth Park,5,"Asian, Asian British or Asian Welsh: Other Asian",5,L8 and L9: Small employers and own account workers,36
E05013615,Hanworth Park,5,"Asian, Asian British or Asian Welsh: Other Asian",6,L10 and L11: Lower supervisory and technical occupations,39
E05013615,Hanworth Park,5,"Asian, Asian British or Asian Welsh: Other Asian",7,L12: Semi-routine occupations,94
E05013615,Hanworth Park,5,"Asian, Asian British or Asian Welsh: Other Asian",8,L13: Routine occupations,105
E05013615,Hanworth Park,5,"Asian, Asian British or Asian Welsh: Other Asian",9,L14.1: Never worked,89
E05013615,Hanworth Park,5,"Asian, Asian British or Asian Welsh: Other Asian",10,L14.2: Long-term unemployed,8
E05013615,Hanworth Park,5,"Asian, Asian British or Asian Welsh: Other Asian",11,L15: Full-time students,66
E05013615,Hanworth Park,6,"Black, Black British, Black Welsh, Caribbean or African: African",-8,Does not apply,165
E05013615,Hanworth Park,6,"Black, Black British, Black Welsh, Caribbean or African: African",1,L1 and L2: Large employers and higher managerial and administrative occupations,8
E05013615,Hanworth Park,6,"Black, Black British, Black Welsh, Caribbean or African: African",2,L3: Higher professional occupations,18
E05013615,Hanworth Park,6,"Black, Black British, Black Welsh, Caribbean or African: African",3,"L4, L5 and L6: Lower managerial, administrative and professional occupations",56
E05013615,Hanworth Park,6,"Black, Black British, Black Welsh, Caribbean or African: African",4,L7: Intermediate occupations,38
E05013615,Hanworth Park,6,"Black, Black British, Black Welsh, Caribbean or African: African",5,L8 and L9: Small employers and own account workers,24
E05013615,Hanworth Park,6,"Black, Black British, Black Welsh, Caribbean or African: African",6,L10 and L11: Lower supervisory and technical occupations,16
E05013615,Hanworth Park,6,"Black, Black British, Black Welsh, Caribbean or African: African",7,L12: Semi-routine occupations,51
E05013615,Hanworth Park,6,"Black, Black British, Black Welsh, Caribbean or African: African",8,L13: Routine occupations,25
E05013615,Hanworth Park,6,"Black, Black British, Black Welsh, Caribbean or African: African",9,L14.1: Never worked,33
E05013615,Hanworth Park,6,"Black, Black British, Black Welsh, Caribbean or African: African",10,L14.2: Long-term unemployed,3
E05013615,Hanworth Park,6,"Black, Black British, Black Welsh, Caribbean or African: African",11,L15: Full-time students,44
E05013615,Hanworth Park,7,"Black, Black British, Black Welsh, Caribbean or African: Caribbean",-8,Does not apply,16
E05013615,Hanworth Park,7,"Black, Black British, Black Welsh, Caribbean or African: Caribbean",1,L1 and L2: Large employers and higher managerial and administrative occupations,4
E05013615,Hanworth Park,7,"Black, Black British, Black Welsh, Caribbean or African: Caribbean",2,L3: Higher professional occupations,9
E05013615,Hanworth Park,7,"Black, Black British, Black Welsh, Caribbean or African: Caribbean",3,"L4, L5 and L6: Lower managerial, administrative and professional occupations",19
E05013615,Hanworth Park,7,"Black, Black British, Black Welsh, Caribbean or African: Caribbean",4,L7: Intermediate occupations,17
E05013615,Hanworth Park,7,"Black, Black British, Black Welsh, Caribbean or African: Caribbean",5,L8 and L9: Small employers and own account workers,7
E05013615,Hanworth Park,7,"Black, Black British, Black Welsh, Caribbean or African: Caribbean",6,L10 and L11: Lower supervisory and technical occupations,6
E05013615,Hanworth Park,7,"Black, Black British, Black Welsh, Caribbean or African: Caribbean",7,L12: Semi-routine occupations,14
E05013615,Hanworth Park,7,"Black, Black British, Black Welsh, Caribbean or African: Caribbean",8,L13: Routine occupations,11
E05013615,Hanworth Park,7,"Black, Black British, Black Welsh, Caribbean or African: Caribbean",9,L14.1: Never worked,6
E05013615,Hanworth Park,7,"Black, Black British, Black Welsh, Caribbean or African: Caribbean",10,L14.2: Long-term unemployed,1
E05013615,Hanworth Park,7,"Black, Black British, Black Welsh, Caribbean or African: Caribbean",11,L15: Full-time students,13
E05013615,Hanworth Park,8,"Black, Black British, Black Welsh, Caribbean or African: Other Black",-8,Does not apply,37
E05013615,Hanworth Park,8,"Black, Black British, Black Welsh, Caribbean or African: Other Black",1,L1 and L2: Large employers and higher managerial and administrative occupations,0
E05013615,Hanworth Park,8,"Black, Black British, Black Welsh, Caribbean or African: Other Black",2,L3: Higher professional occupations,3
E05013615,Hanworth Park,8,"Black, Black British, Black Welsh, Caribbean or African: Other Black",3,"L4, L5 and L6: Lower managerial, administrative and professional occupations",4
E05013615,Hanworth Park,8,"Black, Black British, Black Welsh, Caribbean or African: Other Black",4,L7: Intermediate occupations,3
E05013615,Hanworth Park,8,"Black, Black British, Black Welsh, Caribbean or African: Other Black",5,L8 and L9: Small employers and own account workers,7
E05013615,Hanworth Park,8,"Black, Black British, Black Welsh, Caribbean or African: Other Black",6,L10 and L11: Lower supervisory and technical occupations,3
E05013615,Hanworth Park,8,"Black, Black British, Black Welsh, Caribbean or African: Other Black",7,L12: Semi-routine occupations,3
E05013615,Hanworth Park,8,"Black, Black British, Black Welsh, Caribbean or African: Other Black",8,L13: Routine occupations,4
E05013615,Hanworth Park,8,"Black, Black British, Black Welsh, Caribbean or African: Other Black",9,L14.1: Never worked,4
E05013615,Hanworth Park,8,"Black, Black British, Black Welsh, Caribbean or African: Other Black",10,L14.2: Long-term unemployed,2
E05013615,Hanworth Park,8,"Black, Black British, Black Welsh, Caribbean or African: Other Black",11,L15: Full-time students,7
E05013615,Hanworth Park,9,Mixed or Multiple ethnic groups: White and Asian,-8,Does not apply,71
E05013615,Hanworth Park,9,Mixed or Multiple ethnic groups: White and Asian,1,L1 and L2: Large employers and higher managerial and administrative occupations,1
E05013615,Hanworth Park,9,Mixed or Multiple ethnic groups: White and Asian,2,L3: Higher professional occupations,9
E05013615,Hanworth Park,9,Mixed or Multiple ethnic groups: White and Asian,3,"L4, L5 and L6: Lower managerial, administrative and professional occupations",20
E05013615,Hanworth Park,9,Mixed or Multiple ethnic groups: White and Asian,4,L7: Intermediate occupations,12
E05013615,Hanworth Park,9,Mixed or Multiple ethnic groups: White and Asian,5,L8 and L9: Small employers and own account workers,3
E05013615,Hanworth Park,9,Mixed or Multiple ethnic groups: White and Asian,6,L10 and L11: Lower supervisory and technical occupations,2
E05013615,Hanworth Park,9,Mixed or Multiple ethnic groups: White and Asian,7,L12: Semi-routine occupations,14
E05013615,Hanworth Park,9,Mixed or Multiple ethnic groups: White and Asian,8,L13: Routine occupations,5
E05013615,Hanworth Park,9,Mixed or Multiple ethnic groups: White and Asian,9,L14.1: Never worked,3
E05013615,Hanworth Park,9,Mixed or Multiple ethnic groups: White and Asian,10,L14.2: Long-term unemployed,1
E05013615,Hanworth Park,9,Mixed or Multiple ethnic groups: White and Asian,11,L15: Full-time students,12
E05013615,Hanworth Park,10,Mixed or Multiple ethnic groups: White and Black African,-8,Does not apply,50
E05013615,Hanworth Park,10,Mixed or Multiple ethnic groups: White and Black African,1,L1 and L2: Large employers and higher managerial and administrative occupations,2
E05013615,Hanworth Park,10,Mixed or Multiple ethnic groups: White and Black African,2,L3: Higher professional occupations,3
E05013615,Hanworth Park,10,Mixed or Multiple ethnic groups: White and Black African,3,"L4, L5 and L6: Lower managerial, administrative and professional occupations",8
E05013615,Hanworth Park,10,Mixed or Multiple ethnic groups: White and Black African,4,L7: Intermediate occupations,10
E05013615,Hanworth Park,10,Mixed or Multiple ethnic groups: White and Black African,5,L8 and L9: Small employers and own account workers,3
E05013615,Hanworth Park,10,Mixed or Multiple ethnic groups: White and Black African,6,L10 and L11: Lower supervisory and technical occupations,6
E05013615,Hanworth Park,10,Mixed or Multiple ethnic groups: White and Black African,7,L12: Semi-routine occupations,6
E05013615,Hanworth Park,10,Mixed or Multiple ethnic groups: White and Black African,8,L13: Routine occupations,7
E05013615,Hanworth Park,10,Mixed or Multiple ethnic groups: White and Black African,9,L14.1: Never worked,24
E05013615,Hanworth Park,10,Mixed or Multiple ethnic groups: White and Black African,10,L14.2: Long-term unemployed,0
E05013615,Hanworth Park,10,Mixed or Multiple ethnic groups: White and Black African,11,L15: Full-time students,8
E05013615,Hanworth Park,11,Mixed or Multiple ethnic groups: White and Black Caribbean,-8,Does not apply,49
E05013615,Hanworth Park,11,Mixed or Multiple ethnic groups: White and Black Caribbean,1,L1 and L2: Large employers and higher managerial and administrative occupations,3
E05013615,Hanworth Park,11,Mixed or Multiple ethnic groups: White and Black Caribbean,2,L3: Higher professional occupations,2
E05013615,Hanworth Park,11,Mixed or Multiple ethnic groups: White and Black Caribbean,3,"L4, L5 and L6: Lower managerial, administrative and professional occupations",9
E05013615,Hanworth Park,11,Mixed or Multiple ethnic groups: White and Black Caribbean,4,L7: Intermediate occupations,4
E05013615,Hanworth Park,11,Mixed or Multiple ethnic groups: White and Black Caribbean,5,L8 and L9: Small employers and own account workers,2
E05013615,Hanworth Park,11,Mixed or Multiple ethnic groups: White and Black Caribbean,6,L10 and L11: Lower supervisory and technical occupations,4
E05013615,Hanworth Park,11,Mixed or Multiple ethnic groups: White and Black Caribbean,7,L12: Semi-routine occupations,5
E05013615,Hanworth Park,11,Mixed or Multiple ethnic groups: White and Black Caribbean,8,L13: Routine occupations,6
E05013615,Hanworth Park,11,Mixed or Multiple ethnic groups: White and Black Caribbean,9,L14.1: Never worked,6
E05013615,Hanworth Park,11,Mixed or Multiple ethnic groups: White and Black Caribbean,10,L14.2: Long-term unemployed,4
E05013615,Hanworth Park,11,Mixed or Multiple ethnic groups: White and Black Caribbean,11,L15: Full-time students,62
E05013615,Hanworth Park,12,Mixed or Multiple ethnic groups: Other Mixed or Multiple ethnic groups,-8,Does not apply,64
E05013615,Hanworth Park,12,Mixed or Multiple ethnic groups: Other Mixed or Multiple ethnic groups,1,L1 and L2: Large employers and higher managerial and administrative occupations,4
E05013615,Hanworth Park,12,Mixed or Multiple ethnic groups: Other Mixed or Multiple ethnic groups,2,L3: Higher professional occupations,6
E05013615,Hanworth Park,12,Mixed or Multiple ethnic groups: Other Mixed or Multiple ethnic groups,3,"L4, L5 and L6: Lower managerial, administrative and professional occupations",17
E05013615,Hanworth Park,12,Mixed or Multiple ethnic groups: Other Mixed or Multiple ethnic groups,4,L7: Intermediate occupations,16
E05013615,Hanworth Park,12,Mixed or Multiple ethnic groups: Other Mixed or Multiple ethnic groups,5,L8 and L9: Small employers and own account workers,10
E05013615,Hanworth Park,12,Mixed or Multiple ethnic groups: Other Mixed or Multiple ethnic groups,6,L10 and L11: Lower supervisory and technical occupations,1
E05013615,Hanworth Park,12,Mixed or Multiple ethnic groups: Other Mixed or Multiple ethnic groups,7,L12: Semi-routine occupations,2
E05013615,Hanworth Park,12,Mixed or Multiple ethnic groups: Other Mixed or Multiple ethnic groups,8,L13: Routine occupations,8
E05013615,Hanworth Park,12,Mixed or Multiple ethnic groups: Other Mixed or Multiple ethnic groups,9,L14.1: Never worked,8
E05013615,Hanworth Park,12,Mixed or Multiple ethnic groups: Other Mixed or Multiple ethnic groups,10,L14.2: Long-term unemployed,4
E05013615,Hanworth Park,12,Mixed or Multiple ethnic groups: Other Mixed or Multiple ethnic groups,11,L15: Full-time students,12
E05013615,Hanworth Park,13,"White: English, Welsh, Scottish, Northern Irish or British",-8,Does not apply,734
E05013615,Hanworth Park,13,"White: English, Welsh, Scottish, Northern Irish or British",1,L1 and L2: Large employers and higher managerial and administrative occupations,102
E05013615,Hanworth Park,13,"White: English, Welsh, Scottish, Northern Irish or British",2,L3: Higher professional occupations,221
E05013615,Hanworth Park,13,"White: English, Welsh, Scottish, Northern Irish or British",3,"L4, L5 and L6: Lower managerial, administrative and professional occupations",723
E05013615,Hanworth Park,13,"White: English, Welsh, Scottish, Northern Irish or British",4,L7: Intermediate occupations,580
E05013615,Hanworth Park,13,"White: English, Welsh, Scottish, Northern Irish or British",5,L8 and L9: Small employers and own account workers,364
E05013615,Hanworth Park,13,"White: English, Welsh, Scottish, Northern Irish or British",6,L10 and L11: Lower supervisory and technical occupations,255
E05013615,Hanworth Park,13,"White: English, Welsh, Scottish, Northern Irish or British",7,L12: Semi-routine occupations,446
E05013615,Hanworth Park,13,"White: English, Welsh, Scottish, Northern Irish or British",8,L13: Routine occupations,505
E05013615,Hanworth Park,13,"White: English, Welsh, Scottish, Northern Irish or British",9,L14.1: Never worked,240
E05013615,Hanworth Park,13,"White: English, Welsh, Scottish, Northern Irish or British",10,L14.2: Long-term unemployed,42
E05013615,Hanworth Park,13,"White: English, Welsh, Scottish, Northern Irish or British",11,L15: Full-time students,163
E05013615,Hanworth Park,14,White: Irish,-8,Does not apply,5
E05013615,Hanworth Park,14,White: Irish,1,L1 and L2: Large employers and higher managerial and administrative occupations,5
E05013615,Hanworth Park,14,White: Irish,2,L3: Higher professional occupations,4
E05013615,Hanworth Park,14,White: Irish,3,"L4, L5 and L6: Lower managerial, administrative and professional occupations",23
E05013615,Hanworth Park,14,White: Irish,4,L7: Intermediate occupations,13
E05013615,Hanworth Park,14,White: Irish,5,L8 and L9: Small employers and own account workers,9
E05013615,Hanworth Park,14,White: Irish,6,L10 and L11: Lower supervisory and technical occupations,3
E05013615,Hanworth Park,14,White: Irish,7,L12: Semi-routine occupations,5
E05013615,Hanworth Park,14,White: Irish,8,L13: Routine occupations,6
E05013615,Hanworth Park,14,White: Irish,9,L14.1: Never worked,10
E05013615,Hanworth Park,14,White: Irish,10,L14.2: Long-term unemployed,0
E05013615,Hanworth Park,14,White: Irish,11,L15: Full-time students,2
E05013615,Hanworth Park,15,White: Gypsy or Irish Traveller,-8,Does not apply,0
E05013615,Hanworth Park,15,White: Gypsy or Irish Traveller,1,L1 and L2: Large employers and higher managerial and administrative occupations,0
E05013615,Hanworth Park,15,White: Gypsy or Irish Traveller,2,L3: Higher professional occupations,0
E05013615,Hanworth Park,15,White: Gypsy or Irish Traveller,3,"L4, L5 and L6: Lower managerial, administrative and professional occupations",1
E05013615,Hanworth Park,15,White: Gypsy or Irish Traveller,4,L7: Intermediate occupations,0
E05013615,Hanworth Park,15,White: Gypsy or Irish Traveller,5,L8 and L9: Small employers and own account workers,0
E05013615,Hanworth Park,15,White: Gypsy or Irish Traveller,6,L10 and L11: Lower supervisory and technical occupations,0
E05013615,Hanworth Park,15,White: Gypsy or Irish Traveller,7,L12: Semi-routine occupations,0
E05013615,Hanworth Park,15,White: Gypsy or Irish Traveller,8,L13: Routine occupations,0
E05013615,Hanworth Park,15,White: Gypsy or Irish Traveller,9,L14.1: Never worked,0
E05013615,Hanworth Park,15,White: Gypsy or Irish Traveller,10,L14.2: Long-term unemployed,0
E05013615,Hanworth Park,15,White: Gypsy or Irish Traveller,11,L15: Full-time students,0
E05013615,Hanworth Park,16,White: Roma,-8,Does not apply,5
E05013615,Hanworth Park,16,White: Roma,1,L1 and L2: Large employers and higher managerial and administrative occupations,1
E05013615,Hanworth Park,16,White: Roma,2,L3: Higher professional occupations,2
E05013615,Hanworth Park,16,White: Roma,3,"L4, L5 and L6: Lower managerial, administrative and professional occupations",2
E05013615,Hanworth Park,16,White: Roma,4,L7: Intermediate occupations,3
E05013615,Hanworth Park,16,White: Roma,5,L8 and L9: Small employers and own account workers,6
E05013615,Hanworth Park,16,White: Roma,6,L10 and L11: Lower supervisory and technical occupations,0
E05013615,Hanworth Park,16,White: Roma,7,L12: Semi-routine occupations,5
E05013615,Hanworth Park,16,White: Roma,8,L13: Routine occupations,5
E05013615,Hanworth Park,16,White: Roma,9,L14.1: Never worked,3
E05013615,Hanworth Park,16,White: Roma,10,L14.2: Long-term unemployed,1
E05013615,Hanworth Park,16,White: Roma,11,L15: Full-time students,0
E05013615,Hanworth Park,17,White: Other White,-8,Does not apply,242
E05013615,Hanworth Park,17,White: Other White,1,L1 and L2: Large employers and higher managerial and administrative occupations,28
E05013615,Hanworth Park,17,White: Other White,2,L3: Higher professional occupations,68
E05013615,Hanworth Park,17,White: Other White,3,"L4, L5 and L6: Lower managerial, administrative and professional occupations",167
E05013615,Hanworth Park,17,White: Other White,4,L7: Intermediate occupations,128
E05013615,Hanworth Park,17,White: Other White,5,L8 and L9: Small employers and own account workers,296
E05013615,Hanworth Park,17,White: Other White,6,L10 and L11: Lower supervisory and technical occupations,75
E05013615,Hanworth Park,17,White: Other White,7,L12: Semi-routine occupations,115
E05013615,Hanworth Park,17,White: Other White,8,L13: Routine occupations,168
E05013615,Hanworth Park,17,White: Other White,9,L14.1: Never worked,28
E05013615,Hanworth Park,17,White: Other White,10,L14.2: Long-term unemployed,13
E05013615,Hanworth Park,17,White: Other White,11,L15: Full-time students,83
E05013615,Hanworth Park,18,Other ethnic group: Arab,-8,Does not apply,27
E05013615,Hanworth Park,18,Other ethnic group: Arab,1,L1 and L2: Large employers and higher managerial and administrative occupations,2
E05013615,Hanworth Park,18,Other ethnic group: Arab,2,L3: Higher professional occupations,9
E05013615,Hanworth Park,18,Other ethnic group: Arab,3,"L4, L5 and L6: Lower managerial, administrative and professional occupations",18
E05013615,Hanworth Park,18,Other ethnic group: Arab,4,L7: Intermediate occupations,6
E05013615,Hanworth Park,18,Other ethnic group: Arab,5,L8 and L9: Small employers and own account workers,10
E05013615,Hanworth Park,18,Other ethnic group: Arab,6,L10 and L11: Lower supervisory and technical occupations,6
E05013615,Hanworth Park,18,Other ethnic group: Arab,7,L12: Semi-routine occupations,4
E05013615,Hanworth Park,18,Other ethnic group: Arab,8,L13: Routine occupations,12
E05013615,Hanworth Park,18,Other ethnic group: Arab,9,L14.1: Never worked,29
E05013615,Hanworth Park,18,Other ethnic group: Arab,10,L14.2: Long-term unemployed,3
E05013615,Hanworth Park,18,Other ethnic group: Arab,11,L15: Full-time students,11
E05013615,Hanworth Park,19,Other ethnic group: Any other ethnic group,-8,Does not apply,82
E05013615,Hanworth Park,19,Other ethnic group: Any other ethnic group,1,L1 and L2: Large employers and higher managerial and administrative occupations,5
E05013615,Hanworth Park,19,Other ethnic group: Any other ethnic group,2,L3: Higher professional occupations,11
E05013615,Hanworth Park,19,Other ethnic group: Any other ethnic group,3,"L4, L5 and L6: Lower managerial, administrative and professional occupations",40
E05013615,Hanworth Park,19,Other ethnic group: Any other ethnic group,4,L7: Intermediate occupations,33
E05013615,Hanworth Park,19,Other ethnic group: Any other ethnic group,5,L8 and L9: Small employers and own account workers,49
E05013615,Hanworth Park,19,Other ethnic group: Any other ethnic group,6,L10 and L11: Lower supervisory and technical occupations,16
E05013615,Hanworth Park,19,Other ethnic group: Any other ethnic group,7,L12: Semi-routine occupations,50
E05013615,Hanworth Park,19,Other ethnic group: Any other ethnic group,8,L13: Routine occupations,51
E05013615,Hanworth Park,19,Other ethnic group: Any other ethnic group,9,L14.1: Never worked,39
E05013615,Hanworth Park,19,Other ethnic group: Any other ethnic group,10,L14.2: Long-term unemployed,4
E05013615,Hanworth Park,19,Other ethnic group: Any other ethnic group,11,L15: Full-time students,34
E05013616,Hanworth Village,-8,Does not apply,-8,Does not apply,0
E05013616,Hanworth Village,-8,Does not apply,1,L1 and L2: Large employers and higher managerial and administrative occupations,0
E05013616,Hanworth Village,-8,Does not apply,2,L3: Higher professional occupations,0
E05013616,Hanworth Village,-8,Does not apply,3,"L4, L5 and L6: Lower managerial, administrative and professional occupations",0
E05013616,Hanworth Village,-8,Does not apply,4,L7: Intermediate occupations,0
E05013616,Hanworth Village,-8,Does not apply,5,L8 and L9: Small employers and own account workers,0
E05013616,Hanworth Village,-8,Does not apply,6,L10 and L11: Lower supervisory and technical occupations,0
E05013616,Hanworth Village,-8,Does not apply,7,L12: Semi-routine occupations,0
E05013616,Hanworth Village,-8,Does not apply,8,L13: Routine occupations,0
E05013616,Hanworth Village,-8,Does not apply,9,L14.1: Never worked,0
E05013616,Hanworth Village,-8,Does not apply,10,L14.2: Long-term unemployed,0
E05013616,Hanworth Village,-8,Does not apply,11,L15: Full-time students,0
E05013616,Hanworth Village,1,"Asian, Asian British or Asian Welsh: Bangladeshi",-8,Does not apply,87
E05013616,Hanworth Village,1,"Asian, Asian British or Asian Welsh: Bangladeshi",1,L1 and L2: Large employers and higher managerial and administrative occupations,4
E05013616,Hanworth Village,1,"Asian, Asian British or Asian Welsh: Bangladeshi",2,L3: Higher professional occupations,6
E05013616,Hanworth Village,1,"Asian, Asian British or Asian Welsh: Bangladeshi",3,"L4, L5 and L6: Lower managerial, administrative and professional occupations",20
E05013616,Hanworth Village,1,"Asian, Asian British or Asian Welsh: Bangladeshi",4,L7: Intermediate occupations,21
E05013616,Hanworth Village,1,"Asian, Asian British or Asian Welsh: Bangladeshi",5,L8 and L9: Small employers and own account workers,22
E05013616,Hanworth Village,1,"Asian, Asian British or Asian Welsh: Bangladeshi",6,L10 and L11: Lower supervisory and technical occupations,13
E05013616,Hanworth Village,1,"Asian, Asian British or Asian Welsh: Bangladeshi",7,L12: Semi-routine occupations,22
E05013616,Hanworth Village,1,"Asian, Asian British or Asian Welsh: Bangladeshi",8,L13: Routine occupations,16
E05013616,Hanworth Village,1,"Asian, Asian British or Asian Welsh: Bangladeshi",9,L14.1: Never worked,41
E05013616,Hanworth Village,1,"Asian, Asian British or Asian Welsh: Bangladeshi",10,L14.2: Long-term unemployed,7
E05013616,Hanworth Village,1,"Asian, Asian British or Asian Welsh: Bangladeshi",11,L15: Full-time students,29
E05013616,Hanworth Village,2,"Asian, Asian British or Asian Welsh: Chinese",-8,Does not apply,17
E05013616,Hanworth Village,2,"Asian, Asian British or Asian Welsh: Chinese",1,L1 and L2: Large employers and higher managerial and administrative occupations,2
E05013616,Hanworth Village,2,"Asian, Asian British or Asian Welsh: Chinese",2,L3: Higher professional occupations,10
E05013616,Hanworth Village,2,"Asian, Asian British or Asian Welsh: Chinese",3,"L4, L5 and L6: Lower managerial, administrative and professional occupations",15
E05013616,Hanworth Village,2,"Asian, Asian British or Asian Welsh: Chinese",4,L7: Intermediate occupations,5
E05013616,Hanworth Village,2,"Asian, Asian British or Asian Welsh: Chinese",5,L8 and L9: Small employers and own account workers,12
E05013616,Hanworth Village,2,"Asian, Asian British or Asian Welsh: Chinese",6,L10 and L11: Lower supervisory and technical occupations,15
E05013616,Hanworth Village,2,"Asian, Asian British or Asian Welsh: Chinese",7,L12: Semi-routine occupations,11
E05013616,Hanworth Village,2,"Asian, Asian British or Asian Welsh: Chinese",8,L13: Routine occupations,5
E05013616,Hanworth Village,2,"Asian, Asian British or Asian Welsh: Chinese",9,L14.1: Never worked,9
E05013616,Hanworth Village,2,"Asian, Asian British or Asian Welsh: Chinese",10,L14.2: Long-term unemployed,0
E05013616,Hanworth Village,2,"Asian, Asian British or Asian Welsh: Chinese",11,L15: Full-time students,2
E05013616,Hanworth Village,3,"Asian, Asian British or Asian Welsh: Indian",-8,Does not apply,319
E05013616,Hanworth Village,3,"Asian, Asian British or Asian Welsh: Indian",1,L1 and L2: Large employers and higher managerial and administrative occupations,46
E05013616,Hanworth Village,3,"Asian, Asian British or Asian Welsh: Indian",2,L3: Higher professional occupations,115
E05013616,Hanworth Village,3,"Asian, Asian British or Asian Welsh: Indian",3,"L4, L5 and L6: Lower managerial, administrative and professional occupations",239
E05013616,Hanworth Village,3,"Asian, Asian British or Asian Welsh: Indian",4,L7: Intermediate occupations,123
E05013616,Hanworth Village,3,"Asian, Asian British or Asian Welsh: Indian",5,L8 and L9: Small employers and own account workers,100
E05013616,Hanworth Village,3,"Asian, Asian British or Asian Welsh: Indian",6,L10 and L11: Lower supervisory and technical occupations,69
E05013616,Hanworth Village,3,"Asian, Asian British or Asian Welsh: Indian",7,L12: Semi-routine occupations,119
E05013616,Hanworth Village,3,"Asian, Asian British or Asian Welsh: Indian",8,L13: Routine occupations,126
E05013616,Hanworth Village,3,"Asian, Asian British or Asian Welsh: Indian",9,L14.1: Never worked,78
E05013616,Hanworth Village,3,"Asian, Asian British or Asian Welsh: Indian",10,L14.2: Long-term unemployed,20
E05013616,Hanworth Village,3,"Asian, Asian British or Asian Welsh: Indian",11,L15: Full-time students,111
E05013616,Hanworth Village,4,"Asian, Asian British or Asian Welsh: Pakistani",-8,Does not apply,296
E05013616,Hanworth Village,4,"Asian, Asian British or Asian Welsh: Pakistani",1,L1 and L2: Large employers and higher managerial and administrative occupations,16
E05013616,Hanworth Village,4,"Asian, Asian British or Asian Welsh: Pakistani",2,L3: Higher professional occupations,45
E05013616,Hanworth Village,4,"Asian, Asian British or Asian Welsh: Pakistani",3,"L4, L5 and L6: Lower managerial, administrative and professional occupations",117
E05013616,Hanworth Village,4,"Asian, Asian British or Asian Welsh: Pakistani",4,L7: Intermediate occupations,60
E05013616,Hanworth Village,4,"Asian, Asian British or Asian Welsh: Pakistani",5,L8 and L9: Small employers and own account workers,63
E05013616,Hanworth Village,4,"Asian, Asian British or Asian Welsh: Pakistani",6,L10 and L11: Lower supervisory and technical occupations,23
E05013616,Hanworth Village,4,"Asian, Asian British or Asian Welsh: Pakistani",7,L12: Semi-routine occupations,79
E05013616,Hanworth Village,4,"Asian, Asian British or Asian Welsh: Pakistani",8,L13: Routine occupations,56
E05013616,Hanworth Village,4,"Asian, Asian British or Asian Welsh: Pakistani",9,L14.1: Never worked,78
E05013616,Hanworth Village,4,"Asian, Asian British or Asian Welsh: Pakistani",10,L14.2: Long-term unemployed,12
E05013616,Hanworth Village,4,"Asian, Asian British or Asian Welsh: Pakistani",11,L15: Full-time students,56
E05013616,Hanworth Village,5,"Asian, Asian British or Asian Welsh: Other Asian",-8,Does not apply,330
E05013616,Hanworth Village,5,"Asian, Asian British or Asian Welsh: Other Asian",1,L1 and L2: Large employers and higher managerial and administrative occupations,15
E05013616,Hanworth Village,5,"Asian, Asian British or Asian Welsh: Other Asian",2,L3: Higher professional occupations,37
E05013616,Hanworth Village,5,"Asian, Asian British or Asian Welsh: Other Asian",3,"L4, L5 and L6: Lower managerial, administrative and professional occupations",113
E05013616,Hanworth Village,5,"Asian, Asian British or Asian Welsh: Other Asian",4,L7: Intermediate occupations,82
E05013616,Hanworth Village,5,"Asian, Asian British or Asian Welsh: Other Asian",5,L8 and L9: Small employers and own account workers,113
E05013616,Hanworth Village,5,"Asian, Asian British or Asian Welsh: Other Asian",6,L10 and L11: Lower supervisory and technical occupations,44
E05013616,Hanworth Village,5,"Asian, Asian British or Asian Welsh: Other Asian",7,L12: Semi-routine occupations,138
E05013616,Hanworth Village,5,"Asian, Asian British or Asian Welsh: Other Asian",8,L13: Routine occupations,105
E05013616,Hanworth Village,5,"Asian, Asian British or Asian Welsh: Other Asian",9,L14.1: Never worked,148
E05013616,Hanworth Village,5,"Asian, Asian British or Asian Welsh: Other Asian",10,L14.2: Long-term unemployed,17
E05013616,Hanworth Village,5,"Asian, Asian British or Asian Welsh: Other Asian",11,L15: Full-time students,101
E05013616,Hanworth Village,6,"Black, Black British, Black Welsh, Caribbean or African: African",-8,Does not apply,298
E05013616,Hanworth Village,6,"Black, Black British, Black Welsh, Caribbean or African: African",1,L1 and L2: Large employers and higher managerial and administrative occupations,16
E05013616,Hanworth Village,6,"Black, Black British, Black Welsh, Caribbean or African: African",2,L3: Higher professional occupations,27
E05013616,Hanworth Village,6,"Black, Black British, Black Welsh, Caribbean or African: African",3,"L4, L5 and L6: Lower managerial, administrative and professional occupations",126
E05013616,Hanworth Village,6,"Black, Black British, Black Welsh, Caribbean or African: African",4,L7: Intermediate occupations,60
E05013616,Hanworth Village,6,"Black, Black British, Black Welsh, Caribbean or African: African",5,L8 and L9: Small employers and own account workers,57
E05013616,Hanworth Village,6,"Black, Black British, Black Welsh, Caribbean or African: African",6,L10 and L11: Lower supervisory and technical occupations,40
E05013616,Hanworth Village,6,"Black, Black British, Black Welsh, Caribbean or African: African",7,L12: Semi-routine occupations,114
E05013616,Hanworth Village,6,"Black, Black British, Black Welsh, Caribbean or African: African",8,L13: Routine occupations,94
E05013616,Hanworth Village,6,"Black, Black British, Black Welsh, Caribbean or African: African",9,L14.1: Never worked,79
E05013616,Hanworth Village,6,"Black, Black British, Black Welsh, Caribbean or African: African",10,L14.2: Long-term unemployed,19
E05013616,Hanworth Village,6,"Black, Black British, Black Welsh, Caribbean or African: African",11,L15: Full-time students,144
E05013616,Hanworth Village,7,"Black, Black British, Black Welsh, Caribbean or African: Caribbean",-8,Does not apply,34
E05013616,Hanworth Village,7,"Black, Black British, Black Welsh, Caribbean or African: Caribbean",1,L1 and L2: Large employers and higher managerial and administrative occupations,9
E05013616,Hanworth Village,7,"Black, Black British, Black Welsh, Caribbean or African: Caribbean",2,L3: Higher professional occupations,7
E05013616,Hanworth Village,7,"Black, Black British, Black Welsh, Caribbean or African: Caribbean",3,"L4, L5 and L6: Lower managerial, administrative and professional occupations",48
E05013616,Hanworth Village,7,"Black, Black British, Black Welsh, Caribbean or African: Caribbean",4,L7: Intermediate occupations,29
E05013616,Hanworth Village,7,"Black, Black British, Black Welsh, Caribbean or African: Caribbean",5,L8 and L9: Small employers and own account workers,13
E05013616,Hanworth Village,7,"Black, Black British, Black Welsh, Caribbean or African: Caribbean",6,L10 and L11: Lower supervisory and technical occupations,9
E05013616,Hanworth Village,7,"Black, Black British, Black Welsh, Caribbean or African: Caribbean",7,L12: Semi-routine occupations,30
E05013616,Hanworth Village,7,"Black, Black British, Black Welsh, Caribbean or African: Caribbean",8,L13: Routine occupations,32
E05013616,Hanworth Village,7,"Black, Black British, Black Welsh, Caribbean or African: Caribbean",9,L14.1: Never worked,10
E05013616,Hanworth Village,7,"Black, Black British, Black Welsh, Caribbean or African: Caribbean",10,L14.2: Long-term unemployed,8
E05013616,Hanworth Village,7,"Black, Black British, Black Welsh, Caribbean or African: Caribbean",11,L15: Full-time students,18
E05013616,Hanworth Village,8,"Black, Black British, Black Welsh, Caribbean or African: Other Black",-8,Does not apply,73
E05013616,Hanworth Village,8,"Black, Black British, Black Welsh, Caribbean or African: Other Black",1,L1 and L2: Large employers and higher managerial and administrative occupations,4
E05013616,Hanworth Village,8,"Black, Black British, Black Welsh, Caribbean or African: Other Black",2,L3: Higher professional occupations,2
E05013616,Hanworth Village,8,"Black, Black British, Black Welsh, Caribbean or African: Other Black",3,"L4, L5 and L6: Lower managerial, administrative and professional occupations",17
E05013616,Hanworth Village,8,"Black, Black British, Black Welsh, Caribbean or African: Other Black",4,L7: Intermediate occupations,10
E05013616,Hanworth Village,8,"Black, Black British, Black Welsh, Caribbean or African: Other Black",5,L8 and L9: Small employers and own account workers,6
E05013616,Hanworth Village,8,"Black, Black British, Black Welsh, Caribbean or African: Other Black",6,L10 and L11: Lower supervisory and technical occupations,2
E05013616,Hanworth Village,8,"Black, Black British, Black Welsh, Caribbean or African: Other Black",7,L12: Semi-routine occupations,17
E05013616,Hanworth Village,8,"Black, Black British, Black Welsh, Caribbean or African: Other Black",8,L13: Routine occupations,7
E05013616,Hanworth Village,8,"Black, Black British, Black Welsh, Caribbean or African: Other Black",9,L14.1: Never worked,10
E05013616,Hanworth Village,8,"Black, Black British, Black Welsh, Caribbean or African: Other Black",10,L14.2: Long-term unemployed,3
E05013616,Hanworth Village,8,"Black, Black British, Black Welsh, Caribbean or African: Other Black",11,L15: Full-time students,21
E05013616,Hanworth Village,9,Mixed or Multiple ethnic groups: White and Asian,-8,Does not apply,105
E05013616,Hanworth Village,9,Mixed or Multiple ethnic groups: White and Asian,1,L1 and L2: Large employers and higher managerial and administrative occupations,3
E05013616,Hanworth Village,9,Mixed or Multiple ethnic groups: White and Asian,2,L3: Higher professional occupations,7
E05013616,Hanworth Village,9,Mixed or Multiple ethnic groups: White and Asian,3,"L4, L5 and L6: Lower managerial, administrative and professional occupations",24
E05013616,Hanworth Village,9,Mixed or Multiple ethnic groups: White and Asian,4,L7: Intermediate occupations,10
E05013616,Hanworth Village,9,Mixed or Multiple ethnic groups: White and Asian,5,L8 and L9: Small employers and own account workers,8
E05013616,Hanworth Village,9,Mixed or Multiple ethnic groups: White and Asian,6,L10 and L11: Lower supervisory and technical occupations,4
E05013616,Hanworth Village,9,Mixed or Multiple ethnic groups: White and Asian,7,L12: Semi-routine occupations,9
E05013616,Hanworth Village,9,Mixed or Multiple ethnic groups: White and Asian,8,L13: Routine occupations,10
E05013616,Hanworth Village,9,Mixed or Multiple ethnic groups: White and Asian,9,L14.1: Never worked,10
E05013616,Hanworth Village,9,Mixed or Multiple ethnic groups: White and Asian,10,L14.2: Long-term unemployed,2
E05013616,Hanworth Village,9,Mixed or Multiple ethnic groups: White and Asian,11,L15: Full-time students,10
E05013616,Hanworth Village,10,Mixed or Multiple ethnic groups: White and Black African,-8,Does not apply,68
E05013616,Hanworth Village,10,Mixed or Multiple ethnic groups: White and Black African,1,L1 and L2: Large employers and higher managerial and administrative occupations,2
E05013616,Hanworth Village,10,Mixed or Multiple ethnic groups: White and Black African,2,L3: Higher professional occupations,2
E05013616,Hanworth Village,10,Mixed or Multiple ethnic groups: White and Black African,3,"L4, L5 and L6: Lower managerial, administrative and professional occupations",10
E05013616,Hanworth Village,10,Mixed or Multiple ethnic groups: White and Black African,4,L7: Intermediate occupations,12
E05013616,Hanworth Village,10,Mixed or Multiple ethnic groups: White and Black African,5,L8 and L9: Small employers and own account workers,1
E05013616,Hanworth Village,10,Mixed or Multiple ethnic groups: White and Black African,6,L10 and L11: Lower supervisory and technical occupations,6
E05013616,Hanworth Village,10,Mixed or Multiple ethnic groups: White and Black African,7,L12: Semi-routine occupations,9
E05013616,Hanworth Village,10,Mixed or Multiple ethnic groups: White and Black African,8,L13: Routine occupations,9
E05013616,Hanworth Village,10,Mixed or Multiple ethnic groups: White and Black African,9,L14.1: Never worked,9
E05013616,Hanworth Village,10,Mixed or Multiple ethnic groups: White and Black African,10,L14.2: Long-term unemployed,3
E05013616,Hanworth Village,10,Mixed or Multiple ethnic groups: White and Black African,11,L15: Full-time students,14
E05013616,Hanworth Village,11,Mixed or Multiple ethnic groups: White and Black Caribbean,-8,Does not apply,85
E05013616,Hanworth Village,11,Mixed or Multiple ethnic groups: White and Black Caribbean,1,L1 and L2: Large employers and higher managerial and administrative occupations,0
E05013616,Hanworth Village,11,Mixed or Multiple ethnic groups: White and Black Caribbean,2,L3: Higher professional occupations,2
E05013616,Hanworth Village,11,Mixed or Multiple ethnic groups: White and Black Caribbean,3,"L4, L5 and L6: Lower managerial, administrative and professional occupations",15
E05013616,Hanworth Village,11,Mixed or Multiple ethnic groups: White and Black Caribbean,4,L7: Intermediate occupations,7
E05013616,Hanworth Village,11,Mixed or Multiple ethnic groups: White and Black Caribbean,5,L8 and L9: Small employers and own account workers,10
E05013616,Hanworth Village,11,Mixed or Multiple ethnic groups: White and Black Caribbean,6,L10 and L11: Lower supervisory and technical occupations,7
E05013616,Hanworth Village,11,Mixed or Multiple ethnic groups: White and Black Caribbean,7,L12: Semi-routine occupations,11
E05013616,Hanworth Village,11,Mixed or Multiple ethnic groups: White and Black Caribbean,8,L13: Routine occupations,18
E05013616,Hanworth Village,11,Mixed or Multiple ethnic groups: White and Black Caribbean,9,L14.1: Never worked,8
E05013616,Hanworth Village,11,Mixed or Multiple ethnic groups: White and Black Caribbean,10,L14.2: Long-term unemployed,0
E05013616,Hanworth Village,11,Mixed or Multiple ethnic groups: White and Black Caribbean,11,L15: Full-time students,9
E05013616,Hanworth Village,12,Mixed or Multiple ethnic groups: Other Mixed or Multiple ethnic groups,-8,Does not apply,107
E05013616,Hanworth Village,12,Mixed or Multiple ethnic groups: Other Mixed or Multiple ethnic groups,1,L1 and L2: Large employers and higher managerial and administrative occupations,5
E05013616,Hanworth Village,12,Mixed or Multiple ethnic groups: Other Mixed or Multiple ethnic groups,2,L3: Higher professional occupations,6
E05013616,Hanworth Village,12,Mixed or Multiple ethnic groups: Other Mixed or Multiple ethnic groups,3,"L4, L5 and L6: Lower managerial, administrative and professional occupations",28
E05013616,Hanworth Village,12,Mixed or Multiple ethnic groups: Other Mixed or Multiple ethnic groups,4,L7: Intermediate occupations,18
E05013616,Hanworth Village,12,Mixed or Multiple ethnic groups: Other Mixed or Multiple ethnic groups,5,L8 and L9: Small employers and own account workers,6
E05013616,Hanworth Village,12,Mixed or Multiple ethnic groups: Other Mixed or Multiple ethnic groups,6,L10 and L11: Lower supervisory and technical occupations,12
E05013616,Hanworth Village,12,Mixed or Multiple ethnic groups: Other Mixed or Multiple ethnic groups,7,L12: Semi-routine occupations,13
E05013616,Hanworth Village,12,Mixed or Multiple ethnic groups: Other Mixed or Multiple ethnic groups,8,L13: Routine occupations,18
E05013616,Hanworth Village,12,Mixed or Multiple ethnic groups: Other Mixed or Multiple ethnic groups,9,L14.1: Never worked,7
E05013616,Hanworth Village,12,Mixed or Multiple ethnic groups: Other Mixed or Multiple ethnic groups,10,L14.2: Long-term unemployed,3
E05013616,Hanworth Village,12,Mixed or Multiple ethnic groups: Other Mixed or Multiple ethnic groups,11,L15: Full-time students,22
E05013616,Hanworth Village,13,"White: English, Welsh, Scottish, Northern Irish or British",-8,Does not apply,1311
E05013616,Hanworth Village,13,"White: English, Welsh, Scottish, Northern Irish or British",1,L1 and L2: Large employers and higher managerial and administrative occupations,119
E05013616,Hanworth Village,13,"White: English, Welsh, Scottish, Northern Irish or British",2,L3: Higher professional occupations,259
E05013616,Hanworth Village,13,"White: English, Welsh, Scottish, Northern Irish or British",3,"L4, L5 and L6: Lower managerial, administrative and professional occupations",904
E05013616,Hanworth Village,13,"White: English, Welsh, Scottish, Northern Irish or British",4,L7: Intermediate occupations,679
E05013616,Hanworth Village,13,"White: English, Welsh, Scottish, Northern Irish or British",5,L8 and L9: Small employers and own account workers,565
E05013616,Hanworth Village,13,"White: English, Welsh, Scottish, Northern Irish or British",6,L10 and L11: Lower supervisory and technical occupations,365
E05013616,Hanworth Village,13,"White: English, Welsh, Scottish, Northern Irish or British",7,L12: Semi-routine occupations,773
E05013616,Hanworth Village,13,"White: English, Welsh, Scottish, Northern Irish or British",8,L13: Routine occupations,878
E05013616,Hanworth Village,13,"White: English, Welsh, Scottish, Northern Irish or British",9,L14.1: Never worked,522
E05013616,Hanworth Village,13,"White: English, Welsh, Scottish, Northern Irish or British",10,L14.2: Long-term unemployed,85
E05013616,Hanworth Village,13,"White: English, Welsh, Scottish, Northern Irish or British",11,L15: Full-time students,270
E05013616,Hanworth Village,14,White: Irish,-8,Does not apply,7
E05013616,Hanworth Village,14,White: Irish,1,L1 and L2: Large employers and higher managerial and administrative occupations,3
E05013616,Hanworth Village,14,White: Irish,2,L3: Higher professional occupations,6
E05013616,Hanworth Village,14,White: Irish,3,"L4, L5 and L6: Lower managerial, administrative and professional occupations",22
E05013616,Hanworth Village,14,White: Irish,4,L7: Intermediate occupations,8
E05013616,Hanworth Village,14,White: Irish,5,L8 and L9: Small employers and own account workers,11
E05013616,Hanworth Village,14,White: Irish,6,L10 and L11: Lower supervisory and technical occupations,4
E05013616,Hanworth Village,14,White: Irish,7,L12: Semi-routine occupations,14
E05013616,Hanworth Village,14,White: Irish,8,L13: Routine occupations,11
E05013616,Hanworth Village,14,White: Irish,9,L14.1: Never worked,9
E05013616,Hanworth Village,14,White: Irish,10,L14.2: Long-term unemployed,4
E05013616,Hanworth Village,14,White: Irish,11,L15: Full-time students,2
E05013616,Hanworth Village,15,White: Gypsy or Irish Traveller,-8,Does not apply,6
E05013616,Hanworth Village,15,White: Gypsy or Irish Traveller,1,L1 and L2: Large employers and higher managerial and administrative occupations,0
E05013616,Hanworth Village,15,White: Gypsy or Irish Traveller,2,L3: Higher professional occupations,0
E05013616,Hanworth Village,15,White: Gypsy or Irish Traveller,3,"L4, L5 and L6: Lower managerial, administrative and professional occupations",1
E05013616,Hanworth Village,15,White: Gypsy or Irish Traveller,4,L7: Intermediate occupations,0
E05013616,Hanworth Village,15,White: Gypsy or Irish Traveller,5,L8 and L9: Small employers and own account workers,2
E05013616,Hanworth Village,15,White: Gypsy or Irish Traveller,6,L10 and L11: Lower supervisory and technical occupations,0
E05013616,Hanworth Village,15,White: Gypsy or Irish Traveller,7,L12: Semi-routine occupations,0
E05013616,Hanworth Village,15,White: Gypsy or Irish Traveller,8,L13: Routine occupations,2
E05013616,Hanworth Village,15,White: Gypsy or Irish Traveller,9,L14.1: Never worked,2
E05013616,Hanworth Village,15,White: Gypsy or Irish Traveller,10,L14.2: Long-term unemployed,0
E05013616,Hanworth Village,15,White: Gypsy or Irish Traveller,11,L15: Full-time students,0
E05013616,Hanworth Village,16,White: Roma,-8,Does not apply,7
E05013616,Hanworth Village,16,White: Roma,1,L1 and L2: Large employers and higher managerial and administrative occupations,0
E05013616,Hanworth Village,16,White: Roma,2,L3: Higher professional occupations,2
E05013616,Hanworth Village,16,White: Roma,3,"L4, L5 and L6: Lower managerial, administrative and professional occupations",2
E05013616,Hanworth Village,16,White: Roma,4,L7: Intermediate occupations,1
E05013616,Hanworth Village,16,White: Roma,5,L8 and L9: Small employers and own account workers,7
E05013616,Hanworth Village,16,White: Roma,6,L10 and L11: Lower supervisory and technical occupations,2
E05013616,Hanworth Village,16,White: Roma,7,L12: Semi-routine occupations,2
E05013616,Hanworth Village,16,White: Roma,8,L13: Routine occupations,6
E05013616,Hanworth Village,16,White: Roma,9,L14.1: Never worked,5
E05013616,Hanworth Village,16,White: Roma,10,L14.2: Long-term unemployed,1
E05013616,Hanworth Village,16,White: Roma,11,L15: Full-time students,2
E05013616,Hanworth Village,17,White: Other White,-8,Does not apply,387
E05013616,Hanworth Village,17,White: Other White,1,L1 and L2: Large employers and higher managerial and administrative occupations,26
E05013616,Hanworth Village,17,White: Other White,2,L3: Higher professional occupations,65
E05013616,Hanworth Village,17,White: Other White,3,"L4, L5 and L6: Lower managerial, administrative and professional occupations",222
E05013616,Hanworth Village,17,White: Other White,4,L7: Intermediate occupations,126
E05013616,Hanworth Village,17,White: Other White,5,L8 and L9: Small employers and own account workers,494
E05013616,Hanworth Village,17,White: Other White,6,L10 and L11: Lower supervisory and technical occupations,116
E05013616,Hanworth Village,17,White: Other White,7,L12: Semi-routine occupations,175
E05013616,Hanworth Village,17,White: Other White,8,L13: Routine occupations,283
E05013616,Hanworth Village,17,White: Other White,9,L14.1: Never worked,70
E05013616,Hanworth Village,17,White: Other White,10,L14.2: Long-term unemployed,19
E05013616,Hanworth Village,17,White: Other White,11,L15: Full-time students,105
E05013616,Hanworth Village,18,Other ethnic group: Arab,-8,Does not apply,79
E05013616,Hanworth Village,18,Other ethnic group: Arab,1,L1 and L2: Large employers and higher managerial and administrative occupations,5
E05013616,Hanworth Village,18,Other ethnic group: Arab,2,L3: Higher professional occupations,16
E05013616,Hanworth Village,18,Other ethnic group: Arab,3,"L4, L5 and L6: Lower managerial, administrative and professional occupations",15
E05013616,Hanworth Village,18,Other ethnic group: Arab,4,L7: Intermediate occupations,15
E05013616,Hanworth Village,18,Other ethnic group: Arab,5,L8 and L9: Small employers and own account workers,25
E05013616,Hanworth Village,18,Other ethnic group: Arab,6,L10 and L11: Lower supervisory and technical occupations,7
E05013616,Hanworth Village,18,Other ethnic group: Arab,7,L12: Semi-routine occupations,17
E05013616,Hanworth Village,18,Other ethnic group: Arab,8,L13: Routine occupations,19
E05013616,Hanworth Village,18,Other ethnic group: Arab,9,L14.1: Never worked,75
E05013616,Hanworth Village,18,Other ethnic group: Arab,10,L14.2: Long-term unemployed,8
E05013616,Hanworth Village,18,Other ethnic group: Arab,11,L15: Full-time students,54
E05013616,Hanworth Village,19,Other ethnic group: Any other ethnic group,-8,Does not apply,155
E05013616,Hanworth Village,19,Other ethnic group: Any other ethnic group,1,L1 and L2: Large employers and higher managerial and administrative occupations,8
E05013616,Hanworth Village,19,Other ethnic group: Any other ethnic group,2,L3: Higher professional occupations,35
E05013616,Hanworth Village,19,Other ethnic group: Any other ethnic group,3,"L4, L5 and L6: Lower managerial, administrative and professional occupations",61
E05013616,Hanworth Village,19,Other ethnic group: Any other ethnic group,4,L7: Intermediate occupations,42
E05013616,Hanworth Village,19,Other ethnic group: Any other ethnic group,5,L8 and L9: Small employers and own account workers,79
E05013616,Hanworth Village,19,Other ethnic group: Any other ethnic group,6,L10 and L11: Lower supervisory and technical occupations,32
E05013616,Hanworth Village,19,Other ethnic group: Any other ethnic group,7,L12: Semi-routine occupations,63
E05013616,Hanworth Village,19,Other ethnic group: Any other ethnic group,8,L13: Routine occupations,69
E05013616,Hanworth Village,19,Other ethnic group: Any other ethnic group,9,L14.1: Never worked,88
E05013616,Hanworth Village,19,Other ethnic group: Any other ethnic group,10,L14.2: Long-term unemployed,16
E05013616,Hanworth Village,19,Other ethnic group: Any other ethnic group,11,L15: Full-time students,57
E05013617,Heston Central,-8,Does not apply,-8,Does not apply,0
E05013617,Heston Central,-8,Does not apply,1,L1 and L2: Large employers and higher managerial and administrative occupations,0
E05013617,Heston Central,-8,Does not apply,2,L3: Higher professional occupations,0
E05013617,Heston Central,-8,Does not apply,3,"L4, L5 and L6: Lower managerial, administrative and professional occupations",0
E05013617,Heston Central,-8,Does not apply,4,L7: Intermediate occupations,0
E05013617,Heston Central,-8,Does not apply,5,L8 and L9: Small employers and own account workers,0
E05013617,Heston Central,-8,Does not apply,6,L10 and L11: Lower supervisory and technical occupations,0
E05013617,Heston Central,-8,Does not apply,7,L12: Semi-routine occupations,0
E05013617,Heston Central,-8,Does not apply,8,L13: Routine occupations,0
E05013617,Heston Central,-8,Does not apply,9,L14.1: Never worked,0
E05013617,Heston Central,-8,Does not apply,10,L14.2: Long-term unemployed,0
E05013617,Heston Central,-8,Does not apply,11,L15: Full-time students,0
E05013617,Heston Central,1,"Asian, Asian British or Asian Welsh: Bangladeshi",-8,Does not apply,65
E05013617,Heston Central,1,"Asian, Asian British or Asian Welsh: Bangladeshi",1,L1 and L2: Large employers and higher managerial and administrative occupations,0
E05013617,Heston Central,1,"Asian, Asian British or Asian Welsh: Bangladeshi",2,L3: Higher professional occupations,2
E05013617,Heston Central,1,"Asian, Asian British or Asian Welsh: Bangladeshi",3,"L4, L5 and L6: Lower managerial, administrative and professional occupations",15
E05013617,Heston Central,1,"Asian, Asian British or Asian Welsh: Bangladeshi",4,L7: Intermediate occupations,21
E05013617,Heston Central,1,"Asian, Asian British or Asian Welsh: Bangladeshi",5,L8 and L9: Small employers and own account workers,18
E05013617,Heston Central,1,"Asian, Asian British or Asian Welsh: Bangladeshi",6,L10 and L11: Lower supervisory and technical occupations,5
E05013617,Heston Central,1,"Asian, Asian British or Asian Welsh: Bangladeshi",7,L12: Semi-routine occupations,21
E05013617,Heston Central,1,"Asian, Asian British or Asian Welsh: Bangladeshi",8,L13: Routine occupations,8
E05013617,Heston Central,1,"Asian, Asian British or Asian Welsh: Bangladeshi",9,L14.1: Never worked,18
E05013617,Heston Central,1,"Asian, Asian British or Asian Welsh: Bangladeshi",10,L14.2: Long-term unemployed,0
E05013617,Heston Central,1,"Asian, Asian British or Asian Welsh: Bangladeshi",11,L15: Full-time students,20
E05013617,Heston Central,2,"Asian, Asian British or Asian Welsh: Chinese",-8,Does not apply,9
E05013617,Heston Central,2,"Asian, Asian British or Asian Welsh: Chinese",1,L1 and L2: Large employers and higher managerial and administrative occupations,0
E05013617,Heston Central,2,"Asian, Asian British or Asian Welsh: Chinese",2,L3: Higher professional occupations,7
E05013617,Heston Central,2,"Asian, Asian British or Asian Welsh: Chinese",3,"L4, L5 and L6: Lower managerial, administrative and professional occupations",5
E05013617,Heston Central,2,"Asian, Asian British or Asian Welsh: Chinese",4,L7: Intermediate occupations,7
E05013617,Heston Central,2,"Asian, Asian British or Asian Welsh: Chinese",5,L8 and L9: Small employers and own account workers,9
E05013617,Heston Central,2,"Asian, Asian British or Asian Welsh: Chinese",6,L10 and L11: Lower supervisory and technical occupations,11
E05013617,Heston Central,2,"Asian, Asian British or Asian Welsh: Chinese",7,L12: Semi-routine occupations,7
E05013617,Heston Central,2,"Asian, Asian British or Asian Welsh: Chinese",8,L13: Routine occupations,6
E05013617,Heston Central,2,"Asian, Asian British or Asian Welsh: Chinese",9,L14.1: Never worked,8
E05013617,Heston Central,2,"Asian, Asian British or Asian Welsh: Chinese",10,L14.2: Long-term unemployed,0
E05013617,Heston Central,2,"Asian, Asian British or Asian Welsh: Chinese",11,L15: Full-time students,1
E05013617,Heston Central,3,"Asian, Asian British or Asian Welsh: Indian",-8,Does not apply,1073
E05013617,Heston Central,3,"Asian, Asian British or Asian Welsh: Indian",1,L1 and L2: Large employers and higher managerial and administrative occupations,138
E05013617,Heston Central,3,"Asian, Asian British or Asian Welsh: Indian",2,L3: Higher professional occupations,469
E05013617,Heston Central,3,"Asian, Asian British or Asian Welsh: Indian",3,"L4, L5 and L6: Lower managerial, administrative and professional occupations",796
E05013617,Heston Central,3,"Asian, Asian British or Asian Welsh: Indian",4,L7: Intermediate occupations,577
E05013617,Heston Central,3,"Asian, Asian British or Asian Welsh: Indian",5,L8 and L9: Small employers and own account workers,328
E05013617,Heston Central,3,"Asian, Asian British or Asian Welsh: Indian",6,L10 and L11: Lower supervisory and technical occupations,258
E05013617,Heston Central,3,"Asian, Asian British or Asian Welsh: Indian",7,L12: Semi-routine occupations,533
E05013617,Heston Central,3,"Asian, Asian British or Asian Welsh: Indian",8,L13: Routine occupations,722
E05013617,Heston Central,3,"Asian, Asian British or Asian Welsh: Indian",9,L14.1: Never worked,435
E05013617,Heston Central,3,"Asian, Asian British or Asian Welsh: Indian",10,L14.2: Long-term unemployed,68
E05013617,Heston Central,3,"Asian, Asian British or Asian Welsh: Indian",11,L15: Full-time students,398
E05013617,Heston Central,4,"Asian, Asian British or Asian Welsh: Pakistani",-8,Does not apply,352
E05013617,Heston Central,4,"Asian, Asian British or Asian Welsh: Pakistani",1,L1 and L2: Large employers and higher managerial and administrative occupations,34
E05013617,Heston Central,4,"Asian, Asian British or Asian Welsh: Pakistani",2,L3: Higher professional occupations,85
E05013617,Heston Central,4,"Asian, Asian British or Asian Welsh: Pakistani",3,"L4, L5 and L6: Lower managerial, administrative and professional occupations",165
E05013617,Heston Central,4,"Asian, Asian British or Asian Welsh: Pakistani",4,L7: Intermediate occupations,119
E05013617,Heston Central,4,"Asian, Asian British or Asian Welsh: Pakistani",5,L8 and L9: Small employers and own account workers,131
E05013617,Heston Central,4,"Asian, Asian British or Asian Welsh: Pakistani",6,L10 and L11: Lower supervisory and technical occupations,33
E05013617,Heston Central,4,"Asian, Asian British or Asian Welsh: Pakistani",7,L12: Semi-routine occupations,130
E05013617,Heston Central,4,"Asian, Asian British or Asian Welsh: Pakistani",8,L13: Routine occupations,83
E05013617,Heston Central,4,"Asian, Asian British or Asian Welsh: Pakistani",9,L14.1: Never worked,203
E05013617,Heston Central,4,"Asian, Asian British or Asian Welsh: Pakistani",10,L14.2: Long-term unemployed,22
E05013617,Heston Central,4,"Asian, Asian British or Asian Welsh: Pakistani",11,L15: Full-time students,155
E05013617,Heston Central,5,"Asian, Asian British or Asian Welsh: Other Asian",-8,Does not apply,364
E05013617,Heston Central,5,"Asian, Asian British or Asian Welsh: Other Asian",1,L1 and L2: Large employers and higher managerial and administrative occupations,13
E05013617,Heston Central,5,"Asian, Asian British or Asian Welsh: Other Asian",2,L3: Higher professional occupations,59
E05013617,Heston Central,5,"Asian, Asian British or Asian Welsh: Other Asian",3,"L4, L5 and L6: Lower managerial, administrative and professional occupations",143
E05013617,Heston Central,5,"Asian, Asian British or Asian Welsh: Other Asian",4,L7: Intermediate occupations,90
E05013617,Heston Central,5,"Asian, Asian British or Asian Welsh: Other Asian",5,L8 and L9: Small employers and own account workers,120
E05013617,Heston Central,5,"Asian, Asian British or Asian Welsh: Other Asian",6,L10 and L11: Lower supervisory and technical occupations,41
E05013617,Heston Central,5,"Asian, Asian British or Asian Welsh: Other Asian",7,L12: Semi-routine occupations,146
E05013617,Heston Central,5,"Asian, Asian British or Asian Welsh: Other Asian",8,L13: Routine occupations,106
E05013617,Heston Central,5,"Asian, Asian British or Asian Welsh: Other Asian",9,L14.1: Never worked,230
E05013617,Heston Central,5,"Asian, Asian British or Asian Welsh: Other Asian",10,L14.2: Long-term unemployed,11
E05013617,Heston Central,5,"Asian, Asian British or Asian Welsh: Other Asian",11,L15: Full-time students,144
E05013617,Heston Central,6,"Black, Black British, Black Welsh, Caribbean or African: African",-8,Does not apply,149
E05013617,Heston Central,6,"Black, Black British, Black Welsh, Caribbean or African: African",1,L1 and L2: Large employers and higher managerial and administrative occupations,3
E05013617,Heston Central,6,"Black, Black British, Black Welsh, Caribbean or African: African",2,L3: Higher professional occupations,22
E05013617,Heston Central,6,"Black, Black British, Black Welsh, Caribbean or African: African",3,"L4, L5 and L6: Lower managerial, administrative and professional occupations",41
E05013617,Heston Central,6,"Black, Black British, Black Welsh, Caribbean or African: African",4,L7: Intermediate occupations,39
E05013617,Heston Central,6,"Black, Black British, Black Welsh, Caribbean or African: African",5,L8 and L9: Small employers and own account workers,28
E05013617,Heston Central,6,"Black, Black British, Black Welsh, Caribbean or African: African",6,L10 and L11: Lower supervisory and technical occupations,13
E05013617,Heston Central,6,"Black, Black British, Black Welsh, Caribbean or African: African",7,L12: Semi-routine occupations,57
E05013617,Heston Central,6,"Black, Black British, Black Welsh, Caribbean or African: African",8,L13: Routine occupations,45
E05013617,Heston Central,6,"Black, Black British, Black Welsh, Caribbean or African: African",9,L14.1: Never worked,74
E05013617,Heston Central,6,"Black, Black British, Black Welsh, Caribbean or African: African",10,L14.2: Long-term unemployed,17
E05013617,Heston Central,6,"Black, Black British, Black Welsh, Caribbean or African: African",11,L15: Full-time students,65
E05013617,Heston Central,7,"Black, Black British, Black Welsh, Caribbean or African: Caribbean",-8,Does not apply,9
E05013617,Heston Central,7,"Black, Black British, Black Welsh, Caribbean or African: Caribbean",1,L1 and L2: Large employers and higher managerial and administrative occupations,2
E05013617,Heston Central,7,"Black, Black British, Black Welsh, Caribbean or African: Caribbean",2,L3: Higher professional occupations,0
E05013617,Heston Central,7,"Black, Black British, Black Welsh, Caribbean or African: Caribbean",3,"L4, L5 and L6: Lower managerial, administrative and professional occupations",13
E05013617,Heston Central,7,"Black, Black British, Black Welsh, Caribbean or African: Caribbean",4,L7: Intermediate occupations,7
E05013617,Heston Central,7,"Black, Black British, Black Welsh, Caribbean or African: Caribbean",5,L8 and L9: Small employers and own account workers,10
E05013617,Heston Central,7,"Black, Black British, Black Welsh, Caribbean or African: Caribbean",6,L10 and L11: Lower supervisory and technical occupations,2
E05013617,Heston Central,7,"Black, Black British, Black Welsh, Caribbean or African: Caribbean",7,L12: Semi-routine occupations,9
E05013617,Heston Central,7,"Black, Black British, Black Welsh, Caribbean or African: Caribbean",8,L13: Routine occupations,17
E05013617,Heston Central,7,"Black, Black British, Black Welsh, Caribbean or African: Caribbean",9,L14.1: Never worked,8
E05013617,Heston Central,7,"Black, Black British, Black Welsh, Caribbean or African: Caribbean",10,L14.2: Long-term unemployed,2
E05013617,Heston Central,7,"Black, Black British, Black Welsh, Caribbean or African: Caribbean",11,L15: Full-time students,8
E05013617,Heston Central,8,"Black, Black British, Black Welsh, Caribbean or African: Other Black",-8,Does not apply,32
E05013617,Heston Central,8,"Black, Black British, Black Welsh, Caribbean or African: Other Black",1,L1 and L2: Large employers and higher managerial and administrative occupations,2
E05013617,Heston Central,8,"Black, Black British, Black Welsh, Caribbean or African: Other Black",2,L3: Higher professional occupations,2
E05013617,Heston Central,8,"Black, Black British, Black Welsh, Caribbean or African: Other Black",3,"L4, L5 and L6: Lower managerial, administrative and professional occupations",9
E05013617,Heston Central,8,"Black, Black British, Black Welsh, Caribbean or African: Other Black",4,L7: Intermediate occupations,7
E05013617,Heston Central,8,"Black, Black British, Black Welsh, Caribbean or African: Other Black",5,L8 and L9: Small employers and own account workers,4
E05013617,Heston Central,8,"Black, Black British, Black Welsh, Caribbean or African: Other Black",6,L10 and L11: Lower supervisory and technical occupations,2
E05013617,Heston Central,8,"Black, Black British, Black Welsh, Caribbean or African: Other Black",7,L12: Semi-routine occupations,7
E05013617,Heston Central,8,"Black, Black British, Black Welsh, Caribbean or African: Other Black",8,L13: Routine occupations,8
E05013617,Heston Central,8,"Black, Black British, Black Welsh, Caribbean or African: Other Black",9,L14.1: Never worked,12
E05013617,Heston Central,8,"Black, Black British, Black Welsh, Caribbean or African: Other Black",10,L14.2: Long-term unemployed,2
E05013617,Heston Central,8,"Black, Black British, Black Welsh, Caribbean or African: Other Black",11,L15: Full-time students,3
E05013617,Heston Central,9,Mixed or Multiple ethnic groups: White and Asian,-8,Does not apply,67
E05013617,Heston Central,9,Mixed or Multiple ethnic groups: White and Asian,1,L1 and L2: Large employers and higher managerial and administrative occupations,1
E05013617,Heston Central,9,Mixed or Multiple ethnic groups: White and Asian,2,L3: Higher professional occupations,7
E05013617,Heston Central,9,Mixed or Multiple ethnic groups: White and Asian,3,"L4, L5 and L6: Lower managerial, administrative and professional occupations",12
E05013617,Heston Central,9,Mixed or Multiple ethnic groups: White and Asian,4,L7: Intermediate occupations,11
E05013617,Heston Central,9,Mixed or Multiple ethnic groups: White and Asian,5,L8 and L9: Small employers and own account workers,3
E05013617,Heston Central,9,Mixed or Multiple ethnic groups: White and Asian,6,L10 and L11: Lower supervisory and technical occupations,2
E05013617,Heston Central,9,Mixed or Multiple ethnic groups: White and Asian,7,L12: Semi-routine occupations,8
E05013617,Heston Central,9,Mixed or Multiple ethnic groups: White and Asian,8,L13: Routine occupations,5
E05013617,Heston Central,9,Mixed or Multiple ethnic groups: White and Asian,9,L14.1: Never worked,11
E05013617,Heston Central,9,Mixed or Multiple ethnic groups: White and Asian,10,L14.2: Long-term unemployed,6
E05013617,Heston Central,9,Mixed or Multiple ethnic groups: White and Asian,11,L15: Full-time students,18
E05013617,Heston Central,10,Mixed or Multiple ethnic groups: White and Black African,-8,Does not apply,38
E05013617,Heston Central,10,Mixed or Multiple ethnic groups: White and Black African,1,L1 and L2: Large employers and higher managerial and administrative occupations,0
E05013617,Heston Central,10,Mixed or Multiple ethnic groups: White and Black African,2,L3: Higher professional occupations,1
E05013617,Heston Central,10,Mixed or Multiple ethnic groups: White and Black African,3,"L4, L5 and L6: Lower managerial, administrative and professional occupations",9
E05013617,Heston Central,10,Mixed or Multiple ethnic groups: White and Black African,4,L7: Intermediate occupations,3
E05013617,Heston Central,10,Mixed or Multiple ethnic groups: White and Black African,5,L8 and L9: Small employers and own account workers,2
E05013617,Heston Central,10,Mixed or Multiple ethnic groups: White and Black African,6,L10 and L11: Lower supervisory and technical occupations,1
E05013617,Heston Central,10,Mixed or Multiple ethnic groups: White and Black African,7,L12: Semi-routine occupations,5
E05013617,Heston Central,10,Mixed or Multiple ethnic groups: White and Black African,8,L13: Routine occupations,11
E05013617,Heston Central,10,Mixed or Multiple ethnic groups: White and Black African,9,L14.1: Never worked,6
E05013617,Heston Central,10,Mixed or Multiple ethnic groups: White and Black African,10,L14.2: Long-term unemployed,1
E05013617,Heston Central,10,Mixed or Multiple ethnic groups: White and Black African,11,L15: Full-time students,8
E05013617,Heston Central,11,Mixed or Multiple ethnic groups: White and Black Caribbean,-8,Does not apply,19
E05013617,Heston Central,11,Mixed or Multiple ethnic groups: White and Black Caribbean,1,L1 and L2: Large employers and higher managerial and administrative occupations,1
E05013617,Heston Central,11,Mixed or Multiple ethnic groups: White and Black Caribbean,2,L3: Higher professional occupations,0
E05013617,Heston Central,11,Mixed or Multiple ethnic groups: White and Black Caribbean,3,"L4, L5 and L6: Lower managerial, administrative and professional occupations",2
E05013617,Heston Central,11,Mixed or Multiple ethnic groups: White and Black Caribbean,4,L7: Intermediate occupations,5
E05013617,Heston Central,11,Mixed or Multiple ethnic groups: White and Black Caribbean,5,L8 and L9: Small employers and own account workers,2
E05013617,Heston Central,11,Mixed or Multiple ethnic groups: White and Black Caribbean,6,L10 and L11: Lower supervisory and technical occupations,4
E05013617,Heston Central,11,Mixed or Multiple ethnic groups: White and Black Caribbean,7,L12: Semi-routine occupations,9
E05013617,Heston Central,11,Mixed or Multiple ethnic groups: White and Black Caribbean,8,L13: Routine occupations,6
E05013617,Heston Central,11,Mixed or Multiple ethnic groups: White and Black Caribbean,9,L14.1: Never worked,6
E05013617,Heston Central,11,Mixed or Multiple ethnic groups: White and Black Caribbean,10,L14.2: Long-term unemployed,1
E05013617,Heston Central,11,Mixed or Multiple ethnic groups: White and Black Caribbean,11,L15: Full-time students,1
E05013617,Heston Central,12,Mixed or Multiple ethnic groups: Other Mixed or Multiple ethnic groups,-8,Does not apply,62
E05013617,Heston Central,12,Mixed or Multiple ethnic groups: Other Mixed or Multiple ethnic groups,1,L1 and L2: Large employers and higher managerial and administrative occupations,1
E05013617,Heston Central,12,Mixed or Multiple ethnic groups: Other Mixed or Multiple ethnic groups,2,L3: Higher professional occupations,6
E05013617,Heston Central,12,Mixed or Multiple ethnic groups: Other Mixed or Multiple ethnic groups,3,"L4, L5 and L6: Lower managerial, administrative and professional occupations",19
E05013617,Heston Central,12,Mixed or Multiple ethnic groups: Other Mixed or Multiple ethnic groups,4,L7: Intermediate occupations,11
E05013617,Heston Central,12,Mixed or Multiple ethnic groups: Other Mixed or Multiple ethnic groups,5,L8 and L9: Small employers and own account workers,5
E05013617,Heston Central,12,Mixed or Multiple ethnic groups: Other Mixed or Multiple ethnic groups,6,L10 and L11: Lower supervisory and technical occupations,6
E05013617,Heston Central,12,Mixed or Multiple ethnic groups: Other Mixed or Multiple ethnic groups,7,L12: Semi-routine occupations,10
E05013617,Heston Central,12,Mixed or Multiple ethnic groups: Other Mixed or Multiple ethnic groups,8,L13: Routine occupations,11
E05013617,Heston Central,12,Mixed or Multiple ethnic groups: Other Mixed or Multiple ethnic groups,9,L14.1: Never worked,10
E05013617,Heston Central,12,Mixed or Multiple ethnic groups: Other Mixed or Multiple ethnic groups,10,L14.2: Long-term unemployed,1
E05013617,Heston Central,12,Mixed or Multiple ethnic groups: Other Mixed or Multiple ethnic groups,11,L15: Full-time students,19
E05013617,Heston Central,13,"White: English, Welsh, Scottish, Northern Irish or British",-8,Does not apply,239
E05013617,Heston Central,13,"White: English, Welsh, Scottish, Northern Irish or British",1,L1 and L2: Large employers and higher managerial and administrative occupations,28
E05013617,Heston Central,13,"White: English, Welsh, Scottish, Northern Irish or British",2,L3: Higher professional occupations,63
E05013617,Heston Central,13,"White: English, Welsh, Scottish, Northern Irish or British",3,"L4, L5 and L6: Lower managerial, administrative and professional occupations",183
E05013617,Heston Central,13,"White: English, Welsh, Scottish, Northern Irish or British",4,L7: Intermediate occupations,153
E05013617,Heston Central,13,"White: English, Welsh, Scottish, Northern Irish or British",5,L8 and L9: Small employers and own account workers,134
E05013617,Heston Central,13,"White: English, Welsh, Scottish, Northern Irish or British",6,L10 and L11: Lower supervisory and technical occupations,59
E05013617,Heston Central,13,"White: English, Welsh, Scottish, Northern Irish or British",7,L12: Semi-routine occupations,137
E05013617,Heston Central,13,"White: English, Welsh, Scottish, Northern Irish or British",8,L13: Routine occupations,213
E05013617,Heston Central,13,"White: English, Welsh, Scottish, Northern Irish or British",9,L14.1: Never worked,127
E05013617,Heston Central,13,"White: English, Welsh, Scottish, Northern Irish or British",10,L14.2: Long-term unemployed,19
E05013617,Heston Central,13,"White: English, Welsh, Scottish, Northern Irish or British",11,L15: Full-time students,50
E05013617,Heston Central,14,White: Irish,-8,Does not apply,6
E05013617,Heston Central,14,White: Irish,1,L1 and L2: Large employers and higher managerial and administrative occupations,1
E05013617,Heston Central,14,White: Irish,2,L3: Higher professional occupations,1
E05013617,Heston Central,14,White: Irish,3,"L4, L5 and L6: Lower managerial, administrative and professional occupations",25
E05013617,Heston Central,14,White: Irish,4,L7: Intermediate occupations,11
E05013617,Heston Central,14,White: Irish,5,L8 and L9: Small employers and own account workers,11
E05013617,Heston Central,14,White: Irish,6,L10 and L11: Lower supervisory and technical occupations,3
E05013617,Heston Central,14,White: Irish,7,L12: Semi-routine occupations,24
E05013617,Heston Central,14,White: Irish,8,L13: Routine occupations,7
E05013617,Heston Central,14,White: Irish,9,L14.1: Never worked,7
E05013617,Heston Central,14,White: Irish,10,L14.2: Long-term unemployed,2
E05013617,Heston Central,14,White: Irish,11,L15: Full-time students,2
E05013617,Heston Central,15,White: Gypsy or Irish Traveller,-8,Does not apply,0
E05013617,Heston Central,15,White: Gypsy or Irish Traveller,1,L1 and L2: Large employers and higher managerial and administrative occupations,0
E05013617,Heston Central,15,White: Gypsy or Irish Traveller,2,L3: Higher professional occupations,0
E05013617,Heston Central,15,White: Gypsy or Irish Traveller,3,"L4, L5 and L6: Lower managerial, administrative and professional occupations",0
E05013617,Heston Central,15,White: Gypsy or Irish Traveller,4,L7: Intermediate occupations,0
E05013617,Heston Central,15,White: Gypsy or Irish Traveller,5,L8 and L9: Small employers and own account workers,0
E05013617,Heston Central,15,White: Gypsy or Irish Traveller,6,L10 and L11: Lower supervisory and technical occupations,0
E05013617,Heston Central,15,White: Gypsy or Irish Traveller,7,L12: Semi-routine occupations,0
E05013617,Heston Central,15,White: Gypsy or Irish Traveller,8,L13: Routine occupations,2
E05013617,Heston Central,15,White: Gypsy or Irish Traveller,9,L14.1: Never worked,1
E05013617,Heston Central,15,White: Gypsy or Irish Traveller,10,L14.2: Long-term unemployed,0
E05013617,Heston Central,15,White: Gypsy or Irish Traveller,11,L15: Full-time students,0
E05013617,Heston Central,16,White: Roma,-8,Does not apply,11
E05013617,Heston Central,16,White: Roma,1,L1 and L2: Large employers and higher managerial and administrative occupations,0
E05013617,Heston Central,16,White: Roma,2,L3: Higher professional occupations,1
E05013617,Heston Central,16,White: Roma,3,"L4, L5 and L6: Lower managerial, administrative and professional occupations",1
E05013617,Heston Central,16,White: Roma,4,L7: Intermediate occupations,2
E05013617,Heston Central,16,White: Roma,5,L8 and L9: Small employers and own account workers,12
E05013617,Heston Central,16,White: Roma,6,L10 and L11: Lower supervisory and technical occupations,3
E05013617,Heston Central,16,White: Roma,7,L12: Semi-routine occupations,1
E05013617,Heston Central,16,White: Roma,8,L13: Routine occupations,4
E05013617,Heston Central,16,White: Roma,9,L14.1: Never worked,3
E05013617,Heston Central,16,White: Roma,10,L14.2: Long-term unemployed,1
E05013617,Heston Central,16,White: Roma,11,L15: Full-time students,4
E05013617,Heston Central,17,White: Other White,-8,Does not apply,184
E05013617,Heston Central,17,White: Other White,1,L1 and L2: Large employers and higher managerial and administrative occupations,21
E05013617,Heston Central,17,White: Other White,2,L3: Higher professional occupations,30
E05013617,Heston Central,17,White: Other White,3,"L4, L5 and L6: Lower managerial, administrative and professional occupations",103
E05013617,Heston Central,17,White: Other White,4,L7: Intermediate occupations,65
E05013617,Heston Central,17,White: Other White,5,L8 and L9: Small employers and own account workers,335
E05013617,Heston Central,17,White: Other White,6,L10 and L11: Lower supervisory and technical occupations,78
E05013617,Heston Central,17,White: Other White,7,L12: Semi-routine occupations,102
E05013617,Heston Central,17,White: Other White,8,L13: Routine occupations,236
E05013617,Heston Central,17,White: Other White,9,L14.1: Never worked,52
E05013617,Heston Central,17,White: Other White,10,L14.2: Long-term unemployed,15
E05013617,Heston Central,17,White: Other White,11,L15: Full-time students,86
E05013617,Heston Central,18,Other ethnic group: Arab,-8,Does not apply,75
E05013617,Heston Central,18,Other ethnic group: Arab,1,L1 and L2: Large employers and higher managerial and administrative occupations,0
E05013617,Heston Central,18,Other ethnic group: Arab,2,L3: Higher professional occupations,9
E05013617,Heston Central,18,Other ethnic group: Arab,3,"L4, L5 and L6: Lower managerial, administrative and professional occupations",15
E05013617,Heston Central,18,Other ethnic group: Arab,4,L7: Intermediate occupations,9
E05013617,Heston Central,18,Other ethnic group: Arab,5,L8 and L9: Small employers and own account workers,14
E05013617,Heston Central,18,Other ethnic group: Arab,6,L10 and L11: Lower supervisory and technical occupations,6
E05013617,Heston Central,18,Other ethnic group: Arab,7,L12: Semi-routine occupations,11
E05013617,Heston Central,18,Other ethnic group: Arab,8,L13: Routine occupations,11
E05013617,Heston Central,18,Other ethnic group: Arab,9,L14.1: Never worked,48
E05013617,Heston Central,18,Other ethnic group: Arab,10,L14.2: Long-term unemployed,5
E05013617,Heston Central,18,Other ethnic group: Arab,11,L15: Full-time students,18
E05013617,Heston Central,19,Other ethnic group: Any other ethnic group,-8,Does not apply,292
E05013617,Heston Central,19,Other ethnic group: Any other ethnic group,1,L1 and L2: Large employers and higher managerial and administrative occupations,8
E05013617,Heston Central,19,Other ethnic group: Any other ethnic group,2,L3: Higher professional occupations,35
E05013617,Heston Central,19,Other ethnic group: Any other ethnic group,3,"L4, L5 and L6: Lower managerial, administrative and professional occupations",102
E05013617,Heston Central,19,Other ethnic group: Any other ethnic group,4,L7: Intermediate occupations,70
E05013617,Heston Central,19,Other ethnic group: Any other ethnic group,5,L8 and L9: Small employers and own account workers,92
E05013617,Heston Central,19,Other ethnic group: Any other ethnic group,6,L10 and L11: Lower supervisory and technical occupations,35
E05013617,Heston Central,19,Other ethnic group: Any other ethnic group,7,L12: Semi-routine occupations,122
E05013617,Heston Central,19,Other ethnic group: Any other ethnic group,8,L13: Routine occupations,131
E05013617,Heston Central,19,Other ethnic group: Any other ethnic group,9,L14.1: Never worked,241
E05013617,Heston Central,19,Other ethnic group: Any other ethnic group,10,L14.2: Long-term unemployed,19
E05013617,Heston Central,19,Other ethnic group: Any other ethnic group,11,L15: Full-time students,76
E05013618,Heston East,-8,Does not apply,-8,Does not apply,0
E05013618,Heston East,-8,Does not apply,1,L1 and L2: Large employers and higher managerial and administrative occupations,0
E05013618,Heston East,-8,Does not apply,2,L3: Higher professional occupations,0
E05013618,Heston East,-8,Does not apply,3,"L4, L5 and L6: Lower managerial, administrative and professional occupations",0
E05013618,Heston East,-8,Does not apply,4,L7: Intermediate occupations,0
E05013618,Heston East,-8,Does not apply,5,L8 and L9: Small employers and own account workers,0
E05013618,Heston East,-8,Does not apply,6,L10 and L11: Lower supervisory and technical occupations,0
E05013618,Heston East,-8,Does not apply,7,L12: Semi-routine occupations,0
E05013618,Heston East,-8,Does not apply,8,L13: Routine occupations,0
E05013618,Heston East,-8,Does not apply,9,L14.1: Never worked,0
E05013618,Heston East,-8,Does not apply,10,L14.2: Long-term unemployed,0
E05013618,Heston East,-8,Does not apply,11,L15: Full-time students,0
E05013618,Heston East,1,"Asian, Asian British or Asian Welsh: Bangladeshi",-8,Does not apply,28
E05013618,Heston East,1,"Asian, Asian British or Asian Welsh: Bangladeshi",1,L1 and L2: Large employers and higher managerial and administrative occupations,1
E05013618,Heston East,1,"Asian, Asian British or Asian Welsh: Bangladeshi",2,L3: Higher professional occupations,1
E05013618,Heston East,1,"Asian, Asian British or Asian Welsh: Bangladeshi",3,"L4, L5 and L6: Lower managerial, administrative and professional occupations",14
E05013618,Heston East,1,"Asian, Asian British or Asian Welsh: Bangladeshi",4,L7: Intermediate occupations,8
E05013618,Heston East,1,"Asian, Asian British or Asian Welsh: Bangladeshi",5,L8 and L9: Small employers and own account workers,1
E05013618,Heston East,1,"Asian, Asian British or Asian Welsh: Bangladeshi",6,L10 and L11: Lower supervisory and technical occupations,4
E05013618,Heston East,1,"Asian, Asian British or Asian Welsh: Bangladeshi",7,L12: Semi-routine occupations,7
E05013618,Heston East,1,"Asian, Asian British or Asian Welsh: Bangladeshi",8,L13: Routine occupations,7
E05013618,Heston East,1,"Asian, Asian British or Asian Welsh: Bangladeshi",9,L14.1: Never worked,19
E05013618,Heston East,1,"Asian, Asian British or Asian Welsh: Bangladeshi",10,L14.2: Long-term unemployed,0
E05013618,Heston East,1,"Asian, Asian British or Asian Welsh: Bangladeshi",11,L15: Full-time students,12
E05013618,Heston East,2,"Asian, Asian British or Asian Welsh: Chinese",-8,Does not apply,8
E05013618,Heston East,2,"Asian, Asian British or Asian Welsh: Chinese",1,L1 and L2: Large employers and higher managerial and administrative occupations,2
E05013618,Heston East,2,"Asian, Asian British or Asian Welsh: Chinese",2,L3: Higher professional occupations,8
E05013618,Heston East,2,"Asian, Asian British or Asian Welsh: Chinese",3,"L4, L5 and L6: Lower managerial, administrative and professional occupations",9
E05013618,Heston East,2,"Asian, Asian British or Asian Welsh: Chinese",4,L7: Intermediate occupations,5
E05013618,Heston East,2,"Asian, Asian British or Asian Welsh: Chinese",5,L8 and L9: Small employers and own account workers,15
E05013618,Heston East,2,"Asian, Asian British or Asian Welsh: Chinese",6,L10 and L11: Lower supervisory and technical occupations,6
E05013618,Heston East,2,"Asian, Asian British or Asian Welsh: Chinese",7,L12: Semi-routine occupations,2
E05013618,Heston East,2,"Asian, Asian British or Asian Welsh: Chinese",8,L13: Routine occupations,10
E05013618,Heston East,2,"Asian, Asian British or Asian Welsh: Chinese",9,L14.1: Never worked,3
E05013618,Heston East,2,"Asian, Asian British or Asian Welsh: Chinese",10,L14.2: Long-term unemployed,0
E05013618,Heston East,2,"Asian, Asian British or Asian Welsh: Chinese",11,L15: Full-time students,3
E05013618,Heston East,3,"Asian, Asian British or Asian Welsh: Indian",-8,Does not apply,639
E05013618,Heston East,3,"Asian, Asian British or Asian Welsh: Indian",1,L1 and L2: Large employers and higher managerial and administrative occupations,121
E05013618,Heston East,3,"Asian, Asian British or Asian Welsh: Indian",2,L3: Higher professional occupations,330
E05013618,Heston East,3,"Asian, Asian British or Asian Welsh: Indian",3,"L4, L5 and L6: Lower managerial, administrative and professional occupations",591
E05013618,Heston East,3,"Asian, Asian British or Asian Welsh: Indian",4,L7: Intermediate occupations,370
E05013618,Heston East,3,"Asian, Asian British or Asian Welsh: Indian",5,L8 and L9: Small employers and own account workers,289
E05013618,Heston East,3,"Asian, Asian British or Asian Welsh: Indian",6,L10 and L11: Lower supervisory and technical occupations,146
E05013618,Heston East,3,"Asian, Asian British or Asian Welsh: Indian",7,L12: Semi-routine occupations,311
E05013618,Heston East,3,"Asian, Asian British or Asian Welsh: Indian",8,L13: Routine occupations,364
E05013618,Heston East,3,"Asian, Asian British or Asian Welsh: Indian",9,L14.1: Never worked,359
E05013618,Heston East,3,"Asian, Asian British or Asian Welsh: Indian",10,L14.2: Long-term unemployed,49
E05013618,Heston East,3,"Asian, Asian British or Asian Welsh: Indian",11,L15: Full-time students,502
E05013618,Heston East,4,"Asian, Asian British or Asian Welsh: Pakistani",-8,Does not apply,203
E05013618,Heston East,4,"Asian, Asian British or Asian Welsh: Pakistani",1,L1 and L2: Large employers and higher managerial and administrative occupations,23
E05013618,Heston East,4,"Asian, Asian British or Asian Welsh: Pakistani",2,L3: Higher professional occupations,54
E05013618,Heston East,4,"Asian, Asian British or Asian Welsh: Pakistani",3,"L4, L5 and L6: Lower managerial, administrative and professional occupations",115
E05013618,Heston East,4,"Asian, Asian British or Asian Welsh: Pakistani",4,L7: Intermediate occupations,98
E05013618,Heston East,4,"Asian, Asian British or Asian Welsh: Pakistani",5,L8 and L9: Small employers and own account workers,95
E05013618,Heston East,4,"Asian, Asian British or Asian Welsh: Pakistani",6,L10 and L11: Lower supervisory and technical occupations,22
E05013618,Heston East,4,"Asian, Asian British or Asian Welsh: Pakistani",7,L12: Semi-routine occupations,81
E05013618,Heston East,4,"Asian, Asian British or Asian Welsh: Pakistani",8,L13: Routine occupations,56
E05013618,Heston East,4,"Asian, Asian British or Asian Welsh: Pakistani",9,L14.1: Never worked,138
E05013618,Heston East,4,"Asian, Asian British or Asian Welsh: Pakistani",10,L14.2: Long-term unemployed,15
E05013618,Heston East,4,"Asian, Asian British or Asian Welsh: Pakistani",11,L15: Full-time students,173
E05013618,Heston East,5,"Asian, Asian British or Asian Welsh: Other Asian",-8,Does not apply,287
E05013618,Heston East,5,"Asian, Asian British or Asian Welsh: Other Asian",1,L1 and L2: Large employers and higher managerial and administrative occupations,15
E05013618,Heston East,5,"Asian, Asian British or Asian Welsh: Other Asian",2,L3: Higher professional occupations,34
E05013618,Heston East,5,"Asian, Asian British or Asian Welsh: Other Asian",3,"L4, L5 and L6: Lower managerial, administrative and professional occupations",124
E05013618,Heston East,5,"Asian, Asian British or Asian Welsh: Other Asian",4,L7: Intermediate occupations,74
E05013618,Heston East,5,"Asian, Asian British or Asian Welsh: Other Asian",5,L8 and L9: Small employers and own account workers,93
E05013618,Heston East,5,"Asian, Asian British or Asian Welsh: Other Asian",6,L10 and L11: Lower supervisory and technical occupations,38
E05013618,Heston East,5,"Asian, Asian British or Asian Welsh: Other Asian",7,L12: Semi-routine occupations,128
E05013618,Heston East,5,"Asian, Asian British or Asian Welsh: Other Asian",8,L13: Routine occupations,64
E05013618,Heston East,5,"Asian, Asian British or Asian Welsh: Other Asian",9,L14.1: Never worked,205
E05013618,Heston East,5,"Asian, Asian British or Asian Welsh: Other Asian",10,L14.2: Long-term unemployed,15
E05013618,Heston East,5,"Asian, Asian British or Asian Welsh: Other Asian",11,L15: Full-time students,112
E05013618,Heston East,6,"Black, Black British, Black Welsh, Caribbean or African: African",-8,Does not apply,184
E05013618,Heston East,6,"Black, Black British, Black Welsh, Caribbean or African: African",1,L1 and L2: Large employers and higher managerial and administrative occupations,1
E05013618,Heston East,6,"Black, Black British, Black Welsh, Caribbean or African: African",2,L3: Higher professional occupations,23
E05013618,Heston East,6,"Black, Black British, Black Welsh, Caribbean or African: African",3,"L4, L5 and L6: Lower managerial, administrative and professional occupations",42
E05013618,Heston East,6,"Black, Black British, Black Welsh, Caribbean or African: African",4,L7: Intermediate occupations,31
E05013618,Heston East,6,"Black, Black British, Black Welsh, Caribbean or African: African",5,L8 and L9: Small employers and own account workers,28
E05013618,Heston East,6,"Black, Black British, Black Welsh, Caribbean or African: African",6,L10 and L11: Lower supervisory and technical occupations,13
E05013618,Heston East,6,"Black, Black British, Black Welsh, Caribbean or African: African",7,L12: Semi-routine occupations,48
E05013618,Heston East,6,"Black, Black British, Black Welsh, Caribbean or African: African",8,L13: Routine occupations,39
E05013618,Heston East,6,"Black, Black British, Black Welsh, Caribbean or African: African",9,L14.1: Never worked,66
E05013618,Heston East,6,"Black, Black British, Black Welsh, Caribbean or African: African",10,L14.2: Long-term unemployed,13
E05013618,Heston East,6,"Black, Black British, Black Welsh, Caribbean or African: African",11,L15: Full-time students,59
E05013618,Heston East,7,"Black, Black British, Black Welsh, Caribbean or African: Caribbean",-8,Does not apply,10
E05013618,Heston East,7,"Black, Black British, Black Welsh, Caribbean or African: Caribbean",1,L1 and L2: Large employers and higher managerial and administrative occupations,2
E05013618,Heston East,7,"Black, Black British, Black Welsh, Caribbean or African: Caribbean",2,L3: Higher professional occupations,4
E05013618,Heston East,7,"Black, Black British, Black Welsh, Caribbean or African: Caribbean",3,"L4, L5 and L6: Lower managerial, administrative and professional occupations",21
E05013618,Heston East,7,"Black, Black British, Black Welsh, Caribbean or African: Caribbean",4,L7: Intermediate occupations,11
E05013618,Heston East,7,"Black, Black British, Black Welsh, Caribbean or African: Caribbean",5,L8 and L9: Small employers and own account workers,4
E05013618,Heston East,7,"Black, Black British, Black Welsh, Caribbean or African: Caribbean",6,L10 and L11: Lower supervisory and technical occupations,6
E05013618,Heston East,7,"Black, Black British, Black Welsh, Caribbean or African: Caribbean",7,L12: Semi-routine occupations,9
E05013618,Heston East,7,"Black, Black British, Black Welsh, Caribbean or African: Caribbean",8,L13: Routine occupations,8
E05013618,Heston East,7,"Black, Black British, Black Welsh, Caribbean or African: Caribbean",9,L14.1: Never worked,9
E05013618,Heston East,7,"Black, Black British, Black Welsh, Caribbean or African: Caribbean",10,L14.2: Long-term unemployed,4
E05013618,Heston East,7,"Black, Black British, Black Welsh, Caribbean or African: Caribbean",11,L15: Full-time students,6
E05013618,Heston East,8,"Black, Black British, Black Welsh, Caribbean or African: Other Black",-8,Does not apply,26
E05013618,Heston East,8,"Black, Black British, Black Welsh, Caribbean or African: Other Black",1,L1 and L2: Large employers and higher managerial and administrative occupations,0
E05013618,Heston East,8,"Black, Black British, Black Welsh, Caribbean or African: Other Black",2,L3: Higher professional occupations,2
E05013618,Heston East,8,"Black, Black British, Black Welsh, Caribbean or African: Other Black",3,"L4, L5 and L6: Lower managerial, administrative and professional occupations",7
E05013618,Heston East,8,"Black, Black British, Black Welsh, Caribbean or African: Other Black",4,L7: Intermediate occupations,5
E05013618,Heston East,8,"Black, Black British, Black Welsh, Caribbean or African: Other Black",5,L8 and L9: Small employers and own account workers,2
E05013618,Heston East,8,"Black, Black British, Black Welsh, Caribbean or African: Other Black",6,L10 and L11: Lower supervisory and technical occupations,0
E05013618,Heston East,8,"Black, Black British, Black Welsh, Caribbean or African: Other Black",7,L12: Semi-routine occupations,6
E05013618,Heston East,8,"Black, Black British, Black Welsh, Caribbean or African: Other Black",8,L13: Routine occupations,5
E05013618,Heston East,8,"Black, Black British, Black Welsh, Caribbean or African: Other Black",9,L14.1: Never worked,4
E05013618,Heston East,8,"Black, Black British, Black Welsh, Caribbean or African: Other Black",10,L14.2: Long-term unemployed,3
E05013618,Heston East,8,"Black, Black British, Black Welsh, Caribbean or African: Other Black",11,L15: Full-time students,11
E05013618,Heston East,9,Mixed or Multiple ethnic groups: White and Asian,-8,Does not apply,62
E05013618,Heston East,9,Mixed or Multiple ethnic groups: White and Asian,1,L1 and L2: Large employers and higher managerial and administrative occupations,1
E05013618,Heston East,9,Mixed or Multiple ethnic groups: White and Asian,2,L3: Higher professional occupations,4
E05013618,Heston East,9,Mixed or Multiple ethnic groups: White and Asian,3,"L4, L5 and L6: Lower managerial, administrative and professional occupations",9
E05013618,Heston East,9,Mixed or Multiple ethnic groups: White and Asian,4,L7: Intermediate occupations,9
E05013618,Heston East,9,Mixed or Multiple ethnic groups: White and Asian,5,L8 and L9: Small employers and own account workers,4
E05013618,Heston East,9,Mixed or Multiple ethnic groups: White and Asian,6,L10 and L11: Lower supervisory and technical occupations,4
E05013618,Heston East,9,Mixed or Multiple ethnic groups: White and Asian,7,L12: Semi-routine occupations,2
E05013618,Heston East,9,Mixed or Multiple ethnic groups: White and Asian,8,L13: Routine occupations,9
E05013618,Heston East,9,Mixed or Multiple ethnic groups: White and Asian,9,L14.1: Never worked,4
E05013618,Heston East,9,Mixed or Multiple ethnic groups: White and Asian,10,L14.2: Long-term unemployed,4
E05013618,Heston East,9,Mixed or Multiple ethnic groups: White and Asian,11,L15: Full-time students,16
E05013618,Heston East,10,Mixed or Multiple ethnic groups: White and Black African,-8,Does not apply,16
E05013618,Heston East,10,Mixed or Multiple ethnic groups: White and Black African,1,L1 and L2: Large employers and higher managerial and administrative occupations,0
E05013618,Heston East,10,Mixed or Multiple ethnic groups: White and Black African,2,L3: Higher professional occupations,1
E05013618,Heston East,10,Mixed or Multiple ethnic groups: White and Black African,3,"L4, L5 and L6: Lower managerial, administrative and professional occupations",2
E05013618,Heston East,10,Mixed or Multiple ethnic groups: White and Black African,4,L7: Intermediate occupations,2
E05013618,Heston East,10,Mixed or Multiple ethnic groups: White and Black African,5,L8 and L9: Small employers and own account workers,1
E05013618,Heston East,10,Mixed or Multiple ethnic groups: White and Black African,6,L10 and L11: Lower supervisory and technical occupations,0
E05013618,Heston East,10,Mixed or Multiple ethnic groups: White and Black African,7,L12: Semi-routine occupations,4
E05013618,Heston East,10,Mixed or Multiple ethnic groups: White and Black African,8,L13: Routine occupations,2
E05013618,Heston East,10,Mixed or Multiple ethnic groups: White and Black African,9,L14.1: Never worked,2
E05013618,Heston East,10,Mixed or Multiple ethnic groups: White and Black African,10,L14.2: Long-term unemployed,0
E05013618,Heston East,10,Mixed or Multiple ethnic groups: White and Black African,11,L15: Full-time students,5
E05013618,Heston East,11,Mixed or Multiple ethnic groups: White and Black Caribbean,-8,Does not apply,27
E05013618,Heston East,11,Mixed or Multiple ethnic groups: White and Black Caribbean,1,L1 and L2: Large employers and higher managerial and administrative occupations,0
E05013618,Heston East,11,Mixed or Multiple ethnic groups: White and Black Caribbean,2,L3: Higher professional occupations,5
E05013618,Heston East,11,Mixed or Multiple ethnic groups: White and Black Caribbean,3,"L4, L5 and L6: Lower managerial, administrative and professional occupations",5
E05013618,Heston East,11,Mixed or Multiple ethnic groups: White and Black Caribbean,4,L7: Intermediate occupations,6
E05013618,Heston East,11,Mixed or Multiple ethnic groups: White and Black Caribbean,5,L8 and L9: Small employers and own account workers,1
E05013618,Heston East,11,Mixed or Multiple ethnic groups: White and Black Caribbean,6,L10 and L11: Lower supervisory and technical occupations,1
E05013618,Heston East,11,Mixed or Multiple ethnic groups: White and Black Caribbean,7,L12: Semi-routine occupations,3
E05013618,Heston East,11,Mixed or Multiple ethnic groups: White and Black Caribbean,8,L13: Routine occupations,4
E05013618,Heston East,11,Mixed or Multiple ethnic groups: White and Black Caribbean,9,L14.1: Never worked,4
E05013618,Heston East,11,Mixed or Multiple ethnic groups: White and Black Caribbean,10,L14.2: Long-term unemployed,1
E05013618,Heston East,11,Mixed or Multiple ethnic groups: White and Black Caribbean,11,L15: Full-time students,4
E05013618,Heston East,12,Mixed or Multiple ethnic groups: Other Mixed or Multiple ethnic groups,-8,Does not apply,51
E05013618,Heston East,12,Mixed or Multiple ethnic groups: Other Mixed or Multiple ethnic groups,1,L1 and L2: Large employers and higher managerial and administrative occupations,1
E05013618,Heston East,12,Mixed or Multiple ethnic groups: Other Mixed or Multiple ethnic groups,2,L3: Higher professional occupations,10
E05013618,Heston East,12,Mixed or Multiple ethnic groups: Other Mixed or Multiple ethnic groups,3,"L4, L5 and L6: Lower managerial, administrative and professional occupations",23
E05013618,Heston East,12,Mixed or Multiple ethnic groups: Other Mixed or Multiple ethnic groups,4,L7: Intermediate occupations,11
E05013618,Heston East,12,Mixed or Multiple ethnic groups: Other Mixed or Multiple ethnic groups,5,L8 and L9: Small employers and own account workers,3
E05013618,Heston East,12,Mixed or Multiple ethnic groups: Other Mixed or Multiple ethnic groups,6,L10 and L11: Lower supervisory and technical occupations,0
E05013618,Heston East,12,Mixed or Multiple ethnic groups: Other Mixed or Multiple ethnic groups,7,L12: Semi-routine occupations,14
E05013618,Heston East,12,Mixed or Multiple ethnic groups: Other Mixed or Multiple ethnic groups,8,L13: Routine occupations,8
E05013618,Heston East,12,Mixed or Multiple ethnic groups: Other Mixed or Multiple ethnic groups,9,L14.1: Never worked,7
E05013618,Heston East,12,Mixed or Multiple ethnic groups: Other Mixed or Multiple ethnic groups,10,L14.2: Long-term unemployed,3
E05013618,Heston East,12,Mixed or Multiple ethnic groups: Other Mixed or Multiple ethnic groups,11,L15: Full-time students,8
E05013618,Heston East,13,"White: English, Welsh, Scottish, Northern Irish or British",-8,Does not apply,180
E05013618,Heston East,13,"White: English, Welsh, Scottish, Northern Irish or British",1,L1 and L2: Large employers and higher managerial and administrative occupations,19
E05013618,Heston East,13,"White: English, Welsh, Scottish, Northern Irish or British",2,L3: Higher professional occupations,56
E05013618,Heston East,13,"White: English, Welsh, Scottish, Northern Irish or British",3,"L4, L5 and L6: Lower managerial, administrative and professional occupations",186
E05013618,Heston East,13,"White: English, Welsh, Scottish, Northern Irish or British",4,L7: Intermediate occupations,120
E05013618,Heston East,13,"White: English, Welsh, Scottish, Northern Irish or British",5,L8 and L9: Small employers and own account workers,113
E05013618,Heston East,13,"White: English, Welsh, Scottish, Northern Irish or British",6,L10 and L11: Lower supervisory and technical occupations,59
E05013618,Heston East,13,"White: English, Welsh, Scottish, Northern Irish or British",7,L12: Semi-routine occupations,110
E05013618,Heston East,13,"White: English, Welsh, Scottish, Northern Irish or British",8,L13: Routine occupations,123
E05013618,Heston East,13,"White: English, Welsh, Scottish, Northern Irish or British",9,L14.1: Never worked,68
E05013618,Heston East,13,"White: English, Welsh, Scottish, Northern Irish or British",10,L14.2: Long-term unemployed,22
E05013618,Heston East,13,"White: English, Welsh, Scottish, Northern Irish or British",11,L15: Full-time students,41
E05013618,Heston East,14,White: Irish,-8,Does not apply,3
E05013618,Heston East,14,White: Irish,1,L1 and L2: Large employers and higher managerial and administrative occupations,3
E05013618,Heston East,14,White: Irish,2,L3: Higher professional occupations,5
E05013618,Heston East,14,White: Irish,3,"L4, L5 and L6: Lower managerial, administrative and professional occupations",26
E05013618,Heston East,14,White: Irish,4,L7: Intermediate occupations,9
E05013618,Heston East,14,White: Irish,5,L8 and L9: Small employers and own account workers,12
E05013618,Heston East,14,White: Irish,6,L10 and L11: Lower supervisory and technical occupations,0
E05013618,Heston East,14,White: Irish,7,L12: Semi-routine occupations,12
E05013618,Heston East,14,White: Irish,8,L13: Routine occupations,7
E05013618,Heston East,14,White: Irish,9,L14.1: Never worked,9
E05013618,Heston East,14,White: Irish,10,L14.2: Long-term unemployed,0
E05013618,Heston East,14,White: Irish,11,L15: Full-time students,3
E05013618,Heston East,15,White: Gypsy or Irish Traveller,-8,Does not apply,0
E05013618,Heston East,15,White: Gypsy or Irish Traveller,1,L1 and L2: Large employers and higher managerial and administrative occupations,0
E05013618,Heston East,15,White: Gypsy or Irish Traveller,2,L3: Higher professional occupations,0
E05013618,Heston East,15,White: Gypsy or Irish Traveller,3,"L4, L5 and L6: Lower managerial, administrative and professional occupations",0
E05013618,Heston East,15,White: Gypsy or Irish Traveller,4,L7: Intermediate occupations,0
E05013618,Heston East,15,White: Gypsy or Irish Traveller,5,L8 and L9: Small employers and own account workers,0
E05013618,Heston East,15,White: Gypsy or Irish Traveller,6,L10 and L11: Lower supervisory and technical occupations,0
E05013618,Heston East,15,White: Gypsy or Irish Traveller,7,L12: Semi-routine occupations,1
E05013618,Heston East,15,White: Gypsy or Irish Traveller,8,L13: Routine occupations,0
E05013618,Heston East,15,White: Gypsy or Irish Traveller,9,L14.1: Never worked,0
E05013618,Heston East,15,White: Gypsy or Irish Traveller,10,L14.2: Long-term unemployed,0
E05013618,Heston East,15,White: Gypsy or Irish Traveller,11,L15: Full-time students,1
E05013618,Heston East,16,White: Roma,-8,Does not apply,8
E05013618,Heston East,16,White: Roma,1,L1 and L2: Large employers and higher managerial and administrative occupations,0
E05013618,Heston East,16,White: Roma,2,L3: Higher professional occupations,1
E05013618,Heston East,16,White: Roma,3,"L4, L5 and L6: Lower managerial, administrative and professional occupations",5
E05013618,Heston East,16,White: Roma,4,L7: Intermediate occupations,1
E05013618,Heston East,16,White: Roma,5,L8 and L9: Small employers and own account workers,14
E05013618,Heston East,16,White: Roma,6,L10 and L11: Lower supervisory and technical occupations,1
E05013618,Heston East,16,White: Roma,7,L12: Semi-routine occupations,5
E05013618,Heston East,16,White: Roma,8,L13: Routine occupations,3
E05013618,Heston East,16,White: Roma,9,L14.1: Never worked,3
E05013618,Heston East,16,White: Roma,10,L14.2: Long-term unemployed,0
E05013618,Heston East,16,White: Roma,11,L15: Full-time students,1
E05013618,Heston East,17,White: Other White,-8,Does not apply,207
E05013618,Heston East,17,White: Other White,1,L1 and L2: Large employers and higher managerial and administrative occupations,10
E05013618,Heston East,17,White: Other White,2,L3: Higher professional occupations,38
E05013618,Heston East,17,White: Other White,3,"L4, L5 and L6: Lower managerial, administrative and professional occupations",103
E05013618,Heston East,17,White: Other White,4,L7: Intermediate occupations,63
E05013618,Heston East,17,White: Other White,5,L8 and L9: Small employers and own account workers,309
E05013618,Heston East,17,White: Other White,6,L10 and L11: Lower supervisory and technical occupations,52
E05013618,Heston East,17,White: Other White,7,L12: Semi-routine occupations,81
E05013618,Heston East,17,White: Other White,8,L13: Routine occupations,170
E05013618,Heston East,17,White: Other White,9,L14.1: Never worked,35
E05013618,Heston East,17,White: Other White,10,L14.2: Long-term unemployed,18
E05013618,Heston East,17,White: Other White,11,L15: Full-time students,87
E05013618,Heston East,18,Other ethnic group: Arab,-8,Does not apply,37
E05013618,Heston East,18,Other ethnic group: Arab,1,L1 and L2: Large employers and higher managerial and administrative occupations,2
E05013618,Heston East,18,Other ethnic group: Arab,2,L3: Higher professional occupations,12
E05013618,Heston East,18,Other ethnic group: Arab,3,"L4, L5 and L6: Lower managerial, administrative and professional occupations",16
E05013618,Heston East,18,Other ethnic group: Arab,4,L7: Intermediate occupations,10
E05013618,Heston East,18,Other ethnic group: Arab,5,L8 and L9: Small employers and own account workers,10
E05013618,Heston East,18,Other ethnic group: Arab,6,L10 and L11: Lower supervisory and technical occupations,11
E05013618,Heston East,18,Other ethnic group: Arab,7,L12: Semi-routine occupations,9
E05013618,Heston East,18,Other ethnic group: Arab,8,L13: Routine occupations,12
E05013618,Heston East,18,Other ethnic group: Arab,9,L14.1: Never worked,31
E05013618,Heston East,18,Other ethnic group: Arab,10,L14.2: Long-term unemployed,3
E05013618,Heston East,18,Other ethnic group: Arab,11,L15: Full-time students,16
E05013618,Heston East,19,Other ethnic group: Any other ethnic group,-8,Does not apply,203
E05013618,Heston East,19,Other ethnic group: Any other ethnic group,1,L1 and L2: Large employers and higher managerial and administrative occupations,24
E05013618,Heston East,19,Other ethnic group: Any other ethnic group,2,L3: Higher professional occupations,45
E05013618,Heston East,19,Other ethnic group: Any other ethnic group,3,"L4, L5 and L6: Lower managerial, administrative and professional occupations",124
E05013618,Heston East,19,Other ethnic group: Any other ethnic group,4,L7: Intermediate occupations,81
E05013618,Heston East,19,Other ethnic group: Any other ethnic group,5,L8 and L9: Small employers and own account workers,98
E05013618,Heston East,19,Other ethnic group: Any other ethnic group,6,L10 and L11: Lower supervisory and technical occupations,33
E05013618,Heston East,19,Other ethnic group: Any other ethnic group,7,L12: Semi-routine occupations,119
E05013618,Heston East,19,Other ethnic group: Any other ethnic group,8,L13: Routine occupations,82
E05013618,Heston East,19,Other ethnic group: Any other ethnic group,9,L14.1: Never worked,135
E05013618,Heston East,19,Other ethnic group: Any other ethnic group,10,L14.2: Long-term unemployed,6
E05013618,Heston East,19,Other ethnic group: Any other ethnic group,11,L15: Full-time students,60
E05013619,Heston West,-8,Does not apply,-8,Does not apply,0
E05013619,Heston West,-8,Does not apply,1,L1 and L2: Large employers and higher managerial and administrative occupations,0
E05013619,Heston West,-8,Does not apply,2,L3: Higher professional occupations,0
E05013619,Heston West,-8,Does not apply,3,"L4, L5 and L6: Lower managerial, administrative and professional occupations",0
E05013619,Heston West,-8,Does not apply,4,L7: Intermediate occupations,0
E05013619,Heston West,-8,Does not apply,5,L8 and L9: Small employers and own account workers,0
E05013619,Heston West,-8,Does not apply,6,L10 and L11: Lower supervisory and technical occupations,0
E05013619,Heston West,-8,Does not apply,7,L12: Semi-routine occupations,0
E05013619,Heston West,-8,Does not apply,8,L13: Routine occupations,0
E05013619,Heston West,-8,Does not apply,9,L14.1: Never worked,0
E05013619,Heston West,-8,Does not apply,10,L14.2: Long-term unemployed,0
E05013619,Heston West,-8,Does not apply,11,L15: Full-time students,0
E05013619,Heston West,1,"Asian, Asian British or Asian Welsh: Bangladeshi",-8,Does not apply,35
E05013619,Heston West,1,"Asian, Asian British or Asian Welsh: Bangladeshi",1,L1 and L2: Large employers and higher managerial and administrative occupations,2
E05013619,Heston West,1,"Asian, Asian British or Asian Welsh: Bangladeshi",2,L3: Higher professional occupations,2
E05013619,Heston West,1,"Asian, Asian British or Asian Welsh: Bangladeshi",3,"L4, L5 and L6: Lower managerial, administrative and professional occupations",11
E05013619,Heston West,1,"Asian, Asian British or Asian Welsh: Bangladeshi",4,L7: Intermediate occupations,13
E05013619,Heston West,1,"Asian, Asian British or Asian Welsh: Bangladeshi",5,L8 and L9: Small employers and own account workers,3
E05013619,Heston West,1,"Asian, Asian British or Asian Welsh: Bangladeshi",6,L10 and L11: Lower supervisory and technical occupations,4
E05013619,Heston West,1,"Asian, Asian British or Asian Welsh: Bangladeshi",7,L12: Semi-routine occupations,13
E05013619,Heston West,1,"Asian, Asian British or Asian Welsh: Bangladeshi",8,L13: Routine occupations,15
E05013619,Heston West,1,"Asian, Asian British or Asian Welsh: Bangladeshi",9,L14.1: Never worked,17
E05013619,Heston West,1,"Asian, Asian British or Asian Welsh: Bangladeshi",10,L14.2: Long-term unemployed,0
E05013619,Heston West,1,"Asian, Asian British or Asian Welsh: Bangladeshi",11,L15: Full-time students,14
E05013619,Heston West,2,"Asian, Asian British or Asian Welsh: Chinese",-8,Does not apply,5
E05013619,Heston West,2,"Asian, Asian British or Asian Welsh: Chinese",1,L1 and L2: Large employers and higher managerial and administrative occupations,0
E05013619,Heston West,2,"Asian, Asian British or Asian Welsh: Chinese",2,L3: Higher professional occupations,5
E05013619,Heston West,2,"Asian, Asian British or Asian Welsh: Chinese",3,"L4, L5 and L6: Lower managerial, administrative and professional occupations",8
E05013619,Heston West,2,"Asian, Asian British or Asian Welsh: Chinese",4,L7: Intermediate occupations,5
E05013619,Heston West,2,"Asian, Asian British or Asian Welsh: Chinese",5,L8 and L9: Small employers and own account workers,1
E05013619,Heston West,2,"Asian, Asian British or Asian Welsh: Chinese",6,L10 and L11: Lower supervisory and technical occupations,4
E05013619,Heston West,2,"Asian, Asian British or Asian Welsh: Chinese",7,L12: Semi-routine occupations,6
E05013619,Heston West,2,"Asian, Asian British or Asian Welsh: Chinese",8,L13: Routine occupations,8
E05013619,Heston West,2,"Asian, Asian British or Asian Welsh: Chinese",9,L14.1: Never worked,9
E05013619,Heston West,2,"Asian, Asian British or Asian Welsh: Chinese",10,L14.2: Long-term unemployed,3
E05013619,Heston West,2,"Asian, Asian British or Asian Welsh: Chinese",11,L15: Full-time students,4
E05013619,Heston West,3,"Asian, Asian British or Asian Welsh: Indian",-8,Does not apply,987
E05013619,Heston West,3,"Asian, Asian British or Asian Welsh: Indian",1,L1 and L2: Large employers and higher managerial and administrative occupations,117
E05013619,Heston West,3,"Asian, Asian British or Asian Welsh: Indian",2,L3: Higher professional occupations,335
E05013619,Heston West,3,"Asian, Asian British or Asian Welsh: Indian",3,"L4, L5 and L6: Lower managerial, administrative and professional occupations",665
E05013619,Heston West,3,"Asian, Asian British or Asian Welsh: Indian",4,L7: Intermediate occupations,545
E05013619,Heston West,3,"Asian, Asian British or Asian Welsh: Indian",5,L8 and L9: Small employers and own account workers,414
E05013619,Heston West,3,"Asian, Asian British or Asian Welsh: Indian",6,L10 and L11: Lower supervisory and technical occupations,254
E05013619,Heston West,3,"Asian, Asian British or Asian Welsh: Indian",7,L12: Semi-routine occupations,513
E05013619,Heston West,3,"Asian, Asian British or Asian Welsh: Indian",8,L13: Routine occupations,694
E05013619,Heston West,3,"Asian, Asian British or Asian Welsh: Indian",9,L14.1: Never worked,516
E05013619,Heston West,3,"Asian, Asian British or Asian Welsh: Indian",10,L14.2: Long-term unemployed,70
E05013619,Heston West,3,"Asian, Asian British or Asian Welsh: Indian",11,L15: Full-time students,421
E05013619,Heston West,4,"Asian, Asian British or Asian Welsh: Pakistani",-8,Does not apply,457
E05013619,Heston West,4,"Asian, Asian British or Asian Welsh: Pakistani",1,L1 and L2: Large employers and higher managerial and administrative occupations,24
E05013619,Heston West,4,"Asian, Asian British or Asian Welsh: Pakistani",2,L3: Higher professional occupations,93
E05013619,Heston West,4,"Asian, Asian British or Asian Welsh: Pakistani",3,"L4, L5 and L6: Lower managerial, administrative and professional occupations",203
E05013619,Heston West,4,"Asian, Asian British or Asian Welsh: Pakistani",4,L7: Intermediate occupations,149
E05013619,Heston West,4,"Asian, Asian British or Asian Welsh: Pakistani",5,L8 and L9: Small employers and own account workers,130
E05013619,Heston West,4,"Asian, Asian British or Asian Welsh: Pakistani",6,L10 and L11: Lower supervisory and technical occupations,60
E05013619,Heston West,4,"Asian, Asian British or Asian Welsh: Pakistani",7,L12: Semi-routine occupations,138
E05013619,Heston West,4,"Asian, Asian British or Asian Welsh: Pakistani",8,L13: Routine occupations,99
E05013619,Heston West,4,"Asian, Asian British or Asian Welsh: Pakistani",9,L14.1: Never worked,213
E05013619,Heston West,4,"Asian, Asian British or Asian Welsh: Pakistani",10,L14.2: Long-term unemployed,23
E05013619,Heston West,4,"Asian, Asian British or Asian Welsh: Pakistani",11,L15: Full-time students,141
E05013619,Heston West,5,"Asian, Asian British or Asian Welsh: Other Asian",-8,Does not apply,430
E05013619,Heston West,5,"Asian, Asian British or Asian Welsh: Other Asian",1,L1 and L2: Large employers and higher managerial and administrative occupations,21
E05013619,Heston West,5,"Asian, Asian British or Asian Welsh: Other Asian",2,L3: Higher professional occupations,43
E05013619,Heston West,5,"Asian, Asian British or Asian Welsh: Other Asian",3,"L4, L5 and L6: Lower managerial, administrative and professional occupations",180
E05013619,Heston West,5,"Asian, Asian British or Asian Welsh: Other Asian",4,L7: Intermediate occupations,118
E05013619,Heston West,5,"Asian, Asian British or Asian Welsh: Other Asian",5,L8 and L9: Small employers and own account workers,171
E05013619,Heston West,5,"Asian, Asian British or Asian Welsh: Other Asian",6,L10 and L11: Lower supervisory and technical occupations,53
E05013619,Heston West,5,"Asian, Asian British or Asian Welsh: Other Asian",7,L12: Semi-routine occupations,189
E05013619,Heston West,5,"Asian, Asian British or Asian Welsh: Other Asian",8,L13: Routine occupations,116
E05013619,Heston West,5,"Asian, Asian British or Asian Welsh: Other Asian",9,L14.1: Never worked,305
E05013619,Heston West,5,"Asian, Asian British or Asian Welsh: Other Asian",10,L14.2: Long-term unemployed,18
E05013619,Heston West,5,"Asian, Asian British or Asian Welsh: Other Asian",11,L15: Full-time students,155
E05013619,Heston West,6,"Black, Black British, Black Welsh, Caribbean or African: African",-8,Does not apply,384
E05013619,Heston West,6,"Black, Black British, Black Welsh, Caribbean or African: African",1,L1 and L2: Large employers and higher managerial and administrative occupations,2
E05013619,Heston West,6,"Black, Black British, Black Welsh, Caribbean or African: African",2,L3: Higher professional occupations,35
E05013619,Heston West,6,"Black, Black British, Black Welsh, Caribbean or African: African",3,"L4, L5 and L6: Lower managerial, administrative and professional occupations",77
E05013619,Heston West,6,"Black, Black British, Black Welsh, Caribbean or African: African",4,L7: Intermediate occupations,47
E05013619,Heston West,6,"Black, Black British, Black Welsh, Caribbean or African: African",5,L8 and L9: Small employers and own account workers,80
E05013619,Heston West,6,"Black, Black British, Black Welsh, Caribbean or African: African",6,L10 and L11: Lower supervisory and technical occupations,26
E05013619,Heston West,6,"Black, Black British, Black Welsh, Caribbean or African: African",7,L12: Semi-routine occupations,110
E05013619,Heston West,6,"Black, Black British, Black Welsh, Caribbean or African: African",8,L13: Routine occupations,128
E05013619,Heston West,6,"Black, Black British, Black Welsh, Caribbean or African: African",9,L14.1: Never worked,154
E05013619,Heston West,6,"Black, Black British, Black Welsh, Caribbean or African: African",10,L14.2: Long-term unemployed,29
E05013619,Heston West,6,"Black, Black British, Black Welsh, Caribbean or African: African",11,L15: Full-time students,146
E05013619,Heston West,7,"Black, Black British, Black Welsh, Caribbean or African: Caribbean",-8,Does not apply,20
E05013619,Heston West,7,"Black, Black British, Black Welsh, Caribbean or African: Caribbean",1,L1 and L2: Large employers and higher managerial and administrative occupations,0
E05013619,Heston West,7,"Black, Black British, Black Welsh, Caribbean or African: Caribbean",2,L3: Higher professional occupations,8
E05013619,Heston West,7,"Black, Black British, Black Welsh, Caribbean or African: Caribbean",3,"L4, L5 and L6: Lower managerial, administrative and professional occupations",20
E05013619,Heston West,7,"Black, Black British, Black Welsh, Caribbean or African: Caribbean",4,L7: Intermediate occupations,17
E05013619,Heston West,7,"Black, Black British, Black Welsh, Caribbean or African: Caribbean",5,L8 and L9: Small employers and own account workers,10
E05013619,Heston West,7,"Black, Black British, Black Welsh, Caribbean or African: Caribbean",6,L10 and L11: Lower supervisory and technical occupations,5
E05013619,Heston West,7,"Black, Black British, Black Welsh, Caribbean or African: Caribbean",7,L12: Semi-routine occupations,21
E05013619,Heston West,7,"Black, Black British, Black Welsh, Caribbean or African: Caribbean",8,L13: Routine occupations,10
E05013619,Heston West,7,"Black, Black British, Black Welsh, Caribbean or African: Caribbean",9,L14.1: Never worked,12
E05013619,Heston West,7,"Black, Black British, Black Welsh, Caribbean or African: Caribbean",10,L14.2: Long-term unemployed,4
E05013619,Heston West,7,"Black, Black British, Black Welsh, Caribbean or African: Caribbean",11,L15: Full-time students,7
E05013619,Heston West,8,"Black, Black British, Black Welsh, Caribbean or African: Other Black",-8,Does not apply,63
E05013619,Heston West,8,"Black, Black British, Black Welsh, Caribbean or African: Other Black",1,L1 and L2: Large employers and higher managerial and administrative occupations,1
E05013619,Heston West,8,"Black, Black British, Black Welsh, Caribbean or African: Other Black",2,L3: Higher professional occupations,1
E05013619,Heston West,8,"Black, Black British, Black Welsh, Caribbean or African: Other Black",3,"L4, L5 and L6: Lower managerial, administrative and professional occupations",3
E05013619,Heston West,8,"Black, Black British, Black Welsh, Caribbean or African: Other Black",4,L7: Intermediate occupations,4
E05013619,Heston West,8,"Black, Black British, Black Welsh, Caribbean or African: Other Black",5,L8 and L9: Small employers and own account workers,5
E05013619,Heston West,8,"Black, Black British, Black Welsh, Caribbean or African: Other Black",6,L10 and L11: Lower supervisory and technical occupations,2
E05013619,Heston West,8,"Black, Black British, Black Welsh, Caribbean or African: Other Black",7,L12: Semi-routine occupations,9
E05013619,Heston West,8,"Black, Black British, Black Welsh, Caribbean or African: Other Black",8,L13: Routine occupations,4
E05013619,Heston West,8,"Black, Black British, Black Welsh, Caribbean or African: Other Black",9,L14.1: Never worked,10
E05013619,Heston West,8,"Black, Black British, Black Welsh, Caribbean or African: Other Black",10,L14.2: Long-term unemployed,3
E05013619,Heston West,8,"Black, Black British, Black Welsh, Caribbean or African: Other Black",11,L15: Full-time students,17
E05013619,Heston West,9,Mixed or Multiple ethnic groups: White and Asian,-8,Does not apply,68
E05013619,Heston West,9,Mixed or Multiple ethnic groups: White and Asian,1,L1 and L2: Large employers and higher managerial and administrative occupations,2
E05013619,Heston West,9,Mixed or Multiple ethnic groups: White and Asian,2,L3: Higher professional occupations,7
E05013619,Heston West,9,Mixed or Multiple ethnic groups: White and Asian,3,"L4, L5 and L6: Lower managerial, administrative and professional occupations",10
E05013619,Heston West,9,Mixed or Multiple ethnic groups: White and Asian,4,L7: Intermediate occupations,6
E05013619,Heston West,9,Mixed or Multiple ethnic groups: White and Asian,5,L8 and L9: Small employers and own account workers,1
E05013619,Heston West,9,Mixed or Multiple ethnic groups: White and Asian,6,L10 and L11: Lower supervisory and technical occupations,2
E05013619,Heston West,9,Mixed or Multiple ethnic groups: White and Asian,7,L12: Semi-routine occupations,9
E05013619,Heston West,9,Mixed or Multiple ethnic groups: White and Asian,8,L13: Routine occupations,3
E05013619,Heston West,9,Mixed or Multiple ethnic groups: White and Asian,9,L14.1: Never worked,7
E05013619,Heston West,9,Mixed or Multiple ethnic groups: White and Asian,10,L14.2: Long-term unemployed,1
E05013619,Heston West,9,Mixed or Multiple ethnic groups: White and Asian,11,L15: Full-time students,10
E05013619,Heston West,10,Mixed or Multiple ethnic groups: White and Black African,-8,Does not apply,29
E05013619,Heston West,10,Mixed or Multiple ethnic groups: White and Black African,1,L1 and L2: Large employers and higher managerial and administrative occupations,1
E05013619,Heston West,10,Mixed or Multiple ethnic groups: White and Black African,2,L3: Higher professional occupations,0
E05013619,Heston West,10,Mixed or Multiple ethnic groups: White and Black African,3,"L4, L5 and L6: Lower managerial, administrative and professional occupations",5
E05013619,Heston West,10,Mixed or Multiple ethnic groups: White and Black African,4,L7: Intermediate occupations,12
E05013619,Heston West,10,Mixed or Multiple ethnic groups: White and Black African,5,L8 and L9: Small employers and own account workers,3
E05013619,Heston West,10,Mixed or Multiple ethnic groups: White and Black African,6,L10 and L11: Lower supervisory and technical occupations,6
E05013619,Heston West,10,Mixed or Multiple ethnic groups: White and Black African,7,L12: Semi-routine occupations,11
E05013619,Heston West,10,Mixed or Multiple ethnic groups: White and Black African,8,L13: Routine occupations,6
E05013619,Heston West,10,Mixed or Multiple ethnic groups: White and Black African,9,L14.1: Never worked,6
E05013619,Heston West,10,Mixed or Multiple ethnic groups: White and Black African,10,L14.2: Long-term unemployed,1
E05013619,Heston West,10,Mixed or Multiple ethnic groups: White and Black African,11,L15: Full-time students,16
E05013619,Heston West,11,Mixed or Multiple ethnic groups: White and Black Caribbean,-8,Does not apply,34
E05013619,Heston West,11,Mixed or Multiple ethnic groups: White and Black Caribbean,1,L1 and L2: Large employers and higher managerial and administrative occupations,1
E05013619,Heston West,11,Mixed or Multiple ethnic groups: White and Black Caribbean,2,L3: Higher professional occupations,3
E05013619,Heston West,11,Mixed or Multiple ethnic groups: White and Black Caribbean,3,"L4, L5 and L6: Lower managerial, administrative and professional occupations",5
E05013619,Heston West,11,Mixed or Multiple ethnic groups: White and Black Caribbean,4,L7: Intermediate occupations,4
E05013619,Heston West,11,Mixed or Multiple ethnic groups: White and Black Caribbean,5,L8 and L9: Small employers and own account workers,5
E05013619,Heston West,11,Mixed or Multiple ethnic groups: White and Black Caribbean,6,L10 and L11: Lower supervisory and technical occupations,0
E05013619,Heston West,11,Mixed or Multiple ethnic groups: White and Black Caribbean,7,L12: Semi-routine occupations,5
E05013619,Heston West,11,Mixed or Multiple ethnic groups: White and Black Caribbean,8,L13: Routine occupations,5
E05013619,Heston West,11,Mixed or Multiple ethnic groups: White and Black Caribbean,9,L14.1: Never worked,4
E05013619,Heston West,11,Mixed or Multiple ethnic groups: White and Black Caribbean,10,L14.2: Long-term unemployed,3
E05013619,Heston West,11,Mixed or Multiple ethnic groups: White and Black Caribbean,11,L15: Full-time students,0
E05013619,Heston West,12,Mixed or Multiple ethnic groups: Other Mixed or Multiple ethnic groups,-8,Does not apply,81
E05013619,Heston West,12,Mixed or Multiple ethnic groups: Other Mixed or Multiple ethnic groups,1,L1 and L2: Large employers and higher managerial and administrative occupations,2
E05013619,Heston West,12,Mixed or Multiple ethnic groups: Other Mixed or Multiple ethnic groups,2,L3: Higher professional occupations,3
E05013619,Heston West,12,Mixed or Multiple ethnic groups: Other Mixed or Multiple ethnic groups,3,"L4, L5 and L6: Lower managerial, administrative and professional occupations",11
E05013619,Heston West,12,Mixed or Multiple ethnic groups: Other Mixed or Multiple ethnic groups,4,L7: Intermediate occupations,9
E05013619,Heston West,12,Mixed or Multiple ethnic groups: Other Mixed or Multiple ethnic groups,5,L8 and L9: Small employers and own account workers,7
E05013619,Heston West,12,Mixed or Multiple ethnic groups: Other Mixed or Multiple ethnic groups,6,L10 and L11: Lower supervisory and technical occupations,3
E05013619,Heston West,12,Mixed or Multiple ethnic groups: Other Mixed or Multiple ethnic groups,7,L12: Semi-routine occupations,10
E05013619,Heston West,12,Mixed or Multiple ethnic groups: Other Mixed or Multiple ethnic groups,8,L13: Routine occupations,8
E05013619,Heston West,12,Mixed or Multiple ethnic groups: Other Mixed or Multiple ethnic groups,9,L14.1: Never worked,9
E05013619,Heston West,12,Mixed or Multiple ethnic groups: Other Mixed or Multiple ethnic groups,10,L14.2: Long-term unemployed,3
E05013619,Heston West,12,Mixed or Multiple ethnic groups: Other Mixed or Multiple ethnic groups,11,L15: Full-time students,17
E05013619,Heston West,13,"White: English, Welsh, Scottish, Northern Irish or British",-8,Does not apply,249
E05013619,Heston West,13,"White: English, Welsh, Scottish, Northern Irish or British",1,L1 and L2: Large employers and higher managerial and administrative occupations,28
E05013619,Heston West,13,"White: English, Welsh, Scottish, Northern Irish or British",2,L3: Higher professional occupations,39
E05013619,Heston West,13,"White: English, Welsh, Scottish, Northern Irish or British",3,"L4, L5 and L6: Lower managerial, administrative and professional occupations",218
E05013619,Heston West,13,"White: English, Welsh, Scottish, Northern Irish or British",4,L7: Intermediate occupations,167
E05013619,Heston West,13,"White: English, Welsh, Scottish, Northern Irish or British",5,L8 and L9: Small employers and own account workers,118
E05013619,Heston West,13,"White: English, Welsh, Scottish, Northern Irish or British",6,L10 and L11: Lower supervisory and technical occupations,67
E05013619,Heston West,13,"White: English, Welsh, Scottish, Northern Irish or British",7,L12: Semi-routine occupations,166
E05013619,Heston West,13,"White: English, Welsh, Scottish, Northern Irish or British",8,L13: Routine occupations,218
E05013619,Heston West,13,"White: English, Welsh, Scottish, Northern Irish or British",9,L14.1: Never worked,141
E05013619,Heston West,13,"White: English, Welsh, Scottish, Northern Irish or British",10,L14.2: Long-term unemployed,21
E05013619,Heston West,13,"White: English, Welsh, Scottish, Northern Irish or British",11,L15: Full-time students,56
E05013619,Heston West,14,White: Irish,-8,Does not apply,3
E05013619,Heston West,14,White: Irish,1,L1 and L2: Large employers and higher managerial and administrative occupations,3
E05013619,Heston West,14,White: Irish,2,L3: Higher professional occupations,4
E05013619,Heston West,14,White: Irish,3,"L4, L5 and L6: Lower managerial, administrative and professional occupations",9
E05013619,Heston West,14,White: Irish,4,L7: Intermediate occupations,11
E05013619,Heston West,14,White: Irish,5,L8 and L9: Small employers and own account workers,7
E05013619,Heston West,14,White: Irish,6,L10 and L11: Lower supervisory and technical occupations,6
E05013619,Heston West,14,White: Irish,7,L12: Semi-routine occupations,6
E05013619,Heston West,14,White: Irish,8,L13: Routine occupations,13
E05013619,Heston West,14,White: Irish,9,L14.1: Never worked,7
E05013619,Heston West,14,White: Irish,10,L14.2: Long-term unemployed,1
E05013619,Heston West,14,White: Irish,11,L15: Full-time students,0
E05013619,Heston West,15,White: Gypsy or Irish Traveller,-8,Does not apply,7
E05013619,Heston West,15,White: Gypsy or Irish Traveller,1,L1 and L2: Large employers and higher managerial and administrative occupations,0
E05013619,Heston West,15,White: Gypsy or Irish Traveller,2,L3: Higher professional occupations,0
E05013619,Heston West,15,White: Gypsy or Irish Traveller,3,"L4, L5 and L6: Lower managerial, administrative and professional occupations",0
E05013619,Heston West,15,White: Gypsy or Irish Traveller,4,L7: Intermediate occupations,0
E05013619,Heston West,15,White: Gypsy or Irish Traveller,5,L8 and L9: Small employers and own account workers,1
E05013619,Heston West,15,White: Gypsy or Irish Traveller,6,L10 and L11: Lower supervisory and technical occupations,0
E05013619,Heston West,15,White: Gypsy or Irish Traveller,7,L12: Semi-routine occupations,0
E05013619,Heston West,15,White: Gypsy or Irish Traveller,8,L13: Routine occupations,0
E05013619,Heston West,15,White: Gypsy or Irish Traveller,9,L14.1: Never worked,5
E05013619,Heston West,15,White: Gypsy or Irish Traveller,10,L14.2: Long-term unemployed,0
E05013619,Heston West,15,White: Gypsy or Irish Traveller,11,L15: Full-time students,1
E05013619,Heston West,16,White: Roma,-8,Does not apply,1
E05013619,Heston West,16,White: Roma,1,L1 and L2: Large employers and higher managerial and administrative occupations,0
E05013619,Heston West,16,White: Roma,2,L3: Higher professional occupations,0
E05013619,Heston West,16,White: Roma,3,"L4, L5 and L6: Lower managerial, administrative and professional occupations",0
E05013619,Heston West,16,White: Roma,4,L7: Intermediate occupations,0
E05013619,Heston West,16,White: Roma,5,L8 and L9: Small employers and own account workers,9
E05013619,Heston West,16,White: Roma,6,L10 and L11: Lower supervisory and technical occupations,0
E05013619,Heston West,16,White: Roma,7,L12: Semi-routine occupations,3
E05013619,Heston West,16,White: Roma,8,L13: Routine occupations,7
E05013619,Heston West,16,White: Roma,9,L14.1: Never worked,1
E05013619,Heston West,16,White: Roma,10,L14.2: Long-term unemployed,0
E05013619,Heston West,16,White: Roma,11,L15: Full-time students,3
E05013619,Heston West,17,White: Other White,-8,Does not apply,141
E05013619,Heston West,17,White: Other White,1,L1 and L2: Large employers and higher managerial and administrative occupations,8
E05013619,Heston West,17,White: Other White,2,L3: Higher professional occupations,9
E05013619,Heston West,17,White: Other White,3,"L4, L5 and L6: Lower managerial, administrative and professional occupations",61
E05013619,Heston West,17,White: Other White,4,L7: Intermediate occupations,47
E05013619,Heston West,17,White: Other White,5,L8 and L9: Small employers and own account workers,253
E05013619,Heston West,17,White: Other White,6,L10 and L11: Lower supervisory and technical occupations,58
E05013619,Heston West,17,White: Other White,7,L12: Semi-routine occupations,77
E05013619,Heston West,17,White: Other White,8,L13: Routine occupations,180
E05013619,Heston West,17,White: Other White,9,L14.1: Never worked,44
E05013619,Heston West,17,White: Other White,10,L14.2: Long-term unemployed,16
E05013619,Heston West,17,White: Other White,11,L15: Full-time students,63
E05013619,Heston West,18,Other ethnic group: Arab,-8,Does not apply,30
E05013619,Heston West,18,Other ethnic group: Arab,1,L1 and L2: Large employers and higher managerial and administrative occupations,3
E05013619,Heston West,18,Other ethnic group: Arab,2,L3: Higher professional occupations,2
E05013619,Heston West,18,Other ethnic group: Arab,3,"L4, L5 and L6: Lower managerial, administrative and professional occupations",12
E05013619,Heston West,18,Other ethnic group: Arab,4,L7: Intermediate occupations,7
E05013619,Heston West,18,Other ethnic group: Arab,5,L8 and L9: Small employers and own account workers,12
E05013619,Heston West,18,Other ethnic group: Arab,6,L10 and L11: Lower supervisory and technical occupations,8
E05013619,Heston West,18,Other ethnic group: Arab,7,L12: Semi-routine occupations,10
E05013619,Heston West,18,Other ethnic group: Arab,8,L13: Routine occupations,11
E05013619,Heston West,18,Other ethnic group: Arab,9,L14.1: Never worked,23
E05013619,Heston West,18,Other ethnic group: Arab,10,L14.2: Long-term unemployed,4
E05013619,Heston West,18,Other ethnic group: Arab,11,L15: Full-time students,25
E05013619,Heston West,19,Other ethnic group: Any other ethnic group,-8,Does not apply,454
E05013619,Heston West,19,Other ethnic group: Any other ethnic group,1,L1 and L2: Large employers and higher managerial and administrative occupations,18
E05013619,Heston West,19,Other ethnic group: Any other ethnic group,2,L3: Higher professional occupations,68
E05013619,Heston West,19,Other ethnic group: Any other ethnic group,3,"L4, L5 and L6: Lower managerial, administrative and professional occupations",168
E05013619,Heston West,19,Other ethnic group: Any other ethnic group,4,L7: Intermediate occupations,107
E05013619,Heston West,19,Other ethnic group: Any other ethnic group,5,L8 and L9: Small employers and own account workers,171
E05013619,Heston West,19,Other ethnic group: Any other ethnic group,6,L10 and L11: Lower supervisory and technical occupations,56
E05013619,Heston West,19,Other ethnic group: Any other ethnic group,7,L12: Semi-routine occupations,196
E05013619,Heston West,19,Other ethnic group: Any other ethnic group,8,L13: Routine occupations,179
E05013619,Heston West,19,Other ethnic group: Any other ethnic group,9,L14.1: Never worked,305
E05013619,Heston West,19,Other ethnic group: Any other ethnic group,10,L14.2: Long-term unemployed,17
E05013619,Heston West,19,Other ethnic group: Any other ethnic group,11,L15: Full-time students,119
E05013620,Hounslow Central,-8,Does not apply,-8,Does not apply,0
E05013620,Hounslow Central,-8,Does not apply,1,L1 and L2: Large employers and higher managerial and administrative occupations,0
E05013620,Hounslow Central,-8,Does not apply,2,L3: Higher professional occupations,0
E05013620,Hounslow Central,-8,Does not apply,3,"L4, L5 and L6: Lower managerial, administrative and professional occupations",0
E05013620,Hounslow Central,-8,Does not apply,4,L7: Intermediate occupations,0
E05013620,Hounslow Central,-8,Does not apply,5,L8 and L9: Small employers and own account workers,0
E05013620,Hounslow Central,-8,Does not apply,6,L10 and L11: Lower supervisory and technical occupations,0
E05013620,Hounslow Central,-8,Does not apply,7,L12: Semi-routine occupations,0
E05013620,Hounslow Central,-8,Does not apply,8,L13: Routine occupations,0
E05013620,Hounslow Central,-8,Does not apply,9,L14.1: Never worked,0
E05013620,Hounslow Central,-8,Does not apply,10,L14.2: Long-term unemployed,0
E05013620,Hounslow Central,-8,Does not apply,11,L15: Full-time students,0
E05013620,Hounslow Central,1,"Asian, Asian British or Asian Welsh: Bangladeshi",-8,Does not apply,63
E05013620,Hounslow Central,1,"Asian, Asian British or Asian Welsh: Bangladeshi",1,L1 and L2: Large employers and higher managerial and administrative occupations,1
E05013620,Hounslow Central,1,"Asian, Asian British or Asian Welsh: Bangladeshi",2,L3: Higher professional occupations,5
E05013620,Hounslow Central,1,"Asian, Asian British or Asian Welsh: Bangladeshi",3,"L4, L5 and L6: Lower managerial, administrative and professional occupations",12
E05013620,Hounslow Central,1,"Asian, Asian British or Asian Welsh: Bangladeshi",4,L7: Intermediate occupations,16
E05013620,Hounslow Central,1,"Asian, Asian British or Asian Welsh: Bangladeshi",5,L8 and L9: Small employers and own account workers,6
E05013620,Hounslow Central,1,"Asian, Asian British or Asian Welsh: Bangladeshi",6,L10 and L11: Lower supervisory and technical occupations,7
E05013620,Hounslow Central,1,"Asian, Asian British or Asian Welsh: Bangladeshi",7,L12: Semi-routine occupations,21
E05013620,Hounslow Central,1,"Asian, Asian British or Asian Welsh: Bangladeshi",8,L13: Routine occupations,15
E05013620,Hounslow Central,1,"Asian, Asian British or Asian Welsh: Bangladeshi",9,L14.1: Never worked,34
E05013620,Hounslow Central,1,"Asian, Asian British or Asian Welsh: Bangladeshi",10,L14.2: Long-term unemployed,3
E05013620,Hounslow Central,1,"Asian, Asian British or Asian Welsh: Bangladeshi",11,L15: Full-time students,17
E05013620,Hounslow Central,2,"Asian, Asian British or Asian Welsh: Chinese",-8,Does not apply,4
E05013620,Hounslow Central,2,"Asian, Asian British or Asian Welsh: Chinese",1,L1 and L2: Large employers and higher managerial and administrative occupations,2
E05013620,Hounslow Central,2,"Asian, Asian British or Asian Welsh: Chinese",2,L3: Higher professional occupations,16
E05013620,Hounslow Central,2,"Asian, Asian British or Asian Welsh: Chinese",3,"L4, L5 and L6: Lower managerial, administrative and professional occupations",16
E05013620,Hounslow Central,2,"Asian, Asian British or Asian Welsh: Chinese",4,L7: Intermediate occupations,3
E05013620,Hounslow Central,2,"Asian, Asian British or Asian Welsh: Chinese",5,L8 and L9: Small employers and own account workers,17
E05013620,Hounslow Central,2,"Asian, Asian British or Asian Welsh: Chinese",6,L10 and L11: Lower supervisory and technical occupations,18
E05013620,Hounslow Central,2,"Asian, Asian British or Asian Welsh: Chinese",7,L12: Semi-routine occupations,9
E05013620,Hounslow Central,2,"Asian, Asian British or Asian Welsh: Chinese",8,L13: Routine occupations,8
E05013620,Hounslow Central,2,"Asian, Asian British or Asian Welsh: Chinese",9,L14.1: Never worked,11
E05013620,Hounslow Central,2,"Asian, Asian British or Asian Welsh: Chinese",10,L14.2: Long-term unemployed,0
E05013620,Hounslow Central,2,"Asian, Asian British or Asian Welsh: Chinese",11,L15: Full-time students,6
E05013620,Hounslow Central,3,"Asian, Asian British or Asian Welsh: Indian",-8,Does not apply,1039
E05013620,Hounslow Central,3,"Asian, Asian British or Asian Welsh: Indian",1,L1 and L2: Large employers and higher managerial and administrative occupations,111
E05013620,Hounslow Central,3,"Asian, Asian British or Asian Welsh: Indian",2,L3: Higher professional occupations,579
E05013620,Hounslow Central,3,"Asian, Asian British or Asian Welsh: Indian",3,"L4, L5 and L6: Lower managerial, administrative and professional occupations",598
E05013620,Hounslow Central,3,"Asian, Asian British or Asian Welsh: Indian",4,L7: Intermediate occupations,341
E05013620,Hounslow Central,3,"Asian, Asian British or Asian Welsh: Indian",5,L8 and L9: Small employers and own account workers,171
E05013620,Hounslow Central,3,"Asian, Asian British or Asian Welsh: Indian",6,L10 and L11: Lower supervisory and technical occupations,194
E05013620,Hounslow Central,3,"Asian, Asian British or Asian Welsh: Indian",7,L12: Semi-routine occupations,295
E05013620,Hounslow Central,3,"Asian, Asian British or Asian Welsh: Indian",8,L13: Routine occupations,399
E05013620,Hounslow Central,3,"Asian, Asian British or Asian Welsh: Indian",9,L14.1: Never worked,416
E05013620,Hounslow Central,3,"Asian, Asian British or Asian Welsh: Indian",10,L14.2: Long-term unemployed,52
E05013620,Hounslow Central,3,"Asian, Asian British or Asian Welsh: Indian",11,L15: Full-time students,336
E05013620,Hounslow Central,4,"Asian, Asian British or Asian Welsh: Pakistani",-8,Does not apply,138
E05013620,Hounslow Central,4,"Asian, Asian British or Asian Welsh: Pakistani",1,L1 and L2: Large employers and higher managerial and administrative occupations,7
E05013620,Hounslow Central,4,"Asian, Asian British or Asian Welsh: Pakistani",2,L3: Higher professional occupations,32
E05013620,Hounslow Central,4,"Asian, Asian British or Asian Welsh: Pakistani",3,"L4, L5 and L6: Lower managerial, administrative and professional occupations",53
E05013620,Hounslow Central,4,"Asian, Asian British or Asian Welsh: Pakistani",4,L7: Intermediate occupations,54
E05013620,Hounslow Central,4,"Asian, Asian British or Asian Welsh: Pakistani",5,L8 and L9: Small employers and own account workers,86
E05013620,Hounslow Central,4,"Asian, Asian British or Asian Welsh: Pakistani",6,L10 and L11: Lower supervisory and technical occupations,26
E05013620,Hounslow Central,4,"Asian, Asian British or Asian Welsh: Pakistani",7,L12: Semi-routine occupations,87
E05013620,Hounslow Central,4,"Asian, Asian British or Asian Welsh: Pakistani",8,L13: Routine occupations,56
E05013620,Hounslow Central,4,"Asian, Asian British or Asian Welsh: Pakistani",9,L14.1: Never worked,83
E05013620,Hounslow Central,4,"Asian, Asian British or Asian Welsh: Pakistani",10,L14.2: Long-term unemployed,13
E05013620,Hounslow Central,4,"Asian, Asian British or Asian Welsh: Pakistani",11,L15: Full-time students,66
E05013620,Hounslow Central,5,"Asian, Asian British or Asian Welsh: Other Asian",-8,Does not apply,221
E05013620,Hounslow Central,5,"Asian, Asian British or Asian Welsh: Other Asian",1,L1 and L2: Large employers and higher managerial and administrative occupations,9
E05013620,Hounslow Central,5,"Asian, Asian British or Asian Welsh: Other Asian",2,L3: Higher professional occupations,34
E05013620,Hounslow Central,5,"Asian, Asian British or Asian Welsh: Other Asian",3,"L4, L5 and L6: Lower managerial, administrative and professional occupations",120
E05013620,Hounslow Central,5,"Asian, Asian British or Asian Welsh: Other Asian",4,L7: Intermediate occupations,39
E05013620,Hounslow Central,5,"Asian, Asian British or Asian Welsh: Other Asian",5,L8 and L9: Small employers and own account workers,46
E05013620,Hounslow Central,5,"Asian, Asian British or Asian Welsh: Other Asian",6,L10 and L11: Lower supervisory and technical occupations,40
E05013620,Hounslow Central,5,"Asian, Asian British or Asian Welsh: Other Asian",7,L12: Semi-routine occupations,88
E05013620,Hounslow Central,5,"Asian, Asian British or Asian Welsh: Other Asian",8,L13: Routine occupations,53
E05013620,Hounslow Central,5,"Asian, Asian British or Asian Welsh: Other Asian",9,L14.1: Never worked,88
E05013620,Hounslow Central,5,"Asian, Asian British or Asian Welsh: Other Asian",10,L14.2: Long-term unemployed,9
E05013620,Hounslow Central,5,"Asian, Asian British or Asian Welsh: Other Asian",11,L15: Full-time students,91
E05013620,Hounslow Central,6,"Black, Black British, Black Welsh, Caribbean or African: African",-8,Does not apply,139
E05013620,Hounslow Central,6,"Black, Black British, Black Welsh, Caribbean or African: African",1,L1 and L2: Large employers and higher managerial and administrative occupations,4
E05013620,Hounslow Central,6,"Black, Black British, Black Welsh, Caribbean or African: African",2,L3: Higher professional occupations,25
E05013620,Hounslow Central,6,"Black, Black British, Black Welsh, Caribbean or African: African",3,"L4, L5 and L6: Lower managerial, administrative and professional occupations",42
E05013620,Hounslow Central,6,"Black, Black British, Black Welsh, Caribbean or African: African",4,L7: Intermediate occupations,25
E05013620,Hounslow Central,6,"Black, Black British, Black Welsh, Caribbean or African: African",5,L8 and L9: Small employers and own account workers,16
E05013620,Hounslow Central,6,"Black, Black British, Black Welsh, Caribbean or African: African",6,L10 and L11: Lower supervisory and technical occupations,36
E05013620,Hounslow Central,6,"Black, Black British, Black Welsh, Caribbean or African: African",7,L12: Semi-routine occupations,34
E05013620,Hounslow Central,6,"Black, Black British, Black Welsh, Caribbean or African: African",8,L13: Routine occupations,31
E05013620,Hounslow Central,6,"Black, Black British, Black Welsh, Caribbean or African: African",9,L14.1: Never worked,36
E05013620,Hounslow Central,6,"Black, Black British, Black Welsh, Caribbean or African: African",10,L14.2: Long-term unemployed,9
E05013620,Hounslow Central,6,"Black, Black British, Black Welsh, Caribbean or African: African",11,L15: Full-time students,39
E05013620,Hounslow Central,7,"Black, Black British, Black Welsh, Caribbean or African: Caribbean",-8,Does not apply,10
E05013620,Hounslow Central,7,"Black, Black British, Black Welsh, Caribbean or African: Caribbean",1,L1 and L2: Large employers and higher managerial and administrative occupations,0
E05013620,Hounslow Central,7,"Black, Black British, Black Welsh, Caribbean or African: Caribbean",2,L3: Higher professional occupations,2
E05013620,Hounslow Central,7,"Black, Black British, Black Welsh, Caribbean or African: Caribbean",3,"L4, L5 and L6: Lower managerial, administrative and professional occupations",23
E05013620,Hounslow Central,7,"Black, Black British, Black Welsh, Caribbean or African: Caribbean",4,L7: Intermediate occupations,7
E05013620,Hounslow Central,7,"Black, Black British, Black Welsh, Caribbean or African: Caribbean",5,L8 and L9: Small employers and own account workers,9
E05013620,Hounslow Central,7,"Black, Black British, Black Welsh, Caribbean or African: Caribbean",6,L10 and L11: Lower supervisory and technical occupations,9
E05013620,Hounslow Central,7,"Black, Black British, Black Welsh, Caribbean or African: Caribbean",7,L12: Semi-routine occupations,15
E05013620,Hounslow Central,7,"Black, Black British, Black Welsh, Caribbean or African: Caribbean",8,L13: Routine occupations,9
E05013620,Hounslow Central,7,"Black, Black British, Black Welsh, Caribbean or African: Caribbean",9,L14.1: Never worked,7
E05013620,Hounslow Central,7,"Black, Black British, Black Welsh, Caribbean or African: Caribbean",10,L14.2: Long-term unemployed,0
E05013620,Hounslow Central,7,"Black, Black British, Black Welsh, Caribbean or African: Caribbean",11,L15: Full-time students,4
E05013620,Hounslow Central,8,"Black, Black British, Black Welsh, Caribbean or African: Other Black",-8,Does not apply,28
E05013620,Hounslow Central,8,"Black, Black British, Black Welsh, Caribbean or African: Other Black",1,L1 and L2: Large employers and higher managerial and administrative occupations,0
E05013620,Hounslow Central,8,"Black, Black British, Black Welsh, Caribbean or African: Other Black",2,L3: Higher professional occupations,3
E05013620,Hounslow Central,8,"Black, Black British, Black Welsh, Caribbean or African: Other Black",3,"L4, L5 and L6: Lower managerial, administrative and professional occupations",1
E05013620,Hounslow Central,8,"Black, Black British, Black Welsh, Caribbean or African: Other Black",4,L7: Intermediate occupations,0
E05013620,Hounslow Central,8,"Black, Black British, Black Welsh, Caribbean or African: Other Black",5,L8 and L9: Small employers and own account workers,0
E05013620,Hounslow Central,8,"Black, Black British, Black Welsh, Caribbean or African: Other Black",6,L10 and L11: Lower supervisory and technical occupations,1
E05013620,Hounslow Central,8,"Black, Black British, Black Welsh, Caribbean or African: Other Black",7,L12: Semi-routine occupations,2
E05013620,Hounslow Central,8,"Black, Black British, Black Welsh, Caribbean or African: Other Black",8,L13: Routine occupations,1
E05013620,Hounslow Central,8,"Black, Black British, Black Welsh, Caribbean or African: Other Black",9,L14.1: Never worked,2
E05013620,Hounslow Central,8,"Black, Black British, Black Welsh, Caribbean or African: Other Black",10,L14.2: Long-term unemployed,0
E05013620,Hounslow Central,8,"Black, Black British, Black Welsh, Caribbean or African: Other Black",11,L15: Full-time students,4
E05013620,Hounslow Central,9,Mixed or Multiple ethnic groups: White and Asian,-8,Does not apply,90
E05013620,Hounslow Central,9,Mixed or Multiple ethnic groups: White and Asian,1,L1 and L2: Large employers and higher managerial and administrative occupations,4
E05013620,Hounslow Central,9,Mixed or Multiple ethnic groups: White and Asian,2,L3: Higher professional occupations,16
E05013620,Hounslow Central,9,Mixed or Multiple ethnic groups: White and Asian,3,"L4, L5 and L6: Lower managerial, administrative and professional occupations",22
E05013620,Hounslow Central,9,Mixed or Multiple ethnic groups: White and Asian,4,L7: Intermediate occupations,4
E05013620,Hounslow Central,9,Mixed or Multiple ethnic groups: White and Asian,5,L8 and L9: Small employers and own account workers,9
E05013620,Hounslow Central,9,Mixed or Multiple ethnic groups: White and Asian,6,L10 and L11: Lower supervisory and technical occupations,8
E05013620,Hounslow Central,9,Mixed or Multiple ethnic groups: White and Asian,7,L12: Semi-routine occupations,3
E05013620,Hounslow Central,9,Mixed or Multiple ethnic groups: White and Asian,8,L13: Routine occupations,2
E05013620,Hounslow Central,9,Mixed or Multiple ethnic groups: White and Asian,9,L14.1: Never worked,1
E05013620,Hounslow Central,9,Mixed or Multiple ethnic groups: White and Asian,10,L14.2: Long-term unemployed,0
E05013620,Hounslow Central,9,Mixed or Multiple ethnic groups: White and Asian,11,L15: Full-time students,6
E05013620,Hounslow Central,10,Mixed or Multiple ethnic groups: White and Black African,-8,Does not apply,9
E05013620,Hounslow Central,10,Mixed or Multiple ethnic groups: White and Black African,1,L1 and L2: Large employers and higher managerial and administrative occupations,0
E05013620,Hounslow Central,10,Mixed or Multiple ethnic groups: White and Black African,2,L3: Higher professional occupations,0
E05013620,Hounslow Central,10,Mixed or Multiple ethnic groups: White and Black African,3,"L4, L5 and L6: Lower managerial, administrative and professional occupations",18
E05013620,Hounslow Central,10,Mixed or Multiple ethnic groups: White and Black African,4,L7: Intermediate occupations,9
E05013620,Hounslow Central,10,Mixed or Multiple ethnic groups: White and Black African,5,L8 and L9: Small employers and own account workers,7
E05013620,Hounslow Central,10,Mixed or Multiple ethnic groups: White and Black African,6,L10 and L11: Lower supervisory and technical occupations,11
E05013620,Hounslow Central,10,Mixed or Multiple ethnic groups: White and Black African,7,L12: Semi-routine occupations,3
E05013620,Hounslow Central,10,Mixed or Multiple ethnic groups: White and Black African,8,L13: Routine occupations,5
E05013620,Hounslow Central,10,Mixed or Multiple ethnic groups: White and Black African,9,L14.1: Never worked,2
E05013620,Hounslow Central,10,Mixed or Multiple ethnic groups: White and Black African,10,L14.2: Long-term unemployed,0
E05013620,Hounslow Central,10,Mixed or Multiple ethnic groups: White and Black African,11,L15: Full-time students,4
E05013620,Hounslow Central,11,Mixed or Multiple ethnic groups: White and Black Caribbean,-8,Does not apply,18
E05013620,Hounslow Central,11,Mixed or Multiple ethnic groups: White and Black Caribbean,1,L1 and L2: Large employers and higher managerial and administrative occupations,0
E05013620,Hounslow Central,11,Mixed or Multiple ethnic groups: White and Black Caribbean,2,L3: Higher professional occupations,1
E05013620,Hounslow Central,11,Mixed or Multiple ethnic groups: White and Black Caribbean,3,"L4, L5 and L6: Lower managerial, administrative and professional occupations",5
E05013620,Hounslow Central,11,Mixed or Multiple ethnic groups: White and Black Caribbean,4,L7: Intermediate occupations,4
E05013620,Hounslow Central,11,Mixed or Multiple ethnic groups: White and Black Caribbean,5,L8 and L9: Small employers and own account workers,0
E05013620,Hounslow Central,11,Mixed or Multiple ethnic groups: White and Black Caribbean,6,L10 and L11: Lower supervisory and technical occupations,0
E05013620,Hounslow Central,11,Mixed or Multiple ethnic groups: White and Black Caribbean,7,L12: Semi-routine occupations,5
E05013620,Hounslow Central,11,Mixed or Multiple ethnic groups: White and Black Caribbean,8,L13: Routine occupations,3
E05013620,Hounslow Central,11,Mixed or Multiple ethnic groups: White and Black Caribbean,9,L14.1: Never worked,6
E05013620,Hounslow Central,11,Mixed or Multiple ethnic groups: White and Black Caribbean,10,L14.2: Long-term unemployed,3
E05013620,Hounslow Central,11,Mixed or Multiple ethnic groups: White and Black Caribbean,11,L15: Full-time students,2
E05013620,Hounslow Central,12,Mixed or Multiple ethnic groups: Other Mixed or Multiple ethnic groups,-8,Does not apply,45
E05013620,Hounslow Central,12,Mixed or Multiple ethnic groups: Other Mixed or Multiple ethnic groups,1,L1 and L2: Large employers and higher managerial and administrative occupations,1
E05013620,Hounslow Central,12,Mixed or Multiple ethnic groups: Other Mixed or Multiple ethnic groups,2,L3: Higher professional occupations,5
E05013620,Hounslow Central,12,Mixed or Multiple ethnic groups: Other Mixed or Multiple ethnic groups,3,"L4, L5 and L6: Lower managerial, administrative and professional occupations",10
E05013620,Hounslow Central,12,Mixed or Multiple ethnic groups: Other Mixed or Multiple ethnic groups,4,L7: Intermediate occupations,5
E05013620,Hounslow Central,12,Mixed or Multiple ethnic groups: Other Mixed or Multiple ethnic groups,5,L8 and L9: Small employers and own account workers,4
E05013620,Hounslow Central,12,Mixed or Multiple ethnic groups: Other Mixed or Multiple ethnic groups,6,L10 and L11: Lower supervisory and technical occupations,5
E05013620,Hounslow Central,12,Mixed or Multiple ethnic groups: Other Mixed or Multiple ethnic groups,7,L12: Semi-routine occupations,5
E05013620,Hounslow Central,12,Mixed or Multiple ethnic groups: Other Mixed or Multiple ethnic groups,8,L13: Routine occupations,4
E05013620,Hounslow Central,12,Mixed or Multiple ethnic groups: Other Mixed or Multiple ethnic groups,9,L14.1: Never worked,5
E05013620,Hounslow Central,12,Mixed or Multiple ethnic groups: Other Mixed or Multiple ethnic groups,10,L14.2: Long-term unemployed,3
E05013620,Hounslow Central,12,Mixed or Multiple ethnic groups: Other Mixed or Multiple ethnic groups,11,L15: Full-time students,8
E05013620,Hounslow Central,13,"White: English, Welsh, Scottish, Northern Irish or British",-8,Does not apply,177
E05013620,Hounslow Central,13,"White: English, Welsh, Scottish, Northern Irish or British",1,L1 and L2: Large employers and higher managerial and administrative occupations,21
E05013620,Hounslow Central,13,"White: English, Welsh, Scottish, Northern Irish or British",2,L3: Higher professional occupations,58
E05013620,Hounslow Central,13,"White: English, Welsh, Scottish, Northern Irish or British",3,"L4, L5 and L6: Lower managerial, administrative and professional occupations",139
E05013620,Hounslow Central,13,"White: English, Welsh, Scottish, Northern Irish or British",4,L7: Intermediate occupations,89
E05013620,Hounslow Central,13,"White: English, Welsh, Scottish, Northern Irish or British",5,L8 and L9: Small employers and own account workers,97
E05013620,Hounslow Central,13,"White: English, Welsh, Scottish, Northern Irish or British",6,L10 and L11: Lower supervisory and technical occupations,49
E05013620,Hounslow Central,13,"White: English, Welsh, Scottish, Northern Irish or British",7,L12: Semi-routine occupations,80
E05013620,Hounslow Central,13,"White: English, Welsh, Scottish, Northern Irish or British",8,L13: Routine occupations,121
E05013620,Hounslow Central,13,"White: English, Welsh, Scottish, Northern Irish or British",9,L14.1: Never worked,83
E05013620,Hounslow Central,13,"White: English, Welsh, Scottish, Northern Irish or British",10,L14.2: Long-term unemployed,14
E05013620,Hounslow Central,13,"White: English, Welsh, Scottish, Northern Irish or British",11,L15: Full-time students,37
E05013620,Hounslow Central,14,White: Irish,-8,Does not apply,0
E05013620,Hounslow Central,14,White: Irish,1,L1 and L2: Large employers and higher managerial and administrative occupations,0
E05013620,Hounslow Central,14,White: Irish,2,L3: Higher professional occupations,2
E05013620,Hounslow Central,14,White: Irish,3,"L4, L5 and L6: Lower managerial, administrative and professional occupations",7
E05013620,Hounslow Central,14,White: Irish,4,L7: Intermediate occupations,6
E05013620,Hounslow Central,14,White: Irish,5,L8 and L9: Small employers and own account workers,3
E05013620,Hounslow Central,14,White: Irish,6,L10 and L11: Lower supervisory and technical occupations,0
E05013620,Hounslow Central,14,White: Irish,7,L12: Semi-routine occupations,1
E05013620,Hounslow Central,14,White: Irish,8,L13: Routine occupations,3
E05013620,Hounslow Central,14,White: Irish,9,L14.1: Never worked,2
E05013620,Hounslow Central,14,White: Irish,10,L14.2: Long-term unemployed,0
E05013620,Hounslow Central,14,White: Irish,11,L15: Full-time students,2
E05013620,Hounslow Central,15,White: Gypsy or Irish Traveller,-8,Does not apply,4
E05013620,Hounslow Central,15,White: Gypsy or Irish Traveller,1,L1 and L2: Large employers and higher managerial and administrative occupations,0
E05013620,Hounslow Central,15,White: Gypsy or Irish Traveller,2,L3: Higher professional occupations,0
E05013620,Hounslow Central,15,White: Gypsy or Irish Traveller,3,"L4, L5 and L6: Lower managerial, administrative and professional occupations",0
E05013620,Hounslow Central,15,White: Gypsy or Irish Traveller,4,L7: Intermediate occupations,2
E05013620,Hounslow Central,15,White: Gypsy or Irish Traveller,5,L8 and L9: Small employers and own account workers,3
E05013620,Hounslow Central,15,White: Gypsy or Irish Traveller,6,L10 and L11: Lower supervisory and technical occupations,0
E05013620,Hounslow Central,15,White: Gypsy or Irish Traveller,7,L12: Semi-routine occupations,5
E05013620,Hounslow Central,15,White: Gypsy or Irish Traveller,8,L13: Routine occupations,3
E05013620,Hounslow Central,15,White: Gypsy or Irish Traveller,9,L14.1: Never worked,1
E05013620,Hounslow Central,15,White: Gypsy or Irish Traveller,10,L14.2: Long-term unemployed,0
E05013620,Hounslow Central,15,White: Gypsy or Irish Traveller,11,L15: Full-time students,0
E05013620,Hounslow Central,16,White: Roma,-8,Does not apply,4
E05013620,Hounslow Central,16,White: Roma,1,L1 and L2: Large employers and higher managerial and administrative occupations,1
E05013620,Hounslow Central,16,White: Roma,2,L3: Higher professional occupations,0
E05013620,Hounslow Central,16,White: Roma,3,"L4, L5 and L6: Lower managerial, administrative and professional occupations",3
E05013620,Hounslow Central,16,White: Roma,4,L7: Intermediate occupations,3
E05013620,Hounslow Central,16,White: Roma,5,L8 and L9: Small employers and own account workers,15
E05013620,Hounslow Central,16,White: Roma,6,L10 and L11: Lower supervisory and technical occupations,1
E05013620,Hounslow Central,16,White: Roma,7,L12: Semi-routine occupations,0
E05013620,Hounslow Central,16,White: Roma,8,L13: Routine occupations,9
E05013620,Hounslow Central,16,White: Roma,9,L14.1: Never worked,0
E05013620,Hounslow Central,16,White: Roma,10,L14.2: Long-term unemployed,0
E05013620,Hounslow Central,16,White: Roma,11,L15: Full-time students,3
E05013620,Hounslow Central,17,White: Other White,-8,Does not apply,180
E05013620,Hounslow Central,17,White: Other White,1,L1 and L2: Large employers and higher managerial and administrative occupations,34
E05013620,Hounslow Central,17,White: Other White,2,L3: Higher professional occupations,87
E05013620,Hounslow Central,17,White: Other White,3,"L4, L5 and L6: Lower managerial, administrative and professional occupations",167
E05013620,Hounslow Central,17,White: Other White,4,L7: Intermediate occupations,100
E05013620,Hounslow Central,17,White: Other White,5,L8 and L9: Small employers and own account workers,368
E05013620,Hounslow Central,17,White: Other White,6,L10 and L11: Lower supervisory and technical occupations,97
E05013620,Hounslow Central,17,White: Other White,7,L12: Semi-routine occupations,117
E05013620,Hounslow Central,17,White: Other White,8,L13: Routine occupations,283
E05013620,Hounslow Central,17,White: Other White,9,L14.1: Never worked,36
E05013620,Hounslow Central,17,White: Other White,10,L14.2: Long-term unemployed,17
E05013620,Hounslow Central,17,White: Other White,11,L15: Full-time students,100
E05013620,Hounslow Central,18,Other ethnic group: Arab,-8,Does not apply,28
E05013620,Hounslow Central,18,Other ethnic group: Arab,1,L1 and L2: Large employers and higher managerial and administrative occupations,6
E05013620,Hounslow Central,18,Other ethnic group: Arab,2,L3: Higher professional occupations,9
E05013620,Hounslow Central,18,Other ethnic group: Arab,3,"L4, L5 and L6: Lower managerial, administrative and professional occupations",18
E05013620,Hounslow Central,18,Other ethnic group: Arab,4,L7: Intermediate occupations,12
E05013620,Hounslow Central,18,Other ethnic group: Arab,5,L8 and L9: Small employers and own account workers,12
E05013620,Hounslow Central,18,Other ethnic group: Arab,6,L10 and L11: Lower supervisory and technical occupations,3
E05013620,Hounslow Central,18,Other ethnic group: Arab,7,L12: Semi-routine occupations,9
E05013620,Hounslow Central,18,Other ethnic group: Arab,8,L13: Routine occupations,20
E05013620,Hounslow Central,18,Other ethnic group: Arab,9,L14.1: Never worked,24
E05013620,Hounslow Central,18,Other ethnic group: Arab,10,L14.2: Long-term unemployed,4
E05013620,Hounslow Central,18,Other ethnic group: Arab,11,L15: Full-time students,40
E05013620,Hounslow Central,19,Other ethnic group: Any other ethnic group,-8,Does not apply,114
E05013620,Hounslow Central,19,Other ethnic group: Any other ethnic group,1,L1 and L2: Large employers and higher managerial and administrative occupations,2
E05013620,Hounslow Central,19,Other ethnic group: Any other ethnic group,2,L3: Higher professional occupations,36
E05013620,Hounslow Central,19,Other ethnic group: Any other ethnic group,3,"L4, L5 and L6: Lower managerial, administrative and professional occupations",55
E05013620,Hounslow Central,19,Other ethnic group: Any other ethnic group,4,L7: Intermediate occupations,36
E05013620,Hounslow Central,19,Other ethnic group: Any other ethnic group,5,L8 and L9: Small employers and own account workers,41
E05013620,Hounslow Central,19,Other ethnic group: Any other ethnic group,6,L10 and L11: Lower supervisory and technical occupations,30
E05013620,Hounslow Central,19,Other ethnic group: Any other ethnic group,7,L12: Semi-routine occupations,37
E05013620,Hounslow Central,19,Other ethnic group: Any other ethnic group,8,L13: Routine occupations,54
E05013620,Hounslow Central,19,Other ethnic group: Any other ethnic group,9,L14.1: Never worked,62
E05013620,Hounslow Central,19,Other ethnic group: Any other ethnic group,10,L14.2: Long-term unemployed,9
E05013620,Hounslow Central,19,Other ethnic group: Any other ethnic group,11,L15: Full-time students,31
E05013621,Hounslow East,-8,Does not apply,-8,Does not apply,0
E05013621,Hounslow East,-8,Does not apply,1,L1 and L2: Large employers and higher managerial and administrative occupations,0
E05013621,Hounslow East,-8,Does not apply,2,L3: Higher professional occupations,0
E05013621,Hounslow East,-8,Does not apply,3,"L4, L5 and L6: Lower managerial, administrative and professional occupations",0
E05013621,Hounslow East,-8,Does not apply,4,L7: Intermediate occupations,0
E05013621,Hounslow East,-8,Does not apply,5,L8 and L9: Small employers and own account workers,0
E05013621,Hounslow East,-8,Does not apply,6,L10 and L11: Lower supervisory and technical occupations,0
E05013621,Hounslow East,-8,Does not apply,7,L12: Semi-routine occupations,0
E05013621,Hounslow East,-8,Does not apply,8,L13: Routine occupations,0
E05013621,Hounslow East,-8,Does not apply,9,L14.1: Never worked,0
E05013621,Hounslow East,-8,Does not apply,10,L14.2: Long-term unemployed,0
E05013621,Hounslow East,-8,Does not apply,11,L15: Full-time students,0
E05013621,Hounslow East,1,"Asian, Asian British or Asian Welsh: Bangladeshi",-8,Does not apply,46
E05013621,Hounslow East,1,"Asian, Asian British or Asian Welsh: Bangladeshi",1,L1 and L2: Large employers and higher managerial and administrative occupations,1
E05013621,Hounslow East,1,"Asian, Asian British or Asian Welsh: Bangladeshi",2,L3: Higher professional occupations,8
E05013621,Hounslow East,1,"Asian, Asian British or Asian Welsh: Bangladeshi",3,"L4, L5 and L6: Lower managerial, administrative and professional occupations",12
E05013621,Hounslow East,1,"Asian, Asian British or Asian Welsh: Bangladeshi",4,L7: Intermediate occupations,12
E05013621,Hounslow East,1,"Asian, Asian British or Asian Welsh: Bangladeshi",5,L8 and L9: Small employers and own account workers,10
E05013621,Hounslow East,1,"Asian, Asian British or Asian Welsh: Bangladeshi",6,L10 and L11: Lower supervisory and technical occupations,8
E05013621,Hounslow East,1,"Asian, Asian British or Asian Welsh: Bangladeshi",7,L12: Semi-routine occupations,9
E05013621,Hounslow East,1,"Asian, Asian British or Asian Welsh: Bangladeshi",8,L13: Routine occupations,4
E05013621,Hounslow East,1,"Asian, Asian British or Asian Welsh: Bangladeshi",9,L14.1: Never worked,28
E05013621,Hounslow East,1,"Asian, Asian British or Asian Welsh: Bangladeshi",10,L14.2: Long-term unemployed,1
E05013621,Hounslow East,1,"Asian, Asian British or Asian Welsh: Bangladeshi",11,L15: Full-time students,11
E05013621,Hounslow East,2,"Asian, Asian British or Asian Welsh: Chinese",-8,Does not apply,5
E05013621,Hounslow East,2,"Asian, Asian British or Asian Welsh: Chinese",1,L1 and L2: Large employers and higher managerial and administrative occupations,4
E05013621,Hounslow East,2,"Asian, Asian British or Asian Welsh: Chinese",2,L3: Higher professional occupations,11
E05013621,Hounslow East,2,"Asian, Asian British or Asian Welsh: Chinese",3,"L4, L5 and L6: Lower managerial, administrative and professional occupations",13
E05013621,Hounslow East,2,"Asian, Asian British or Asian Welsh: Chinese",4,L7: Intermediate occupations,10
E05013621,Hounslow East,2,"Asian, Asian British or Asian Welsh: Chinese",5,L8 and L9: Small employers and own account workers,5
E05013621,Hounslow East,2,"Asian, Asian British or Asian Welsh: Chinese",6,L10 and L11: Lower supervisory and technical occupations,4
E05013621,Hounslow East,2,"Asian, Asian British or Asian Welsh: Chinese",7,L12: Semi-routine occupations,4
E05013621,Hounslow East,2,"Asian, Asian British or Asian Welsh: Chinese",8,L13: Routine occupations,10
E05013621,Hounslow East,2,"Asian, Asian British or Asian Welsh: Chinese",9,L14.1: Never worked,4
E05013621,Hounslow East,2,"Asian, Asian British or Asian Welsh: Chinese",10,L14.2: Long-term unemployed,0
E05013621,Hounslow East,2,"Asian, Asian British or Asian Welsh: Chinese",11,L15: Full-time students,5
E05013621,Hounslow East,3,"Asian, Asian British or Asian Welsh: Indian",-8,Does not apply,544
E05013621,Hounslow East,3,"Asian, Asian British or Asian Welsh: Indian",1,L1 and L2: Large employers and higher managerial and administrative occupations,47
E05013621,Hounslow East,3,"Asian, Asian British or Asian Welsh: Indian",2,L3: Higher professional occupations,262
E05013621,Hounslow East,3,"Asian, Asian British or Asian Welsh: Indian",3,"L4, L5 and L6: Lower managerial, administrative and professional occupations",397
E05013621,Hounslow East,3,"Asian, Asian British or Asian Welsh: Indian",4,L7: Intermediate occupations,235
E05013621,Hounslow East,3,"Asian, Asian British or Asian Welsh: Indian",5,L8 and L9: Small employers and own account workers,128
E05013621,Hounslow East,3,"Asian, Asian British or Asian Welsh: Indian",6,L10 and L11: Lower supervisory and technical occupations,109
E05013621,Hounslow East,3,"Asian, Asian British or Asian Welsh: Indian",7,L12: Semi-routine occupations,219
E05013621,Hounslow East,3,"Asian, Asian British or Asian Welsh: Indian",8,L13: Routine occupations,241
E05013621,Hounslow East,3,"Asian, Asian British or Asian Welsh: Indian",9,L14.1: Never worked,200
E05013621,Hounslow East,3,"Asian, Asian British or Asian Welsh: Indian",10,L14.2: Long-term unemployed,28
E05013621,Hounslow East,3,"Asian, Asian British or Asian Welsh: Indian",11,L15: Full-time students,173
E05013621,Hounslow East,4,"Asian, Asian British or Asian Welsh: Pakistani",-8,Does not apply,131
E05013621,Hounslow East,4,"Asian, Asian British or Asian Welsh: Pakistani",1,L1 and L2: Large employers and higher managerial and administrative occupations,9
E05013621,Hounslow East,4,"Asian, Asian British or Asian Welsh: Pakistani",2,L3: Higher professional occupations,39
E05013621,Hounslow East,4,"Asian, Asian British or Asian Welsh: Pakistani",3,"L4, L5 and L6: Lower managerial, administrative and professional occupations",74
E05013621,Hounslow East,4,"Asian, Asian British or Asian Welsh: Pakistani",4,L7: Intermediate occupations,40
E05013621,Hounslow East,4,"Asian, Asian British or Asian Welsh: Pakistani",5,L8 and L9: Small employers and own account workers,36
E05013621,Hounslow East,4,"Asian, Asian British or Asian Welsh: Pakistani",6,L10 and L11: Lower supervisory and technical occupations,25
E05013621,Hounslow East,4,"Asian, Asian British or Asian Welsh: Pakistani",7,L12: Semi-routine occupations,63
E05013621,Hounslow East,4,"Asian, Asian British or Asian Welsh: Pakistani",8,L13: Routine occupations,29
E05013621,Hounslow East,4,"Asian, Asian British or Asian Welsh: Pakistani",9,L14.1: Never worked,75
E05013621,Hounslow East,4,"Asian, Asian British or Asian Welsh: Pakistani",10,L14.2: Long-term unemployed,13
E05013621,Hounslow East,4,"Asian, Asian British or Asian Welsh: Pakistani",11,L15: Full-time students,43
E05013621,Hounslow East,5,"Asian, Asian British or Asian Welsh: Other Asian",-8,Does not apply,163
E05013621,Hounslow East,5,"Asian, Asian British or Asian Welsh: Other Asian",1,L1 and L2: Large employers and higher managerial and administrative occupations,8
E05013621,Hounslow East,5,"Asian, Asian British or Asian Welsh: Other Asian",2,L3: Higher professional occupations,41
E05013621,Hounslow East,5,"Asian, Asian British or Asian Welsh: Other Asian",3,"L4, L5 and L6: Lower managerial, administrative and professional occupations",94
E05013621,Hounslow East,5,"Asian, Asian British or Asian Welsh: Other Asian",4,L7: Intermediate occupations,65
E05013621,Hounslow East,5,"Asian, Asian British or Asian Welsh: Other Asian",5,L8 and L9: Small employers and own account workers,50
E05013621,Hounslow East,5,"Asian, Asian British or Asian Welsh: Other Asian",6,L10 and L11: Lower supervisory and technical occupations,48
E05013621,Hounslow East,5,"Asian, Asian British or Asian Welsh: Other Asian",7,L12: Semi-routine occupations,112
E05013621,Hounslow East,5,"Asian, Asian British or Asian Welsh: Other Asian",8,L13: Routine occupations,82
E05013621,Hounslow East,5,"Asian, Asian British or Asian Welsh: Other Asian",9,L14.1: Never worked,111
E05013621,Hounslow East,5,"Asian, Asian British or Asian Welsh: Other Asian",10,L14.2: Long-term unemployed,8
E05013621,Hounslow East,5,"Asian, Asian British or Asian Welsh: Other Asian",11,L15: Full-time students,54
E05013621,Hounslow East,6,"Black, Black British, Black Welsh, Caribbean or African: African",-8,Does not apply,146
E05013621,Hounslow East,6,"Black, Black British, Black Welsh, Caribbean or African: African",1,L1 and L2: Large employers and higher managerial and administrative occupations,6
E05013621,Hounslow East,6,"Black, Black British, Black Welsh, Caribbean or African: African",2,L3: Higher professional occupations,14
E05013621,Hounslow East,6,"Black, Black British, Black Welsh, Caribbean or African: African",3,"L4, L5 and L6: Lower managerial, administrative and professional occupations",38
E05013621,Hounslow East,6,"Black, Black British, Black Welsh, Caribbean or African: African",4,L7: Intermediate occupations,16
E05013621,Hounslow East,6,"Black, Black British, Black Welsh, Caribbean or African: African",5,L8 and L9: Small employers and own account workers,28
E05013621,Hounslow East,6,"Black, Black British, Black Welsh, Caribbean or African: African",6,L10 and L11: Lower supervisory and technical occupations,10
E05013621,Hounslow East,6,"Black, Black British, Black Welsh, Caribbean or African: African",7,L12: Semi-routine occupations,41
E05013621,Hounslow East,6,"Black, Black British, Black Welsh, Caribbean or African: African",8,L13: Routine occupations,42
E05013621,Hounslow East,6,"Black, Black British, Black Welsh, Caribbean or African: African",9,L14.1: Never worked,48
E05013621,Hounslow East,6,"Black, Black British, Black Welsh, Caribbean or African: African",10,L14.2: Long-term unemployed,7
E05013621,Hounslow East,6,"Black, Black British, Black Welsh, Caribbean or African: African",11,L15: Full-time students,54
E05013621,Hounslow East,7,"Black, Black British, Black Welsh, Caribbean or African: Caribbean",-8,Does not apply,28
E05013621,Hounslow East,7,"Black, Black British, Black Welsh, Caribbean or African: Caribbean",1,L1 and L2: Large employers and higher managerial and administrative occupations,0
E05013621,Hounslow East,7,"Black, Black British, Black Welsh, Caribbean or African: Caribbean",2,L3: Higher professional occupations,5
E05013621,Hounslow East,7,"Black, Black British, Black Welsh, Caribbean or African: Caribbean",3,"L4, L5 and L6: Lower managerial, administrative and professional occupations",24
E05013621,Hounslow East,7,"Black, Black British, Black Welsh, Caribbean or African: Caribbean",4,L7: Intermediate occupations,19
E05013621,Hounslow East,7,"Black, Black British, Black Welsh, Caribbean or African: Caribbean",5,L8 and L9: Small employers and own account workers,9
E05013621,Hounslow East,7,"Black, Black British, Black Welsh, Caribbean or African: Caribbean",6,L10 and L11: Lower supervisory and technical occupations,7
E05013621,Hounslow East,7,"Black, Black British, Black Welsh, Caribbean or African: Caribbean",7,L12: Semi-routine occupations,14
E05013621,Hounslow East,7,"Black, Black British, Black Welsh, Caribbean or African: Caribbean",8,L13: Routine occupations,25
E05013621,Hounslow East,7,"Black, Black British, Black Welsh, Caribbean or African: Caribbean",9,L14.1: Never worked,4
E05013621,Hounslow East,7,"Black, Black British, Black Welsh, Caribbean or African: Caribbean",10,L14.2: Long-term unemployed,0
E05013621,Hounslow East,7,"Black, Black British, Black Welsh, Caribbean or African: Caribbean",11,L15: Full-time students,8
E05013621,Hounslow East,8,"Black, Black British, Black Welsh, Caribbean or African: Other Black",-8,Does not apply,23
E05013621,Hounslow East,8,"Black, Black British, Black Welsh, Caribbean or African: Other Black",1,L1 and L2: Large employers and higher managerial and administrative occupations,0
E05013621,Hounslow East,8,"Black, Black British, Black Welsh, Caribbean or African: Other Black",2,L3: Higher professional occupations,0
E05013621,Hounslow East,8,"Black, Black British, Black Welsh, Caribbean or African: Other Black",3,"L4, L5 and L6: Lower managerial, administrative and professional occupations",8
E05013621,Hounslow East,8,"Black, Black British, Black Welsh, Caribbean or African: Other Black",4,L7: Intermediate occupations,5
E05013621,Hounslow East,8,"Black, Black British, Black Welsh, Caribbean or African: Other Black",5,L8 and L9: Small employers and own account workers,3
E05013621,Hounslow East,8,"Black, Black British, Black Welsh, Caribbean or African: Other Black",6,L10 and L11: Lower supervisory and technical occupations,2
E05013621,Hounslow East,8,"Black, Black British, Black Welsh, Caribbean or African: Other Black",7,L12: Semi-routine occupations,3
E05013621,Hounslow East,8,"Black, Black British, Black Welsh, Caribbean or African: Other Black",8,L13: Routine occupations,5
E05013621,Hounslow East,8,"Black, Black British, Black Welsh, Caribbean or African: Other Black",9,L14.1: Never worked,7
E05013621,Hounslow East,8,"Black, Black British, Black Welsh, Caribbean or African: Other Black",10,L14.2: Long-term unemployed,1
E05013621,Hounslow East,8,"Black, Black British, Black Welsh, Caribbean or African: Other Black",11,L15: Full-time students,8
E05013621,Hounslow East,9,Mixed or Multiple ethnic groups: White and Asian,-8,Does not apply,63
E05013621,Hounslow East,9,Mixed or Multiple ethnic groups: White and Asian,1,L1 and L2: Large employers and higher managerial and administrative occupations,3
E05013621,Hounslow East,9,Mixed or Multiple ethnic groups: White and Asian,2,L3: Higher professional occupations,4
E05013621,Hounslow East,9,Mixed or Multiple ethnic groups: White and Asian,3,"L4, L5 and L6: Lower managerial, administrative and professional occupations",21
E05013621,Hounslow East,9,Mixed or Multiple ethnic groups: White and Asian,4,L7: Intermediate occupations,7
E05013621,Hounslow East,9,Mixed or Multiple ethnic groups: White and Asian,5,L8 and L9: Small employers and own account workers,1
E05013621,Hounslow East,9,Mixed or Multiple ethnic groups: White and Asian,6,L10 and L11: Lower supervisory and technical occupations,5
E05013621,Hounslow East,9,Mixed or Multiple ethnic groups: White and Asian,7,L12: Semi-routine occupations,5
E05013621,Hounslow East,9,Mixed or Multiple ethnic groups: White and Asian,8,L13: Routine occupations,2
E05013621,Hounslow East,9,Mixed or Multiple ethnic groups: White and Asian,9,L14.1: Never worked,3
E05013621,Hounslow East,9,Mixed or Multiple ethnic groups: White and Asian,10,L14.2: Long-term unemployed,4
E05013621,Hounslow East,9,Mixed or Multiple ethnic groups: White and Asian,11,L15: Full-time students,12
E05013621,Hounslow East,10,Mixed or Multiple ethnic groups: White and Black African,-8,Does not apply,22
E05013621,Hounslow East,10,Mixed or Multiple ethnic groups: White and Black African,1,L1 and L2: Large employers and higher managerial and administrative occupations,0
E05013621,Hounslow East,10,Mixed or Multiple ethnic groups: White and Black African,2,L3: Higher professional occupations,0
E05013621,Hounslow East,10,Mixed or Multiple ethnic groups: White and Black African,3,"L4, L5 and L6: Lower managerial, administrative and professional occupations",3
E05013621,Hounslow East,10,Mixed or Multiple ethnic groups: White and Black African,4,L7: Intermediate occupations,4
E05013621,Hounslow East,10,Mixed or Multiple ethnic groups: White and Black African,5,L8 and L9: Small employers and own account workers,0
E05013621,Hounslow East,10,Mixed or Multiple ethnic groups: White and Black African,6,L10 and L11: Lower supervisory and technical occupations,2
E05013621,Hounslow East,10,Mixed or Multiple ethnic groups: White and Black African,7,L12: Semi-routine occupations,19
E05013621,Hounslow East,10,Mixed or Multiple ethnic groups: White and Black African,8,L13: Routine occupations,5
E05013621,Hounslow East,10,Mixed or Multiple ethnic groups: White and Black African,9,L14.1: Never worked,5
E05013621,Hounslow East,10,Mixed or Multiple ethnic groups: White and Black African,10,L14.2: Long-term unemployed,3
E05013621,Hounslow East,10,Mixed or Multiple ethnic groups: White and Black African,11,L15: Full-time students,7
E05013621,Hounslow East,11,Mixed or Multiple ethnic groups: White and Black Caribbean,-8,Does not apply,24
E05013621,Hounslow East,11,Mixed or Multiple ethnic groups: White and Black Caribbean,1,L1 and L2: Large employers and higher managerial and administrative occupations,1
E05013621,Hounslow East,11,Mixed or Multiple ethnic groups: White and Black Caribbean,2,L3: Higher professional occupations,3
E05013621,Hounslow East,11,Mixed or Multiple ethnic groups: White and Black Caribbean,3,"L4, L5 and L6: Lower managerial, administrative and professional occupations",11
E05013621,Hounslow East,11,Mixed or Multiple ethnic groups: White and Black Caribbean,4,L7: Intermediate occupations,0
E05013621,Hounslow East,11,Mixed or Multiple ethnic groups: White and Black Caribbean,5,L8 and L9: Small employers and own account workers,2
E05013621,Hounslow East,11,Mixed or Multiple ethnic groups: White and Black Caribbean,6,L10 and L11: Lower supervisory and technical occupations,0
E05013621,Hounslow East,11,Mixed or Multiple ethnic groups: White and Black Caribbean,7,L12: Semi-routine occupations,4
E05013621,Hounslow East,11,Mixed or Multiple ethnic groups: White and Black Caribbean,8,L13: Routine occupations,3
E05013621,Hounslow East,11,Mixed or Multiple ethnic groups: White and Black Caribbean,9,L14.1: Never worked,5
E05013621,Hounslow East,11,Mixed or Multiple ethnic groups: White and Black Caribbean,10,L14.2: Long-term unemployed,1
E05013621,Hounslow East,11,Mixed or Multiple ethnic groups: White and Black Caribbean,11,L15: Full-time students,3
E05013621,Hounslow East,12,Mixed or Multiple ethnic groups: Other Mixed or Multiple ethnic groups,-8,Does not apply,74
E05013621,Hounslow East,12,Mixed or Multiple ethnic groups: Other Mixed or Multiple ethnic groups,1,L1 and L2: Large employers and higher managerial and administrative occupations,3
E05013621,Hounslow East,12,Mixed or Multiple ethnic groups: Other Mixed or Multiple ethnic groups,2,L3: Higher professional occupations,5
E05013621,Hounslow East,12,Mixed or Multiple ethnic groups: Other Mixed or Multiple ethnic groups,3,"L4, L5 and L6: Lower managerial, administrative and professional occupations",10
E05013621,Hounslow East,12,Mixed or Multiple ethnic groups: Other Mixed or Multiple ethnic groups,4,L7: Intermediate occupations,2
E05013621,Hounslow East,12,Mixed or Multiple ethnic groups: Other Mixed or Multiple ethnic groups,5,L8 and L9: Small employers and own account workers,6
E05013621,Hounslow East,12,Mixed or Multiple ethnic groups: Other Mixed or Multiple ethnic groups,6,L10 and L11: Lower supervisory and technical occupations,4
E05013621,Hounslow East,12,Mixed or Multiple ethnic groups: Other Mixed or Multiple ethnic groups,7,L12: Semi-routine occupations,6
E05013621,Hounslow East,12,Mixed or Multiple ethnic groups: Other Mixed or Multiple ethnic groups,8,L13: Routine occupations,2
E05013621,Hounslow East,12,Mixed or Multiple ethnic groups: Other Mixed or Multiple ethnic groups,9,L14.1: Never worked,4
E05013621,Hounslow East,12,Mixed or Multiple ethnic groups: Other Mixed or Multiple ethnic groups,10,L14.2: Long-term unemployed,0
E05013621,Hounslow East,12,Mixed or Multiple ethnic groups: Other Mixed or Multiple ethnic groups,11,L15: Full-time students,12
E05013621,Hounslow East,13,"White: English, Welsh, Scottish, Northern Irish or British",-8,Does not apply,280
E05013621,Hounslow East,13,"White: English, Welsh, Scottish, Northern Irish or British",1,L1 and L2: Large employers and higher managerial and administrative occupations,25
E05013621,Hounslow East,13,"White: English, Welsh, Scottish, Northern Irish or British",2,L3: Higher professional occupations,82
E05013621,Hounslow East,13,"White: English, Welsh, Scottish, Northern Irish or British",3,"L4, L5 and L6: Lower managerial, administrative and professional occupations",191
E05013621,Hounslow East,13,"White: English, Welsh, Scottish, Northern Irish or British",4,L7: Intermediate occupations,136
E05013621,Hounslow East,13,"White: English, Welsh, Scottish, Northern Irish or British",5,L8 and L9: Small employers and own account workers,108
E05013621,Hounslow East,13,"White: English, Welsh, Scottish, Northern Irish or British",6,L10 and L11: Lower supervisory and technical occupations,70
E05013621,Hounslow East,13,"White: English, Welsh, Scottish, Northern Irish or British",7,L12: Semi-routine occupations,125
E05013621,Hounslow East,13,"White: English, Welsh, Scottish, Northern Irish or British",8,L13: Routine occupations,148
E05013621,Hounslow East,13,"White: English, Welsh, Scottish, Northern Irish or British",9,L14.1: Never worked,86
E05013621,Hounslow East,13,"White: English, Welsh, Scottish, Northern Irish or British",10,L14.2: Long-term unemployed,10
E05013621,Hounslow East,13,"White: English, Welsh, Scottish, Northern Irish or British",11,L15: Full-time students,43
E05013621,Hounslow East,14,White: Irish,-8,Does not apply,3
E05013621,Hounslow East,14,White: Irish,1,L1 and L2: Large employers and higher managerial and administrative occupations,2
E05013621,Hounslow East,14,White: Irish,2,L3: Higher professional occupations,2
E05013621,Hounslow East,14,White: Irish,3,"L4, L5 and L6: Lower managerial, administrative and professional occupations",10
E05013621,Hounslow East,14,White: Irish,4,L7: Intermediate occupations,12
E05013621,Hounslow East,14,White: Irish,5,L8 and L9: Small employers and own account workers,5
E05013621,Hounslow East,14,White: Irish,6,L10 and L11: Lower supervisory and technical occupations,3
E05013621,Hounslow East,14,White: Irish,7,L12: Semi-routine occupations,11
E05013621,Hounslow East,14,White: Irish,8,L13: Routine occupations,6
E05013621,Hounslow East,14,White: Irish,9,L14.1: Never worked,8
E05013621,Hounslow East,14,White: Irish,10,L14.2: Long-term unemployed,0
E05013621,Hounslow East,14,White: Irish,11,L15: Full-time students,1
E05013621,Hounslow East,15,White: Gypsy or Irish Traveller,-8,Does not apply,16
E05013621,Hounslow East,15,White: Gypsy or Irish Traveller,1,L1 and L2: Large employers and higher managerial and administrative occupations,0
E05013621,Hounslow East,15,White: Gypsy or Irish Traveller,2,L3: Higher professional occupations,0
E05013621,Hounslow East,15,White: Gypsy or Irish Traveller,3,"L4, L5 and L6: Lower managerial, administrative and professional occupations",1
E05013621,Hounslow East,15,White: Gypsy or Irish Traveller,4,L7: Intermediate occupations,0
E05013621,Hounslow East,15,White: Gypsy or Irish Traveller,5,L8 and L9: Small employers and own account workers,2
E05013621,Hounslow East,15,White: Gypsy or Irish Traveller,6,L10 and L11: Lower supervisory and technical occupations,0
E05013621,Hounslow East,15,White: Gypsy or Irish Traveller,7,L12: Semi-routine occupations,1
E05013621,Hounslow East,15,White: Gypsy or Irish Traveller,8,L13: Routine occupations,0
E05013621,Hounslow East,15,White: Gypsy or Irish Traveller,9,L14.1: Never worked,5
E05013621,Hounslow East,15,White: Gypsy or Irish Traveller,10,L14.2: Long-term unemployed,0
E05013621,Hounslow East,15,White: Gypsy or Irish Traveller,11,L15: Full-time students,0
E05013621,Hounslow East,16,White: Roma,-8,Does not apply,4
E05013621,Hounslow East,16,White: Roma,1,L1 and L2: Large employers and higher managerial and administrative occupations,3
E05013621,Hounslow East,16,White: Roma,2,L3: Higher professional occupations,0
E05013621,Hounslow East,16,White: Roma,3,"L4, L5 and L6: Lower managerial, administrative and professional occupations",2
E05013621,Hounslow East,16,White: Roma,4,L7: Intermediate occupations,2
E05013621,Hounslow East,16,White: Roma,5,L8 and L9: Small employers and own account workers,6
E05013621,Hounslow East,16,White: Roma,6,L10 and L11: Lower supervisory and technical occupations,1
E05013621,Hounslow East,16,White: Roma,7,L12: Semi-routine occupations,3
E05013621,Hounslow East,16,White: Roma,8,L13: Routine occupations,14
E05013621,Hounslow East,16,White: Roma,9,L14.1: Never worked,5
E05013621,Hounslow East,16,White: Roma,10,L14.2: Long-term unemployed,0
E05013621,Hounslow East,16,White: Roma,11,L15: Full-time students,4
E05013621,Hounslow East,17,White: Other White,-8,Does not apply,184
E05013621,Hounslow East,17,White: Other White,1,L1 and L2: Large employers and higher managerial and administrative occupations,22
E05013621,Hounslow East,17,White: Other White,2,L3: Higher professional occupations,54
E05013621,Hounslow East,17,White: Other White,3,"L4, L5 and L6: Lower managerial, administrative and professional occupations",112
E05013621,Hounslow East,17,White: Other White,4,L7: Intermediate occupations,67
E05013621,Hounslow East,17,White: Other White,5,L8 and L9: Small employers and own account workers,316
E05013621,Hounslow East,17,White: Other White,6,L10 and L11: Lower supervisory and technical occupations,78
E05013621,Hounslow East,17,White: Other White,7,L12: Semi-routine occupations,101
E05013621,Hounslow East,17,White: Other White,8,L13: Routine occupations,176
E05013621,Hounslow East,17,White: Other White,9,L14.1: Never worked,67
E05013621,Hounslow East,17,White: Other White,10,L14.2: Long-term unemployed,12
E05013621,Hounslow East,17,White: Other White,11,L15: Full-time students,74
E05013621,Hounslow East,18,Other ethnic group: Arab,-8,Does not apply,63
E05013621,Hounslow East,18,Other ethnic group: Arab,1,L1 and L2: Large employers and higher managerial and administrative occupations,4
E05013621,Hounslow East,18,Other ethnic group: Arab,2,L3: Higher professional occupations,4
E05013621,Hounslow East,18,Other ethnic group: Arab,3,"L4, L5 and L6: Lower managerial, administrative and professional occupations",20
E05013621,Hounslow East,18,Other ethnic group: Arab,4,L7: Intermediate occupations,10
E05013621,Hounslow East,18,Other ethnic group: Arab,5,L8 and L9: Small employers and own account workers,22
E05013621,Hounslow East,18,Other ethnic group: Arab,6,L10 and L11: Lower supervisory and technical occupations,4
E05013621,Hounslow East,18,Other ethnic group: Arab,7,L12: Semi-routine occupations,11
E05013621,Hounslow East,18,Other ethnic group: Arab,8,L13: Routine occupations,13
E05013621,Hounslow East,18,Other ethnic group: Arab,9,L14.1: Never worked,32
E05013621,Hounslow East,18,Other ethnic group: Arab,10,L14.2: Long-term unemployed,2
E05013621,Hounslow East,18,Other ethnic group: Arab,11,L15: Full-time students,39
E05013621,Hounslow East,19,Other ethnic group: Any other ethnic group,-8,Does not apply,79
E05013621,Hounslow East,19,Other ethnic group: Any other ethnic group,1,L1 and L2: Large employers and higher managerial and administrative occupations,6
E05013621,Hounslow East,19,Other ethnic group: Any other ethnic group,2,L3: Higher professional occupations,17
E05013621,Hounslow East,19,Other ethnic group: Any other ethnic group,3,"L4, L5 and L6: Lower managerial, administrative and professional occupations",50
E05013621,Hounslow East,19,Other ethnic group: Any other ethnic group,4,L7: Intermediate occupations,38
E05013621,Hounslow East,19,Other ethnic group: Any other ethnic group,5,L8 and L9: Small employers and own account workers,44
E05013621,Hounslow East,19,Other ethnic group: Any other ethnic group,6,L10 and L11: Lower supervisory and technical occupations,24
E05013621,Hounslow East,19,Other ethnic group: Any other ethnic group,7,L12: Semi-routine occupations,39
E05013621,Hounslow East,19,Other ethnic group: Any other ethnic group,8,L13: Routine occupations,66
E05013621,Hounslow East,19,Other ethnic group: Any other ethnic group,9,L14.1: Never worked,74
E05013621,Hounslow East,19,Other ethnic group: Any other ethnic group,10,L14.2: Long-term unemployed,4
E05013621,Hounslow East,19,Other ethnic group: Any other ethnic group,11,L15: Full-time students,41
E05013622,Hounslow Heath,-8,Does not apply,-8,Does not apply,0
E05013622,Hounslow Heath,-8,Does not apply,1,L1 and L2: Large employers and higher managerial and administrative occupations,0
E05013622,Hounslow Heath,-8,Does not apply,2,L3: Higher professional occupations,0
E05013622,Hounslow Heath,-8,Does not apply,3,"L4, L5 and L6: Lower managerial, administrative and professional occupations",0
E05013622,Hounslow Heath,-8,Does not apply,4,L7: Intermediate occupations,0
E05013622,Hounslow Heath,-8,Does not apply,5,L8 and L9: Small employers and own account workers,0
E05013622,Hounslow Heath,-8,Does not apply,6,L10 and L11: Lower supervisory and technical occupations,0
E05013622,Hounslow Heath,-8,Does not apply,7,L12: Semi-routine occupations,0
E05013622,Hounslow Heath,-8,Does not apply,8,L13: Routine occupations,0
E05013622,Hounslow Heath,-8,Does not apply,9,L14.1: Never worked,0
E05013622,Hounslow Heath,-8,Does not apply,10,L14.2: Long-term unemployed,0
E05013622,Hounslow Heath,-8,Does not apply,11,L15: Full-time students,0
E05013622,Hounslow Heath,1,"Asian, Asian British or Asian Welsh: Bangladeshi",-8,Does not apply,96
E05013622,Hounslow Heath,1,"Asian, Asian British or Asian Welsh: Bangladeshi",1,L1 and L2: Large employers and higher managerial and administrative occupations,3
E05013622,Hounslow Heath,1,"Asian, Asian British or Asian Welsh: Bangladeshi",2,L3: Higher professional occupations,4
E05013622,Hounslow Heath,1,"Asian, Asian British or Asian Welsh: Bangladeshi",3,"L4, L5 and L6: Lower managerial, administrative and professional occupations",22
E05013622,Hounslow Heath,1,"Asian, Asian British or Asian Welsh: Bangladeshi",4,L7: Intermediate occupations,11
E05013622,Hounslow Heath,1,"Asian, Asian British or Asian Welsh: Bangladeshi",5,L8 and L9: Small employers and own account workers,20
E05013622,Hounslow Heath,1,"Asian, Asian British or Asian Welsh: Bangladeshi",6,L10 and L11: Lower supervisory and technical occupations,16
E05013622,Hounslow Heath,1,"Asian, Asian British or Asian Welsh: Bangladeshi",7,L12: Semi-routine occupations,30
E05013622,Hounslow Heath,1,"Asian, Asian British or Asian Welsh: Bangladeshi",8,L13: Routine occupations,28
E05013622,Hounslow Heath,1,"Asian, Asian British or Asian Welsh: Bangladeshi",9,L14.1: Never worked,51
E05013622,Hounslow Heath,1,"Asian, Asian British or Asian Welsh: Bangladeshi",10,L14.2: Long-term unemployed,3
E05013622,Hounslow Heath,1,"Asian, Asian British or Asian Welsh: Bangladeshi",11,L15: Full-time students,23
E05013622,Hounslow Heath,2,"Asian, Asian British or Asian Welsh: Chinese",-8,Does not apply,7
E05013622,Hounslow Heath,2,"Asian, Asian British or Asian Welsh: Chinese",1,L1 and L2: Large employers and higher managerial and administrative occupations,1
E05013622,Hounslow Heath,2,"Asian, Asian British or Asian Welsh: Chinese",2,L3: Higher professional occupations,16
E05013622,Hounslow Heath,2,"Asian, Asian British or Asian Welsh: Chinese",3,"L4, L5 and L6: Lower managerial, administrative and professional occupations",12
E05013622,Hounslow Heath,2,"Asian, Asian British or Asian Welsh: Chinese",4,L7: Intermediate occupations,8
E05013622,Hounslow Heath,2,"Asian, Asian British or Asian Welsh: Chinese",5,L8 and L9: Small employers and own account workers,10
E05013622,Hounslow Heath,2,"Asian, Asian British or Asian Welsh: Chinese",6,L10 and L11: Lower supervisory and technical occupations,7
E05013622,Hounslow Heath,2,"Asian, Asian British or Asian Welsh: Chinese",7,L12: Semi-routine occupations,8
E05013622,Hounslow Heath,2,"Asian, Asian British or Asian Welsh: Chinese",8,L13: Routine occupations,6
E05013622,Hounslow Heath,2,"Asian, Asian British or Asian Welsh: Chinese",9,L14.1: Never worked,11
E05013622,Hounslow Heath,2,"Asian, Asian British or Asian Welsh: Chinese",10,L14.2: Long-term unemployed,1
E05013622,Hounslow Heath,2,"Asian, Asian British or Asian Welsh: Chinese",11,L15: Full-time students,2
E05013622,Hounslow Heath,3,"Asian, Asian British or Asian Welsh: Indian",-8,Does not apply,954
E05013622,Hounslow Heath,3,"Asian, Asian British or Asian Welsh: Indian",1,L1 and L2: Large employers and higher managerial and administrative occupations,149
E05013622,Hounslow Heath,3,"Asian, Asian British or Asian Welsh: Indian",2,L3: Higher professional occupations,375
E05013622,Hounslow Heath,3,"Asian, Asian British or Asian Welsh: Indian",3,"L4, L5 and L6: Lower managerial, administrative and professional occupations",646
E05013622,Hounslow Heath,3,"Asian, Asian British or Asian Welsh: Indian",4,L7: Intermediate occupations,503
E05013622,Hounslow Heath,3,"Asian, Asian British or Asian Welsh: Indian",5,L8 and L9: Small employers and own account workers,262
E05013622,Hounslow Heath,3,"Asian, Asian British or Asian Welsh: Indian",6,L10 and L11: Lower supervisory and technical occupations,251
E05013622,Hounslow Heath,3,"Asian, Asian British or Asian Welsh: Indian",7,L12: Semi-routine occupations,473
E05013622,Hounslow Heath,3,"Asian, Asian British or Asian Welsh: Indian",8,L13: Routine occupations,590
E05013622,Hounslow Heath,3,"Asian, Asian British or Asian Welsh: Indian",9,L14.1: Never worked,435
E05013622,Hounslow Heath,3,"Asian, Asian British or Asian Welsh: Indian",10,L14.2: Long-term unemployed,92
E05013622,Hounslow Heath,3,"Asian, Asian British or Asian Welsh: Indian",11,L15: Full-time students,375
E05013622,Hounslow Heath,4,"Asian, Asian British or Asian Welsh: Pakistani",-8,Does not apply,567
E05013622,Hounslow Heath,4,"Asian, Asian British or Asian Welsh: Pakistani",1,L1 and L2: Large employers and higher managerial and administrative occupations,66
E05013622,Hounslow Heath,4,"Asian, Asian British or Asian Welsh: Pakistani",2,L3: Higher professional occupations,112
E05013622,Hounslow Heath,4,"Asian, Asian British or Asian Welsh: Pakistani",3,"L4, L5 and L6: Lower managerial, administrative and professional occupations",180
E05013622,Hounslow Heath,4,"Asian, Asian British or Asian Welsh: Pakistani",4,L7: Intermediate occupations,194
E05013622,Hounslow Heath,4,"Asian, Asian British or Asian Welsh: Pakistani",5,L8 and L9: Small employers and own account workers,142
E05013622,Hounslow Heath,4,"Asian, Asian British or Asian Welsh: Pakistani",6,L10 and L11: Lower supervisory and technical occupations,46
E05013622,Hounslow Heath,4,"Asian, Asian British or Asian Welsh: Pakistani",7,L12: Semi-routine occupations,135
E05013622,Hounslow Heath,4,"Asian, Asian British or Asian Welsh: Pakistani",8,L13: Routine occupations,81
E05013622,Hounslow Heath,4,"Asian, Asian British or Asian Welsh: Pakistani",9,L14.1: Never worked,223
E05013622,Hounslow Heath,4,"Asian, Asian British or Asian Welsh: Pakistani",10,L14.2: Long-term unemployed,15
E05013622,Hounslow Heath,4,"Asian, Asian British or Asian Welsh: Pakistani",11,L15: Full-time students,226
E05013622,Hounslow Heath,5,"Asian, Asian British or Asian Welsh: Other Asian",-8,Does not apply,364
E05013622,Hounslow Heath,5,"Asian, Asian British or Asian Welsh: Other Asian",1,L1 and L2: Large employers and higher managerial and administrative occupations,21
E05013622,Hounslow Heath,5,"Asian, Asian British or Asian Welsh: Other Asian",2,L3: Higher professional occupations,43
E05013622,Hounslow Heath,5,"Asian, Asian British or Asian Welsh: Other Asian",3,"L4, L5 and L6: Lower managerial, administrative and professional occupations",135
E05013622,Hounslow Heath,5,"Asian, Asian British or Asian Welsh: Other Asian",4,L7: Intermediate occupations,107
E05013622,Hounslow Heath,5,"Asian, Asian British or Asian Welsh: Other Asian",5,L8 and L9: Small employers and own account workers,100
E05013622,Hounslow Heath,5,"Asian, Asian British or Asian Welsh: Other Asian",6,L10 and L11: Lower supervisory and technical occupations,47
E05013622,Hounslow Heath,5,"Asian, Asian British or Asian Welsh: Other Asian",7,L12: Semi-routine occupations,177
E05013622,Hounslow Heath,5,"Asian, Asian British or Asian Welsh: Other Asian",8,L13: Routine occupations,123
E05013622,Hounslow Heath,5,"Asian, Asian British or Asian Welsh: Other Asian",9,L14.1: Never worked,229
E05013622,Hounslow Heath,5,"Asian, Asian British or Asian Welsh: Other Asian",10,L14.2: Long-term unemployed,13
E05013622,Hounslow Heath,5,"Asian, Asian British or Asian Welsh: Other Asian",11,L15: Full-time students,130
E05013622,Hounslow Heath,6,"Black, Black British, Black Welsh, Caribbean or African: African",-8,Does not apply,210
E05013622,Hounslow Heath,6,"Black, Black British, Black Welsh, Caribbean or African: African",1,L1 and L2: Large employers and higher managerial and administrative occupations,10
E05013622,Hounslow Heath,6,"Black, Black British, Black Welsh, Caribbean or African: African",2,L3: Higher professional occupations,19
E05013622,Hounslow Heath,6,"Black, Black British, Black Welsh, Caribbean or African: African",3,"L4, L5 and L6: Lower managerial, administrative and professional occupations",60
E05013622,Hounslow Heath,6,"Black, Black British, Black Welsh, Caribbean or African: African",4,L7: Intermediate occupations,36
E05013622,Hounslow Heath,6,"Black, Black British, Black Welsh, Caribbean or African: African",5,L8 and L9: Small employers and own account workers,41
E05013622,Hounslow Heath,6,"Black, Black British, Black Welsh, Caribbean or African: African",6,L10 and L11: Lower supervisory and technical occupations,13
E05013622,Hounslow Heath,6,"Black, Black British, Black Welsh, Caribbean or African: African",7,L12: Semi-routine occupations,75
E05013622,Hounslow Heath,6,"Black, Black British, Black Welsh, Caribbean or African: African",8,L13: Routine occupations,65
E05013622,Hounslow Heath,6,"Black, Black British, Black Welsh, Caribbean or African: African",9,L14.1: Never worked,61
E05013622,Hounslow Heath,6,"Black, Black British, Black Welsh, Caribbean or African: African",10,L14.2: Long-term unemployed,15
E05013622,Hounslow Heath,6,"Black, Black British, Black Welsh, Caribbean or African: African",11,L15: Full-time students,91
E05013622,Hounslow Heath,7,"Black, Black British, Black Welsh, Caribbean or African: Caribbean",-8,Does not apply,30
E05013622,Hounslow Heath,7,"Black, Black British, Black Welsh, Caribbean or African: Caribbean",1,L1 and L2: Large employers and higher managerial and administrative occupations,4
E05013622,Hounslow Heath,7,"Black, Black British, Black Welsh, Caribbean or African: Caribbean",2,L3: Higher professional occupations,7
E05013622,Hounslow Heath,7,"Black, Black British, Black Welsh, Caribbean or African: Caribbean",3,"L4, L5 and L6: Lower managerial, administrative and professional occupations",27
E05013622,Hounslow Heath,7,"Black, Black British, Black Welsh, Caribbean or African: Caribbean",4,L7: Intermediate occupations,24
E05013622,Hounslow Heath,7,"Black, Black British, Black Welsh, Caribbean or African: Caribbean",5,L8 and L9: Small employers and own account workers,9
E05013622,Hounslow Heath,7,"Black, Black British, Black Welsh, Caribbean or African: Caribbean",6,L10 and L11: Lower supervisory and technical occupations,7
E05013622,Hounslow Heath,7,"Black, Black British, Black Welsh, Caribbean or African: Caribbean",7,L12: Semi-routine occupations,20
E05013622,Hounslow Heath,7,"Black, Black British, Black Welsh, Caribbean or African: Caribbean",8,L13: Routine occupations,27
E05013622,Hounslow Heath,7,"Black, Black British, Black Welsh, Caribbean or African: Caribbean",9,L14.1: Never worked,11
E05013622,Hounslow Heath,7,"Black, Black British, Black Welsh, Caribbean or African: Caribbean",10,L14.2: Long-term unemployed,0
E05013622,Hounslow Heath,7,"Black, Black British, Black Welsh, Caribbean or African: Caribbean",11,L15: Full-time students,13
E05013622,Hounslow Heath,8,"Black, Black British, Black Welsh, Caribbean or African: Other Black",-8,Does not apply,43
E05013622,Hounslow Heath,8,"Black, Black British, Black Welsh, Caribbean or African: Other Black",1,L1 and L2: Large employers and higher managerial and administrative occupations,1
E05013622,Hounslow Heath,8,"Black, Black British, Black Welsh, Caribbean or African: Other Black",2,L3: Higher professional occupations,4
E05013622,Hounslow Heath,8,"Black, Black British, Black Welsh, Caribbean or African: Other Black",3,"L4, L5 and L6: Lower managerial, administrative and professional occupations",10
E05013622,Hounslow Heath,8,"Black, Black British, Black Welsh, Caribbean or African: Other Black",4,L7: Intermediate occupations,8
E05013622,Hounslow Heath,8,"Black, Black British, Black Welsh, Caribbean or African: Other Black",5,L8 and L9: Small employers and own account workers,3
E05013622,Hounslow Heath,8,"Black, Black British, Black Welsh, Caribbean or African: Other Black",6,L10 and L11: Lower supervisory and technical occupations,2
E05013622,Hounslow Heath,8,"Black, Black British, Black Welsh, Caribbean or African: Other Black",7,L12: Semi-routine occupations,9
E05013622,Hounslow Heath,8,"Black, Black British, Black Welsh, Caribbean or African: Other Black",8,L13: Routine occupations,3
E05013622,Hounslow Heath,8,"Black, Black British, Black Welsh, Caribbean or African: Other Black",9,L14.1: Never worked,10
E05013622,Hounslow Heath,8,"Black, Black British, Black Welsh, Caribbean or African: Other Black",10,L14.2: Long-term unemployed,1
E05013622,Hounslow Heath,8,"Black, Black British, Black Welsh, Caribbean or African: Other Black",11,L15: Full-time students,20
E05013622,Hounslow Heath,9,Mixed or Multiple ethnic groups: White and Asian,-8,Does not apply,112
E05013622,Hounslow Heath,9,Mixed or Multiple ethnic groups: White and Asian,1,L1 and L2: Large employers and higher managerial and administrative occupations,2
E05013622,Hounslow Heath,9,Mixed or Multiple ethnic groups: White and Asian,2,L3: Higher professional occupations,2
E05013622,Hounslow Heath,9,Mixed or Multiple ethnic groups: White and Asian,3,"L4, L5 and L6: Lower managerial, administrative and professional occupations",23
E05013622,Hounslow Heath,9,Mixed or Multiple ethnic groups: White and Asian,4,L7: Intermediate occupations,9
E05013622,Hounslow Heath,9,Mixed or Multiple ethnic groups: White and Asian,5,L8 and L9: Small employers and own account workers,9
E05013622,Hounslow Heath,9,Mixed or Multiple ethnic groups: White and Asian,6,L10 and L11: Lower supervisory and technical occupations,4
E05013622,Hounslow Heath,9,Mixed or Multiple ethnic groups: White and Asian,7,L12: Semi-routine occupations,4
E05013622,Hounslow Heath,9,Mixed or Multiple ethnic groups: White and Asian,8,L13: Routine occupations,10
E05013622,Hounslow Heath,9,Mixed or Multiple ethnic groups: White and Asian,9,L14.1: Never worked,5
E05013622,Hounslow Heath,9,Mixed or Multiple ethnic groups: White and Asian,10,L14.2: Long-term unemployed,1
E05013622,Hounslow Heath,9,Mixed or Multiple ethnic groups: White and Asian,11,L15: Full-time students,13
E05013622,Hounslow Heath,10,Mixed or Multiple ethnic groups: White and Black African,-8,Does not apply,34
E05013622,Hounslow Heath,10,Mixed or Multiple ethnic groups: White and Black African,1,L1 and L2: Large employers and higher managerial and administrative occupations,0
E05013622,Hounslow Heath,10,Mixed or Multiple ethnic groups: White and Black African,2,L3: Higher professional occupations,0
E05013622,Hounslow Heath,10,Mixed or Multiple ethnic groups: White and Black African,3,"L4, L5 and L6: Lower managerial, administrative and professional occupations",3
E05013622,Hounslow Heath,10,Mixed or Multiple ethnic groups: White and Black African,4,L7: Intermediate occupations,1
E05013622,Hounslow Heath,10,Mixed or Multiple ethnic groups: White and Black African,5,L8 and L9: Small employers and own account workers,8
E05013622,Hounslow Heath,10,Mixed or Multiple ethnic groups: White and Black African,6,L10 and L11: Lower supervisory and technical occupations,3
E05013622,Hounslow Heath,10,Mixed or Multiple ethnic groups: White and Black African,7,L12: Semi-routine occupations,9
E05013622,Hounslow Heath,10,Mixed or Multiple ethnic groups: White and Black African,8,L13: Routine occupations,8
E05013622,Hounslow Heath,10,Mixed or Multiple ethnic groups: White and Black African,9,L14.1: Never worked,7
E05013622,Hounslow Heath,10,Mixed or Multiple ethnic groups: White and Black African,10,L14.2: Long-term unemployed,1
E05013622,Hounslow Heath,10,Mixed or Multiple ethnic groups: White and Black African,11,L15: Full-time students,6
E05013622,Hounslow Heath,11,Mixed or Multiple ethnic groups: White and Black Caribbean,-8,Does not apply,54
E05013622,Hounslow Heath,11,Mixed or Multiple ethnic groups: White and Black Caribbean,1,L1 and L2: Large employers and higher managerial and administrative occupations,0
E05013622,Hounslow Heath,11,Mixed or Multiple ethnic groups: White and Black Caribbean,2,L3: Higher professional occupations,3
E05013622,Hounslow Heath,11,Mixed or Multiple ethnic groups: White and Black Caribbean,3,"L4, L5 and L6: Lower managerial, administrative and professional occupations",8
E05013622,Hounslow Heath,11,Mixed or Multiple ethnic groups: White and Black Caribbean,4,L7: Intermediate occupations,6
E05013622,Hounslow Heath,11,Mixed or Multiple ethnic groups: White and Black Caribbean,5,L8 and L9: Small employers and own account workers,3
E05013622,Hounslow Heath,11,Mixed or Multiple ethnic groups: White and Black Caribbean,6,L10 and L11: Lower supervisory and technical occupations,1
E05013622,Hounslow Heath,11,Mixed or Multiple ethnic groups: White and Black Caribbean,7,L12: Semi-routine occupations,4
E05013622,Hounslow Heath,11,Mixed or Multiple ethnic groups: White and Black Caribbean,8,L13: Routine occupations,10
E05013622,Hounslow Heath,11,Mixed or Multiple ethnic groups: White and Black Caribbean,9,L14.1: Never worked,2
E05013622,Hounslow Heath,11,Mixed or Multiple ethnic groups: White and Black Caribbean,10,L14.2: Long-term unemployed,3
E05013622,Hounslow Heath,11,Mixed or Multiple ethnic groups: White and Black Caribbean,11,L15: Full-time students,11
E05013622,Hounslow Heath,12,Mixed or Multiple ethnic groups: Other Mixed or Multiple ethnic groups,-8,Does not apply,117
E05013622,Hounslow Heath,12,Mixed or Multiple ethnic groups: Other Mixed or Multiple ethnic groups,1,L1 and L2: Large employers and higher managerial and administrative occupations,1
E05013622,Hounslow Heath,12,Mixed or Multiple ethnic groups: Other Mixed or Multiple ethnic groups,2,L3: Higher professional occupations,8
E05013622,Hounslow Heath,12,Mixed or Multiple ethnic groups: Other Mixed or Multiple ethnic groups,3,"L4, L5 and L6: Lower managerial, administrative and professional occupations",20
E05013622,Hounslow Heath,12,Mixed or Multiple ethnic groups: Other Mixed or Multiple ethnic groups,4,L7: Intermediate occupations,6
E05013622,Hounslow Heath,12,Mixed or Multiple ethnic groups: Other Mixed or Multiple ethnic groups,5,L8 and L9: Small employers and own account workers,8
E05013622,Hounslow Heath,12,Mixed or Multiple ethnic groups: Other Mixed or Multiple ethnic groups,6,L10 and L11: Lower supervisory and technical occupations,0
E05013622,Hounslow Heath,12,Mixed or Multiple ethnic groups: Other Mixed or Multiple ethnic groups,7,L12: Semi-routine occupations,15
E05013622,Hounslow Heath,12,Mixed or Multiple ethnic groups: Other Mixed or Multiple ethnic groups,8,L13: Routine occupations,14
E05013622,Hounslow Heath,12,Mixed or Multiple ethnic groups: Other Mixed or Multiple ethnic groups,9,L14.1: Never worked,15
E05013622,Hounslow Heath,12,Mixed or Multiple ethnic groups: Other Mixed or Multiple ethnic groups,10,L14.2: Long-term unemployed,4
E05013622,Hounslow Heath,12,Mixed or Multiple ethnic groups: Other Mixed or Multiple ethnic groups,11,L15: Full-time students,8
E05013622,Hounslow Heath,13,"White: English, Welsh, Scottish, Northern Irish or British",-8,Does not apply,461
E05013622,Hounslow Heath,13,"White: English, Welsh, Scottish, Northern Irish or British",1,L1 and L2: Large employers and higher managerial and administrative occupations,34
E05013622,Hounslow Heath,13,"White: English, Welsh, Scottish, Northern Irish or British",2,L3: Higher professional occupations,95
E05013622,Hounslow Heath,13,"White: English, Welsh, Scottish, Northern Irish or British",3,"L4, L5 and L6: Lower managerial, administrative and professional occupations",292
E05013622,Hounslow Heath,13,"White: English, Welsh, Scottish, Northern Irish or British",4,L7: Intermediate occupations,162
E05013622,Hounslow Heath,13,"White: English, Welsh, Scottish, Northern Irish or British",5,L8 and L9: Small employers and own account workers,238
E05013622,Hounslow Heath,13,"White: English, Welsh, Scottish, Northern Irish or British",6,L10 and L11: Lower supervisory and technical occupations,94
E05013622,Hounslow Heath,13,"White: English, Welsh, Scottish, Northern Irish or British",7,L12: Semi-routine occupations,183
E05013622,Hounslow Heath,13,"White: English, Welsh, Scottish, Northern Irish or British",8,L13: Routine occupations,270
E05013622,Hounslow Heath,13,"White: English, Welsh, Scottish, Northern Irish or British",9,L14.1: Never worked,140
E05013622,Hounslow Heath,13,"White: English, Welsh, Scottish, Northern Irish or British",10,L14.2: Long-term unemployed,39
E05013622,Hounslow Heath,13,"White: English, Welsh, Scottish, Northern Irish or British",11,L15: Full-time students,88
E05013622,Hounslow Heath,14,White: Irish,-8,Does not apply,6
E05013622,Hounslow Heath,14,White: Irish,1,L1 and L2: Large employers and higher managerial and administrative occupations,4
E05013622,Hounslow Heath,14,White: Irish,2,L3: Higher professional occupations,4
E05013622,Hounslow Heath,14,White: Irish,3,"L4, L5 and L6: Lower managerial, administrative and professional occupations",16
E05013622,Hounslow Heath,14,White: Irish,4,L7: Intermediate occupations,8
E05013622,Hounslow Heath,14,White: Irish,5,L8 and L9: Small employers and own account workers,15
E05013622,Hounslow Heath,14,White: Irish,6,L10 and L11: Lower supervisory and technical occupations,4
E05013622,Hounslow Heath,14,White: Irish,7,L12: Semi-routine occupations,10
E05013622,Hounslow Heath,14,White: Irish,8,L13: Routine occupations,13
E05013622,Hounslow Heath,14,White: Irish,9,L14.1: Never worked,7
E05013622,Hounslow Heath,14,White: Irish,10,L14.2: Long-term unemployed,4
E05013622,Hounslow Heath,14,White: Irish,11,L15: Full-time students,4
E05013622,Hounslow Heath,15,White: Gypsy or Irish Traveller,-8,Does not apply,8
E05013622,Hounslow Heath,15,White: Gypsy or Irish Traveller,1,L1 and L2: Large employers and higher managerial and administrative occupations,0
E05013622,Hounslow Heath,15,White: Gypsy or Irish Traveller,2,L3: Higher professional occupations,0
E05013622,Hounslow Heath,15,White: Gypsy or Irish Traveller,3,"L4, L5 and L6: Lower managerial, administrative and professional occupations",0
E05013622,Hounslow Heath,15,White: Gypsy or Irish Traveller,4,L7: Intermediate occupations,2
E05013622,Hounslow Heath,15,White: Gypsy or Irish Traveller,5,L8 and L9: Small employers and own account workers,1
E05013622,Hounslow Heath,15,White: Gypsy or Irish Traveller,6,L10 and L11: Lower supervisory and technical occupations,0
E05013622,Hounslow Heath,15,White: Gypsy or Irish Traveller,7,L12: Semi-routine occupations,0
E05013622,Hounslow Heath,15,White: Gypsy or Irish Traveller,8,L13: Routine occupations,2
E05013622,Hounslow Heath,15,White: Gypsy or Irish Traveller,9,L14.1: Never worked,6
E05013622,Hounslow Heath,15,White: Gypsy or Irish Traveller,10,L14.2: Long-term unemployed,1
E05013622,Hounslow Heath,15,White: Gypsy or Irish Traveller,11,L15: Full-time students,1
E05013622,Hounslow Heath,16,White: Roma,-8,Does not apply,3
E05013622,Hounslow Heath,16,White: Roma,1,L1 and L2: Large employers and higher managerial and administrative occupations,0
E05013622,Hounslow Heath,16,White: Roma,2,L3: Higher professional occupations,3
E05013622,Hounslow Heath,16,White: Roma,3,"L4, L5 and L6: Lower managerial, administrative and professional occupations",3
E05013622,Hounslow Heath,16,White: Roma,4,L7: Intermediate occupations,3
E05013622,Hounslow Heath,16,White: Roma,5,L8 and L9: Small employers and own account workers,5
E05013622,Hounslow Heath,16,White: Roma,6,L10 and L11: Lower supervisory and technical occupations,2
E05013622,Hounslow Heath,16,White: Roma,7,L12: Semi-routine occupations,4
E05013622,Hounslow Heath,16,White: Roma,8,L13: Routine occupations,8
E05013622,Hounslow Heath,16,White: Roma,9,L14.1: Never worked,8
E05013622,Hounslow Heath,16,White: Roma,10,L14.2: Long-term unemployed,2
E05013622,Hounslow Heath,16,White: Roma,11,L15: Full-time students,1
E05013622,Hounslow Heath,17,White: Other White,-8,Does not apply,353
E05013622,Hounslow Heath,17,White: Other White,1,L1 and L2: Large employers and higher managerial and administrative occupations,20
E05013622,Hounslow Heath,17,White: Other White,2,L3: Higher professional occupations,48
E05013622,Hounslow Heath,17,White: Other White,3,"L4, L5 and L6: Lower managerial, administrative and professional occupations",157
E05013622,Hounslow Heath,17,White: Other White,4,L7: Intermediate occupations,102
E05013622,Hounslow Heath,17,White: Other White,5,L8 and L9: Small employers and own account workers,602
E05013622,Hounslow Heath,17,White: Other White,6,L10 and L11: Lower supervisory and technical occupations,123
E05013622,Hounslow Heath,17,White: Other White,7,L12: Semi-routine occupations,180
E05013622,Hounslow Heath,17,White: Other White,8,L13: Routine occupations,322
E05013622,Hounslow Heath,17,White: Other White,9,L14.1: Never worked,88
E05013622,Hounslow Heath,17,White: Other White,10,L14.2: Long-term unemployed,44
E05013622,Hounslow Heath,17,White: Other White,11,L15: Full-time students,149
E05013622,Hounslow Heath,18,Other ethnic group: Arab,-8,Does not apply,76
E05013622,Hounslow Heath,18,Other ethnic group: Arab,1,L1 and L2: Large employers and higher managerial and administrative occupations,2
E05013622,Hounslow Heath,18,Other ethnic group: Arab,2,L3: Higher professional occupations,10
E05013622,Hounslow Heath,18,Other ethnic group: Arab,3,"L4, L5 and L6: Lower managerial, administrative and professional occupations",20
E05013622,Hounslow Heath,18,Other ethnic group: Arab,4,L7: Intermediate occupations,15
E05013622,Hounslow Heath,18,Other ethnic group: Arab,5,L8 and L9: Small employers and own account workers,30
E05013622,Hounslow Heath,18,Other ethnic group: Arab,6,L10 and L11: Lower supervisory and technical occupations,10
E05013622,Hounslow Heath,18,Other ethnic group: Arab,7,L12: Semi-routine occupations,11
E05013622,Hounslow Heath,18,Other ethnic group: Arab,8,L13: Routine occupations,18
E05013622,Hounslow Heath,18,Other ethnic group: Arab,9,L14.1: Never worked,35
E05013622,Hounslow Heath,18,Other ethnic group: Arab,10,L14.2: Long-term unemployed,4
E05013622,Hounslow Heath,18,Other ethnic group: Arab,11,L15: Full-time students,28
E05013622,Hounslow Heath,19,Other ethnic group: Any other ethnic group,-8,Does not apply,149
E05013622,Hounslow Heath,19,Other ethnic group: Any other ethnic group,1,L1 and L2: Large employers and higher managerial and administrative occupations,12
E05013622,Hounslow Heath,19,Other ethnic group: Any other ethnic group,2,L3: Higher professional occupations,32
E05013622,Hounslow Heath,19,Other ethnic group: Any other ethnic group,3,"L4, L5 and L6: Lower managerial, administrative and professional occupations",95
E05013622,Hounslow Heath,19,Other ethnic group: Any other ethnic group,4,L7: Intermediate occupations,48
E05013622,Hounslow Heath,19,Other ethnic group: Any other ethnic group,5,L8 and L9: Small employers and own account workers,69
E05013622,Hounslow Heath,19,Other ethnic group: Any other ethnic group,6,L10 and L11: Lower supervisory and technical occupations,38
E05013622,Hounslow Heath,19,Other ethnic group: Any other ethnic group,7,L12: Semi-routine occupations,76
E05013622,Hounslow Heath,19,Other ethnic group: Any other ethnic group,8,L13: Routine occupations,108
E05013622,Hounslow Heath,19,Other ethnic group: Any other ethnic group,9,L14.1: Never worked,121
E05013622,Hounslow Heath,19,Other ethnic group: Any other ethnic group,10,L14.2: Long-term unemployed,12
E05013622,Hounslow Heath,19,Other ethnic group: Any other ethnic group,11,L15: Full-time students,57
E05013623,Hounslow South,-8,Does not apply,-8,Does not apply,0
E05013623,Hounslow South,-8,Does not apply,1,L1 and L2: Large employers and higher managerial and administrative occupations,0
E05013623,Hounslow South,-8,Does not apply,2,L3: Higher professional occupations,0
E05013623,Hounslow South,-8,Does not apply,3,"L4, L5 and L6: Lower managerial, administrative and professional occupations",0
E05013623,Hounslow South,-8,Does not apply,4,L7: Intermediate occupations,0
E05013623,Hounslow South,-8,Does not apply,5,L8 and L9: Small employers and own account workers,0
E05013623,Hounslow South,-8,Does not apply,6,L10 and L11: Lower supervisory and technical occupations,0
E05013623,Hounslow South,-8,Does not apply,7,L12: Semi-routine occupations,0
E05013623,Hounslow South,-8,Does not apply,8,L13: Routine occupations,0
E05013623,Hounslow South,-8,Does not apply,9,L14.1: Never worked,0
E05013623,Hounslow South,-8,Does not apply,10,L14.2: Long-term unemployed,0
E05013623,Hounslow South,-8,Does not apply,11,L15: Full-time students,0
E05013623,Hounslow South,1,"Asian, Asian British or Asian Welsh: Bangladeshi",-8,Does not apply,29
E05013623,Hounslow South,1,"Asian, Asian British or Asian Welsh: Bangladeshi",1,L1 and L2: Large employers and higher managerial and administrative occupations,4
E05013623,Hounslow South,1,"Asian, Asian British or Asian Welsh: Bangladeshi",2,L3: Higher professional occupations,9
E05013623,Hounslow South,1,"Asian, Asian British or Asian Welsh: Bangladeshi",3,"L4, L5 and L6: Lower managerial, administrative and professional occupations",12
E05013623,Hounslow South,1,"Asian, Asian British or Asian Welsh: Bangladeshi",4,L7: Intermediate occupations,8
E05013623,Hounslow South,1,"Asian, Asian British or Asian Welsh: Bangladeshi",5,L8 and L9: Small employers and own account workers,11
E05013623,Hounslow South,1,"Asian, Asian British or Asian Welsh: Bangladeshi",6,L10 and L11: Lower supervisory and technical occupations,6
E05013623,Hounslow South,1,"Asian, Asian British or Asian Welsh: Bangladeshi",7,L12: Semi-routine occupations,9
E05013623,Hounslow South,1,"Asian, Asian British or Asian Welsh: Bangladeshi",8,L13: Routine occupations,3
E05013623,Hounslow South,1,"Asian, Asian British or Asian Welsh: Bangladeshi",9,L14.1: Never worked,16
E05013623,Hounslow South,1,"Asian, Asian British or Asian Welsh: Bangladeshi",10,L14.2: Long-term unemployed,2
E05013623,Hounslow South,1,"Asian, Asian British or Asian Welsh: Bangladeshi",11,L15: Full-time students,8
E05013623,Hounslow South,2,"Asian, Asian British or Asian Welsh: Chinese",-8,Does not apply,10
E05013623,Hounslow South,2,"Asian, Asian British or Asian Welsh: Chinese",1,L1 and L2: Large employers and higher managerial and administrative occupations,0
E05013623,Hounslow South,2,"Asian, Asian British or Asian Welsh: Chinese",2,L3: Higher professional occupations,12
E05013623,Hounslow South,2,"Asian, Asian British or Asian Welsh: Chinese",3,"L4, L5 and L6: Lower managerial, administrative and professional occupations",22
E05013623,Hounslow South,2,"Asian, Asian British or Asian Welsh: Chinese",4,L7: Intermediate occupations,14
E05013623,Hounslow South,2,"Asian, Asian British or Asian Welsh: Chinese",5,L8 and L9: Small employers and own account workers,12
E05013623,Hounslow South,2,"Asian, Asian British or Asian Welsh: Chinese",6,L10 and L11: Lower supervisory and technical occupations,10
E05013623,Hounslow South,2,"Asian, Asian British or Asian Welsh: Chinese",7,L12: Semi-routine occupations,17
E05013623,Hounslow South,2,"Asian, Asian British or Asian Welsh: Chinese",8,L13: Routine occupations,11
E05013623,Hounslow South,2,"Asian, Asian British or Asian Welsh: Chinese",9,L14.1: Never worked,17
E05013623,Hounslow South,2,"Asian, Asian British or Asian Welsh: Chinese",10,L14.2: Long-term unemployed,3
E05013623,Hounslow South,2,"Asian, Asian British or Asian Welsh: Chinese",11,L15: Full-time students,9
E05013623,Hounslow South,3,"Asian, Asian British or Asian Welsh: Indian",-8,Does not apply,480
E05013623,Hounslow South,3,"Asian, Asian British or Asian Welsh: Indian",1,L1 and L2: Large employers and higher managerial and administrative occupations,110
E05013623,Hounslow South,3,"Asian, Asian British or Asian Welsh: Indian",2,L3: Higher professional occupations,315
E05013623,Hounslow South,3,"Asian, Asian British or Asian Welsh: Indian",3,"L4, L5 and L6: Lower managerial, administrative and professional occupations",463
E05013623,Hounslow South,3,"Asian, Asian British or Asian Welsh: Indian",4,L7: Intermediate occupations,281
E05013623,Hounslow South,3,"Asian, Asian British or Asian Welsh: Indian",5,L8 and L9: Small employers and own account workers,165
E05013623,Hounslow South,3,"Asian, Asian British or Asian Welsh: Indian",6,L10 and L11: Lower supervisory and technical occupations,84
E05013623,Hounslow South,3,"Asian, Asian British or Asian Welsh: Indian",7,L12: Semi-routine occupations,189
E05013623,Hounslow South,3,"Asian, Asian British or Asian Welsh: Indian",8,L13: Routine occupations,182
E05013623,Hounslow South,3,"Asian, Asian British or Asian Welsh: Indian",9,L14.1: Never worked,177
E05013623,Hounslow South,3,"Asian, Asian British or Asian Welsh: Indian",10,L14.2: Long-term unemployed,30
E05013623,Hounslow South,3,"Asian, Asian British or Asian Welsh: Indian",11,L15: Full-time students,176
E05013623,Hounslow South,4,"Asian, Asian British or Asian Welsh: Pakistani",-8,Does not apply,194
E05013623,Hounslow South,4,"Asian, Asian British or Asian Welsh: Pakistani",1,L1 and L2: Large employers and higher managerial and administrative occupations,24
E05013623,Hounslow South,4,"Asian, Asian British or Asian Welsh: Pakistani",2,L3: Higher professional occupations,45
E05013623,Hounslow South,4,"Asian, Asian British or Asian Welsh: Pakistani",3,"L4, L5 and L6: Lower managerial, administrative and professional occupations",110
E05013623,Hounslow South,4,"Asian, Asian British or Asian Welsh: Pakistani",4,L7: Intermediate occupations,75
E05013623,Hounslow South,4,"Asian, Asian British or Asian Welsh: Pakistani",5,L8 and L9: Small employers and own account workers,69
E05013623,Hounslow South,4,"Asian, Asian British or Asian Welsh: Pakistani",6,L10 and L11: Lower supervisory and technical occupations,23
E05013623,Hounslow South,4,"Asian, Asian British or Asian Welsh: Pakistani",7,L12: Semi-routine occupations,43
E05013623,Hounslow South,4,"Asian, Asian British or Asian Welsh: Pakistani",8,L13: Routine occupations,42
E05013623,Hounslow South,4,"Asian, Asian British or Asian Welsh: Pakistani",9,L14.1: Never worked,73
E05013623,Hounslow South,4,"Asian, Asian British or Asian Welsh: Pakistani",10,L14.2: Long-term unemployed,10
E05013623,Hounslow South,4,"Asian, Asian British or Asian Welsh: Pakistani",11,L15: Full-time students,96
E05013623,Hounslow South,5,"Asian, Asian British or Asian Welsh: Other Asian",-8,Does not apply,164
E05013623,Hounslow South,5,"Asian, Asian British or Asian Welsh: Other Asian",1,L1 and L2: Large employers and higher managerial and administrative occupations,26
E05013623,Hounslow South,5,"Asian, Asian British or Asian Welsh: Other Asian",2,L3: Higher professional occupations,55
E05013623,Hounslow South,5,"Asian, Asian British or Asian Welsh: Other Asian",3,"L4, L5 and L6: Lower managerial, administrative and professional occupations",105
E05013623,Hounslow South,5,"Asian, Asian British or Asian Welsh: Other Asian",4,L7: Intermediate occupations,71
E05013623,Hounslow South,5,"Asian, Asian British or Asian Welsh: Other Asian",5,L8 and L9: Small employers and own account workers,57
E05013623,Hounslow South,5,"Asian, Asian British or Asian Welsh: Other Asian",6,L10 and L11: Lower supervisory and technical occupations,18
E05013623,Hounslow South,5,"Asian, Asian British or Asian Welsh: Other Asian",7,L12: Semi-routine occupations,87
E05013623,Hounslow South,5,"Asian, Asian British or Asian Welsh: Other Asian",8,L13: Routine occupations,37
E05013623,Hounslow South,5,"Asian, Asian British or Asian Welsh: Other Asian",9,L14.1: Never worked,85
E05013623,Hounslow South,5,"Asian, Asian British or Asian Welsh: Other Asian",10,L14.2: Long-term unemployed,5
E05013623,Hounslow South,5,"Asian, Asian British or Asian Welsh: Other Asian",11,L15: Full-time students,60
E05013623,Hounslow South,6,"Black, Black British, Black Welsh, Caribbean or African: African",-8,Does not apply,92
E05013623,Hounslow South,6,"Black, Black British, Black Welsh, Caribbean or African: African",1,L1 and L2: Large employers and higher managerial and administrative occupations,5
E05013623,Hounslow South,6,"Black, Black British, Black Welsh, Caribbean or African: African",2,L3: Higher professional occupations,14
E05013623,Hounslow South,6,"Black, Black British, Black Welsh, Caribbean or African: African",3,"L4, L5 and L6: Lower managerial, administrative and professional occupations",51
E05013623,Hounslow South,6,"Black, Black British, Black Welsh, Caribbean or African: African",4,L7: Intermediate occupations,20
E05013623,Hounslow South,6,"Black, Black British, Black Welsh, Caribbean or African: African",5,L8 and L9: Small employers and own account workers,39
E05013623,Hounslow South,6,"Black, Black British, Black Welsh, Caribbean or African: African",6,L10 and L11: Lower supervisory and technical occupations,9
E05013623,Hounslow South,6,"Black, Black British, Black Welsh, Caribbean or African: African",7,L12: Semi-routine occupations,49
E05013623,Hounslow South,6,"Black, Black British, Black Welsh, Caribbean or African: African",8,L13: Routine occupations,21
E05013623,Hounslow South,6,"Black, Black British, Black Welsh, Caribbean or African: African",9,L14.1: Never worked,32
E05013623,Hounslow South,6,"Black, Black British, Black Welsh, Caribbean or African: African",10,L14.2: Long-term unemployed,7
E05013623,Hounslow South,6,"Black, Black British, Black Welsh, Caribbean or African: African",11,L15: Full-time students,61
E05013623,Hounslow South,7,"Black, Black British, Black Welsh, Caribbean or African: Caribbean",-8,Does not apply,11
E05013623,Hounslow South,7,"Black, Black British, Black Welsh, Caribbean or African: Caribbean",1,L1 and L2: Large employers and higher managerial and administrative occupations,5
E05013623,Hounslow South,7,"Black, Black British, Black Welsh, Caribbean or African: Caribbean",2,L3: Higher professional occupations,15
E05013623,Hounslow South,7,"Black, Black British, Black Welsh, Caribbean or African: Caribbean",3,"L4, L5 and L6: Lower managerial, administrative and professional occupations",41
E05013623,Hounslow South,7,"Black, Black British, Black Welsh, Caribbean or African: Caribbean",4,L7: Intermediate occupations,17
E05013623,Hounslow South,7,"Black, Black British, Black Welsh, Caribbean or African: Caribbean",5,L8 and L9: Small employers and own account workers,13
E05013623,Hounslow South,7,"Black, Black British, Black Welsh, Caribbean or African: Caribbean",6,L10 and L11: Lower supervisory and technical occupations,8
E05013623,Hounslow South,7,"Black, Black British, Black Welsh, Caribbean or African: Caribbean",7,L12: Semi-routine occupations,19
E05013623,Hounslow South,7,"Black, Black British, Black Welsh, Caribbean or African: Caribbean",8,L13: Routine occupations,6
E05013623,Hounslow South,7,"Black, Black British, Black Welsh, Caribbean or African: Caribbean",9,L14.1: Never worked,11
E05013623,Hounslow South,7,"Black, Black British, Black Welsh, Caribbean or African: Caribbean",10,L14.2: Long-term unemployed,4
E05013623,Hounslow South,7,"Black, Black British, Black Welsh, Caribbean or African: Caribbean",11,L15: Full-time students,8
E05013623,Hounslow South,8,"Black, Black British, Black Welsh, Caribbean or African: Other Black",-8,Does not apply,32
E05013623,Hounslow South,8,"Black, Black British, Black Welsh, Caribbean or African: Other Black",1,L1 and L2: Large employers and higher managerial and administrative occupations,0
E05013623,Hounslow South,8,"Black, Black British, Black Welsh, Caribbean or African: Other Black",2,L3: Higher professional occupations,3
E05013623,Hounslow South,8,"Black, Black British, Black Welsh, Caribbean or African: Other Black",3,"L4, L5 and L6: Lower managerial, administrative and professional occupations",9
E05013623,Hounslow South,8,"Black, Black British, Black Welsh, Caribbean or African: Other Black",4,L7: Intermediate occupations,7
E05013623,Hounslow South,8,"Black, Black British, Black Welsh, Caribbean or African: Other Black",5,L8 and L9: Small employers and own account workers,5
E05013623,Hounslow South,8,"Black, Black British, Black Welsh, Caribbean or African: Other Black",6,L10 and L11: Lower supervisory and technical occupations,4
E05013623,Hounslow South,8,"Black, Black British, Black Welsh, Caribbean or African: Other Black",7,L12: Semi-routine occupations,2
E05013623,Hounslow South,8,"Black, Black British, Black Welsh, Caribbean or African: Other Black",8,L13: Routine occupations,3
E05013623,Hounslow South,8,"Black, Black British, Black Welsh, Caribbean or African: Other Black",9,L14.1: Never worked,6
E05013623,Hounslow South,8,"Black, Black British, Black Welsh, Caribbean or African: Other Black",10,L14.2: Long-term unemployed,2
E05013623,Hounslow South,8,"Black, Black British, Black Welsh, Caribbean or African: Other Black",11,L15: Full-time students,11
E05013623,Hounslow South,9,Mixed or Multiple ethnic groups: White and Asian,-8,Does not apply,109
E05013623,Hounslow South,9,Mixed or Multiple ethnic groups: White and Asian,1,L1 and L2: Large employers and higher managerial and administrative occupations,3
E05013623,Hounslow South,9,Mixed or Multiple ethnic groups: White and Asian,2,L3: Higher professional occupations,13
E05013623,Hounslow South,9,Mixed or Multiple ethnic groups: White and Asian,3,"L4, L5 and L6: Lower managerial, administrative and professional occupations",36
E05013623,Hounslow South,9,Mixed or Multiple ethnic groups: White and Asian,4,L7: Intermediate occupations,11
E05013623,Hounslow South,9,Mixed or Multiple ethnic groups: White and Asian,5,L8 and L9: Small employers and own account workers,10
E05013623,Hounslow South,9,Mixed or Multiple ethnic groups: White and Asian,6,L10 and L11: Lower supervisory and technical occupations,3
E05013623,Hounslow South,9,Mixed or Multiple ethnic groups: White and Asian,7,L12: Semi-routine occupations,14
E05013623,Hounslow South,9,Mixed or Multiple ethnic groups: White and Asian,8,L13: Routine occupations,5
E05013623,Hounslow South,9,Mixed or Multiple ethnic groups: White and Asian,9,L14.1: Never worked,4
E05013623,Hounslow South,9,Mixed or Multiple ethnic groups: White and Asian,10,L14.2: Long-term unemployed,5
E05013623,Hounslow South,9,Mixed or Multiple ethnic groups: White and Asian,11,L15: Full-time students,29
E05013623,Hounslow South,10,Mixed or Multiple ethnic groups: White and Black African,-8,Does not apply,33
E05013623,Hounslow South,10,Mixed or Multiple ethnic groups: White and Black African,1,L1 and L2: Large employers and higher managerial and administrative occupations,1
E05013623,Hounslow South,10,Mixed or Multiple ethnic groups: White and Black African,2,L3: Higher professional occupations,4
E05013623,Hounslow South,10,Mixed or Multiple ethnic groups: White and Black African,3,"L4, L5 and L6: Lower managerial, administrative and professional occupations",14
E05013623,Hounslow South,10,Mixed or Multiple ethnic groups: White and Black African,4,L7: Intermediate occupations,2
E05013623,Hounslow South,10,Mixed or Multiple ethnic groups: White and Black African,5,L8 and L9: Small employers and own account workers,3
E05013623,Hounslow South,10,Mixed or Multiple ethnic groups: White and Black African,6,L10 and L11: Lower supervisory and technical occupations,3
E05013623,Hounslow South,10,Mixed or Multiple ethnic groups: White and Black African,7,L12: Semi-routine occupations,2
E05013623,Hounslow South,10,Mixed or Multiple ethnic groups: White and Black African,8,L13: Routine occupations,10
E05013623,Hounslow South,10,Mixed or Multiple ethnic groups: White and Black African,9,L14.1: Never worked,2
E05013623,Hounslow South,10,Mixed or Multiple ethnic groups: White and Black African,10,L14.2: Long-term unemployed,0
E05013623,Hounslow South,10,Mixed or Multiple ethnic groups: White and Black African,11,L15: Full-time students,13
E05013623,Hounslow South,11,Mixed or Multiple ethnic groups: White and Black Caribbean,-8,Does not apply,57
E05013623,Hounslow South,11,Mixed or Multiple ethnic groups: White and Black Caribbean,1,L1 and L2: Large employers and higher managerial and administrative occupations,3
E05013623,Hounslow South,11,Mixed or Multiple ethnic groups: White and Black Caribbean,2,L3: Higher professional occupations,4
E05013623,Hounslow South,11,Mixed or Multiple ethnic groups: White and Black Caribbean,3,"L4, L5 and L6: Lower managerial, administrative and professional occupations",17
E05013623,Hounslow South,11,Mixed or Multiple ethnic groups: White and Black Caribbean,4,L7: Intermediate occupations,3
E05013623,Hounslow South,11,Mixed or Multiple ethnic groups: White and Black Caribbean,5,L8 and L9: Small employers and own account workers,5
E05013623,Hounslow South,11,Mixed or Multiple ethnic groups: White and Black Caribbean,6,L10 and L11: Lower supervisory and technical occupations,2
E05013623,Hounslow South,11,Mixed or Multiple ethnic groups: White and Black Caribbean,7,L12: Semi-routine occupations,13
E05013623,Hounslow South,11,Mixed or Multiple ethnic groups: White and Black Caribbean,8,L13: Routine occupations,7
E05013623,Hounslow South,11,Mixed or Multiple ethnic groups: White and Black Caribbean,9,L14.1: Never worked,6
E05013623,Hounslow South,11,Mixed or Multiple ethnic groups: White and Black Caribbean,10,L14.2: Long-term unemployed,0
E05013623,Hounslow South,11,Mixed or Multiple ethnic groups: White and Black Caribbean,11,L15: Full-time students,9
E05013623,Hounslow South,12,Mixed or Multiple ethnic groups: Other Mixed or Multiple ethnic groups,-8,Does not apply,78
E05013623,Hounslow South,12,Mixed or Multiple ethnic groups: Other Mixed or Multiple ethnic groups,1,L1 and L2: Large employers and higher managerial and administrative occupations,6
E05013623,Hounslow South,12,Mixed or Multiple ethnic groups: Other Mixed or Multiple ethnic groups,2,L3: Higher professional occupations,19
E05013623,Hounslow South,12,Mixed or Multiple ethnic groups: Other Mixed or Multiple ethnic groups,3,"L4, L5 and L6: Lower managerial, administrative and professional occupations",25
E05013623,Hounslow South,12,Mixed or Multiple ethnic groups: Other Mixed or Multiple ethnic groups,4,L7: Intermediate occupations,17
E05013623,Hounslow South,12,Mixed or Multiple ethnic groups: Other Mixed or Multiple ethnic groups,5,L8 and L9: Small employers and own account workers,15
E05013623,Hounslow South,12,Mixed or Multiple ethnic groups: Other Mixed or Multiple ethnic groups,6,L10 and L11: Lower supervisory and technical occupations,5
E05013623,Hounslow South,12,Mixed or Multiple ethnic groups: Other Mixed or Multiple ethnic groups,7,L12: Semi-routine occupations,12
E05013623,Hounslow South,12,Mixed or Multiple ethnic groups: Other Mixed or Multiple ethnic groups,8,L13: Routine occupations,15
E05013623,Hounslow South,12,Mixed or Multiple ethnic groups: Other Mixed or Multiple ethnic groups,9,L14.1: Never worked,11
E05013623,Hounslow South,12,Mixed or Multiple ethnic groups: Other Mixed or Multiple ethnic groups,10,L14.2: Long-term unemployed,5
E05013623,Hounslow South,12,Mixed or Multiple ethnic groups: Other Mixed or Multiple ethnic groups,11,L15: Full-time students,12
E05013623,Hounslow South,13,"White: English, Welsh, Scottish, Northern Irish or British",-8,Does not apply,760
E05013623,Hounslow South,13,"White: English, Welsh, Scottish, Northern Irish or British",1,L1 and L2: Large employers and higher managerial and administrative occupations,191
E05013623,Hounslow South,13,"White: English, Welsh, Scottish, Northern Irish or British",2,L3: Higher professional occupations,349
E05013623,Hounslow South,13,"White: English, Welsh, Scottish, Northern Irish or British",3,"L4, L5 and L6: Lower managerial, administrative and professional occupations",893
E05013623,Hounslow South,13,"White: English, Welsh, Scottish, Northern Irish or British",4,L7: Intermediate occupations,574
E05013623,Hounslow South,13,"White: English, Welsh, Scottish, Northern Irish or British",5,L8 and L9: Small employers and own account workers,474
E05013623,Hounslow South,13,"White: English, Welsh, Scottish, Northern Irish or British",6,L10 and L11: Lower supervisory and technical occupations,226
E05013623,Hounslow South,13,"White: English, Welsh, Scottish, Northern Irish or British",7,L12: Semi-routine occupations,367
E05013623,Hounslow South,13,"White: English, Welsh, Scottish, Northern Irish or British",8,L13: Routine occupations,425
E05013623,Hounslow South,13,"White: English, Welsh, Scottish, Northern Irish or British",9,L14.1: Never worked,208
E05013623,Hounslow South,13,"White: English, Welsh, Scottish, Northern Irish or British",10,L14.2: Long-term unemployed,39
E05013623,Hounslow South,13,"White: English, Welsh, Scottish, Northern Irish or British",11,L15: Full-time students,196
E05013623,Hounslow South,14,White: Irish,-8,Does not apply,19
E05013623,Hounslow South,14,White: Irish,1,L1 and L2: Large employers and higher managerial and administrative occupations,15
E05013623,Hounslow South,14,White: Irish,2,L3: Higher professional occupations,21
E05013623,Hounslow South,14,White: Irish,3,"L4, L5 and L6: Lower managerial, administrative and professional occupations",70
E05013623,Hounslow South,14,White: Irish,4,L7: Intermediate occupations,37
E05013623,Hounslow South,14,White: Irish,5,L8 and L9: Small employers and own account workers,38
E05013623,Hounslow South,14,White: Irish,6,L10 and L11: Lower supervisory and technical occupations,12
E05013623,Hounslow South,14,White: Irish,7,L12: Semi-routine occupations,25
E05013623,Hounslow South,14,White: Irish,8,L13: Routine occupations,19
E05013623,Hounslow South,14,White: Irish,9,L14.1: Never worked,10
E05013623,Hounslow South,14,White: Irish,10,L14.2: Long-term unemployed,2
E05013623,Hounslow South,14,White: Irish,11,L15: Full-time students,5
E05013623,Hounslow South,15,White: Gypsy or Irish Traveller,-8,Does not apply,2
E05013623,Hounslow South,15,White: Gypsy or Irish Traveller,1,L1 and L2: Large employers and higher managerial and administrative occupations,0
E05013623,Hounslow South,15,White: Gypsy or Irish Traveller,2,L3: Higher professional occupations,0
E05013623,Hounslow South,15,White: Gypsy or Irish Traveller,3,"L4, L5 and L6: Lower managerial, administrative and professional occupations",0
E05013623,Hounslow South,15,White: Gypsy or Irish Traveller,4,L7: Intermediate occupations,0
E05013623,Hounslow South,15,White: Gypsy or Irish Traveller,5,L8 and L9: Small employers and own account workers,1
E05013623,Hounslow South,15,White: Gypsy or Irish Traveller,6,L10 and L11: Lower supervisory and technical occupations,0
E05013623,Hounslow South,15,White: Gypsy or Irish Traveller,7,L12: Semi-routine occupations,0
E05013623,Hounslow South,15,White: Gypsy or Irish Traveller,8,L13: Routine occupations,0
E05013623,Hounslow South,15,White: Gypsy or Irish Traveller,9,L14.1: Never worked,0
E05013623,Hounslow South,15,White: Gypsy or Irish Traveller,10,L14.2: Long-term unemployed,0
E05013623,Hounslow South,15,White: Gypsy or Irish Traveller,11,L15: Full-time students,0
E05013623,Hounslow South,16,White: Roma,-8,Does not apply,4
E05013623,Hounslow South,16,White: Roma,1,L1 and L2: Large employers and higher managerial and administrative occupations,3
E05013623,Hounslow South,16,White: Roma,2,L3: Higher professional occupations,1
E05013623,Hounslow South,16,White: Roma,3,"L4, L5 and L6: Lower managerial, administrative and professional occupations",1
E05013623,Hounslow South,16,White: Roma,4,L7: Intermediate occupations,0
E05013623,Hounslow South,16,White: Roma,5,L8 and L9: Small employers and own account workers,10
E05013623,Hounslow South,16,White: Roma,6,L10 and L11: Lower supervisory and technical occupations,3
E05013623,Hounslow South,16,White: Roma,7,L12: Semi-routine occupations,2
E05013623,Hounslow South,16,White: Roma,8,L13: Routine occupations,3
E05013623,Hounslow South,16,White: Roma,9,L14.1: Never worked,0
E05013623,Hounslow South,16,White: Roma,10,L14.2: Long-term unemployed,0
E05013623,Hounslow South,16,White: Roma,11,L15: Full-time students,3
E05013623,Hounslow South,17,White: Other White,-8,Does not apply,348
E05013623,Hounslow South,17,White: Other White,1,L1 and L2: Large employers and higher managerial and administrative occupations,50
E05013623,Hounslow South,17,White: Other White,2,L3: Higher professional occupations,106
E05013623,Hounslow South,17,White: Other White,3,"L4, L5 and L6: Lower managerial, administrative and professional occupations",278
E05013623,Hounslow South,17,White: Other White,4,L7: Intermediate occupations,113
E05013623,Hounslow South,17,White: Other White,5,L8 and L9: Small employers and own account workers,538
E05013623,Hounslow South,17,White: Other White,6,L10 and L11: Lower supervisory and technical occupations,104
E05013623,Hounslow South,17,White: Other White,7,L12: Semi-routine occupations,135
E05013623,Hounslow South,17,White: Other White,8,L13: Routine occupations,276
E05013623,Hounslow South,17,White: Other White,9,L14.1: Never worked,56
E05013623,Hounslow South,17,White: Other White,10,L14.2: Long-term unemployed,23
E05013623,Hounslow South,17,White: Other White,11,L15: Full-time students,127
E05013623,Hounslow South,18,Other ethnic group: Arab,-8,Does not apply,50
E05013623,Hounslow South,18,Other ethnic group: Arab,1,L1 and L2: Large employers and higher managerial and administrative occupations,3
E05013623,Hounslow South,18,Other ethnic group: Arab,2,L3: Higher professional occupations,21
E05013623,Hounslow South,18,Other ethnic group: Arab,3,"L4, L5 and L6: Lower managerial, administrative and professional occupations",17
E05013623,Hounslow South,18,Other ethnic group: Arab,4,L7: Intermediate occupations,15
E05013623,Hounslow South,18,Other ethnic group: Arab,5,L8 and L9: Small employers and own account workers,18
E05013623,Hounslow South,18,Other ethnic group: Arab,6,L10 and L11: Lower supervisory and technical occupations,10
E05013623,Hounslow South,18,Other ethnic group: Arab,7,L12: Semi-routine occupations,7
E05013623,Hounslow South,18,Other ethnic group: Arab,8,L13: Routine occupations,10
E05013623,Hounslow South,18,Other ethnic group: Arab,9,L14.1: Never worked,39
E05013623,Hounslow South,18,Other ethnic group: Arab,10,L14.2: Long-term unemployed,5
E05013623,Hounslow South,18,Other ethnic group: Arab,11,L15: Full-time students,21
E05013623,Hounslow South,19,Other ethnic group: Any other ethnic group,-8,Does not apply,108
E05013623,Hounslow South,19,Other ethnic group: Any other ethnic group,1,L1 and L2: Large employers and higher managerial and administrative occupations,13
E05013623,Hounslow South,19,Other ethnic group: Any other ethnic group,2,L3: Higher professional occupations,37
E05013623,Hounslow South,19,Other ethnic group: Any other ethnic group,3,"L4, L5 and L6: Lower managerial, administrative and professional occupations",81
E05013623,Hounslow South,19,Other ethnic group: Any other ethnic group,4,L7: Intermediate occupations,46
E05013623,Hounslow South,19,Other ethnic group: Any other ethnic group,5,L8 and L9: Small employers and own account workers,60
E05013623,Hounslow South,19,Other ethnic group: Any other ethnic group,6,L10 and L11: Lower supervisory and technical occupations,24
E05013623,Hounslow South,19,Other ethnic group: Any other ethnic group,7,L12: Semi-routine occupations,38
E05013623,Hounslow South,19,Other ethnic group: Any other ethnic group,8,L13: Routine occupations,46
E05013623,Hounslow South,19,Other ethnic group: Any other ethnic group,9,L14.1: Never worked,72
E05013623,Hounslow South,19,Other ethnic group: Any other ethnic group,10,L14.2: Long-term unemployed,9
E05013623,Hounslow South,19,Other ethnic group: Any other ethnic group,11,L15: Full-time students,55
E05013624,Hounslow West,-8,Does not apply,-8,Does not apply,0
E05013624,Hounslow West,-8,Does not apply,1,L1 and L2: Large employers and higher managerial and administrative occupations,0
E05013624,Hounslow West,-8,Does not apply,2,L3: Higher professional occupations,0
E05013624,Hounslow West,-8,Does not apply,3,"L4, L5 and L6: Lower managerial, administrative and professional occupations",0
E05013624,Hounslow West,-8,Does not apply,4,L7: Intermediate occupations,0
E05013624,Hounslow West,-8,Does not apply,5,L8 and L9: Small employers and own account workers,0
E05013624,Hounslow West,-8,Does not apply,6,L10 and L11: Lower supervisory and technical occupations,0
E05013624,Hounslow West,-8,Does not apply,7,L12: Semi-routine occupations,0
E05013624,Hounslow West,-8,Does not apply,8,L13: Routine occupations,0
E05013624,Hounslow West,-8,Does not apply,9,L14.1: Never worked,0
E05013624,Hounslow West,-8,Does not apply,10,L14.2: Long-term unemployed,0
E05013624,Hounslow West,-8,Does not apply,11,L15: Full-time students,0
E05013624,Hounslow West,1,"Asian, Asian British or Asian Welsh: Bangladeshi",-8,Does not apply,49
E05013624,Hounslow West,1,"Asian, Asian British or Asian Welsh: Bangladeshi",1,L1 and L2: Large employers and higher managerial and administrative occupations,1
E05013624,Hounslow West,1,"Asian, Asian British or Asian Welsh: Bangladeshi",2,L3: Higher professional occupations,5
E05013624,Hounslow West,1,"Asian, Asian British or Asian Welsh: Bangladeshi",3,"L4, L5 and L6: Lower managerial, administrative and professional occupations",9
E05013624,Hounslow West,1,"Asian, Asian British or Asian Welsh: Bangladeshi",4,L7: Intermediate occupations,9
E05013624,Hounslow West,1,"Asian, Asian British or Asian Welsh: Bangladeshi",5,L8 and L9: Small employers and own account workers,11
E05013624,Hounslow West,1,"Asian, Asian British or Asian Welsh: Bangladeshi",6,L10 and L11: Lower supervisory and technical occupations,6
E05013624,Hounslow West,1,"Asian, Asian British or Asian Welsh: Bangladeshi",7,L12: Semi-routine occupations,16
E05013624,Hounslow West,1,"Asian, Asian British or Asian Welsh: Bangladeshi",8,L13: Routine occupations,13
E05013624,Hounslow West,1,"Asian, Asian British or Asian Welsh: Bangladeshi",9,L14.1: Never worked,26
E05013624,Hounslow West,1,"Asian, Asian British or Asian Welsh: Bangladeshi",10,L14.2: Long-term unemployed,2
E05013624,Hounslow West,1,"Asian, Asian British or Asian Welsh: Bangladeshi",11,L15: Full-time students,17
E05013624,Hounslow West,2,"Asian, Asian British or Asian Welsh: Chinese",-8,Does not apply,3
E05013624,Hounslow West,2,"Asian, Asian British or Asian Welsh: Chinese",1,L1 and L2: Large employers and higher managerial and administrative occupations,0
E05013624,Hounslow West,2,"Asian, Asian British or Asian Welsh: Chinese",2,L3: Higher professional occupations,8
E05013624,Hounslow West,2,"Asian, Asian British or Asian Welsh: Chinese",3,"L4, L5 and L6: Lower managerial, administrative and professional occupations",11
E05013624,Hounslow West,2,"Asian, Asian British or Asian Welsh: Chinese",4,L7: Intermediate occupations,8
E05013624,Hounslow West,2,"Asian, Asian British or Asian Welsh: Chinese",5,L8 and L9: Small employers and own account workers,4
E05013624,Hounslow West,2,"Asian, Asian British or Asian Welsh: Chinese",6,L10 and L11: Lower supervisory and technical occupations,3
E05013624,Hounslow West,2,"Asian, Asian British or Asian Welsh: Chinese",7,L12: Semi-routine occupations,1
E05013624,Hounslow West,2,"Asian, Asian British or Asian Welsh: Chinese",8,L13: Routine occupations,1
E05013624,Hounslow West,2,"Asian, Asian British or Asian Welsh: Chinese",9,L14.1: Never worked,6
E05013624,Hounslow West,2,"Asian, Asian British or Asian Welsh: Chinese",10,L14.2: Long-term unemployed,0
E05013624,Hounslow West,2,"Asian, Asian British or Asian Welsh: Chinese",11,L15: Full-time students,4
E05013624,Hounslow West,3,"Asian, Asian British or Asian Welsh: Indian",-8,Does not apply,1340
E05013624,Hounslow West,3,"Asian, Asian British or Asian Welsh: Indian",1,L1 and L2: Large employers and higher managerial and administrative occupations,94
E05013624,Hounslow West,3,"Asian, Asian British or Asian Welsh: Indian",2,L3: Higher professional occupations,499
E05013624,Hounslow West,3,"Asian, Asian British or Asian Welsh: Indian",3,"L4, L5 and L6: Lower managerial, administrative and professional occupations",816
E05013624,Hounslow West,3,"Asian, Asian British or Asian Welsh: Indian",4,L7: Intermediate occupations,663
E05013624,Hounslow West,3,"Asian, Asian British or Asian Welsh: Indian",5,L8 and L9: Small employers and own account workers,322
E05013624,Hounslow West,3,"Asian, Asian British or Asian Welsh: Indian",6,L10 and L11: Lower supervisory and technical occupations,396
E05013624,Hounslow West,3,"Asian, Asian British or Asian Welsh: Indian",7,L12: Semi-routine occupations,613
E05013624,Hounslow West,3,"Asian, Asian British or Asian Welsh: Indian",8,L13: Routine occupations,1032
E05013624,Hounslow West,3,"Asian, Asian British or Asian Welsh: Indian",9,L14.1: Never worked,652
E05013624,Hounslow West,3,"Asian, Asian British or Asian Welsh: Indian",10,L14.2: Long-term unemployed,80
E05013624,Hounslow West,3,"Asian, Asian British or Asian Welsh: Indian",11,L15: Full-time students,407
E05013624,Hounslow West,4,"Asian, Asian British or Asian Welsh: Pakistani",-8,Does not apply,288
E05013624,Hounslow West,4,"Asian, Asian British or Asian Welsh: Pakistani",1,L1 and L2: Large employers and higher managerial and administrative occupations,13
E05013624,Hounslow West,4,"Asian, Asian British or Asian Welsh: Pakistani",2,L3: Higher professional occupations,61
E05013624,Hounslow West,4,"Asian, Asian British or Asian Welsh: Pakistani",3,"L4, L5 and L6: Lower managerial, administrative and professional occupations",124
E05013624,Hounslow West,4,"Asian, Asian British or Asian Welsh: Pakistani",4,L7: Intermediate occupations,82
E05013624,Hounslow West,4,"Asian, Asian British or Asian Welsh: Pakistani",5,L8 and L9: Small employers and own account workers,105
E05013624,Hounslow West,4,"Asian, Asian British or Asian Welsh: Pakistani",6,L10 and L11: Lower supervisory and technical occupations,44
E05013624,Hounslow West,4,"Asian, Asian British or Asian Welsh: Pakistani",7,L12: Semi-routine occupations,110
E05013624,Hounslow West,4,"Asian, Asian British or Asian Welsh: Pakistani",8,L13: Routine occupations,105
E05013624,Hounslow West,4,"Asian, Asian British or Asian Welsh: Pakistani",9,L14.1: Never worked,178
E05013624,Hounslow West,4,"Asian, Asian British or Asian Welsh: Pakistani",10,L14.2: Long-term unemployed,31
E05013624,Hounslow West,4,"Asian, Asian British or Asian Welsh: Pakistani",11,L15: Full-time students,113
E05013624,Hounslow West,5,"Asian, Asian British or Asian Welsh: Other Asian",-8,Does not apply,331
E05013624,Hounslow West,5,"Asian, Asian British or Asian Welsh: Other Asian",1,L1 and L2: Large employers and higher managerial and administrative occupations,21
E05013624,Hounslow West,5,"Asian, Asian British or Asian Welsh: Other Asian",2,L3: Higher professional occupations,55
E05013624,Hounslow West,5,"Asian, Asian British or Asian Welsh: Other Asian",3,"L4, L5 and L6: Lower managerial, administrative and professional occupations",178
E05013624,Hounslow West,5,"Asian, Asian British or Asian Welsh: Other Asian",4,L7: Intermediate occupations,110
E05013624,Hounslow West,5,"Asian, Asian British or Asian Welsh: Other Asian",5,L8 and L9: Small employers and own account workers,80
E05013624,Hounslow West,5,"Asian, Asian British or Asian Welsh: Other Asian",6,L10 and L11: Lower supervisory and technical occupations,46
E05013624,Hounslow West,5,"Asian, Asian British or Asian Welsh: Other Asian",7,L12: Semi-routine occupations,195
E05013624,Hounslow West,5,"Asian, Asian British or Asian Welsh: Other Asian",8,L13: Routine occupations,185
E05013624,Hounslow West,5,"Asian, Asian British or Asian Welsh: Other Asian",9,L14.1: Never worked,217
E05013624,Hounslow West,5,"Asian, Asian British or Asian Welsh: Other Asian",10,L14.2: Long-term unemployed,19
E05013624,Hounslow West,5,"Asian, Asian British or Asian Welsh: Other Asian",11,L15: Full-time students,115
E05013624,Hounslow West,6,"Black, Black British, Black Welsh, Caribbean or African: African",-8,Does not apply,160
E05013624,Hounslow West,6,"Black, Black British, Black Welsh, Caribbean or African: African",1,L1 and L2: Large employers and higher managerial and administrative occupations,3
E05013624,Hounslow West,6,"Black, Black British, Black Welsh, Caribbean or African: African",2,L3: Higher professional occupations,16
E05013624,Hounslow West,6,"Black, Black British, Black Welsh, Caribbean or African: African",3,"L4, L5 and L6: Lower managerial, administrative and professional occupations",80
E05013624,Hounslow West,6,"Black, Black British, Black Welsh, Caribbean or African: African",4,L7: Intermediate occupations,34
E05013624,Hounslow West,6,"Black, Black British, Black Welsh, Caribbean or African: African",5,L8 and L9: Small employers and own account workers,36
E05013624,Hounslow West,6,"Black, Black British, Black Welsh, Caribbean or African: African",6,L10 and L11: Lower supervisory and technical occupations,14
E05013624,Hounslow West,6,"Black, Black British, Black Welsh, Caribbean or African: African",7,L12: Semi-routine occupations,45
E05013624,Hounslow West,6,"Black, Black British, Black Welsh, Caribbean or African: African",8,L13: Routine occupations,49
E05013624,Hounslow West,6,"Black, Black British, Black Welsh, Caribbean or African: African",9,L14.1: Never worked,71
E05013624,Hounslow West,6,"Black, Black British, Black Welsh, Caribbean or African: African",10,L14.2: Long-term unemployed,10
E05013624,Hounslow West,6,"Black, Black British, Black Welsh, Caribbean or African: African",11,L15: Full-time students,81
E05013624,Hounslow West,7,"Black, Black British, Black Welsh, Caribbean or African: Caribbean",-8,Does not apply,9
E05013624,Hounslow West,7,"Black, Black British, Black Welsh, Caribbean or African: Caribbean",1,L1 and L2: Large employers and higher managerial and administrative occupations,1
E05013624,Hounslow West,7,"Black, Black British, Black Welsh, Caribbean or African: Caribbean",2,L3: Higher professional occupations,8
E05013624,Hounslow West,7,"Black, Black British, Black Welsh, Caribbean or African: Caribbean",3,"L4, L5 and L6: Lower managerial, administrative and professional occupations",24
E05013624,Hounslow West,7,"Black, Black British, Black Welsh, Caribbean or African: Caribbean",4,L7: Intermediate occupations,19
E05013624,Hounslow West,7,"Black, Black British, Black Welsh, Caribbean or African: Caribbean",5,L8 and L9: Small employers and own account workers,7
E05013624,Hounslow West,7,"Black, Black British, Black Welsh, Caribbean or African: Caribbean",6,L10 and L11: Lower supervisory and technical occupations,8
E05013624,Hounslow West,7,"Black, Black British, Black Welsh, Caribbean or African: Caribbean",7,L12: Semi-routine occupations,10
E05013624,Hounslow West,7,"Black, Black British, Black Welsh, Caribbean or African: Caribbean",8,L13: Routine occupations,9
E05013624,Hounslow West,7,"Black, Black British, Black Welsh, Caribbean or African: Caribbean",9,L14.1: Never worked,18
E05013624,Hounslow West,7,"Black, Black British, Black Welsh, Caribbean or African: Caribbean",10,L14.2: Long-term unemployed,5
E05013624,Hounslow West,7,"Black, Black British, Black Welsh, Caribbean or African: Caribbean",11,L15: Full-time students,4
E05013624,Hounslow West,8,"Black, Black British, Black Welsh, Caribbean or African: Other Black",-8,Does not apply,22
E05013624,Hounslow West,8,"Black, Black British, Black Welsh, Caribbean or African: Other Black",1,L1 and L2: Large employers and higher managerial and administrative occupations,1
E05013624,Hounslow West,8,"Black, Black British, Black Welsh, Caribbean or African: Other Black",2,L3: Higher professional occupations,0
E05013624,Hounslow West,8,"Black, Black British, Black Welsh, Caribbean or African: Other Black",3,"L4, L5 and L6: Lower managerial, administrative and professional occupations",7
E05013624,Hounslow West,8,"Black, Black British, Black Welsh, Caribbean or African: Other Black",4,L7: Intermediate occupations,12
E05013624,Hounslow West,8,"Black, Black British, Black Welsh, Caribbean or African: Other Black",5,L8 and L9: Small employers and own account workers,2
E05013624,Hounslow West,8,"Black, Black British, Black Welsh, Caribbean or African: Other Black",6,L10 and L11: Lower supervisory and technical occupations,5
E05013624,Hounslow West,8,"Black, Black British, Black Welsh, Caribbean or African: Other Black",7,L12: Semi-routine occupations,3
E05013624,Hounslow West,8,"Black, Black British, Black Welsh, Caribbean or African: Other Black",8,L13: Routine occupations,5
E05013624,Hounslow West,8,"Black, Black British, Black Welsh, Caribbean or African: Other Black",9,L14.1: Never worked,5
E05013624,Hounslow West,8,"Black, Black British, Black Welsh, Caribbean or African: Other Black",10,L14.2: Long-term unemployed,0
E05013624,Hounslow West,8,"Black, Black British, Black Welsh, Caribbean or African: Other Black",11,L15: Full-time students,13
E05013624,Hounslow West,9,Mixed or Multiple ethnic groups: White and Asian,-8,Does not apply,71
E05013624,Hounslow West,9,Mixed or Multiple ethnic groups: White and Asian,1,L1 and L2: Large employers and higher managerial and administrative occupations,1
E05013624,Hounslow West,9,Mixed or Multiple ethnic groups: White and Asian,2,L3: Higher professional occupations,5
E05013624,Hounslow West,9,Mixed or Multiple ethnic groups: White and Asian,3,"L4, L5 and L6: Lower managerial, administrative and professional occupations",6
E05013624,Hounslow West,9,Mixed or Multiple ethnic groups: White and Asian,4,L7: Intermediate occupations,10
E05013624,Hounslow West,9,Mixed or Multiple ethnic groups: White and Asian,5,L8 and L9: Small employers and own account workers,2
E05013624,Hounslow West,9,Mixed or Multiple ethnic groups: White and Asian,6,L10 and L11: Lower supervisory and technical occupations,5
E05013624,Hounslow West,9,Mixed or Multiple ethnic groups: White and Asian,7,L12: Semi-routine occupations,11
E05013624,Hounslow West,9,Mixed or Multiple ethnic groups: White and Asian,8,L13: Routine occupations,12
E05013624,Hounslow West,9,Mixed or Multiple ethnic groups: White and Asian,9,L14.1: Never worked,10
E05013624,Hounslow West,9,Mixed or Multiple ethnic groups: White and Asian,10,L14.2: Long-term unemployed,4
E05013624,Hounslow West,9,Mixed or Multiple ethnic groups: White and Asian,11,L15: Full-time students,15
E05013624,Hounslow West,10,Mixed or Multiple ethnic groups: White and Black African,-8,Does not apply,35
E05013624,Hounslow West,10,Mixed or Multiple ethnic groups: White and Black African,1,L1 and L2: Large employers and higher managerial and administrative occupations,0
E05013624,Hounslow West,10,Mixed or Multiple ethnic groups: White and Black African,2,L3: Higher professional occupations,2
E05013624,Hounslow West,10,Mixed or Multiple ethnic groups: White and Black African,3,"L4, L5 and L6: Lower managerial, administrative and professional occupations",8
E05013624,Hounslow West,10,Mixed or Multiple ethnic groups: White and Black African,4,L7: Intermediate occupations,5
E05013624,Hounslow West,10,Mixed or Multiple ethnic groups: White and Black African,5,L8 and L9: Small employers and own account workers,5
E05013624,Hounslow West,10,Mixed or Multiple ethnic groups: White and Black African,6,L10 and L11: Lower supervisory and technical occupations,1
E05013624,Hounslow West,10,Mixed or Multiple ethnic groups: White and Black African,7,L12: Semi-routine occupations,3
E05013624,Hounslow West,10,Mixed or Multiple ethnic groups: White and Black African,8,L13: Routine occupations,9
E05013624,Hounslow West,10,Mixed or Multiple ethnic groups: White and Black African,9,L14.1: Never worked,10
E05013624,Hounslow West,10,Mixed or Multiple ethnic groups: White and Black African,10,L14.2: Long-term unemployed,0
E05013624,Hounslow West,10,Mixed or Multiple ethnic groups: White and Black African,11,L15: Full-time students,9
E05013624,Hounslow West,11,Mixed or Multiple ethnic groups: White and Black Caribbean,-8,Does not apply,33
E05013624,Hounslow West,11,Mixed or Multiple ethnic groups: White and Black Caribbean,1,L1 and L2: Large employers and higher managerial and administrative occupations,0
E05013624,Hounslow West,11,Mixed or Multiple ethnic groups: White and Black Caribbean,2,L3: Higher professional occupations,2
E05013624,Hounslow West,11,Mixed or Multiple ethnic groups: White and Black Caribbean,3,"L4, L5 and L6: Lower managerial, administrative and professional occupations",9
E05013624,Hounslow West,11,Mixed or Multiple ethnic groups: White and Black Caribbean,4,L7: Intermediate occupations,10
E05013624,Hounslow West,11,Mixed or Multiple ethnic groups: White and Black Caribbean,5,L8 and L9: Small employers and own account workers,3
E05013624,Hounslow West,11,Mixed or Multiple ethnic groups: White and Black Caribbean,6,L10 and L11: Lower supervisory and technical occupations,1
E05013624,Hounslow West,11,Mixed or Multiple ethnic groups: White and Black Caribbean,7,L12: Semi-routine occupations,11
E05013624,Hounslow West,11,Mixed or Multiple ethnic groups: White and Black Caribbean,8,L13: Routine occupations,8
E05013624,Hounslow West,11,Mixed or Multiple ethnic groups: White and Black Caribbean,9,L14.1: Never worked,10
E05013624,Hounslow West,11,Mixed or Multiple ethnic groups: White and Black Caribbean,10,L14.2: Long-term unemployed,0
E05013624,Hounslow West,11,Mixed or Multiple ethnic groups: White and Black Caribbean,11,L15: Full-time students,6
E05013624,Hounslow West,12,Mixed or Multiple ethnic groups: Other Mixed or Multiple ethnic groups,-8,Does not apply,67
E05013624,Hounslow West,12,Mixed or Multiple ethnic groups: Other Mixed or Multiple ethnic groups,1,L1 and L2: Large employers and higher managerial and administrative occupations,1
E05013624,Hounslow West,12,Mixed or Multiple ethnic groups: Other Mixed or Multiple ethnic groups,2,L3: Higher professional occupations,6
E05013624,Hounslow West,12,Mixed or Multiple ethnic groups: Other Mixed or Multiple ethnic groups,3,"L4, L5 and L6: Lower managerial, administrative and professional occupations",17
E05013624,Hounslow West,12,Mixed or Multiple ethnic groups: Other Mixed or Multiple ethnic groups,4,L7: Intermediate occupations,17
E05013624,Hounslow West,12,Mixed or Multiple ethnic groups: Other Mixed or Multiple ethnic groups,5,L8 and L9: Small employers and own account workers,1
E05013624,Hounslow West,12,Mixed or Multiple ethnic groups: Other Mixed or Multiple ethnic groups,6,L10 and L11: Lower supervisory and technical occupations,3
E05013624,Hounslow West,12,Mixed or Multiple ethnic groups: Other Mixed or Multiple ethnic groups,7,L12: Semi-routine occupations,7
E05013624,Hounslow West,12,Mixed or Multiple ethnic groups: Other Mixed or Multiple ethnic groups,8,L13: Routine occupations,8
E05013624,Hounslow West,12,Mixed or Multiple ethnic groups: Other Mixed or Multiple ethnic groups,9,L14.1: Never worked,8
E05013624,Hounslow West,12,Mixed or Multiple ethnic groups: Other Mixed or Multiple ethnic groups,10,L14.2: Long-term unemployed,3
E05013624,Hounslow West,12,Mixed or Multiple ethnic groups: Other Mixed or Multiple ethnic groups,11,L15: Full-time students,17
E05013624,Hounslow West,13,"White: English, Welsh, Scottish, Northern Irish or British",-8,Does not apply,306
E05013624,Hounslow West,13,"White: English, Welsh, Scottish, Northern Irish or British",1,L1 and L2: Large employers and higher managerial and administrative occupations,27
E05013624,Hounslow West,13,"White: English, Welsh, Scottish, Northern Irish or British",2,L3: Higher professional occupations,56
E05013624,Hounslow West,13,"White: English, Welsh, Scottish, Northern Irish or British",3,"L4, L5 and L6: Lower managerial, administrative and professional occupations",205
E05013624,Hounslow West,13,"White: English, Welsh, Scottish, Northern Irish or British",4,L7: Intermediate occupations,181
E05013624,Hounslow West,13,"White: English, Welsh, Scottish, Northern Irish or British",5,L8 and L9: Small employers and own account workers,102
E05013624,Hounslow West,13,"White: English, Welsh, Scottish, Northern Irish or British",6,L10 and L11: Lower supervisory and technical occupations,92
E05013624,Hounslow West,13,"White: English, Welsh, Scottish, Northern Irish or British",7,L12: Semi-routine occupations,141
E05013624,Hounslow West,13,"White: English, Welsh, Scottish, Northern Irish or British",8,L13: Routine occupations,188
E05013624,Hounslow West,13,"White: English, Welsh, Scottish, Northern Irish or British",9,L14.1: Never worked,179
E05013624,Hounslow West,13,"White: English, Welsh, Scottish, Northern Irish or British",10,L14.2: Long-term unemployed,20
E05013624,Hounslow West,13,"White: English, Welsh, Scottish, Northern Irish or British",11,L15: Full-time students,67
E05013624,Hounslow West,14,White: Irish,-8,Does not apply,9
E05013624,Hounslow West,14,White: Irish,1,L1 and L2: Large employers and higher managerial and administrative occupations,5
E05013624,Hounslow West,14,White: Irish,2,L3: Higher professional occupations,7
E05013624,Hounslow West,14,White: Irish,3,"L4, L5 and L6: Lower managerial, administrative and professional occupations",37
E05013624,Hounslow West,14,White: Irish,4,L7: Intermediate occupations,15
E05013624,Hounslow West,14,White: Irish,5,L8 and L9: Small employers and own account workers,16
E05013624,Hounslow West,14,White: Irish,6,L10 and L11: Lower supervisory and technical occupations,4
E05013624,Hounslow West,14,White: Irish,7,L12: Semi-routine occupations,6
E05013624,Hounslow West,14,White: Irish,8,L13: Routine occupations,9
E05013624,Hounslow West,14,White: Irish,9,L14.1: Never worked,6
E05013624,Hounslow West,14,White: Irish,10,L14.2: Long-term unemployed,1
E05013624,Hounslow West,14,White: Irish,11,L15: Full-time students,4
E05013624,Hounslow West,15,White: Gypsy or Irish Traveller,-8,Does not apply,2
E05013624,Hounslow West,15,White: Gypsy or Irish Traveller,1,L1 and L2: Large employers and higher managerial and administrative occupations,2
E05013624,Hounslow West,15,White: Gypsy or Irish Traveller,2,L3: Higher professional occupations,0
E05013624,Hounslow West,15,White: Gypsy or Irish Traveller,3,"L4, L5 and L6: Lower managerial, administrative and professional occupations",8
E05013624,Hounslow West,15,White: Gypsy or Irish Traveller,4,L7: Intermediate occupations,0
E05013624,Hounslow West,15,White: Gypsy or Irish Traveller,5,L8 and L9: Small employers and own account workers,4
E05013624,Hounslow West,15,White: Gypsy or Irish Traveller,6,L10 and L11: Lower supervisory and technical occupations,0
E05013624,Hounslow West,15,White: Gypsy or Irish Traveller,7,L12: Semi-routine occupations,0
E05013624,Hounslow West,15,White: Gypsy or Irish Traveller,8,L13: Routine occupations,1
E05013624,Hounslow West,15,White: Gypsy or Irish Traveller,9,L14.1: Never worked,5
E05013624,Hounslow West,15,White: Gypsy or Irish Traveller,10,L14.2: Long-term unemployed,0
E05013624,Hounslow West,15,White: Gypsy or Irish Traveller,11,L15: Full-time students,2
E05013624,Hounslow West,16,White: Roma,-8,Does not apply,7
E05013624,Hounslow West,16,White: Roma,1,L1 and L2: Large employers and higher managerial and administrative occupations,2
E05013624,Hounslow West,16,White: Roma,2,L3: Higher professional occupations,1
E05013624,Hounslow West,16,White: Roma,3,"L4, L5 and L6: Lower managerial, administrative and professional occupations",2
E05013624,Hounslow West,16,White: Roma,4,L7: Intermediate occupations,0
E05013624,Hounslow West,16,White: Roma,5,L8 and L9: Small employers and own account workers,15
E05013624,Hounslow West,16,White: Roma,6,L10 and L11: Lower supervisory and technical occupations,3
E05013624,Hounslow West,16,White: Roma,7,L12: Semi-routine occupations,2
E05013624,Hounslow West,16,White: Roma,8,L13: Routine occupations,14
E05013624,Hounslow West,16,White: Roma,9,L14.1: Never worked,3
E05013624,Hounslow West,16,White: Roma,10,L14.2: Long-term unemployed,2
E05013624,Hounslow West,16,White: Roma,11,L15: Full-time students,4
E05013624,Hounslow West,17,White: Other White,-8,Does not apply,304
E05013624,Hounslow West,17,White: Other White,1,L1 and L2: Large employers and higher managerial and administrative occupations,16
E05013624,Hounslow West,17,White: Other White,2,L3: Higher professional occupations,48
E05013624,Hounslow West,17,White: Other White,3,"L4, L5 and L6: Lower managerial, administrative and professional occupations",160
E05013624,Hounslow West,17,White: Other White,4,L7: Intermediate occupations,81
E05013624,Hounslow West,17,White: Other White,5,L8 and L9: Small employers and own account workers,430
E05013624,Hounslow West,17,White: Other White,6,L10 and L11: Lower supervisory and technical occupations,90
E05013624,Hounslow West,17,White: Other White,7,L12: Semi-routine occupations,144
E05013624,Hounslow West,17,White: Other White,8,L13: Routine occupations,282
E05013624,Hounslow West,17,White: Other White,9,L14.1: Never worked,89
E05013624,Hounslow West,17,White: Other White,10,L14.2: Long-term unemployed,15
E05013624,Hounslow West,17,White: Other White,11,L15: Full-time students,108
E05013624,Hounslow West,18,Other ethnic group: Arab,-8,Does not apply,57
E05013624,Hounslow West,18,Other ethnic group: Arab,1,L1 and L2: Large employers and higher managerial and administrative occupations,1
E05013624,Hounslow West,18,Other ethnic group: Arab,2,L3: Higher professional occupations,4
E05013624,Hounslow West,18,Other ethnic group: Arab,3,"L4, L5 and L6: Lower managerial, administrative and professional occupations",20
E05013624,Hounslow West,18,Other ethnic group: Arab,4,L7: Intermediate occupations,11
E05013624,Hounslow West,18,Other ethnic group: Arab,5,L8 and L9: Small employers and own account workers,12
E05013624,Hounslow West,18,Other ethnic group: Arab,6,L10 and L11: Lower supervisory and technical occupations,8
E05013624,Hounslow West,18,Other ethnic group: Arab,7,L12: Semi-routine occupations,14
E05013624,Hounslow West,18,Other ethnic group: Arab,8,L13: Routine occupations,13
E05013624,Hounslow West,18,Other ethnic group: Arab,9,L14.1: Never worked,30
E05013624,Hounslow West,18,Other ethnic group: Arab,10,L14.2: Long-term unemployed,3
E05013624,Hounslow West,18,Other ethnic group: Arab,11,L15: Full-time students,13
E05013624,Hounslow West,19,Other ethnic group: Any other ethnic group,-8,Does not apply,175
E05013624,Hounslow West,19,Other ethnic group: Any other ethnic group,1,L1 and L2: Large employers and higher managerial and administrative occupations,19
E05013624,Hounslow West,19,Other ethnic group: Any other ethnic group,2,L3: Higher professional occupations,37
E05013624,Hounslow West,19,Other ethnic group: Any other ethnic group,3,"L4, L5 and L6: Lower managerial, administrative and professional occupations",79
E05013624,Hounslow West,19,Other ethnic group: Any other ethnic group,4,L7: Intermediate occupations,88
E05013624,Hounslow West,19,Other ethnic group: Any other ethnic group,5,L8 and L9: Small employers and own account workers,89
E05013624,Hounslow West,19,Other ethnic group: Any other ethnic group,6,L10 and L11: Lower supervisory and technical occupations,48
E05013624,Hounslow West,19,Other ethnic group: Any other ethnic group,7,L12: Semi-routine occupations,121
E05013624,Hounslow West,19,Other ethnic group: Any other ethnic group,8,L13: Routine occupations,118
E05013624,Hounslow West,19,Other ethnic group: Any other ethnic group,9,L14.1: Never worked,137
E05013624,Hounslow West,19,Other ethnic group: Any other ethnic group,10,L14.2: Long-term unemployed,13
E05013624,Hounslow West,19,Other ethnic group: Any other ethnic group,11,L15: Full-time students,65
E05013625,Isleworth,-8,Does not apply,-8,Does not apply,0
E05013625,Isleworth,-8,Does not apply,1,L1 and L2: Large employers and higher managerial and administrative occupations,0
E05013625,Isleworth,-8,Does not apply,2,L3: Higher professional occupations,0
E05013625,Isleworth,-8,Does not apply,3,"L4, L5 and L6: Lower managerial, administrative and professional occupations",0
E05013625,Isleworth,-8,Does not apply,4,L7: Intermediate occupations,0
E05013625,Isleworth,-8,Does not apply,5,L8 and L9: Small employers and own account workers,0
E05013625,Isleworth,-8,Does not apply,6,L10 and L11: Lower supervisory and technical occupations,0
E05013625,Isleworth,-8,Does not apply,7,L12: Semi-routine occupations,0
E05013625,Isleworth,-8,Does not apply,8,L13: Routine occupations,0
E05013625,Isleworth,-8,Does not apply,9,L14.1: Never worked,0
E05013625,Isleworth,-8,Does not apply,10,L14.2: Long-term unemployed,0
E05013625,Isleworth,-8,Does not apply,11,L15: Full-time students,0
E05013625,Isleworth,1,"Asian, Asian British or Asian Welsh: Bangladeshi",-8,Does not apply,32
E05013625,Isleworth,1,"Asian, Asian British or Asian Welsh: Bangladeshi",1,L1 and L2: Large employers and higher managerial and administrative occupations,1
E05013625,Isleworth,1,"Asian, Asian British or Asian Welsh: Bangladeshi",2,L3: Higher professional occupations,5
E05013625,Isleworth,1,"Asian, Asian British or Asian Welsh: Bangladeshi",3,"L4, L5 and L6: Lower managerial, administrative and professional occupations",13
E05013625,Isleworth,1,"Asian, Asian British or Asian Welsh: Bangladeshi",4,L7: Intermediate occupations,4
E05013625,Isleworth,1,"Asian, Asian British or Asian Welsh: Bangladeshi",5,L8 and L9: Small employers and own account workers,2
E05013625,Isleworth,1,"Asian, Asian British or Asian Welsh: Bangladeshi",6,L10 and L11: Lower supervisory and technical occupations,4
E05013625,Isleworth,1,"Asian, Asian British or Asian Welsh: Bangladeshi",7,L12: Semi-routine occupations,4
E05013625,Isleworth,1,"Asian, Asian British or Asian Welsh: Bangladeshi",8,L13: Routine occupations,10
E05013625,Isleworth,1,"Asian, Asian British or Asian Welsh: Bangladeshi",9,L14.1: Never worked,11
E05013625,Isleworth,1,"Asian, Asian British or Asian Welsh: Bangladeshi",10,L14.2: Long-term unemployed,0
E05013625,Isleworth,1,"Asian, Asian British or Asian Welsh: Bangladeshi",11,L15: Full-time students,6
E05013625,Isleworth,2,"Asian, Asian British or Asian Welsh: Chinese",-8,Does not apply,25
E05013625,Isleworth,2,"Asian, Asian British or Asian Welsh: Chinese",1,L1 and L2: Large employers and higher managerial and administrative occupations,7
E05013625,Isleworth,2,"Asian, Asian British or Asian Welsh: Chinese",2,L3: Higher professional occupations,21
E05013625,Isleworth,2,"Asian, Asian British or Asian Welsh: Chinese",3,"L4, L5 and L6: Lower managerial, administrative and professional occupations",37
E05013625,Isleworth,2,"Asian, Asian British or Asian Welsh: Chinese",4,L7: Intermediate occupations,15
E05013625,Isleworth,2,"Asian, Asian British or Asian Welsh: Chinese",5,L8 and L9: Small employers and own account workers,17
E05013625,Isleworth,2,"Asian, Asian British or Asian Welsh: Chinese",6,L10 and L11: Lower supervisory and technical occupations,6
E05013625,Isleworth,2,"Asian, Asian British or Asian Welsh: Chinese",7,L12: Semi-routine occupations,14
E05013625,Isleworth,2,"Asian, Asian British or Asian Welsh: Chinese",8,L13: Routine occupations,8
E05013625,Isleworth,2,"Asian, Asian British or Asian Welsh: Chinese",9,L14.1: Never worked,8
E05013625,Isleworth,2,"Asian, Asian British or Asian Welsh: Chinese",10,L14.2: Long-term unemployed,1
E05013625,Isleworth,2,"Asian, Asian British or Asian Welsh: Chinese",11,L15: Full-time students,12
E05013625,Isleworth,3,"Asian, Asian British or Asian Welsh: Indian",-8,Does not apply,187
E05013625,Isleworth,3,"Asian, Asian British or Asian Welsh: Indian",1,L1 and L2: Large employers and higher managerial and administrative occupations,47
E05013625,Isleworth,3,"Asian, Asian British or Asian Welsh: Indian",2,L3: Higher professional occupations,161
E05013625,Isleworth,3,"Asian, Asian British or Asian Welsh: Indian",3,"L4, L5 and L6: Lower managerial, administrative and professional occupations",183
E05013625,Isleworth,3,"Asian, Asian British or Asian Welsh: Indian",4,L7: Intermediate occupations,82
E05013625,Isleworth,3,"Asian, Asian British or Asian Welsh: Indian",5,L8 and L9: Small employers and own account workers,55
E05013625,Isleworth,3,"Asian, Asian British or Asian Welsh: Indian",6,L10 and L11: Lower supervisory and technical occupations,43
E05013625,Isleworth,3,"Asian, Asian British or Asian Welsh: Indian",7,L12: Semi-routine occupations,75
E05013625,Isleworth,3,"Asian, Asian British or Asian Welsh: Indian",8,L13: Routine occupations,55
E05013625,Isleworth,3,"Asian, Asian British or Asian Welsh: Indian",9,L14.1: Never worked,69
E05013625,Isleworth,3,"Asian, Asian British or Asian Welsh: Indian",10,L14.2: Long-term unemployed,6
E05013625,Isleworth,3,"Asian, Asian British or Asian Welsh: Indian",11,L15: Full-time students,54
E05013625,Isleworth,4,"Asian, Asian British or Asian Welsh: Pakistani",-8,Does not apply,115
E05013625,Isleworth,4,"Asian, Asian British or Asian Welsh: Pakistani",1,L1 and L2: Large employers and higher managerial and administrative occupations,9
E05013625,Isleworth,4,"Asian, Asian British or Asian Welsh: Pakistani",2,L3: Higher professional occupations,31
E05013625,Isleworth,4,"Asian, Asian British or Asian Welsh: Pakistani",3,"L4, L5 and L6: Lower managerial, administrative and professional occupations",53
E05013625,Isleworth,4,"Asian, Asian British or Asian Welsh: Pakistani",4,L7: Intermediate occupations,39
E05013625,Isleworth,4,"Asian, Asian British or Asian Welsh: Pakistani",5,L8 and L9: Small employers and own account workers,30
E05013625,Isleworth,4,"Asian, Asian British or Asian Welsh: Pakistani",6,L10 and L11: Lower supervisory and technical occupations,10
E05013625,Isleworth,4,"Asian, Asian British or Asian Welsh: Pakistani",7,L12: Semi-routine occupations,30
E05013625,Isleworth,4,"Asian, Asian British or Asian Welsh: Pakistani",8,L13: Routine occupations,26
E05013625,Isleworth,4,"Asian, Asian British or Asian Welsh: Pakistani",9,L14.1: Never worked,56
E05013625,Isleworth,4,"Asian, Asian British or Asian Welsh: Pakistani",10,L14.2: Long-term unemployed,7
E05013625,Isleworth,4,"Asian, Asian British or Asian Welsh: Pakistani",11,L15: Full-time students,36
E05013625,Isleworth,5,"Asian, Asian British or Asian Welsh: Other Asian",-8,Does not apply,197
E05013625,Isleworth,5,"Asian, Asian British or Asian Welsh: Other Asian",1,L1 and L2: Large employers and higher managerial and administrative occupations,17
E05013625,Isleworth,5,"Asian, Asian British or Asian Welsh: Other Asian",2,L3: Higher professional occupations,30
E05013625,Isleworth,5,"Asian, Asian British or Asian Welsh: Other Asian",3,"L4, L5 and L6: Lower managerial, administrative and professional occupations",134
E05013625,Isleworth,5,"Asian, Asian British or Asian Welsh: Other Asian",4,L7: Intermediate occupations,41
E05013625,Isleworth,5,"Asian, Asian British or Asian Welsh: Other Asian",5,L8 and L9: Small employers and own account workers,69
E05013625,Isleworth,5,"Asian, Asian British or Asian Welsh: Other Asian",6,L10 and L11: Lower supervisory and technical occupations,21
E05013625,Isleworth,5,"Asian, Asian British or Asian Welsh: Other Asian",7,L12: Semi-routine occupations,67
E05013625,Isleworth,5,"Asian, Asian British or Asian Welsh: Other Asian",8,L13: Routine occupations,46
E05013625,Isleworth,5,"Asian, Asian British or Asian Welsh: Other Asian",9,L14.1: Never worked,88
E05013625,Isleworth,5,"Asian, Asian British or Asian Welsh: Other Asian",10,L14.2: Long-term unemployed,7
E05013625,Isleworth,5,"Asian, Asian British or Asian Welsh: Other Asian",11,L15: Full-time students,56
E05013625,Isleworth,6,"Black, Black British, Black Welsh, Caribbean or African: African",-8,Does not apply,402
E05013625,Isleworth,6,"Black, Black British, Black Welsh, Caribbean or African: African",1,L1 and L2: Large employers and higher managerial and administrative occupations,18
E05013625,Isleworth,6,"Black, Black British, Black Welsh, Caribbean or African: African",2,L3: Higher professional occupations,44
E05013625,Isleworth,6,"Black, Black British, Black Welsh, Caribbean or African: African",3,"L4, L5 and L6: Lower managerial, administrative and professional occupations",94
E05013625,Isleworth,6,"Black, Black British, Black Welsh, Caribbean or African: African",4,L7: Intermediate occupations,54
E05013625,Isleworth,6,"Black, Black British, Black Welsh, Caribbean or African: African",5,L8 and L9: Small employers and own account workers,86
E05013625,Isleworth,6,"Black, Black British, Black Welsh, Caribbean or African: African",6,L10 and L11: Lower supervisory and technical occupations,26
E05013625,Isleworth,6,"Black, Black British, Black Welsh, Caribbean or African: African",7,L12: Semi-routine occupations,114
E05013625,Isleworth,6,"Black, Black British, Black Welsh, Caribbean or African: African",8,L13: Routine occupations,76
E05013625,Isleworth,6,"Black, Black British, Black Welsh, Caribbean or African: African",9,L14.1: Never worked,106
E05013625,Isleworth,6,"Black, Black British, Black Welsh, Caribbean or African: African",10,L14.2: Long-term unemployed,22
E05013625,Isleworth,6,"Black, Black British, Black Welsh, Caribbean or African: African",11,L15: Full-time students,147
E05013625,Isleworth,7,"Black, Black British, Black Welsh, Caribbean or African: Caribbean",-8,Does not apply,30
E05013625,Isleworth,7,"Black, Black British, Black Welsh, Caribbean or African: Caribbean",1,L1 and L2: Large employers and higher managerial and administrative occupations,9
E05013625,Isleworth,7,"Black, Black British, Black Welsh, Caribbean or African: Caribbean",2,L3: Higher professional occupations,11
E05013625,Isleworth,7,"Black, Black British, Black Welsh, Caribbean or African: Caribbean",3,"L4, L5 and L6: Lower managerial, administrative and professional occupations",36
E05013625,Isleworth,7,"Black, Black British, Black Welsh, Caribbean or African: Caribbean",4,L7: Intermediate occupations,30
E05013625,Isleworth,7,"Black, Black British, Black Welsh, Caribbean or African: Caribbean",5,L8 and L9: Small employers and own account workers,22
E05013625,Isleworth,7,"Black, Black British, Black Welsh, Caribbean or African: Caribbean",6,L10 and L11: Lower supervisory and technical occupations,7
E05013625,Isleworth,7,"Black, Black British, Black Welsh, Caribbean or African: Caribbean",7,L12: Semi-routine occupations,14
E05013625,Isleworth,7,"Black, Black British, Black Welsh, Caribbean or African: Caribbean",8,L13: Routine occupations,13
E05013625,Isleworth,7,"Black, Black British, Black Welsh, Caribbean or African: Caribbean",9,L14.1: Never worked,16
E05013625,Isleworth,7,"Black, Black British, Black Welsh, Caribbean or African: Caribbean",10,L14.2: Long-term unemployed,4
E05013625,Isleworth,7,"Black, Black British, Black Welsh, Caribbean or African: Caribbean",11,L15: Full-time students,12
E05013625,Isleworth,8,"Black, Black British, Black Welsh, Caribbean or African: Other Black",-8,Does not apply,70
E05013625,Isleworth,8,"Black, Black British, Black Welsh, Caribbean or African: Other Black",1,L1 and L2: Large employers and higher managerial and administrative occupations,2
E05013625,Isleworth,8,"Black, Black British, Black Welsh, Caribbean or African: Other Black",2,L3: Higher professional occupations,4
E05013625,Isleworth,8,"Black, Black British, Black Welsh, Caribbean or African: Other Black",3,"L4, L5 and L6: Lower managerial, administrative and professional occupations",17
E05013625,Isleworth,8,"Black, Black British, Black Welsh, Caribbean or African: Other Black",4,L7: Intermediate occupations,7
E05013625,Isleworth,8,"Black, Black British, Black Welsh, Caribbean or African: Other Black",5,L8 and L9: Small employers and own account workers,4
E05013625,Isleworth,8,"Black, Black British, Black Welsh, Caribbean or African: Other Black",6,L10 and L11: Lower supervisory and technical occupations,2
E05013625,Isleworth,8,"Black, Black British, Black Welsh, Caribbean or African: Other Black",7,L12: Semi-routine occupations,11
E05013625,Isleworth,8,"Black, Black British, Black Welsh, Caribbean or African: Other Black",8,L13: Routine occupations,4
E05013625,Isleworth,8,"Black, Black British, Black Welsh, Caribbean or African: Other Black",9,L14.1: Never worked,11
E05013625,Isleworth,8,"Black, Black British, Black Welsh, Caribbean or African: Other Black",10,L14.2: Long-term unemployed,4
E05013625,Isleworth,8,"Black, Black British, Black Welsh, Caribbean or African: Other Black",11,L15: Full-time students,17
E05013625,Isleworth,9,Mixed or Multiple ethnic groups: White and Asian,-8,Does not apply,110
E05013625,Isleworth,9,Mixed or Multiple ethnic groups: White and Asian,1,L1 and L2: Large employers and higher managerial and administrative occupations,5
E05013625,Isleworth,9,Mixed or Multiple ethnic groups: White and Asian,2,L3: Higher professional occupations,12
E05013625,Isleworth,9,Mixed or Multiple ethnic groups: White and Asian,3,"L4, L5 and L6: Lower managerial, administrative and professional occupations",26
E05013625,Isleworth,9,Mixed or Multiple ethnic groups: White and Asian,4,L7: Intermediate occupations,15
E05013625,Isleworth,9,Mixed or Multiple ethnic groups: White and Asian,5,L8 and L9: Small employers and own account workers,4
E05013625,Isleworth,9,Mixed or Multiple ethnic groups: White and Asian,6,L10 and L11: Lower supervisory and technical occupations,1
E05013625,Isleworth,9,Mixed or Multiple ethnic groups: White and Asian,7,L12: Semi-routine occupations,7
E05013625,Isleworth,9,Mixed or Multiple ethnic groups: White and Asian,8,L13: Routine occupations,3
E05013625,Isleworth,9,Mixed or Multiple ethnic groups: White and Asian,9,L14.1: Never worked,6
E05013625,Isleworth,9,Mixed or Multiple ethnic groups: White and Asian,10,L14.2: Long-term unemployed,2
E05013625,Isleworth,9,Mixed or Multiple ethnic groups: White and Asian,11,L15: Full-time students,16
E05013625,Isleworth,10,Mixed or Multiple ethnic groups: White and Black African,-8,Does not apply,51
E05013625,Isleworth,10,Mixed or Multiple ethnic groups: White and Black African,1,L1 and L2: Large employers and higher managerial and administrative occupations,3
E05013625,Isleworth,10,Mixed or Multiple ethnic groups: White and Black African,2,L3: Higher professional occupations,6
E05013625,Isleworth,10,Mixed or Multiple ethnic groups: White and Black African,3,"L4, L5 and L6: Lower managerial, administrative and professional occupations",11
E05013625,Isleworth,10,Mixed or Multiple ethnic groups: White and Black African,4,L7: Intermediate occupations,4
E05013625,Isleworth,10,Mixed or Multiple ethnic groups: White and Black African,5,L8 and L9: Small employers and own account workers,6
E05013625,Isleworth,10,Mixed or Multiple ethnic groups: White and Black African,6,L10 and L11: Lower supervisory and technical occupations,0
E05013625,Isleworth,10,Mixed or Multiple ethnic groups: White and Black African,7,L12: Semi-routine occupations,3
E05013625,Isleworth,10,Mixed or Multiple ethnic groups: White and Black African,8,L13: Routine occupations,14
E05013625,Isleworth,10,Mixed or Multiple ethnic groups: White and Black African,9,L14.1: Never worked,10
E05013625,Isleworth,10,Mixed or Multiple ethnic groups: White and Black African,10,L14.2: Long-term unemployed,1
E05013625,Isleworth,10,Mixed or Multiple ethnic groups: White and Black African,11,L15: Full-time students,10
E05013625,Isleworth,11,Mixed or Multiple ethnic groups: White and Black Caribbean,-8,Does not apply,69
E05013625,Isleworth,11,Mixed or Multiple ethnic groups: White and Black Caribbean,1,L1 and L2: Large employers and higher managerial and administrative occupations,1
E05013625,Isleworth,11,Mixed or Multiple ethnic groups: White and Black Caribbean,2,L3: Higher professional occupations,7
E05013625,Isleworth,11,Mixed or Multiple ethnic groups: White and Black Caribbean,3,"L4, L5 and L6: Lower managerial, administrative and professional occupations",21
E05013625,Isleworth,11,Mixed or Multiple ethnic groups: White and Black Caribbean,4,L7: Intermediate occupations,14
E05013625,Isleworth,11,Mixed or Multiple ethnic groups: White and Black Caribbean,5,L8 and L9: Small employers and own account workers,2
E05013625,Isleworth,11,Mixed or Multiple ethnic groups: White and Black Caribbean,6,L10 and L11: Lower supervisory and technical occupations,8
E05013625,Isleworth,11,Mixed or Multiple ethnic groups: White and Black Caribbean,7,L12: Semi-routine occupations,8
E05013625,Isleworth,11,Mixed or Multiple ethnic groups: White and Black Caribbean,8,L13: Routine occupations,5
E05013625,Isleworth,11,Mixed or Multiple ethnic groups: White and Black Caribbean,9,L14.1: Never worked,12
E05013625,Isleworth,11,Mixed or Multiple ethnic groups: White and Black Caribbean,10,L14.2: Long-term unemployed,3
E05013625,Isleworth,11,Mixed or Multiple ethnic groups: White and Black Caribbean,11,L15: Full-time students,23
E05013625,Isleworth,12,Mixed or Multiple ethnic groups: Other Mixed or Multiple ethnic groups,-8,Does not apply,69
E05013625,Isleworth,12,Mixed or Multiple ethnic groups: Other Mixed or Multiple ethnic groups,1,L1 and L2: Large employers and higher managerial and administrative occupations,8
E05013625,Isleworth,12,Mixed or Multiple ethnic groups: Other Mixed or Multiple ethnic groups,2,L3: Higher professional occupations,23
E05013625,Isleworth,12,Mixed or Multiple ethnic groups: Other Mixed or Multiple ethnic groups,3,"L4, L5 and L6: Lower managerial, administrative and professional occupations",29
E05013625,Isleworth,12,Mixed or Multiple ethnic groups: Other Mixed or Multiple ethnic groups,4,L7: Intermediate occupations,16
E05013625,Isleworth,12,Mixed or Multiple ethnic groups: Other Mixed or Multiple ethnic groups,5,L8 and L9: Small employers and own account workers,14
E05013625,Isleworth,12,Mixed or Multiple ethnic groups: Other Mixed or Multiple ethnic groups,6,L10 and L11: Lower supervisory and technical occupations,3
E05013625,Isleworth,12,Mixed or Multiple ethnic groups: Other Mixed or Multiple ethnic groups,7,L12: Semi-routine occupations,9
E05013625,Isleworth,12,Mixed or Multiple ethnic groups: Other Mixed or Multiple ethnic groups,8,L13: Routine occupations,10
E05013625,Isleworth,12,Mixed or Multiple ethnic groups: Other Mixed or Multiple ethnic groups,9,L14.1: Never worked,6
E05013625,Isleworth,12,Mixed or Multiple ethnic groups: Other Mixed or Multiple ethnic groups,10,L14.2: Long-term unemployed,5
E05013625,Isleworth,12,Mixed or Multiple ethnic groups: Other Mixed or Multiple ethnic groups,11,L15: Full-time students,49
E05013625,Isleworth,13,"White: English, Welsh, Scottish, Northern Irish or British",-8,Does not apply,1143
E05013625,Isleworth,13,"White: English, Welsh, Scottish, Northern Irish or British",1,L1 and L2: Large employers and higher managerial and administrative occupations,335
E05013625,Isleworth,13,"White: English, Welsh, Scottish, Northern Irish or British",2,L3: Higher professional occupations,550
E05013625,Isleworth,13,"White: English, Welsh, Scottish, Northern Irish or British",3,"L4, L5 and L6: Lower managerial, administrative and professional occupations",1268
E05013625,Isleworth,13,"White: English, Welsh, Scottish, Northern Irish or British",4,L7: Intermediate occupations,511
E05013625,Isleworth,13,"White: English, Welsh, Scottish, Northern Irish or British",5,L8 and L9: Small employers and own account workers,473
E05013625,Isleworth,13,"White: English, Welsh, Scottish, Northern Irish or British",6,L10 and L11: Lower supervisory and technical occupations,197
E05013625,Isleworth,13,"White: English, Welsh, Scottish, Northern Irish or British",7,L12: Semi-routine occupations,415
E05013625,Isleworth,13,"White: English, Welsh, Scottish, Northern Irish or British",8,L13: Routine occupations,432
E05013625,Isleworth,13,"White: English, Welsh, Scottish, Northern Irish or British",9,L14.1: Never worked,272
E05013625,Isleworth,13,"White: English, Welsh, Scottish, Northern Irish or British",10,L14.2: Long-term unemployed,53
E05013625,Isleworth,13,"White: English, Welsh, Scottish, Northern Irish or British",11,L15: Full-time students,234
E05013625,Isleworth,14,White: Irish,-8,Does not apply,11
E05013625,Isleworth,14,White: Irish,1,L1 and L2: Large employers and higher managerial and administrative occupations,18
E05013625,Isleworth,14,White: Irish,2,L3: Higher professional occupations,35
E05013625,Isleworth,14,White: Irish,3,"L4, L5 and L6: Lower managerial, administrative and professional occupations",89
E05013625,Isleworth,14,White: Irish,4,L7: Intermediate occupations,33
E05013625,Isleworth,14,White: Irish,5,L8 and L9: Small employers and own account workers,30
E05013625,Isleworth,14,White: Irish,6,L10 and L11: Lower supervisory and technical occupations,10
E05013625,Isleworth,14,White: Irish,7,L12: Semi-routine occupations,22
E05013625,Isleworth,14,White: Irish,8,L13: Routine occupations,19
E05013625,Isleworth,14,White: Irish,9,L14.1: Never worked,17
E05013625,Isleworth,14,White: Irish,10,L14.2: Long-term unemployed,3
E05013625,Isleworth,14,White: Irish,11,L15: Full-time students,4
E05013625,Isleworth,15,White: Gypsy or Irish Traveller,-8,Does not apply,4
E05013625,Isleworth,15,White: Gypsy or Irish Traveller,1,L1 and L2: Large employers and higher managerial and administrative occupations,0
E05013625,Isleworth,15,White: Gypsy or Irish Traveller,2,L3: Higher professional occupations,0
E05013625,Isleworth,15,White: Gypsy or Irish Traveller,3,"L4, L5 and L6: Lower managerial, administrative and professional occupations",1
E05013625,Isleworth,15,White: Gypsy or Irish Traveller,4,L7: Intermediate occupations,0
E05013625,Isleworth,15,White: Gypsy or Irish Traveller,5,L8 and L9: Small employers and own account workers,0
E05013625,Isleworth,15,White: Gypsy or Irish Traveller,6,L10 and L11: Lower supervisory and technical occupations,0
E05013625,Isleworth,15,White: Gypsy or Irish Traveller,7,L12: Semi-routine occupations,1
E05013625,Isleworth,15,White: Gypsy or Irish Traveller,8,L13: Routine occupations,2
E05013625,Isleworth,15,White: Gypsy or Irish Traveller,9,L14.1: Never worked,0
E05013625,Isleworth,15,White: Gypsy or Irish Traveller,10,L14.2: Long-term unemployed,0
E05013625,Isleworth,15,White: Gypsy or Irish Traveller,11,L15: Full-time students,0
E05013625,Isleworth,16,White: Roma,-8,Does not apply,3
E05013625,Isleworth,16,White: Roma,1,L1 and L2: Large employers and higher managerial and administrative occupations,0
E05013625,Isleworth,16,White: Roma,2,L3: Higher professional occupations,1
E05013625,Isleworth,16,White: Roma,3,"L4, L5 and L6: Lower managerial, administrative and professional occupations",4
E05013625,Isleworth,16,White: Roma,4,L7: Intermediate occupations,1
E05013625,Isleworth,16,White: Roma,5,L8 and L9: Small employers and own account workers,10
E05013625,Isleworth,16,White: Roma,6,L10 and L11: Lower supervisory and technical occupations,5
E05013625,Isleworth,16,White: Roma,7,L12: Semi-routine occupations,2
E05013625,Isleworth,16,White: Roma,8,L13: Routine occupations,7
E05013625,Isleworth,16,White: Roma,9,L14.1: Never worked,2
E05013625,Isleworth,16,White: Roma,10,L14.2: Long-term unemployed,0
E05013625,Isleworth,16,White: Roma,11,L15: Full-time students,4
E05013625,Isleworth,17,White: Other White,-8,Does not apply,332
E05013625,Isleworth,17,White: Other White,1,L1 and L2: Large employers and higher managerial and administrative occupations,91
E05013625,Isleworth,17,White: Other White,2,L3: Higher professional occupations,219
E05013625,Isleworth,17,White: Other White,3,"L4, L5 and L6: Lower managerial, administrative and professional occupations",339
E05013625,Isleworth,17,White: Other White,4,L7: Intermediate occupations,139
E05013625,Isleworth,17,White: Other White,5,L8 and L9: Small employers and own account workers,343
E05013625,Isleworth,17,White: Other White,6,L10 and L11: Lower supervisory and technical occupations,88
E05013625,Isleworth,17,White: Other White,7,L12: Semi-routine occupations,120
E05013625,Isleworth,17,White: Other White,8,L13: Routine occupations,188
E05013625,Isleworth,17,White: Other White,9,L14.1: Never worked,49
E05013625,Isleworth,17,White: Other White,10,L14.2: Long-term unemployed,24
E05013625,Isleworth,17,White: Other White,11,L15: Full-time students,101
E05013625,Isleworth,18,Other ethnic group: Arab,-8,Does not apply,82
E05013625,Isleworth,18,Other ethnic group: Arab,1,L1 and L2: Large employers and higher managerial and administrative occupations,5
E05013625,Isleworth,18,Other ethnic group: Arab,2,L3: Higher professional occupations,20
E05013625,Isleworth,18,Other ethnic group: Arab,3,"L4, L5 and L6: Lower managerial, administrative and professional occupations",26
E05013625,Isleworth,18,Other ethnic group: Arab,4,L7: Intermediate occupations,18
E05013625,Isleworth,18,Other ethnic group: Arab,5,L8 and L9: Small employers and own account workers,21
E05013625,Isleworth,18,Other ethnic group: Arab,6,L10 and L11: Lower supervisory and technical occupations,8
E05013625,Isleworth,18,Other ethnic group: Arab,7,L12: Semi-routine occupations,21
E05013625,Isleworth,18,Other ethnic group: Arab,8,L13: Routine occupations,17
E05013625,Isleworth,18,Other ethnic group: Arab,9,L14.1: Never worked,46
E05013625,Isleworth,18,Other ethnic group: Arab,10,L14.2: Long-term unemployed,3
E05013625,Isleworth,18,Other ethnic group: Arab,11,L15: Full-time students,29
E05013625,Isleworth,19,Other ethnic group: Any other ethnic group,-8,Does not apply,89
E05013625,Isleworth,19,Other ethnic group: Any other ethnic group,1,L1 and L2: Large employers and higher managerial and administrative occupations,6
E05013625,Isleworth,19,Other ethnic group: Any other ethnic group,2,L3: Higher professional occupations,41
E05013625,Isleworth,19,Other ethnic group: Any other ethnic group,3,"L4, L5 and L6: Lower managerial, administrative and professional occupations",54
E05013625,Isleworth,19,Other ethnic group: Any other ethnic group,4,L7: Intermediate occupations,38
E05013625,Isleworth,19,Other ethnic group: Any other ethnic group,5,L8 and L9: Small employers and own account workers,44
E05013625,Isleworth,19,Other ethnic group: Any other ethnic group,6,L10 and L11: Lower supervisory and technical occupations,18
E05013625,Isleworth,19,Other ethnic group: Any other ethnic group,7,L12: Semi-routine occupations,27
E05013625,Isleworth,19,Other ethnic group: Any other ethnic group,8,L13: Routine occupations,37
E05013625,Isleworth,19,Other ethnic group: Any other ethnic group,9,L14.1: Never worked,59
E05013625,Isleworth,19,Other ethnic group: Any other ethnic group,10,L14.2: Long-term unemployed,8
E05013625,Isleworth,19,Other ethnic group: Any other ethnic group,11,L15: Full-time students,55
E05013626,Osterley & Spring Grove,-8,Does not apply,-8,Does not apply,0
E05013626,Osterley & Spring Grove,-8,Does not apply,1,L1 and L2: Large employers and higher managerial and administrative occupations,0
E05013626,Osterley & Spring Grove,-8,Does not apply,2,L3: Higher professional occupations,0
E05013626,Osterley & Spring Grove,-8,Does not apply,3,"L4, L5 and L6: Lower managerial, administrative and professional occupations",0
E05013626,Osterley & Spring Grove,-8,Does not apply,4,L7: Intermediate occupations,0
E05013626,Osterley & Spring Grove,-8,Does not apply,5,L8 and L9: Small employers and own account workers,0
E05013626,Osterley & Spring Grove,-8,Does not apply,6,L10 and L11: Lower supervisory and technical occupations,0
E05013626,Osterley & Spring Grove,-8,Does not apply,7,L12: Semi-routine occupations,0
E05013626,Osterley & Spring Grove,-8,Does not apply,8,L13: Routine occupations,0
E05013626,Osterley & Spring Grove,-8,Does not apply,9,L14.1: Never worked,0
E05013626,Osterley & Spring Grove,-8,Does not apply,10,L14.2: Long-term unemployed,0
E05013626,Osterley & Spring Grove,-8,Does not apply,11,L15: Full-time students,0
E05013626,Osterley & Spring Grove,1,"Asian, Asian British or Asian Welsh: Bangladeshi",-8,Does not apply,23
E05013626,Osterley & Spring Grove,1,"Asian, Asian British or Asian Welsh: Bangladeshi",1,L1 and L2: Large employers and higher managerial and administrative occupations,1
E05013626,Osterley & Spring Grove,1,"Asian, Asian British or Asian Welsh: Bangladeshi",2,L3: Higher professional occupations,14
E05013626,Osterley & Spring Grove,1,"Asian, Asian British or Asian Welsh: Bangladeshi",3,"L4, L5 and L6: Lower managerial, administrative and professional occupations",16
E05013626,Osterley & Spring Grove,1,"Asian, Asian British or Asian Welsh: Bangladeshi",4,L7: Intermediate occupations,4
E05013626,Osterley & Spring Grove,1,"Asian, Asian British or Asian Welsh: Bangladeshi",5,L8 and L9: Small employers and own account workers,7
E05013626,Osterley & Spring Grove,1,"Asian, Asian British or Asian Welsh: Bangladeshi",6,L10 and L11: Lower supervisory and technical occupations,3
E05013626,Osterley & Spring Grove,1,"Asian, Asian British or Asian Welsh: Bangladeshi",7,L12: Semi-routine occupations,9
E05013626,Osterley & Spring Grove,1,"Asian, Asian British or Asian Welsh: Bangladeshi",8,L13: Routine occupations,5
E05013626,Osterley & Spring Grove,1,"Asian, Asian British or Asian Welsh: Bangladeshi",9,L14.1: Never worked,15
E05013626,Osterley & Spring Grove,1,"Asian, Asian British or Asian Welsh: Bangladeshi",10,L14.2: Long-term unemployed,1
E05013626,Osterley & Spring Grove,1,"Asian, Asian British or Asian Welsh: Bangladeshi",11,L15: Full-time students,7
E05013626,Osterley & Spring Grove,2,"Asian, Asian British or Asian Welsh: Chinese",-8,Does not apply,23
E05013626,Osterley & Spring Grove,2,"Asian, Asian British or Asian Welsh: Chinese",1,L1 and L2: Large employers and higher managerial and administrative occupations,6
E05013626,Osterley & Spring Grove,2,"Asian, Asian British or Asian Welsh: Chinese",2,L3: Higher professional occupations,30
E05013626,Osterley & Spring Grove,2,"Asian, Asian British or Asian Welsh: Chinese",3,"L4, L5 and L6: Lower managerial, administrative and professional occupations",33
E05013626,Osterley & Spring Grove,2,"Asian, Asian British or Asian Welsh: Chinese",4,L7: Intermediate occupations,14
E05013626,Osterley & Spring Grove,2,"Asian, Asian British or Asian Welsh: Chinese",5,L8 and L9: Small employers and own account workers,11
E05013626,Osterley & Spring Grove,2,"Asian, Asian British or Asian Welsh: Chinese",6,L10 and L11: Lower supervisory and technical occupations,6
E05013626,Osterley & Spring Grove,2,"Asian, Asian British or Asian Welsh: Chinese",7,L12: Semi-routine occupations,11
E05013626,Osterley & Spring Grove,2,"Asian, Asian British or Asian Welsh: Chinese",8,L13: Routine occupations,4
E05013626,Osterley & Spring Grove,2,"Asian, Asian British or Asian Welsh: Chinese",9,L14.1: Never worked,9
E05013626,Osterley & Spring Grove,2,"Asian, Asian British or Asian Welsh: Chinese",10,L14.2: Long-term unemployed,1
E05013626,Osterley & Spring Grove,2,"Asian, Asian British or Asian Welsh: Chinese",11,L15: Full-time students,6
E05013626,Osterley & Spring Grove,3,"Asian, Asian British or Asian Welsh: Indian",-8,Does not apply,624
E05013626,Osterley & Spring Grove,3,"Asian, Asian British or Asian Welsh: Indian",1,L1 and L2: Large employers and higher managerial and administrative occupations,205
E05013626,Osterley & Spring Grove,3,"Asian, Asian British or Asian Welsh: Indian",2,L3: Higher professional occupations,619
E05013626,Osterley & Spring Grove,3,"Asian, Asian British or Asian Welsh: Indian",3,"L4, L5 and L6: Lower managerial, administrative and professional occupations",703
E05013626,Osterley & Spring Grove,3,"Asian, Asian British or Asian Welsh: Indian",4,L7: Intermediate occupations,375
E05013626,Osterley & Spring Grove,3,"Asian, Asian British or Asian Welsh: Indian",5,L8 and L9: Small employers and own account workers,294
E05013626,Osterley & Spring Grove,3,"Asian, Asian British or Asian Welsh: Indian",6,L10 and L11: Lower supervisory and technical occupations,80
E05013626,Osterley & Spring Grove,3,"Asian, Asian British or Asian Welsh: Indian",7,L12: Semi-routine occupations,156
E05013626,Osterley & Spring Grove,3,"Asian, Asian British or Asian Welsh: Indian",8,L13: Routine occupations,180
E05013626,Osterley & Spring Grove,3,"Asian, Asian British or Asian Welsh: Indian",9,L14.1: Never worked,179
E05013626,Osterley & Spring Grove,3,"Asian, Asian British or Asian Welsh: Indian",10,L14.2: Long-term unemployed,40
E05013626,Osterley & Spring Grove,3,"Asian, Asian British or Asian Welsh: Indian",11,L15: Full-time students,245
E05013626,Osterley & Spring Grove,4,"Asian, Asian British or Asian Welsh: Pakistani",-8,Does not apply,237
E05013626,Osterley & Spring Grove,4,"Asian, Asian British or Asian Welsh: Pakistani",1,L1 and L2: Large employers and higher managerial and administrative occupations,48
E05013626,Osterley & Spring Grove,4,"Asian, Asian British or Asian Welsh: Pakistani",2,L3: Higher professional occupations,119
E05013626,Osterley & Spring Grove,4,"Asian, Asian British or Asian Welsh: Pakistani",3,"L4, L5 and L6: Lower managerial, administrative and professional occupations",137
E05013626,Osterley & Spring Grove,4,"Asian, Asian British or Asian Welsh: Pakistani",4,L7: Intermediate occupations,72
E05013626,Osterley & Spring Grove,4,"Asian, Asian British or Asian Welsh: Pakistani",5,L8 and L9: Small employers and own account workers,80
E05013626,Osterley & Spring Grove,4,"Asian, Asian British or Asian Welsh: Pakistani",6,L10 and L11: Lower supervisory and technical occupations,17
E05013626,Osterley & Spring Grove,4,"Asian, Asian British or Asian Welsh: Pakistani",7,L12: Semi-routine occupations,57
E05013626,Osterley & Spring Grove,4,"Asian, Asian British or Asian Welsh: Pakistani",8,L13: Routine occupations,34
E05013626,Osterley & Spring Grove,4,"Asian, Asian British or Asian Welsh: Pakistani",9,L14.1: Never worked,96
E05013626,Osterley & Spring Grove,4,"Asian, Asian British or Asian Welsh: Pakistani",10,L14.2: Long-term unemployed,16
E05013626,Osterley & Spring Grove,4,"Asian, Asian British or Asian Welsh: Pakistani",11,L15: Full-time students,67
E05013626,Osterley & Spring Grove,5,"Asian, Asian British or Asian Welsh: Other Asian",-8,Does not apply,137
E05013626,Osterley & Spring Grove,5,"Asian, Asian British or Asian Welsh: Other Asian",1,L1 and L2: Large employers and higher managerial and administrative occupations,22
E05013626,Osterley & Spring Grove,5,"Asian, Asian British or Asian Welsh: Other Asian",2,L3: Higher professional occupations,71
E05013626,Osterley & Spring Grove,5,"Asian, Asian British or Asian Welsh: Other Asian",3,"L4, L5 and L6: Lower managerial, administrative and professional occupations",146
E05013626,Osterley & Spring Grove,5,"Asian, Asian British or Asian Welsh: Other Asian",4,L7: Intermediate occupations,64
E05013626,Osterley & Spring Grove,5,"Asian, Asian British or Asian Welsh: Other Asian",5,L8 and L9: Small employers and own account workers,67
E05013626,Osterley & Spring Grove,5,"Asian, Asian British or Asian Welsh: Other Asian",6,L10 and L11: Lower supervisory and technical occupations,32
E05013626,Osterley & Spring Grove,5,"Asian, Asian British or Asian Welsh: Other Asian",7,L12: Semi-routine occupations,62
E05013626,Osterley & Spring Grove,5,"Asian, Asian British or Asian Welsh: Other Asian",8,L13: Routine occupations,50
E05013626,Osterley & Spring Grove,5,"Asian, Asian British or Asian Welsh: Other Asian",9,L14.1: Never worked,61
E05013626,Osterley & Spring Grove,5,"Asian, Asian British or Asian Welsh: Other Asian",10,L14.2: Long-term unemployed,16
E05013626,Osterley & Spring Grove,5,"Asian, Asian British or Asian Welsh: Other Asian",11,L15: Full-time students,50
E05013626,Osterley & Spring Grove,6,"Black, Black British, Black Welsh, Caribbean or African: African",-8,Does not apply,137
E05013626,Osterley & Spring Grove,6,"Black, Black British, Black Welsh, Caribbean or African: African",1,L1 and L2: Large employers and higher managerial and administrative occupations,13
E05013626,Osterley & Spring Grove,6,"Black, Black British, Black Welsh, Caribbean or African: African",2,L3: Higher professional occupations,40
E05013626,Osterley & Spring Grove,6,"Black, Black British, Black Welsh, Caribbean or African: African",3,"L4, L5 and L6: Lower managerial, administrative and professional occupations",69
E05013626,Osterley & Spring Grove,6,"Black, Black British, Black Welsh, Caribbean or African: African",4,L7: Intermediate occupations,32
E05013626,Osterley & Spring Grove,6,"Black, Black British, Black Welsh, Caribbean or African: African",5,L8 and L9: Small employers and own account workers,26
E05013626,Osterley & Spring Grove,6,"Black, Black British, Black Welsh, Caribbean or African: African",6,L10 and L11: Lower supervisory and technical occupations,12
E05013626,Osterley & Spring Grove,6,"Black, Black British, Black Welsh, Caribbean or African: African",7,L12: Semi-routine occupations,38
E05013626,Osterley & Spring Grove,6,"Black, Black British, Black Welsh, Caribbean or African: African",8,L13: Routine occupations,32
E05013626,Osterley & Spring Grove,6,"Black, Black British, Black Welsh, Caribbean or African: African",9,L14.1: Never worked,43
E05013626,Osterley & Spring Grove,6,"Black, Black British, Black Welsh, Caribbean or African: African",10,L14.2: Long-term unemployed,4
E05013626,Osterley & Spring Grove,6,"Black, Black British, Black Welsh, Caribbean or African: African",11,L15: Full-time students,45
E05013626,Osterley & Spring Grove,7,"Black, Black British, Black Welsh, Caribbean or African: Caribbean",-8,Does not apply,28
E05013626,Osterley & Spring Grove,7,"Black, Black British, Black Welsh, Caribbean or African: Caribbean",1,L1 and L2: Large employers and higher managerial and administrative occupations,7
E05013626,Osterley & Spring Grove,7,"Black, Black British, Black Welsh, Caribbean or African: Caribbean",2,L3: Higher professional occupations,12
E05013626,Osterley & Spring Grove,7,"Black, Black British, Black Welsh, Caribbean or African: Caribbean",3,"L4, L5 and L6: Lower managerial, administrative and professional occupations",45
E05013626,Osterley & Spring Grove,7,"Black, Black British, Black Welsh, Caribbean or African: Caribbean",4,L7: Intermediate occupations,26
E05013626,Osterley & Spring Grove,7,"Black, Black British, Black Welsh, Caribbean or African: Caribbean",5,L8 and L9: Small employers and own account workers,8
E05013626,Osterley & Spring Grove,7,"Black, Black British, Black Welsh, Caribbean or African: Caribbean",6,L10 and L11: Lower supervisory and technical occupations,7
E05013626,Osterley & Spring Grove,7,"Black, Black British, Black Welsh, Caribbean or African: Caribbean",7,L12: Semi-routine occupations,15
E05013626,Osterley & Spring Grove,7,"Black, Black British, Black Welsh, Caribbean or African: Caribbean",8,L13: Routine occupations,17
E05013626,Osterley & Spring Grove,7,"Black, Black British, Black Welsh, Caribbean or African: Caribbean",9,L14.1: Never worked,3
E05013626,Osterley & Spring Grove,7,"Black, Black British, Black Welsh, Caribbean or African: Caribbean",10,L14.2: Long-term unemployed,1
E05013626,Osterley & Spring Grove,7,"Black, Black British, Black Welsh, Caribbean or African: Caribbean",11,L15: Full-time students,22
E05013626,Osterley & Spring Grove,8,"Black, Black British, Black Welsh, Caribbean or African: Other Black",-8,Does not apply,23
E05013626,Osterley & Spring Grove,8,"Black, Black British, Black Welsh, Caribbean or African: Other Black",1,L1 and L2: Large employers and higher managerial and administrative occupations,0
E05013626,Osterley & Spring Grove,8,"Black, Black British, Black Welsh, Caribbean or African: Other Black",2,L3: Higher professional occupations,7
E05013626,Osterley & Spring Grove,8,"Black, Black British, Black Welsh, Caribbean or African: Other Black",3,"L4, L5 and L6: Lower managerial, administrative and professional occupations",9
E05013626,Osterley & Spring Grove,8,"Black, Black British, Black Welsh, Caribbean or African: Other Black",4,L7: Intermediate occupations,3
E05013626,Osterley & Spring Grove,8,"Black, Black British, Black Welsh, Caribbean or African: Other Black",5,L8 and L9: Small employers and own account workers,5
E05013626,Osterley & Spring Grove,8,"Black, Black British, Black Welsh, Caribbean or African: Other Black",6,L10 and L11: Lower supervisory and technical occupations,1
E05013626,Osterley & Spring Grove,8,"Black, Black British, Black Welsh, Caribbean or African: Other Black",7,L12: Semi-routine occupations,2
E05013626,Osterley & Spring Grove,8,"Black, Black British, Black Welsh, Caribbean or African: Other Black",8,L13: Routine occupations,2
E05013626,Osterley & Spring Grove,8,"Black, Black British, Black Welsh, Caribbean or African: Other Black",9,L14.1: Never worked,5
E05013626,Osterley & Spring Grove,8,"Black, Black British, Black Welsh, Caribbean or African: Other Black",10,L14.2: Long-term unemployed,0
E05013626,Osterley & Spring Grove,8,"Black, Black British, Black Welsh, Caribbean or African: Other Black",11,L15: Full-time students,13
E05013626,Osterley & Spring Grove,9,Mixed or Multiple ethnic groups: White and Asian,-8,Does not apply,142
E05013626,Osterley & Spring Grove,9,Mixed or Multiple ethnic groups: White and Asian,1,L1 and L2: Large employers and higher managerial and administrative occupations,6
E05013626,Osterley & Spring Grove,9,Mixed or Multiple ethnic groups: White and Asian,2,L3: Higher professional occupations,22
E05013626,Osterley & Spring Grove,9,Mixed or Multiple ethnic groups: White and Asian,3,"L4, L5 and L6: Lower managerial, administrative and professional occupations",24
E05013626,Osterley & Spring Grove,9,Mixed or Multiple ethnic groups: White and Asian,4,L7: Intermediate occupations,18
E05013626,Osterley & Spring Grove,9,Mixed or Multiple ethnic groups: White and Asian,5,L8 and L9: Small employers and own account workers,11
E05013626,Osterley & Spring Grove,9,Mixed or Multiple ethnic groups: White and Asian,6,L10 and L11: Lower supervisory and technical occupations,3
E05013626,Osterley & Spring Grove,9,Mixed or Multiple ethnic groups: White and Asian,7,L12: Semi-routine occupations,10
E05013626,Osterley & Spring Grove,9,Mixed or Multiple ethnic groups: White and Asian,8,L13: Routine occupations,6
E05013626,Osterley & Spring Grove,9,Mixed or Multiple ethnic groups: White and Asian,9,L14.1: Never worked,5
E05013626,Osterley & Spring Grove,9,Mixed or Multiple ethnic groups: White and Asian,10,L14.2: Long-term unemployed,2
E05013626,Osterley & Spring Grove,9,Mixed or Multiple ethnic groups: White and Asian,11,L15: Full-time students,28
E05013626,Osterley & Spring Grove,10,Mixed or Multiple ethnic groups: White and Black African,-8,Does not apply,40
E05013626,Osterley & Spring Grove,10,Mixed or Multiple ethnic groups: White and Black African,1,L1 and L2: Large employers and higher managerial and administrative occupations,0
E05013626,Osterley & Spring Grove,10,Mixed or Multiple ethnic groups: White and Black African,2,L3: Higher professional occupations,8
E05013626,Osterley & Spring Grove,10,Mixed or Multiple ethnic groups: White and Black African,3,"L4, L5 and L6: Lower managerial, administrative and professional occupations",13
E05013626,Osterley & Spring Grove,10,Mixed or Multiple ethnic groups: White and Black African,4,L7: Intermediate occupations,11
E05013626,Osterley & Spring Grove,10,Mixed or Multiple ethnic groups: White and Black African,5,L8 and L9: Small employers and own account workers,10
E05013626,Osterley & Spring Grove,10,Mixed or Multiple ethnic groups: White and Black African,6,L10 and L11: Lower supervisory and technical occupations,3
E05013626,Osterley & Spring Grove,10,Mixed or Multiple ethnic groups: White and Black African,7,L12: Semi-routine occupations,6
E05013626,Osterley & Spring Grove,10,Mixed or Multiple ethnic groups: White and Black African,8,L13: Routine occupations,5
E05013626,Osterley & Spring Grove,10,Mixed or Multiple ethnic groups: White and Black African,9,L14.1: Never worked,7
E05013626,Osterley & Spring Grove,10,Mixed or Multiple ethnic groups: White and Black African,10,L14.2: Long-term unemployed,1
E05013626,Osterley & Spring Grove,10,Mixed or Multiple ethnic groups: White and Black African,11,L15: Full-time students,4
E05013626,Osterley & Spring Grove,11,Mixed or Multiple ethnic groups: White and Black Caribbean,-8,Does not apply,48
E05013626,Osterley & Spring Grove,11,Mixed or Multiple ethnic groups: White and Black Caribbean,1,L1 and L2: Large employers and higher managerial and administrative occupations,2
E05013626,Osterley & Spring Grove,11,Mixed or Multiple ethnic groups: White and Black Caribbean,2,L3: Higher professional occupations,10
E05013626,Osterley & Spring Grove,11,Mixed or Multiple ethnic groups: White and Black Caribbean,3,"L4, L5 and L6: Lower managerial, administrative and professional occupations",9
E05013626,Osterley & Spring Grove,11,Mixed or Multiple ethnic groups: White and Black Caribbean,4,L7: Intermediate occupations,9
E05013626,Osterley & Spring Grove,11,Mixed or Multiple ethnic groups: White and Black Caribbean,5,L8 and L9: Small employers and own account workers,3
E05013626,Osterley & Spring Grove,11,Mixed or Multiple ethnic groups: White and Black Caribbean,6,L10 and L11: Lower supervisory and technical occupations,3
E05013626,Osterley & Spring Grove,11,Mixed or Multiple ethnic groups: White and Black Caribbean,7,L12: Semi-routine occupations,9
E05013626,Osterley & Spring Grove,11,Mixed or Multiple ethnic groups: White and Black Caribbean,8,L13: Routine occupations,7
E05013626,Osterley & Spring Grove,11,Mixed or Multiple ethnic groups: White and Black Caribbean,9,L14.1: Never worked,5
E05013626,Osterley & Spring Grove,11,Mixed or Multiple ethnic groups: White and Black Caribbean,10,L14.2: Long-term unemployed,0
E05013626,Osterley & Spring Grove,11,Mixed or Multiple ethnic groups: White and Black Caribbean,11,L15: Full-time students,10
E05013626,Osterley & Spring Grove,12,Mixed or Multiple ethnic groups: Other Mixed or Multiple ethnic groups,-8,Does not apply,102
E05013626,Osterley & Spring Grove,12,Mixed or Multiple ethnic groups: Other Mixed or Multiple ethnic groups,1,L1 and L2: Large employers and higher managerial and administrative occupations,6
E05013626,Osterley & Spring Grove,12,Mixed or Multiple ethnic groups: Other Mixed or Multiple ethnic groups,2,L3: Higher professional occupations,15
E05013626,Osterley & Spring Grove,12,Mixed or Multiple ethnic groups: Other Mixed or Multiple ethnic groups,3,"L4, L5 and L6: Lower managerial, administrative and professional occupations",28
E05013626,Osterley & Spring Grove,12,Mixed or Multiple ethnic groups: Other Mixed or Multiple ethnic groups,4,L7: Intermediate occupations,16
E05013626,Osterley & Spring Grove,12,Mixed or Multiple ethnic groups: Other Mixed or Multiple ethnic groups,5,L8 and L9: Small employers and own account workers,18
E05013626,Osterley & Spring Grove,12,Mixed or Multiple ethnic groups: Other Mixed or Multiple ethnic groups,6,L10 and L11: Lower supervisory and technical occupations,8
E05013626,Osterley & Spring Grove,12,Mixed or Multiple ethnic groups: Other Mixed or Multiple ethnic groups,7,L12: Semi-routine occupations,5
E05013626,Osterley & Spring Grove,12,Mixed or Multiple ethnic groups: Other Mixed or Multiple ethnic groups,8,L13: Routine occupations,10
E05013626,Osterley & Spring Grove,12,Mixed or Multiple ethnic groups: Other Mixed or Multiple ethnic groups,9,L14.1: Never worked,6
E05013626,Osterley & Spring Grove,12,Mixed or Multiple ethnic groups: Other Mixed or Multiple ethnic groups,10,L14.2: Long-term unemployed,6
E05013626,Osterley & Spring Grove,12,Mixed or Multiple ethnic groups: Other Mixed or Multiple ethnic groups,11,L15: Full-time students,19
E05013626,Osterley & Spring Grove,13,"White: English, Welsh, Scottish, Northern Irish or British",-8,Does not apply,601
E05013626,Osterley & Spring Grove,13,"White: English, Welsh, Scottish, Northern Irish or British",1,L1 and L2: Large employers and higher managerial and administrative occupations,199
E05013626,Osterley & Spring Grove,13,"White: English, Welsh, Scottish, Northern Irish or British",2,L3: Higher professional occupations,410
E05013626,Osterley & Spring Grove,13,"White: English, Welsh, Scottish, Northern Irish or British",3,"L4, L5 and L6: Lower managerial, administrative and professional occupations",765
E05013626,Osterley & Spring Grove,13,"White: English, Welsh, Scottish, Northern Irish or British",4,L7: Intermediate occupations,360
E05013626,Osterley & Spring Grove,13,"White: English, Welsh, Scottish, Northern Irish or British",5,L8 and L9: Small employers and own account workers,320
E05013626,Osterley & Spring Grove,13,"White: English, Welsh, Scottish, Northern Irish or British",6,L10 and L11: Lower supervisory and technical occupations,124
E05013626,Osterley & Spring Grove,13,"White: English, Welsh, Scottish, Northern Irish or British",7,L12: Semi-routine occupations,204
E05013626,Osterley & Spring Grove,13,"White: English, Welsh, Scottish, Northern Irish or British",8,L13: Routine occupations,178
E05013626,Osterley & Spring Grove,13,"White: English, Welsh, Scottish, Northern Irish or British",9,L14.1: Never worked,154
E05013626,Osterley & Spring Grove,13,"White: English, Welsh, Scottish, Northern Irish or British",10,L14.2: Long-term unemployed,48
E05013626,Osterley & Spring Grove,13,"White: English, Welsh, Scottish, Northern Irish or British",11,L15: Full-time students,138
E05013626,Osterley & Spring Grove,14,White: Irish,-8,Does not apply,34
E05013626,Osterley & Spring Grove,14,White: Irish,1,L1 and L2: Large employers and higher managerial and administrative occupations,19
E05013626,Osterley & Spring Grove,14,White: Irish,2,L3: Higher professional occupations,45
E05013626,Osterley & Spring Grove,14,White: Irish,3,"L4, L5 and L6: Lower managerial, administrative and professional occupations",70
E05013626,Osterley & Spring Grove,14,White: Irish,4,L7: Intermediate occupations,22
E05013626,Osterley & Spring Grove,14,White: Irish,5,L8 and L9: Small employers and own account workers,31
E05013626,Osterley & Spring Grove,14,White: Irish,6,L10 and L11: Lower supervisory and technical occupations,11
E05013626,Osterley & Spring Grove,14,White: Irish,7,L12: Semi-routine occupations,20
E05013626,Osterley & Spring Grove,14,White: Irish,8,L13: Routine occupations,18
E05013626,Osterley & Spring Grove,14,White: Irish,9,L14.1: Never worked,14
E05013626,Osterley & Spring Grove,14,White: Irish,10,L14.2: Long-term unemployed,3
E05013626,Osterley & Spring Grove,14,White: Irish,11,L15: Full-time students,11
E05013626,Osterley & Spring Grove,15,White: Gypsy or Irish Traveller,-8,Does not apply,0
E05013626,Osterley & Spring Grove,15,White: Gypsy or Irish Traveller,1,L1 and L2: Large employers and higher managerial and administrative occupations,0
E05013626,Osterley & Spring Grove,15,White: Gypsy or Irish Traveller,2,L3: Higher professional occupations,1
E05013626,Osterley & Spring Grove,15,White: Gypsy or Irish Traveller,3,"L4, L5 and L6: Lower managerial, administrative and professional occupations",0
E05013626,Osterley & Spring Grove,15,White: Gypsy or Irish Traveller,4,L7: Intermediate occupations,0
E05013626,Osterley & Spring Grove,15,White: Gypsy or Irish Traveller,5,L8 and L9: Small employers and own account workers,0
E05013626,Osterley & Spring Grove,15,White: Gypsy or Irish Traveller,6,L10 and L11: Lower supervisory and technical occupations,0
E05013626,Osterley & Spring Grove,15,White: Gypsy or Irish Traveller,7,L12: Semi-routine occupations,0
E05013626,Osterley & Spring Grove,15,White: Gypsy or Irish Traveller,8,L13: Routine occupations,0
E05013626,Osterley & Spring Grove,15,White: Gypsy or Irish Traveller,9,L14.1: Never worked,0
E05013626,Osterley & Spring Grove,15,White: Gypsy or Irish Traveller,10,L14.2: Long-term unemployed,0
E05013626,Osterley & Spring Grove,15,White: Gypsy or Irish Traveller,11,L15: Full-time students,0
E05013626,Osterley & Spring Grove,16,White: Roma,-8,Does not apply,5
E05013626,Osterley & Spring Grove,16,White: Roma,1,L1 and L2: Large employers and higher managerial and administrative occupations,0
E05013626,Osterley & Spring Grove,16,White: Roma,2,L3: Higher professional occupations,4
E05013626,Osterley & Spring Grove,16,White: Roma,3,"L4, L5 and L6: Lower managerial, administrative and professional occupations",9
E05013626,Osterley & Spring Grove,16,White: Roma,4,L7: Intermediate occupations,6
E05013626,Osterley & Spring Grove,16,White: Roma,5,L8 and L9: Small employers and own account workers,20
E05013626,Osterley & Spring Grove,16,White: Roma,6,L10 and L11: Lower supervisory and technical occupations,5
E05013626,Osterley & Spring Grove,16,White: Roma,7,L12: Semi-routine occupations,2
E05013626,Osterley & Spring Grove,16,White: Roma,8,L13: Routine occupations,7
E05013626,Osterley & Spring Grove,16,White: Roma,9,L14.1: Never worked,5
E05013626,Osterley & Spring Grove,16,White: Roma,10,L14.2: Long-term unemployed,0
E05013626,Osterley & Spring Grove,16,White: Roma,11,L15: Full-time students,7
E05013626,Osterley & Spring Grove,17,White: Other White,-8,Does not apply,290
E05013626,Osterley & Spring Grove,17,White: Other White,1,L1 and L2: Large employers and higher managerial and administrative occupations,70
E05013626,Osterley & Spring Grove,17,White: Other White,2,L3: Higher professional occupations,190
E05013626,Osterley & Spring Grove,17,White: Other White,3,"L4, L5 and L6: Lower managerial, administrative and professional occupations",334
E05013626,Osterley & Spring Grove,17,White: Other White,4,L7: Intermediate occupations,196
E05013626,Osterley & Spring Grove,17,White: Other White,5,L8 and L9: Small employers and own account workers,501
E05013626,Osterley & Spring Grove,17,White: Other White,6,L10 and L11: Lower supervisory and technical occupations,114
E05013626,Osterley & Spring Grove,17,White: Other White,7,L12: Semi-routine occupations,173
E05013626,Osterley & Spring Grove,17,White: Other White,8,L13: Routine occupations,275
E05013626,Osterley & Spring Grove,17,White: Other White,9,L14.1: Never worked,66
E05013626,Osterley & Spring Grove,17,White: Other White,10,L14.2: Long-term unemployed,24
E05013626,Osterley & Spring Grove,17,White: Other White,11,L15: Full-time students,162
E05013626,Osterley & Spring Grove,18,Other ethnic group: Arab,-8,Does not apply,71
E05013626,Osterley & Spring Grove,18,Other ethnic group: Arab,1,L1 and L2: Large employers and higher managerial and administrative occupations,12
E05013626,Osterley & Spring Grove,18,Other ethnic group: Arab,2,L3: Higher professional occupations,38
E05013626,Osterley & Spring Grove,18,Other ethnic group: Arab,3,"L4, L5 and L6: Lower managerial, administrative and professional occupations",26
E05013626,Osterley & Spring Grove,18,Other ethnic group: Arab,4,L7: Intermediate occupations,25
E05013626,Osterley & Spring Grove,18,Other ethnic group: Arab,5,L8 and L9: Small employers and own account workers,44
E05013626,Osterley & Spring Grove,18,Other ethnic group: Arab,6,L10 and L11: Lower supervisory and technical occupations,9
E05013626,Osterley & Spring Grove,18,Other ethnic group: Arab,7,L12: Semi-routine occupations,20
E05013626,Osterley & Spring Grove,18,Other ethnic group: Arab,8,L13: Routine occupations,19
E05013626,Osterley & Spring Grove,18,Other ethnic group: Arab,9,L14.1: Never worked,32
E05013626,Osterley & Spring Grove,18,Other ethnic group: Arab,10,L14.2: Long-term unemployed,5
E05013626,Osterley & Spring Grove,18,Other ethnic group: Arab,11,L15: Full-time students,36
E05013626,Osterley & Spring Grove,19,Other ethnic group: Any other ethnic group,-8,Does not apply,170
E05013626,Osterley & Spring Grove,19,Other ethnic group: Any other ethnic group,1,L1 and L2: Large employers and higher managerial and administrative occupations,39
E05013626,Osterley & Spring Grove,19,Other ethnic group: Any other ethnic group,2,L3: Higher professional occupations,80
E05013626,Osterley & Spring Grove,19,Other ethnic group: Any other ethnic group,3,"L4, L5 and L6: Lower managerial, administrative and professional occupations",130
E05013626,Osterley & Spring Grove,19,Other ethnic group: Any other ethnic group,4,L7: Intermediate occupations,60
E05013626,Osterley & Spring Grove,19,Other ethnic group: Any other ethnic group,5,L8 and L9: Small employers and own account workers,85
E05013626,Osterley & Spring Grove,19,Other ethnic group: Any other ethnic group,6,L10 and L11: Lower supervisory and technical occupations,32
E05013626,Osterley & Spring Grove,19,Other ethnic group: Any other ethnic group,7,L12: Semi-routine occupations,46
E05013626,Osterley & Spring Grove,19,Other ethnic group: Any other ethnic group,8,L13: Routine occupations,62
E05013626,Osterley & Spring Grove,19,Other ethnic group: Any other ethnic group,9,L14.1: Never worked,93
E05013626,Osterley & Spring Grove,19,Other ethnic group: Any other ethnic group,10,L14.2: Long-term unemployed,16
E05013626,Osterley & Spring Grove,19,Other ethnic group: Any other ethnic group,11,L15: Full-time students,38
E05013627,Syon & Brentford Lock,-8,Does not apply,-8,Does not apply,0
E05013627,Syon & Brentford Lock,-8,Does not apply,1,L1 and L2: Large employers and higher managerial and administrative occupations,0
E05013627,Syon & Brentford Lock,-8,Does not apply,2,L3: Higher professional occupations,0
E05013627,Syon & Brentford Lock,-8,Does not apply,3,"L4, L5 and L6: Lower managerial, administrative and professional occupations",0
E05013627,Syon & Brentford Lock,-8,Does not apply,4,L7: Intermediate occupations,0
E05013627,Syon & Brentford Lock,-8,Does not apply,5,L8 and L9: Small employers and own account workers,0
E05013627,Syon & Brentford Lock,-8,Does not apply,6,L10 and L11: Lower supervisory and technical occupations,0
E05013627,Syon & Brentford Lock,-8,Does not apply,7,L12: Semi-routine occupations,0
E05013627,Syon & Brentford Lock,-8,Does not apply,8,L13: Routine occupations,0
E05013627,Syon & Brentford Lock,-8,Does not apply,9,L14.1: Never worked,0
E05013627,Syon & Brentford Lock,-8,Does not apply,10,L14.2: Long-term unemployed,0
E05013627,Syon & Brentford Lock,-8,Does not apply,11,L15: Full-time students,0
E05013627,Syon & Brentford Lock,1,"Asian, Asian British or Asian Welsh: Bangladeshi",-8,Does not apply,20
E05013627,Syon & Brentford Lock,1,"Asian, Asian British or Asian Welsh: Bangladeshi",1,L1 and L2: Large employers and higher managerial and administrative occupations,1
E05013627,Syon & Brentford Lock,1,"Asian, Asian British or Asian Welsh: Bangladeshi",2,L3: Higher professional occupations,8
E05013627,Syon & Brentford Lock,1,"Asian, Asian British or Asian Welsh: Bangladeshi",3,"L4, L5 and L6: Lower managerial, administrative and professional occupations",10
E05013627,Syon & Brentford Lock,1,"Asian, Asian British or Asian Welsh: Bangladeshi",4,L7: Intermediate occupations,13
E05013627,Syon & Brentford Lock,1,"Asian, Asian British or Asian Welsh: Bangladeshi",5,L8 and L9: Small employers and own account workers,6
E05013627,Syon & Brentford Lock,1,"Asian, Asian British or Asian Welsh: Bangladeshi",6,L10 and L11: Lower supervisory and technical occupations,2
E05013627,Syon & Brentford Lock,1,"Asian, Asian British or Asian Welsh: Bangladeshi",7,L12: Semi-routine occupations,7
E05013627,Syon & Brentford Lock,1,"Asian, Asian British or Asian Welsh: Bangladeshi",8,L13: Routine occupations,7
E05013627,Syon & Brentford Lock,1,"Asian, Asian British or Asian Welsh: Bangladeshi",9,L14.1: Never worked,13
E05013627,Syon & Brentford Lock,1,"Asian, Asian British or Asian Welsh: Bangladeshi",10,L14.2: Long-term unemployed,3
E05013627,Syon & Brentford Lock,1,"Asian, Asian British or Asian Welsh: Bangladeshi",11,L15: Full-time students,5
E05013627,Syon & Brentford Lock,2,"Asian, Asian British or Asian Welsh: Chinese",-8,Does not apply,26
E05013627,Syon & Brentford Lock,2,"Asian, Asian British or Asian Welsh: Chinese",1,L1 and L2: Large employers and higher managerial and administrative occupations,9
E05013627,Syon & Brentford Lock,2,"Asian, Asian British or Asian Welsh: Chinese",2,L3: Higher professional occupations,30
E05013627,Syon & Brentford Lock,2,"Asian, Asian British or Asian Welsh: Chinese",3,"L4, L5 and L6: Lower managerial, administrative and professional occupations",38
E05013627,Syon & Brentford Lock,2,"Asian, Asian British or Asian Welsh: Chinese",4,L7: Intermediate occupations,14
E05013627,Syon & Brentford Lock,2,"Asian, Asian British or Asian Welsh: Chinese",5,L8 and L9: Small employers and own account workers,14
E05013627,Syon & Brentford Lock,2,"Asian, Asian British or Asian Welsh: Chinese",6,L10 and L11: Lower supervisory and technical occupations,5
E05013627,Syon & Brentford Lock,2,"Asian, Asian British or Asian Welsh: Chinese",7,L12: Semi-routine occupations,10
E05013627,Syon & Brentford Lock,2,"Asian, Asian British or Asian Welsh: Chinese",8,L13: Routine occupations,2
E05013627,Syon & Brentford Lock,2,"Asian, Asian British or Asian Welsh: Chinese",9,L14.1: Never worked,7
E05013627,Syon & Brentford Lock,2,"Asian, Asian British or Asian Welsh: Chinese",10,L14.2: Long-term unemployed,2
E05013627,Syon & Brentford Lock,2,"Asian, Asian British or Asian Welsh: Chinese",11,L15: Full-time students,10
E05013627,Syon & Brentford Lock,3,"Asian, Asian British or Asian Welsh: Indian",-8,Does not apply,236
E05013627,Syon & Brentford Lock,3,"Asian, Asian British or Asian Welsh: Indian",1,L1 and L2: Large employers and higher managerial and administrative occupations,58
E05013627,Syon & Brentford Lock,3,"Asian, Asian British or Asian Welsh: Indian",2,L3: Higher professional occupations,196
E05013627,Syon & Brentford Lock,3,"Asian, Asian British or Asian Welsh: Indian",3,"L4, L5 and L6: Lower managerial, administrative and professional occupations",267
E05013627,Syon & Brentford Lock,3,"Asian, Asian British or Asian Welsh: Indian",4,L7: Intermediate occupations,82
E05013627,Syon & Brentford Lock,3,"Asian, Asian British or Asian Welsh: Indian",5,L8 and L9: Small employers and own account workers,60
E05013627,Syon & Brentford Lock,3,"Asian, Asian British or Asian Welsh: Indian",6,L10 and L11: Lower supervisory and technical occupations,18
E05013627,Syon & Brentford Lock,3,"Asian, Asian British or Asian Welsh: Indian",7,L12: Semi-routine occupations,46
E05013627,Syon & Brentford Lock,3,"Asian, Asian British or Asian Welsh: Indian",8,L13: Routine occupations,38
E05013627,Syon & Brentford Lock,3,"Asian, Asian British or Asian Welsh: Indian",9,L14.1: Never worked,68
E05013627,Syon & Brentford Lock,3,"Asian, Asian British or Asian Welsh: Indian",10,L14.2: Long-term unemployed,22
E05013627,Syon & Brentford Lock,3,"Asian, Asian British or Asian Welsh: Indian",11,L15: Full-time students,44
E05013627,Syon & Brentford Lock,4,"Asian, Asian British or Asian Welsh: Pakistani",-8,Does not apply,128
E05013627,Syon & Brentford Lock,4,"Asian, Asian British or Asian Welsh: Pakistani",1,L1 and L2: Large employers and higher managerial and administrative occupations,12
E05013627,Syon & Brentford Lock,4,"Asian, Asian British or Asian Welsh: Pakistani",2,L3: Higher professional occupations,35
E05013627,Syon & Brentford Lock,4,"Asian, Asian British or Asian Welsh: Pakistani",3,"L4, L5 and L6: Lower managerial, administrative and professional occupations",70
E05013627,Syon & Brentford Lock,4,"Asian, Asian British or Asian Welsh: Pakistani",4,L7: Intermediate occupations,30
E05013627,Syon & Brentford Lock,4,"Asian, Asian British or Asian Welsh: Pakistani",5,L8 and L9: Small employers and own account workers,38
E05013627,Syon & Brentford Lock,4,"Asian, Asian British or Asian Welsh: Pakistani",6,L10 and L11: Lower supervisory and technical occupations,7
E05013627,Syon & Brentford Lock,4,"Asian, Asian British or Asian Welsh: Pakistani",7,L12: Semi-routine occupations,30
E05013627,Syon & Brentford Lock,4,"Asian, Asian British or Asian Welsh: Pakistani",8,L13: Routine occupations,16
E05013627,Syon & Brentford Lock,4,"Asian, Asian British or Asian Welsh: Pakistani",9,L14.1: Never worked,53
E05013627,Syon & Brentford Lock,4,"Asian, Asian British or Asian Welsh: Pakistani",10,L14.2: Long-term unemployed,10
E05013627,Syon & Brentford Lock,4,"Asian, Asian British or Asian Welsh: Pakistani",11,L15: Full-time students,49
E05013627,Syon & Brentford Lock,5,"Asian, Asian British or Asian Welsh: Other Asian",-8,Does not apply,148
E05013627,Syon & Brentford Lock,5,"Asian, Asian British or Asian Welsh: Other Asian",1,L1 and L2: Large employers and higher managerial and administrative occupations,10
E05013627,Syon & Brentford Lock,5,"Asian, Asian British or Asian Welsh: Other Asian",2,L3: Higher professional occupations,45
E05013627,Syon & Brentford Lock,5,"Asian, Asian British or Asian Welsh: Other Asian",3,"L4, L5 and L6: Lower managerial, administrative and professional occupations",149
E05013627,Syon & Brentford Lock,5,"Asian, Asian British or Asian Welsh: Other Asian",4,L7: Intermediate occupations,43
E05013627,Syon & Brentford Lock,5,"Asian, Asian British or Asian Welsh: Other Asian",5,L8 and L9: Small employers and own account workers,62
E05013627,Syon & Brentford Lock,5,"Asian, Asian British or Asian Welsh: Other Asian",6,L10 and L11: Lower supervisory and technical occupations,21
E05013627,Syon & Brentford Lock,5,"Asian, Asian British or Asian Welsh: Other Asian",7,L12: Semi-routine occupations,58
E05013627,Syon & Brentford Lock,5,"Asian, Asian British or Asian Welsh: Other Asian",8,L13: Routine occupations,46
E05013627,Syon & Brentford Lock,5,"Asian, Asian British or Asian Welsh: Other Asian",9,L14.1: Never worked,74
E05013627,Syon & Brentford Lock,5,"Asian, Asian British or Asian Welsh: Other Asian",10,L14.2: Long-term unemployed,9
E05013627,Syon & Brentford Lock,5,"Asian, Asian British or Asian Welsh: Other Asian",11,L15: Full-time students,56
E05013627,Syon & Brentford Lock,6,"Black, Black British, Black Welsh, Caribbean or African: African",-8,Does not apply,171
E05013627,Syon & Brentford Lock,6,"Black, Black British, Black Welsh, Caribbean or African: African",1,L1 and L2: Large employers and higher managerial and administrative occupations,10
E05013627,Syon & Brentford Lock,6,"Black, Black British, Black Welsh, Caribbean or African: African",2,L3: Higher professional occupations,36
E05013627,Syon & Brentford Lock,6,"Black, Black British, Black Welsh, Caribbean or African: African",3,"L4, L5 and L6: Lower managerial, administrative and professional occupations",78
E05013627,Syon & Brentford Lock,6,"Black, Black British, Black Welsh, Caribbean or African: African",4,L7: Intermediate occupations,48
E05013627,Syon & Brentford Lock,6,"Black, Black British, Black Welsh, Caribbean or African: African",5,L8 and L9: Small employers and own account workers,51
E05013627,Syon & Brentford Lock,6,"Black, Black British, Black Welsh, Caribbean or African: African",6,L10 and L11: Lower supervisory and technical occupations,14
E05013627,Syon & Brentford Lock,6,"Black, Black British, Black Welsh, Caribbean or African: African",7,L12: Semi-routine occupations,64
E05013627,Syon & Brentford Lock,6,"Black, Black British, Black Welsh, Caribbean or African: African",8,L13: Routine occupations,49
E05013627,Syon & Brentford Lock,6,"Black, Black British, Black Welsh, Caribbean or African: African",9,L14.1: Never worked,74
E05013627,Syon & Brentford Lock,6,"Black, Black British, Black Welsh, Caribbean or African: African",10,L14.2: Long-term unemployed,17
E05013627,Syon & Brentford Lock,6,"Black, Black British, Black Welsh, Caribbean or African: African",11,L15: Full-time students,118
E05013627,Syon & Brentford Lock,7,"Black, Black British, Black Welsh, Caribbean or African: Caribbean",-8,Does not apply,11
E05013627,Syon & Brentford Lock,7,"Black, Black British, Black Welsh, Caribbean or African: Caribbean",1,L1 and L2: Large employers and higher managerial and administrative occupations,5
E05013627,Syon & Brentford Lock,7,"Black, Black British, Black Welsh, Caribbean or African: Caribbean",2,L3: Higher professional occupations,7
E05013627,Syon & Brentford Lock,7,"Black, Black British, Black Welsh, Caribbean or African: Caribbean",3,"L4, L5 and L6: Lower managerial, administrative and professional occupations",39
E05013627,Syon & Brentford Lock,7,"Black, Black British, Black Welsh, Caribbean or African: Caribbean",4,L7: Intermediate occupations,21
E05013627,Syon & Brentford Lock,7,"Black, Black British, Black Welsh, Caribbean or African: Caribbean",5,L8 and L9: Small employers and own account workers,15
E05013627,Syon & Brentford Lock,7,"Black, Black British, Black Welsh, Caribbean or African: Caribbean",6,L10 and L11: Lower supervisory and technical occupations,13
E05013627,Syon & Brentford Lock,7,"Black, Black British, Black Welsh, Caribbean or African: Caribbean",7,L12: Semi-routine occupations,23
E05013627,Syon & Brentford Lock,7,"Black, Black British, Black Welsh, Caribbean or African: Caribbean",8,L13: Routine occupations,21
E05013627,Syon & Brentford Lock,7,"Black, Black British, Black Welsh, Caribbean or African: Caribbean",9,L14.1: Never worked,15
E05013627,Syon & Brentford Lock,7,"Black, Black British, Black Welsh, Caribbean or African: Caribbean",10,L14.2: Long-term unemployed,3
E05013627,Syon & Brentford Lock,7,"Black, Black British, Black Welsh, Caribbean or African: Caribbean",11,L15: Full-time students,11
E05013627,Syon & Brentford Lock,8,"Black, Black British, Black Welsh, Caribbean or African: Other Black",-8,Does not apply,32
E05013627,Syon & Brentford Lock,8,"Black, Black British, Black Welsh, Caribbean or African: Other Black",1,L1 and L2: Large employers and higher managerial and administrative occupations,1
E05013627,Syon & Brentford Lock,8,"Black, Black British, Black Welsh, Caribbean or African: Other Black",2,L3: Higher professional occupations,7
E05013627,Syon & Brentford Lock,8,"Black, Black British, Black Welsh, Caribbean or African: Other Black",3,"L4, L5 and L6: Lower managerial, administrative and professional occupations",12
E05013627,Syon & Brentford Lock,8,"Black, Black British, Black Welsh, Caribbean or African: Other Black",4,L7: Intermediate occupations,7
E05013627,Syon & Brentford Lock,8,"Black, Black British, Black Welsh, Caribbean or African: Other Black",5,L8 and L9: Small employers and own account workers,5
E05013627,Syon & Brentford Lock,8,"Black, Black British, Black Welsh, Caribbean or African: Other Black",6,L10 and L11: Lower supervisory and technical occupations,0
E05013627,Syon & Brentford Lock,8,"Black, Black British, Black Welsh, Caribbean or African: Other Black",7,L12: Semi-routine occupations,4
E05013627,Syon & Brentford Lock,8,"Black, Black British, Black Welsh, Caribbean or African: Other Black",8,L13: Routine occupations,4
E05013627,Syon & Brentford Lock,8,"Black, Black British, Black Welsh, Caribbean or African: Other Black",9,L14.1: Never worked,19
E05013627,Syon & Brentford Lock,8,"Black, Black British, Black Welsh, Caribbean or African: Other Black",10,L14.2: Long-term unemployed,10
E05013627,Syon & Brentford Lock,8,"Black, Black British, Black Welsh, Caribbean or African: Other Black",11,L15: Full-time students,15
E05013627,Syon & Brentford Lock,9,Mixed or Multiple ethnic groups: White and Asian,-8,Does not apply,123
E05013627,Syon & Brentford Lock,9,Mixed or Multiple ethnic groups: White and Asian,1,L1 and L2: Large employers and higher managerial and administrative occupations,10
E05013627,Syon & Brentford Lock,9,Mixed or Multiple ethnic groups: White and Asian,2,L3: Higher professional occupations,22
E05013627,Syon & Brentford Lock,9,Mixed or Multiple ethnic groups: White and Asian,3,"L4, L5 and L6: Lower managerial, administrative and professional occupations",30
E05013627,Syon & Brentford Lock,9,Mixed or Multiple ethnic groups: White and Asian,4,L7: Intermediate occupations,10
E05013627,Syon & Brentford Lock,9,Mixed or Multiple ethnic groups: White and Asian,5,L8 and L9: Small employers and own account workers,8
E05013627,Syon & Brentford Lock,9,Mixed or Multiple ethnic groups: White and Asian,6,L10 and L11: Lower supervisory and technical occupations,4
E05013627,Syon & Brentford Lock,9,Mixed or Multiple ethnic groups: White and Asian,7,L12: Semi-routine occupations,18
E05013627,Syon & Brentford Lock,9,Mixed or Multiple ethnic groups: White and Asian,8,L13: Routine occupations,5
E05013627,Syon & Brentford Lock,9,Mixed or Multiple ethnic groups: White and Asian,9,L14.1: Never worked,6
E05013627,Syon & Brentford Lock,9,Mixed or Multiple ethnic groups: White and Asian,10,L14.2: Long-term unemployed,2
E05013627,Syon & Brentford Lock,9,Mixed or Multiple ethnic groups: White and Asian,11,L15: Full-time students,24
E05013627,Syon & Brentford Lock,10,Mixed or Multiple ethnic groups: White and Black African,-8,Does not apply,61
E05013627,Syon & Brentford Lock,10,Mixed or Multiple ethnic groups: White and Black African,1,L1 and L2: Large employers and higher managerial and administrative occupations,4
E05013627,Syon & Brentford Lock,10,Mixed or Multiple ethnic groups: White and Black African,2,L3: Higher professional occupations,6
E05013627,Syon & Brentford Lock,10,Mixed or Multiple ethnic groups: White and Black African,3,"L4, L5 and L6: Lower managerial, administrative and professional occupations",16
E05013627,Syon & Brentford Lock,10,Mixed or Multiple ethnic groups: White and Black African,4,L7: Intermediate occupations,9
E05013627,Syon & Brentford Lock,10,Mixed or Multiple ethnic groups: White and Black African,5,L8 and L9: Small employers and own account workers,8
E05013627,Syon & Brentford Lock,10,Mixed or Multiple ethnic groups: White and Black African,6,L10 and L11: Lower supervisory and technical occupations,5
E05013627,Syon & Brentford Lock,10,Mixed or Multiple ethnic groups: White and Black African,7,L12: Semi-routine occupations,8
E05013627,Syon & Brentford Lock,10,Mixed or Multiple ethnic groups: White and Black African,8,L13: Routine occupations,4
E05013627,Syon & Brentford Lock,10,Mixed or Multiple ethnic groups: White and Black African,9,L14.1: Never worked,4
E05013627,Syon & Brentford Lock,10,Mixed or Multiple ethnic groups: White and Black African,10,L14.2: Long-term unemployed,5
E05013627,Syon & Brentford Lock,10,Mixed or Multiple ethnic groups: White and Black African,11,L15: Full-time students,20
E05013627,Syon & Brentford Lock,11,Mixed or Multiple ethnic groups: White and Black Caribbean,-8,Does not apply,87
E05013627,Syon & Brentford Lock,11,Mixed or Multiple ethnic groups: White and Black Caribbean,1,L1 and L2: Large employers and higher managerial and administrative occupations,2
E05013627,Syon & Brentford Lock,11,Mixed or Multiple ethnic groups: White and Black Caribbean,2,L3: Higher professional occupations,7
E05013627,Syon & Brentford Lock,11,Mixed or Multiple ethnic groups: White and Black Caribbean,3,"L4, L5 and L6: Lower managerial, administrative and professional occupations",24
E05013627,Syon & Brentford Lock,11,Mixed or Multiple ethnic groups: White and Black Caribbean,4,L7: Intermediate occupations,14
E05013627,Syon & Brentford Lock,11,Mixed or Multiple ethnic groups: White and Black Caribbean,5,L8 and L9: Small employers and own account workers,3
E05013627,Syon & Brentford Lock,11,Mixed or Multiple ethnic groups: White and Black Caribbean,6,L10 and L11: Lower supervisory and technical occupations,8
E05013627,Syon & Brentford Lock,11,Mixed or Multiple ethnic groups: White and Black Caribbean,7,L12: Semi-routine occupations,24
E05013627,Syon & Brentford Lock,11,Mixed or Multiple ethnic groups: White and Black Caribbean,8,L13: Routine occupations,6
E05013627,Syon & Brentford Lock,11,Mixed or Multiple ethnic groups: White and Black Caribbean,9,L14.1: Never worked,7
E05013627,Syon & Brentford Lock,11,Mixed or Multiple ethnic groups: White and Black Caribbean,10,L14.2: Long-term unemployed,8
E05013627,Syon & Brentford Lock,11,Mixed or Multiple ethnic groups: White and Black Caribbean,11,L15: Full-time students,9
E05013627,Syon & Brentford Lock,12,Mixed or Multiple ethnic groups: Other Mixed or Multiple ethnic groups,-8,Does not apply,123
E05013627,Syon & Brentford Lock,12,Mixed or Multiple ethnic groups: Other Mixed or Multiple ethnic groups,1,L1 and L2: Large employers and higher managerial and administrative occupations,16
E05013627,Syon & Brentford Lock,12,Mixed or Multiple ethnic groups: Other Mixed or Multiple ethnic groups,2,L3: Higher professional occupations,16
E05013627,Syon & Brentford Lock,12,Mixed or Multiple ethnic groups: Other Mixed or Multiple ethnic groups,3,"L4, L5 and L6: Lower managerial, administrative and professional occupations",51
E05013627,Syon & Brentford Lock,12,Mixed or Multiple ethnic groups: Other Mixed or Multiple ethnic groups,4,L7: Intermediate occupations,20
E05013627,Syon & Brentford Lock,12,Mixed or Multiple ethnic groups: Other Mixed or Multiple ethnic groups,5,L8 and L9: Small employers and own account workers,15
E05013627,Syon & Brentford Lock,12,Mixed or Multiple ethnic groups: Other Mixed or Multiple ethnic groups,6,L10 and L11: Lower supervisory and technical occupations,8
E05013627,Syon & Brentford Lock,12,Mixed or Multiple ethnic groups: Other Mixed or Multiple ethnic groups,7,L12: Semi-routine occupations,15
E05013627,Syon & Brentford Lock,12,Mixed or Multiple ethnic groups: Other Mixed or Multiple ethnic groups,8,L13: Routine occupations,17
E05013627,Syon & Brentford Lock,12,Mixed or Multiple ethnic groups: Other Mixed or Multiple ethnic groups,9,L14.1: Never worked,8
E05013627,Syon & Brentford Lock,12,Mixed or Multiple ethnic groups: Other Mixed or Multiple ethnic groups,10,L14.2: Long-term unemployed,1
E05013627,Syon & Brentford Lock,12,Mixed or Multiple ethnic groups: Other Mixed or Multiple ethnic groups,11,L15: Full-time students,24
E05013627,Syon & Brentford Lock,13,"White: English, Welsh, Scottish, Northern Irish or British",-8,Does not apply,807
E05013627,Syon & Brentford Lock,13,"White: English, Welsh, Scottish, Northern Irish or British",1,L1 and L2: Large employers and higher managerial and administrative occupations,224
E05013627,Syon & Brentford Lock,13,"White: English, Welsh, Scottish, Northern Irish or British",2,L3: Higher professional occupations,546
E05013627,Syon & Brentford Lock,13,"White: English, Welsh, Scottish, Northern Irish or British",3,"L4, L5 and L6: Lower managerial, administrative and professional occupations",1024
E05013627,Syon & Brentford Lock,13,"White: English, Welsh, Scottish, Northern Irish or British",4,L7: Intermediate occupations,436
E05013627,Syon & Brentford Lock,13,"White: English, Welsh, Scottish, Northern Irish or British",5,L8 and L9: Small employers and own account workers,424
E05013627,Syon & Brentford Lock,13,"White: English, Welsh, Scottish, Northern Irish or British",6,L10 and L11: Lower supervisory and technical occupations,194
E05013627,Syon & Brentford Lock,13,"White: English, Welsh, Scottish, Northern Irish or British",7,L12: Semi-routine occupations,299
E05013627,Syon & Brentford Lock,13,"White: English, Welsh, Scottish, Northern Irish or British",8,L13: Routine occupations,430
E05013627,Syon & Brentford Lock,13,"White: English, Welsh, Scottish, Northern Irish or British",9,L14.1: Never worked,280
E05013627,Syon & Brentford Lock,13,"White: English, Welsh, Scottish, Northern Irish or British",10,L14.2: Long-term unemployed,62
E05013627,Syon & Brentford Lock,13,"White: English, Welsh, Scottish, Northern Irish or British",11,L15: Full-time students,176
E05013627,Syon & Brentford Lock,14,White: Irish,-8,Does not apply,18
E05013627,Syon & Brentford Lock,14,White: Irish,1,L1 and L2: Large employers and higher managerial and administrative occupations,18
E05013627,Syon & Brentford Lock,14,White: Irish,2,L3: Higher professional occupations,25
E05013627,Syon & Brentford Lock,14,White: Irish,3,"L4, L5 and L6: Lower managerial, administrative and professional occupations",80
E05013627,Syon & Brentford Lock,14,White: Irish,4,L7: Intermediate occupations,30
E05013627,Syon & Brentford Lock,14,White: Irish,5,L8 and L9: Small employers and own account workers,43
E05013627,Syon & Brentford Lock,14,White: Irish,6,L10 and L11: Lower supervisory and technical occupations,13
E05013627,Syon & Brentford Lock,14,White: Irish,7,L12: Semi-routine occupations,20
E05013627,Syon & Brentford Lock,14,White: Irish,8,L13: Routine occupations,19
E05013627,Syon & Brentford Lock,14,White: Irish,9,L14.1: Never worked,21
E05013627,Syon & Brentford Lock,14,White: Irish,10,L14.2: Long-term unemployed,1
E05013627,Syon & Brentford Lock,14,White: Irish,11,L15: Full-time students,7
E05013627,Syon & Brentford Lock,15,White: Gypsy or Irish Traveller,-8,Does not apply,2
E05013627,Syon & Brentford Lock,15,White: Gypsy or Irish Traveller,1,L1 and L2: Large employers and higher managerial and administrative occupations,0
E05013627,Syon & Brentford Lock,15,White: Gypsy or Irish Traveller,2,L3: Higher professional occupations,0
E05013627,Syon & Brentford Lock,15,White: Gypsy or Irish Traveller,3,"L4, L5 and L6: Lower managerial, administrative and professional occupations",0
E05013627,Syon & Brentford Lock,15,White: Gypsy or Irish Traveller,4,L7: Intermediate occupations,0
E05013627,Syon & Brentford Lock,15,White: Gypsy or Irish Traveller,5,L8 and L9: Small employers and own account workers,2
E05013627,Syon & Brentford Lock,15,White: Gypsy or Irish Traveller,6,L10 and L11: Lower supervisory and technical occupations,0
E05013627,Syon & Brentford Lock,15,White: Gypsy or Irish Traveller,7,L12: Semi-routine occupations,2
E05013627,Syon & Brentford Lock,15,White: Gypsy or Irish Traveller,8,L13: Routine occupations,0
E05013627,Syon & Brentford Lock,15,White: Gypsy or Irish Traveller,9,L14.1: Never worked,2
E05013627,Syon & Brentford Lock,15,White: Gypsy or Irish Traveller,10,L14.2: Long-term unemployed,0
E05013627,Syon & Brentford Lock,15,White: Gypsy or Irish Traveller,11,L15: Full-time students,2
E05013627,Syon & Brentford Lock,16,White: Roma,-8,Does not apply,8
E05013627,Syon & Brentford Lock,16,White: Roma,1,L1 and L2: Large employers and higher managerial and administrative occupations,0
E05013627,Syon & Brentford Lock,16,White: Roma,2,L3: Higher professional occupations,4
E05013627,Syon & Brentford Lock,16,White: Roma,3,"L4, L5 and L6: Lower managerial, administrative and professional occupations",4
E05013627,Syon & Brentford Lock,16,White: Roma,4,L7: Intermediate occupations,0
E05013627,Syon & Brentford Lock,16,White: Roma,5,L8 and L9: Small employers and own account workers,7
E05013627,Syon & Brentford Lock,16,White: Roma,6,L10 and L11: Lower supervisory and technical occupations,4
E05013627,Syon & Brentford Lock,16,White: Roma,7,L12: Semi-routine occupations,3
E05013627,Syon & Brentford Lock,16,White: Roma,8,L13: Routine occupations,4
E05013627,Syon & Brentford Lock,16,White: Roma,9,L14.1: Never worked,1
E05013627,Syon & Brentford Lock,16,White: Roma,10,L14.2: Long-term unemployed,0
E05013627,Syon & Brentford Lock,16,White: Roma,11,L15: Full-time students,0
E05013627,Syon & Brentford Lock,17,White: Other White,-8,Does not apply,310
E05013627,Syon & Brentford Lock,17,White: Other White,1,L1 and L2: Large employers and higher managerial and administrative occupations,111
E05013627,Syon & Brentford Lock,17,White: Other White,2,L3: Higher professional occupations,282
E05013627,Syon & Brentford Lock,17,White: Other White,3,"L4, L5 and L6: Lower managerial, administrative and professional occupations",421
E05013627,Syon & Brentford Lock,17,White: Other White,4,L7: Intermediate occupations,161
E05013627,Syon & Brentford Lock,17,White: Other White,5,L8 and L9: Small employers and own account workers,365
E05013627,Syon & Brentford Lock,17,White: Other White,6,L10 and L11: Lower supervisory and technical occupations,88
E05013627,Syon & Brentford Lock,17,White: Other White,7,L12: Semi-routine occupations,109
E05013627,Syon & Brentford Lock,17,White: Other White,8,L13: Routine occupations,182
E05013627,Syon & Brentford Lock,17,White: Other White,9,L14.1: Never worked,50
E05013627,Syon & Brentford Lock,17,White: Other White,10,L14.2: Long-term unemployed,25
E05013627,Syon & Brentford Lock,17,White: Other White,11,L15: Full-time students,98
E05013627,Syon & Brentford Lock,18,Other ethnic group: Arab,-8,Does not apply,130
E05013627,Syon & Brentford Lock,18,Other ethnic group: Arab,1,L1 and L2: Large employers and higher managerial and administrative occupations,4
E05013627,Syon & Brentford Lock,18,Other ethnic group: Arab,2,L3: Higher professional occupations,33
E05013627,Syon & Brentford Lock,18,Other ethnic group: Arab,3,"L4, L5 and L6: Lower managerial, administrative and professional occupations",55
E05013627,Syon & Brentford Lock,18,Other ethnic group: Arab,4,L7: Intermediate occupations,25
E05013627,Syon & Brentford Lock,18,Other ethnic group: Arab,5,L8 and L9: Small employers and own account workers,25
E05013627,Syon & Brentford Lock,18,Other ethnic group: Arab,6,L10 and L11: Lower supervisory and technical occupations,9
E05013627,Syon & Brentford Lock,18,Other ethnic group: Arab,7,L12: Semi-routine occupations,17
E05013627,Syon & Brentford Lock,18,Other ethnic group: Arab,8,L13: Routine occupations,19
E05013627,Syon & Brentford Lock,18,Other ethnic group: Arab,9,L14.1: Never worked,69
E05013627,Syon & Brentford Lock,18,Other ethnic group: Arab,10,L14.2: Long-term unemployed,6
E05013627,Syon & Brentford Lock,18,Other ethnic group: Arab,11,L15: Full-time students,40
E05013627,Syon & Brentford Lock,19,Other ethnic group: Any other ethnic group,-8,Does not apply,103
E05013627,Syon & Brentford Lock,19,Other ethnic group: Any other ethnic group,1,L1 and L2: Large employers and higher managerial and administrative occupations,13
E05013627,Syon & Brentford Lock,19,Other ethnic group: Any other ethnic group,2,L3: Higher professional occupations,47
E05013627,Syon & Brentford Lock,19,Other ethnic group: Any other ethnic group,3,"L4, L5 and L6: Lower managerial, administrative and professional occupations",84
E05013627,Syon & Brentford Lock,19,Other ethnic group: Any other ethnic group,4,L7: Intermediate occupations,40
E05013627,Syon & Brentford Lock,19,Other ethnic group: Any other ethnic group,5,L8 and L9: Small employers and own account workers,53
E05013627,Syon & Brentford Lock,19,Other ethnic group: Any other ethnic group,6,L10 and L11: Lower supervisory and technical occupations,15
E05013627,Syon & Brentford Lock,19,Other ethnic group: Any other ethnic group,7,L12: Semi-routine occupations,28
E05013627,Syon & Brentford Lock,19,Other ethnic group: Any other ethnic group,8,L13: Routine occupations,32
E05013627,Syon & Brentford Lock,19,Other ethnic group: Any other ethnic group,9,L14.1: Never worked,62
E05013627,Syon & Brentford Lock,19,Other ethnic group: Any other ethnic group,10,L14.2: Long-term unemployed,9
E05013627,Syon & Brentford Lock,19,Other ethnic group: Any other ethnic group,11,L15: Full-time students,36
